{
  "dataset_revision": "27a168819829fe9bcd655c2df245fb19452e8e06",
  "task_name": "FiQA2018",
  "mteb_version": "1.39.7",
  "scores": {
    "test": [
      {
        "ndcg_at_1": 0.0,
        "ndcg_at_3": 0.0006,
        "ndcg_at_5": 0.00091,
        "ndcg_at_10": 0.00152,
        "ndcg_at_20": 0.00152,
        "ndcg_at_100": 0.00333,
        "ndcg_at_1000": 0.01096,
        "map_at_1": 0.0,
        "map_at_3": 0.00039,
        "map_at_5": 0.00051,
        "map_at_10": 0.00072,
        "map_at_20": 0.00072,
        "map_at_100": 0.00089,
        "map_at_1000": 0.00106,
        "recall_at_1": 0.0,
        "recall_at_3": 0.00077,
        "recall_at_5": 0.00129,
        "recall_at_10": 0.00314,
        "recall_at_20": 0.00314,
        "recall_at_100": 0.01111,
        "recall_at_1000": 0.06187,
        "precision_at_1": 0.0,
        "precision_at_3": 0.00051,
        "precision_at_5": 0.00062,
        "precision_at_10": 0.00062,
        "precision_at_20": 0.00031,
        "precision_at_100": 0.00026,
        "precision_at_1000": 0.00016,
        "mrr_at_1": 0.0,
        "mrr_at_3": 0.000772,
        "mrr_at_5": 0.001157,
        "mrr_at_10": 0.001483,
        "mrr_at_20": 0.001483,
        "mrr_at_100": 0.001885,
        "mrr_at_1000": 0.002186,
        "nauc_ndcg_at_1_max": NaN,
        "nauc_ndcg_at_1_std": NaN,
        "nauc_ndcg_at_1_diff1": NaN,
        "nauc_ndcg_at_3_max": -0.070727,
        "nauc_ndcg_at_3_std": -0.57561,
        "nauc_ndcg_at_3_diff1": -0.500341,
        "nauc_ndcg_at_5_max": 0.296703,
        "nauc_ndcg_at_5_std": -0.549781,
        "nauc_ndcg_at_5_diff1": -0.294774,
        "nauc_ndcg_at_10_max": 0.04803,
        "nauc_ndcg_at_10_std": -0.318107,
        "nauc_ndcg_at_10_diff1": -0.097182,
        "nauc_ndcg_at_20_max": 0.04803,
        "nauc_ndcg_at_20_std": -0.318107,
        "nauc_ndcg_at_20_diff1": -0.097182,
        "nauc_ndcg_at_100_max": 0.122891,
        "nauc_ndcg_at_100_std": -0.260471,
        "nauc_ndcg_at_100_diff1": -0.04874,
        "nauc_ndcg_at_1000_max": -0.030323,
        "nauc_ndcg_at_1000_std": -0.02316,
        "nauc_ndcg_at_1000_diff1": -0.020862,
        "nauc_map_at_1_max": NaN,
        "nauc_map_at_1_std": NaN,
        "nauc_map_at_1_diff1": NaN,
        "nauc_map_at_3_max": -0.070727,
        "nauc_map_at_3_std": -0.57561,
        "nauc_map_at_3_diff1": -0.500341,
        "nauc_map_at_5_max": 0.196955,
        "nauc_map_at_5_std": -0.556793,
        "nauc_map_at_5_diff1": -0.35058,
        "nauc_map_at_10_max": 0.051311,
        "nauc_map_at_10_std": -0.384877,
        "nauc_map_at_10_diff1": -0.182764,
        "nauc_map_at_20_max": 0.051311,
        "nauc_map_at_20_std": -0.384877,
        "nauc_map_at_20_diff1": -0.182764,
        "nauc_map_at_100_max": 0.090377,
        "nauc_map_at_100_std": -0.35787,
        "nauc_map_at_100_diff1": -0.149336,
        "nauc_map_at_1000_max": 0.055093,
        "nauc_map_at_1000_std": -0.287101,
        "nauc_map_at_1000_diff1": -0.124919,
        "nauc_recall_at_1_max": NaN,
        "nauc_recall_at_1_std": NaN,
        "nauc_recall_at_1_diff1": NaN,
        "nauc_recall_at_3_max": -0.070727,
        "nauc_recall_at_3_std": -0.57561,
        "nauc_recall_at_3_diff1": -0.500341,
        "nauc_recall_at_5_max": 0.357564,
        "nauc_recall_at_5_std": -0.545502,
        "nauc_recall_at_5_diff1": -0.260724,
        "nauc_recall_at_10_max": -0.041703,
        "nauc_recall_at_10_std": -0.195304,
        "nauc_recall_at_10_diff1": 0.032652,
        "nauc_recall_at_20_max": -0.041703,
        "nauc_recall_at_20_std": -0.195304,
        "nauc_recall_at_20_diff1": 0.032652,
        "nauc_recall_at_100_max": 0.11813,
        "nauc_recall_at_100_std": -0.197451,
        "nauc_recall_at_100_diff1": 0.011166,
        "nauc_recall_at_1000_max": -0.067804,
        "nauc_recall_at_1000_std": 0.04725,
        "nauc_recall_at_1000_diff1": 0.010803,
        "nauc_precision_at_1_max": NaN,
        "nauc_precision_at_1_std": NaN,
        "nauc_precision_at_1_diff1": NaN,
        "nauc_precision_at_3_max": -0.070727,
        "nauc_precision_at_3_std": -0.57561,
        "nauc_precision_at_3_diff1": -0.500341,
        "nauc_precision_at_5_max": 0.464637,
        "nauc_precision_at_5_std": -0.537975,
        "nauc_precision_at_5_diff1": -0.20082,
        "nauc_precision_at_10_max": 0.072833,
        "nauc_precision_at_10_std": -0.295854,
        "nauc_precision_at_10_diff1": -0.070727,
        "nauc_precision_at_20_max": 0.072833,
        "nauc_precision_at_20_std": -0.295854,
        "nauc_precision_at_20_diff1": -0.070727,
        "nauc_precision_at_100_max": 0.13603,
        "nauc_precision_at_100_std": -0.224935,
        "nauc_precision_at_100_diff1": -0.029278,
        "nauc_precision_at_1000_max": -0.024301,
        "nauc_precision_at_1000_std": -0.004444,
        "nauc_precision_at_1000_diff1": -0.040154,
        "nauc_mrr_at_1_max": NaN,
        "nauc_mrr_at_1_std": NaN,
        "nauc_mrr_at_1_diff1": NaN,
        "nauc_mrr_at_3_max": -0.070727,
        "nauc_mrr_at_3_std": -0.57561,
        "nauc_mrr_at_3_diff1": -0.500341,
        "nauc_mrr_at_5_max": 0.286182,
        "nauc_mrr_at_5_std": -0.55052,
        "nauc_mrr_at_5_diff1": -0.30066,
        "nauc_mrr_at_10_max": 0.153258,
        "nauc_mrr_at_10_std": -0.439637,
        "nauc_mrr_at_10_diff1": -0.21851,
        "nauc_mrr_at_20_max": 0.153258,
        "nauc_mrr_at_20_std": -0.439637,
        "nauc_mrr_at_20_diff1": -0.21851,
        "nauc_mrr_at_100_max": 0.163654,
        "nauc_mrr_at_100_std": -0.397838,
        "nauc_mrr_at_100_diff1": -0.180285,
        "nauc_mrr_at_1000_max": 0.127392,
        "nauc_mrr_at_1000_std": -0.335624,
        "nauc_mrr_at_1000_diff1": -0.162408,
        "main_score": 0.00152,
        "hf_subset": "default",
        "languages": [
          "eng-Latn"
        ]
      }
    ]
  },
  "evaluation_time": 89.92311143875122,
  "kg_co2_emissions": null
}