{
  "dataset_revision": "bb9466bac8153a0349341eb1b22e06409e78ef4e",
  "task_name": "TRECCOVID",
  "mteb_version": "1.39.7",
  "scores": {
    "test": [
      {
        "ndcg_at_1": 0.22,
        "ndcg_at_3": 0.22358,
        "ndcg_at_5": 0.20523,
        "ndcg_at_10": 0.18381,
        "ndcg_at_20": 0.16324,
        "ndcg_at_100": 0.10704,
        "ndcg_at_1000": 0.09748,
        "map_at_1": 0.00056,
        "map_at_3": 0.00147,
        "map_at_5": 0.00211,
        "map_at_10": 0.00304,
        "map_at_20": 0.00456,
        "map_at_100": 0.01139,
        "map_at_1000": 0.02239,
        "recall_at_1": 0.00056,
        "recall_at_3": 0.00174,
        "recall_at_5": 0.00265,
        "recall_at_10": 0.00442,
        "recall_at_20": 0.00768,
        "recall_at_100": 0.02402,
        "recall_at_1000": 0.09116,
        "precision_at_1": 0.24,
        "precision_at_3": 0.24,
        "precision_at_5": 0.212,
        "precision_at_10": 0.186,
        "precision_at_20": 0.162,
        "precision_at_100": 0.1018,
        "precision_at_1000": 0.04158,
        "mrr_at_1": 0.24,
        "mrr_at_3": 0.31,
        "mrr_at_5": 0.325,
        "mrr_at_10": 0.334357,
        "mrr_at_20": 0.34133,
        "mrr_at_100": 0.346573,
        "mrr_at_1000": 0.347459,
        "nauc_ndcg_at_1_max": -0.130186,
        "nauc_ndcg_at_1_std": 0.563384,
        "nauc_ndcg_at_1_diff1": 0.019968,
        "nauc_ndcg_at_3_max": 0.031932,
        "nauc_ndcg_at_3_std": 0.41769,
        "nauc_ndcg_at_3_diff1": 0.035711,
        "nauc_ndcg_at_5_max": 0.046231,
        "nauc_ndcg_at_5_std": 0.440189,
        "nauc_ndcg_at_5_diff1": -0.020067,
        "nauc_ndcg_at_10_max": 0.126922,
        "nauc_ndcg_at_10_std": 0.456453,
        "nauc_ndcg_at_10_diff1": -0.018591,
        "nauc_ndcg_at_20_max": 0.212588,
        "nauc_ndcg_at_20_std": 0.441215,
        "nauc_ndcg_at_20_diff1": -0.013036,
        "nauc_ndcg_at_100_max": 0.253228,
        "nauc_ndcg_at_100_std": 0.465662,
        "nauc_ndcg_at_100_diff1": -0.021552,
        "nauc_ndcg_at_1000_max": 0.351285,
        "nauc_ndcg_at_1000_std": 0.399862,
        "nauc_ndcg_at_1000_diff1": -0.042551,
        "nauc_map_at_1_max": -0.02319,
        "nauc_map_at_1_std": 0.491154,
        "nauc_map_at_1_diff1": 0.133425,
        "nauc_map_at_3_max": 0.084434,
        "nauc_map_at_3_std": 0.378184,
        "nauc_map_at_3_diff1": 0.137965,
        "nauc_map_at_5_max": 0.073308,
        "nauc_map_at_5_std": 0.378373,
        "nauc_map_at_5_diff1": 0.065627,
        "nauc_map_at_10_max": 0.147243,
        "nauc_map_at_10_std": 0.3662,
        "nauc_map_at_10_diff1": 0.021263,
        "nauc_map_at_20_max": 0.218199,
        "nauc_map_at_20_std": 0.39209,
        "nauc_map_at_20_diff1": -0.008744,
        "nauc_map_at_100_max": 0.193036,
        "nauc_map_at_100_std": 0.467031,
        "nauc_map_at_100_diff1": -0.071988,
        "nauc_map_at_1000_max": 0.383842,
        "nauc_map_at_1000_std": 0.512105,
        "nauc_map_at_1000_diff1": -0.058185,
        "nauc_recall_at_1_max": -0.02319,
        "nauc_recall_at_1_std": 0.491154,
        "nauc_recall_at_1_diff1": 0.133425,
        "nauc_recall_at_3_max": 0.12047,
        "nauc_recall_at_3_std": 0.319891,
        "nauc_recall_at_3_diff1": 0.12454,
        "nauc_recall_at_5_max": 0.134642,
        "nauc_recall_at_5_std": 0.356524,
        "nauc_recall_at_5_diff1": 0.057664,
        "nauc_recall_at_10_max": 0.199126,
        "nauc_recall_at_10_std": 0.366149,
        "nauc_recall_at_10_diff1": 0.028608,
        "nauc_recall_at_20_max": 0.294505,
        "nauc_recall_at_20_std": 0.330222,
        "nauc_recall_at_20_diff1": -0.012968,
        "nauc_recall_at_100_max": 0.25149,
        "nauc_recall_at_100_std": 0.37513,
        "nauc_recall_at_100_diff1": -0.048078,
        "nauc_recall_at_1000_max": 0.396423,
        "nauc_recall_at_1000_std": 0.35366,
        "nauc_recall_at_1000_diff1": -0.022401,
        "nauc_precision_at_1_max": -0.118889,
        "nauc_precision_at_1_std": 0.576024,
        "nauc_precision_at_1_diff1": 0.047178,
        "nauc_precision_at_3_max": 0.065338,
        "nauc_precision_at_3_std": 0.371023,
        "nauc_precision_at_3_diff1": 0.081118,
        "nauc_precision_at_5_max": 0.068932,
        "nauc_precision_at_5_std": 0.436027,
        "nauc_precision_at_5_diff1": -0.004638,
        "nauc_precision_at_10_max": 0.166145,
        "nauc_precision_at_10_std": 0.445426,
        "nauc_precision_at_10_diff1": 0.009209,
        "nauc_precision_at_20_max": 0.265706,
        "nauc_precision_at_20_std": 0.424897,
        "nauc_precision_at_20_diff1": 0.003866,
        "nauc_precision_at_100_max": 0.26322,
        "nauc_precision_at_100_std": 0.46409,
        "nauc_precision_at_100_diff1": -0.021191,
        "nauc_precision_at_1000_max": 0.382138,
        "nauc_precision_at_1000_std": 0.436703,
        "nauc_precision_at_1000_diff1": -0.019998,
        "nauc_mrr_at_1_max": -0.118889,
        "nauc_mrr_at_1_std": 0.576024,
        "nauc_mrr_at_1_diff1": 0.047178,
        "nauc_mrr_at_3_max": -0.03487,
        "nauc_mrr_at_3_std": 0.485701,
        "nauc_mrr_at_3_diff1": 0.023018,
        "nauc_mrr_at_5_max": -0.011365,
        "nauc_mrr_at_5_std": 0.512248,
        "nauc_mrr_at_5_diff1": 0.001861,
        "nauc_mrr_at_10_max": -0.026742,
        "nauc_mrr_at_10_std": 0.517107,
        "nauc_mrr_at_10_diff1": 0.010405,
        "nauc_mrr_at_20_max": -0.023614,
        "nauc_mrr_at_20_std": 0.514698,
        "nauc_mrr_at_20_diff1": 0.004122,
        "nauc_mrr_at_100_max": -0.02564,
        "nauc_mrr_at_100_std": 0.5141,
        "nauc_mrr_at_100_diff1": 0.003915,
        "nauc_mrr_at_1000_max": -0.026147,
        "nauc_mrr_at_1000_std": 0.514629,
        "nauc_mrr_at_1000_diff1": 0.004739,
        "main_score": 0.18381,
        "hf_subset": "default",
        "languages": [
          "eng-Latn"
        ]
      }
    ]
  },
  "evaluation_time": 894.4203877449036,
  "kg_co2_emissions": null
}