{
  "dataset_revision": "f8c2fcf00f625baaa80f62ec5bd9e1fff3b8ae88",
  "task_name": "SCIDOCS",
  "mteb_version": "1.39.7",
  "scores": {
    "test": [
      {
        "ndcg_at_1": 0.005,
        "ndcg_at_3": 0.00305,
        "ndcg_at_5": 0.00261,
        "ndcg_at_10": 0.00338,
        "ndcg_at_20": 0.00393,
        "ndcg_at_100": 0.00661,
        "ndcg_at_1000": 0.02383,
        "map_at_1": 0.001,
        "map_at_3": 0.0012,
        "map_at_5": 0.00133,
        "map_at_10": 0.00151,
        "map_at_20": 0.00161,
        "map_at_100": 0.00179,
        "map_at_1000": 0.00211,
        "recall_at_1": 0.001,
        "recall_at_3": 0.0016,
        "recall_at_5": 0.0022,
        "recall_at_10": 0.0036,
        "recall_at_20": 0.00498,
        "recall_at_100": 0.01403,
        "recall_at_1000": 0.10302,
        "precision_at_1": 0.005,
        "precision_at_3": 0.00267,
        "precision_at_5": 0.0022,
        "precision_at_10": 0.0018,
        "precision_at_20": 0.0012,
        "precision_at_100": 0.00069,
        "precision_at_1000": 0.00051,
        "mrr_at_1": 0.005,
        "mrr_at_3": 0.006,
        "mrr_at_5": 0.00665,
        "mrr_at_10": 0.007573,
        "mrr_at_20": 0.007968,
        "mrr_at_100": 0.008877,
        "mrr_at_1000": 0.009797,
        "nauc_ndcg_at_1_max": -0.018889,
        "nauc_ndcg_at_1_std": -0.09509,
        "nauc_ndcg_at_1_diff1": 0.797156,
        "nauc_ndcg_at_3_max": 0.012033,
        "nauc_ndcg_at_3_std": -0.059586,
        "nauc_ndcg_at_3_diff1": 0.640255,
        "nauc_ndcg_at_5_max": -0.016476,
        "nauc_ndcg_at_5_std": -0.067546,
        "nauc_ndcg_at_5_diff1": 0.574514,
        "nauc_ndcg_at_10_max": -0.106762,
        "nauc_ndcg_at_10_std": 0.031687,
        "nauc_ndcg_at_10_diff1": 0.418247,
        "nauc_ndcg_at_20_max": -0.098166,
        "nauc_ndcg_at_20_std": 0.036535,
        "nauc_ndcg_at_20_diff1": 0.390936,
        "nauc_ndcg_at_100_max": -0.104006,
        "nauc_ndcg_at_100_std": -0.014342,
        "nauc_ndcg_at_100_diff1": 0.223782,
        "nauc_ndcg_at_1000_max": -0.075101,
        "nauc_ndcg_at_1000_std": -0.126459,
        "nauc_ndcg_at_1000_diff1": 0.15446,
        "nauc_map_at_1_max": -0.018889,
        "nauc_map_at_1_std": -0.09509,
        "nauc_map_at_1_diff1": 0.797156,
        "nauc_map_at_3_max": 0.003443,
        "nauc_map_at_3_std": -0.069448,
        "nauc_map_at_3_diff1": 0.683839,
        "nauc_map_at_5_max": -0.014152,
        "nauc_map_at_5_std": -0.074714,
        "nauc_map_at_5_diff1": 0.635206,
        "nauc_map_at_10_max": -0.063204,
        "nauc_map_at_10_std": -0.018893,
        "nauc_map_at_10_diff1": 0.542767,
        "nauc_map_at_20_max": -0.065185,
        "nauc_map_at_20_std": -0.012392,
        "nauc_map_at_20_diff1": 0.52639,
        "nauc_map_at_100_max": -0.068495,
        "nauc_map_at_100_std": -0.021289,
        "nauc_map_at_100_diff1": 0.470171,
        "nauc_map_at_1000_max": -0.06742,
        "nauc_map_at_1000_std": -0.038671,
        "nauc_map_at_1000_diff1": 0.430962,
        "nauc_recall_at_1_max": -0.018889,
        "nauc_recall_at_1_std": -0.09509,
        "nauc_recall_at_1_diff1": 0.797156,
        "nauc_recall_at_3_max": 0.031359,
        "nauc_recall_at_3_std": -0.037396,
        "nauc_recall_at_3_diff1": 0.542192,
        "nauc_recall_at_5_max": -0.022124,
        "nauc_recall_at_5_std": -0.054199,
        "nauc_recall_at_5_diff1": 0.462424,
        "nauc_recall_at_10_max": -0.175014,
        "nauc_recall_at_10_std": 0.108115,
        "nauc_recall_at_10_diff1": 0.239051,
        "nauc_recall_at_20_max": -0.14087,
        "nauc_recall_at_20_std": 0.085251,
        "nauc_recall_at_20_diff1": 0.229167,
        "nauc_recall_at_100_max": -0.124616,
        "nauc_recall_at_100_std": -0.026832,
        "nauc_recall_at_100_diff1": 0.065301,
        "nauc_recall_at_1000_max": -0.072289,
        "nauc_recall_at_1000_std": -0.165793,
        "nauc_recall_at_1000_diff1": 0.097172,
        "nauc_precision_at_1_max": -0.018889,
        "nauc_precision_at_1_std": -0.09509,
        "nauc_precision_at_1_diff1": 0.797156,
        "nauc_precision_at_3_max": 0.031359,
        "nauc_precision_at_3_std": -0.037396,
        "nauc_precision_at_3_diff1": 0.542192,
        "nauc_precision_at_5_max": -0.022124,
        "nauc_precision_at_5_std": -0.054199,
        "nauc_precision_at_5_diff1": 0.462424,
        "nauc_precision_at_10_max": -0.175014,
        "nauc_precision_at_10_std": 0.108115,
        "nauc_precision_at_10_diff1": 0.239051,
        "nauc_precision_at_20_max": -0.129517,
        "nauc_precision_at_20_std": 0.097576,
        "nauc_precision_at_20_diff1": 0.231811,
        "nauc_precision_at_100_max": -0.120157,
        "nauc_precision_at_100_std": -0.022048,
        "nauc_precision_at_100_diff1": 0.066363,
        "nauc_precision_at_1000_max": -0.069061,
        "nauc_precision_at_1000_std": -0.162731,
        "nauc_precision_at_1000_diff1": 0.09593,
        "nauc_mrr_at_1_max": -0.018889,
        "nauc_mrr_at_1_std": -0.09509,
        "nauc_mrr_at_1_diff1": 0.797156,
        "nauc_mrr_at_3_max": 0.003443,
        "nauc_mrr_at_3_std": -0.069448,
        "nauc_mrr_at_3_diff1": 0.683839,
        "nauc_mrr_at_5_max": -0.014152,
        "nauc_mrr_at_5_std": -0.074714,
        "nauc_mrr_at_5_diff1": 0.635206,
        "nauc_mrr_at_10_max": -0.063204,
        "nauc_mrr_at_10_std": -0.018893,
        "nauc_mrr_at_10_diff1": 0.542767,
        "nauc_mrr_at_20_max": -0.062325,
        "nauc_mrr_at_20_std": -0.010666,
        "nauc_mrr_at_20_diff1": 0.5292,
        "nauc_mrr_at_100_max": -0.067785,
        "nauc_mrr_at_100_std": -0.018123,
        "nauc_mrr_at_100_diff1": 0.473469,
        "nauc_mrr_at_1000_max": -0.064991,
        "nauc_mrr_at_1000_std": -0.023271,
        "nauc_mrr_at_1000_diff1": 0.451417,
        "main_score": 0.00338,
        "hf_subset": "default",
        "languages": [
          "eng-Latn"
        ]
      }
    ]
  },
  "evaluation_time": 43.84065866470337,
  "kg_co2_emissions": null
}