{
  "dataset_revision": "27a168819829fe9bcd655c2df245fb19452e8e06",
  "task_name": "FiQA2018",
  "mteb_version": "1.39.7",
  "scores": {
    "test": [
      {
        "ndcg_at_1": 0.23765,
        "ndcg_at_3": 0.22296,
        "ndcg_at_5": 0.23092,
        "ndcg_at_10": 0.25214,
        "ndcg_at_20": 0.27023,
        "ndcg_at_100": 0.31107,
        "ndcg_at_1000": 0.34997,
        "map_at_1": 0.11385,
        "map_at_3": 0.16523,
        "map_at_5": 0.17853,
        "map_at_10": 0.19169,
        "map_at_20": 0.19815,
        "map_at_100": 0.20497,
        "map_at_1000": 0.20694,
        "recall_at_1": 0.11385,
        "recall_at_3": 0.20525,
        "recall_at_5": 0.2446,
        "recall_at_10": 0.3077,
        "recall_at_20": 0.36232,
        "recall_at_100": 0.536,
        "recall_at_1000": 0.77707,
        "precision_at_1": 0.23765,
        "precision_at_3": 0.15123,
        "precision_at_5": 0.11111,
        "precision_at_10": 0.07315,
        "precision_at_20": 0.04437,
        "precision_at_100": 0.01344,
        "precision_at_1000": 0.002,
        "mrr_at_1": 0.237654,
        "mrr_at_3": 0.29321,
        "mrr_at_5": 0.304861,
        "mrr_at_10": 0.315732,
        "mrr_at_20": 0.319785,
        "mrr_at_100": 0.324211,
        "mrr_at_1000": 0.32497,
        "nauc_ndcg_at_1_max": 0.25284,
        "nauc_ndcg_at_1_std": -0.00556,
        "nauc_ndcg_at_1_diff1": 0.343026,
        "nauc_ndcg_at_3_max": 0.215123,
        "nauc_ndcg_at_3_std": -0.039718,
        "nauc_ndcg_at_3_diff1": 0.341882,
        "nauc_ndcg_at_5_max": 0.203192,
        "nauc_ndcg_at_5_std": -0.043868,
        "nauc_ndcg_at_5_diff1": 0.342506,
        "nauc_ndcg_at_10_max": 0.198069,
        "nauc_ndcg_at_10_std": -0.03121,
        "nauc_ndcg_at_10_diff1": 0.331472,
        "nauc_ndcg_at_20_max": 0.201147,
        "nauc_ndcg_at_20_std": -0.009523,
        "nauc_ndcg_at_20_diff1": 0.326826,
        "nauc_ndcg_at_100_max": 0.220205,
        "nauc_ndcg_at_100_std": 0.026855,
        "nauc_ndcg_at_100_diff1": 0.324934,
        "nauc_ndcg_at_1000_max": 0.240358,
        "nauc_ndcg_at_1000_std": 0.049415,
        "nauc_ndcg_at_1000_diff1": 0.316289,
        "nauc_map_at_1_max": 0.172968,
        "nauc_map_at_1_std": -0.058455,
        "nauc_map_at_1_diff1": 0.393681,
        "nauc_map_at_3_max": 0.175535,
        "nauc_map_at_3_std": -0.061631,
        "nauc_map_at_3_diff1": 0.376792,
        "nauc_map_at_5_max": 0.185292,
        "nauc_map_at_5_std": -0.057059,
        "nauc_map_at_5_diff1": 0.368767,
        "nauc_map_at_10_max": 0.187943,
        "nauc_map_at_10_std": -0.049097,
        "nauc_map_at_10_diff1": 0.359961,
        "nauc_map_at_20_max": 0.189712,
        "nauc_map_at_20_std": -0.039229,
        "nauc_map_at_20_diff1": 0.356316,
        "nauc_map_at_100_max": 0.194721,
        "nauc_map_at_100_std": -0.031359,
        "nauc_map_at_100_diff1": 0.356773,
        "nauc_map_at_1000_max": 0.196072,
        "nauc_map_at_1000_std": -0.029363,
        "nauc_map_at_1000_diff1": 0.355963,
        "nauc_recall_at_1_max": 0.172968,
        "nauc_recall_at_1_std": -0.058455,
        "nauc_recall_at_1_diff1": 0.393681,
        "nauc_recall_at_3_max": 0.142685,
        "nauc_recall_at_3_std": -0.058604,
        "nauc_recall_at_3_diff1": 0.329713,
        "nauc_recall_at_5_max": 0.144558,
        "nauc_recall_at_5_std": -0.064125,
        "nauc_recall_at_5_diff1": 0.312665,
        "nauc_recall_at_10_max": 0.141492,
        "nauc_recall_at_10_std": -0.034998,
        "nauc_recall_at_10_diff1": 0.264702,
        "nauc_recall_at_20_max": 0.144725,
        "nauc_recall_at_20_std": 0.020548,
        "nauc_recall_at_20_diff1": 0.250616,
        "nauc_recall_at_100_max": 0.172347,
        "nauc_recall_at_100_std": 0.154624,
        "nauc_recall_at_100_diff1": 0.206456,
        "nauc_recall_at_1000_max": 0.275061,
        "nauc_recall_at_1000_std": 0.378653,
        "nauc_recall_at_1000_diff1": 0.118231,
        "nauc_precision_at_1_max": 0.25284,
        "nauc_precision_at_1_std": -0.00556,
        "nauc_precision_at_1_diff1": 0.343026,
        "nauc_precision_at_3_max": 0.253989,
        "nauc_precision_at_3_std": -0.016938,
        "nauc_precision_at_3_diff1": 0.295792,
        "nauc_precision_at_5_max": 0.263285,
        "nauc_precision_at_5_std": 0.001855,
        "nauc_precision_at_5_diff1": 0.254181,
        "nauc_precision_at_10_max": 0.25398,
        "nauc_precision_at_10_std": 0.053785,
        "nauc_precision_at_10_diff1": 0.196703,
        "nauc_precision_at_20_max": 0.251063,
        "nauc_precision_at_20_std": 0.114097,
        "nauc_precision_at_20_diff1": 0.156906,
        "nauc_precision_at_100_max": 0.290447,
        "nauc_precision_at_100_std": 0.197683,
        "nauc_precision_at_100_diff1": 0.105223,
        "nauc_precision_at_1000_max": 0.317215,
        "nauc_precision_at_1000_std": 0.250608,
        "nauc_precision_at_1000_diff1": 0.004192,
        "nauc_mrr_at_1_max": 0.25284,
        "nauc_mrr_at_1_std": -0.00556,
        "nauc_mrr_at_1_diff1": 0.343026,
        "nauc_mrr_at_3_max": 0.241423,
        "nauc_mrr_at_3_std": -0.008949,
        "nauc_mrr_at_3_diff1": 0.326394,
        "nauc_mrr_at_5_max": 0.237685,
        "nauc_mrr_at_5_std": -0.015845,
        "nauc_mrr_at_5_diff1": 0.322068,
        "nauc_mrr_at_10_max": 0.239964,
        "nauc_mrr_at_10_std": -0.007322,
        "nauc_mrr_at_10_diff1": 0.312334,
        "nauc_mrr_at_20_max": 0.241661,
        "nauc_mrr_at_20_std": -0.003426,
        "nauc_mrr_at_20_diff1": 0.312599,
        "nauc_mrr_at_100_max": 0.242021,
        "nauc_mrr_at_100_std": -0.000972,
        "nauc_mrr_at_100_diff1": 0.312727,
        "nauc_mrr_at_1000_max": 0.242179,
        "nauc_mrr_at_1000_std": -0.001046,
        "nauc_mrr_at_1000_diff1": 0.31276,
        "main_score": 0.25214,
        "hf_subset": "default",
        "languages": [
          "eng-Latn"
        ]
      }
    ]
  },
  "evaluation_time": 346.16059470176697,
  "kg_co2_emissions": null
}