{
  "dataset_revision": "bb9466bac8153a0349341eb1b22e06409e78ef4e",
  "task_name": "TRECCOVID",
  "mteb_version": "1.39.7",
  "scores": {
    "test": [
      {
        "ndcg_at_1": 0.8,
        "ndcg_at_3": 0.77,
        "ndcg_at_5": 0.73076,
        "ndcg_at_10": 0.66437,
        "ndcg_at_20": 0.61925,
        "ndcg_at_100": 0.48034,
        "ndcg_at_1000": 0.41343,
        "map_at_1": 0.00226,
        "map_at_3": 0.00614,
        "map_at_5": 0.00923,
        "map_at_10": 0.01502,
        "map_at_20": 0.02527,
        "map_at_100": 0.07656,
        "map_at_1000": 0.1763,
        "recall_at_1": 0.00226,
        "recall_at_3": 0.00633,
        "recall_at_5": 0.00982,
        "recall_at_10": 0.01697,
        "recall_at_20": 0.03054,
        "recall_at_100": 0.11027,
        "recall_at_1000": 0.3839,
        "precision_at_1": 0.86,
        "precision_at_3": 0.82,
        "precision_at_5": 0.764,
        "precision_at_10": 0.688,
        "precision_at_20": 0.639,
        "precision_at_100": 0.4872,
        "precision_at_1000": 0.18602,
        "mrr_at_1": 0.86,
        "mrr_at_3": 0.9,
        "mrr_at_5": 0.91,
        "mrr_at_10": 0.9125,
        "mrr_at_20": 0.9125,
        "mrr_at_100": 0.9125,
        "mrr_at_1000": 0.9125,
        "nauc_ndcg_at_1_max": 0.155595,
        "nauc_ndcg_at_1_std": 0.137307,
        "nauc_ndcg_at_1_diff1": 0.179972,
        "nauc_ndcg_at_3_max": 0.379149,
        "nauc_ndcg_at_3_std": 0.366489,
        "nauc_ndcg_at_3_diff1": -0.084907,
        "nauc_ndcg_at_5_max": 0.364079,
        "nauc_ndcg_at_5_std": 0.40785,
        "nauc_ndcg_at_5_diff1": -0.074076,
        "nauc_ndcg_at_10_max": 0.451031,
        "nauc_ndcg_at_10_std": 0.546462,
        "nauc_ndcg_at_10_diff1": -0.178555,
        "nauc_ndcg_at_20_max": 0.478128,
        "nauc_ndcg_at_20_std": 0.609791,
        "nauc_ndcg_at_20_diff1": -0.168043,
        "nauc_ndcg_at_100_max": 0.561171,
        "nauc_ndcg_at_100_std": 0.743244,
        "nauc_ndcg_at_100_diff1": -0.157168,
        "nauc_ndcg_at_1000_max": 0.658043,
        "nauc_ndcg_at_1000_std": 0.794517,
        "nauc_ndcg_at_1000_diff1": -0.174113,
        "nauc_map_at_1_max": 0.058387,
        "nauc_map_at_1_std": -0.162362,
        "nauc_map_at_1_diff1": 0.046829,
        "nauc_map_at_3_max": 0.12407,
        "nauc_map_at_3_std": -0.032887,
        "nauc_map_at_3_diff1": -0.12354,
        "nauc_map_at_5_max": 0.16334,
        "nauc_map_at_5_std": 0.011688,
        "nauc_map_at_5_diff1": -0.114748,
        "nauc_map_at_10_max": 0.23125,
        "nauc_map_at_10_std": 0.177135,
        "nauc_map_at_10_diff1": -0.232514,
        "nauc_map_at_20_max": 0.343277,
        "nauc_map_at_20_std": 0.352334,
        "nauc_map_at_20_diff1": -0.254045,
        "nauc_map_at_100_max": 0.628312,
        "nauc_map_at_100_std": 0.718182,
        "nauc_map_at_100_diff1": -0.235862,
        "nauc_map_at_1000_max": 0.68583,
        "nauc_map_at_1000_std": 0.828795,
        "nauc_map_at_1000_diff1": -0.157367,
        "nauc_recall_at_1_max": 0.058387,
        "nauc_recall_at_1_std": -0.162362,
        "nauc_recall_at_1_diff1": 0.046829,
        "nauc_recall_at_3_max": 0.128405,
        "nauc_recall_at_3_std": -0.047102,
        "nauc_recall_at_3_diff1": -0.111732,
        "nauc_recall_at_5_max": 0.169634,
        "nauc_recall_at_5_std": -0.02778,
        "nauc_recall_at_5_diff1": -0.076635,
        "nauc_recall_at_10_max": 0.219632,
        "nauc_recall_at_10_std": 0.113678,
        "nauc_recall_at_10_diff1": -0.205412,
        "nauc_recall_at_20_max": 0.284345,
        "nauc_recall_at_20_std": 0.245299,
        "nauc_recall_at_20_diff1": -0.232801,
        "nauc_recall_at_100_max": 0.520188,
        "nauc_recall_at_100_std": 0.550779,
        "nauc_recall_at_100_diff1": -0.239034,
        "nauc_recall_at_1000_max": 0.635903,
        "nauc_recall_at_1000_std": 0.729653,
        "nauc_recall_at_1000_diff1": -0.153379,
        "nauc_precision_at_1_max": 0.239504,
        "nauc_precision_at_1_std": 0.126923,
        "nauc_precision_at_1_diff1": 0.169946,
        "nauc_precision_at_3_max": 0.456804,
        "nauc_precision_at_3_std": 0.440428,
        "nauc_precision_at_3_diff1": -0.226029,
        "nauc_precision_at_5_max": 0.401804,
        "nauc_precision_at_5_std": 0.451053,
        "nauc_precision_at_5_diff1": -0.15585,
        "nauc_precision_at_10_max": 0.468558,
        "nauc_precision_at_10_std": 0.595459,
        "nauc_precision_at_10_diff1": -0.250557,
        "nauc_precision_at_20_max": 0.515445,
        "nauc_precision_at_20_std": 0.655639,
        "nauc_precision_at_20_diff1": -0.193679,
        "nauc_precision_at_100_max": 0.590543,
        "nauc_precision_at_100_std": 0.770907,
        "nauc_precision_at_100_diff1": -0.154552,
        "nauc_precision_at_1000_max": 0.446449,
        "nauc_precision_at_1000_std": 0.638351,
        "nauc_precision_at_1000_diff1": -0.070935,
        "nauc_mrr_at_1_max": 0.239504,
        "nauc_mrr_at_1_std": 0.126923,
        "nauc_mrr_at_1_diff1": 0.169946,
        "nauc_mrr_at_3_max": 0.427996,
        "nauc_mrr_at_3_std": 0.193384,
        "nauc_mrr_at_3_diff1": 0.241131,
        "nauc_mrr_at_5_max": 0.388049,
        "nauc_mrr_at_5_std": 0.198018,
        "nauc_mrr_at_5_diff1": 0.220376,
        "nauc_mrr_at_10_max": 0.370026,
        "nauc_mrr_at_10_std": 0.182579,
        "nauc_mrr_at_10_diff1": 0.216321,
        "nauc_mrr_at_20_max": 0.370026,
        "nauc_mrr_at_20_std": 0.182579,
        "nauc_mrr_at_20_diff1": 0.216321,
        "nauc_mrr_at_100_max": 0.370026,
        "nauc_mrr_at_100_std": 0.182579,
        "nauc_mrr_at_100_diff1": 0.216321,
        "nauc_mrr_at_1000_max": 0.370026,
        "nauc_mrr_at_1000_std": 0.182579,
        "nauc_mrr_at_1000_diff1": 0.216321,
        "main_score": 0.66437,
        "hf_subset": "default",
        "languages": [
          "eng-Latn"
        ]
      }
    ]
  },
  "evaluation_time": 500.18422293663025,
  "kg_co2_emissions": null
}