{
  "dataset_revision": "0228b52cf27578f30900b9e5271d331663a030d7",
  "task_name": "SciFact",
  "mteb_version": "1.39.7",
  "scores": {
    "test": [
      {
        "ndcg_at_1": 0.07,
        "ndcg_at_3": 0.07383,
        "ndcg_at_5": 0.08619,
        "ndcg_at_10": 0.09745,
        "ndcg_at_20": 0.11147,
        "ndcg_at_100": 0.13914,
        "ndcg_at_1000": 0.18441,
        "map_at_1": 0.06094,
        "map_at_3": 0.06839,
        "map_at_5": 0.07566,
        "map_at_10": 0.08005,
        "map_at_20": 0.08395,
        "map_at_100": 0.08742,
        "map_at_1000": 0.08896,
        "recall_at_1": 0.06094,
        "recall_at_3": 0.07828,
        "recall_at_5": 0.10978,
        "recall_at_10": 0.14367,
        "recall_at_20": 0.1985,
        "recall_at_100": 0.34983,
        "recall_at_1000": 0.70922,
        "precision_at_1": 0.07,
        "precision_at_3": 0.03,
        "precision_at_5": 0.02533,
        "precision_at_10": 0.01667,
        "precision_at_20": 0.01133,
        "precision_at_100": 0.004,
        "precision_at_1000": 0.00081,
        "mrr_at_1": 0.07,
        "mrr_at_3": 0.078333,
        "mrr_at_5": 0.085833,
        "mrr_at_10": 0.091087,
        "mrr_at_20": 0.0947,
        "mrr_at_100": 0.097845,
        "mrr_at_1000": 0.099259,
        "nauc_ndcg_at_1_max": 0.066005,
        "nauc_ndcg_at_1_std": 0.0727,
        "nauc_ndcg_at_1_diff1": 0.155161,
        "nauc_ndcg_at_3_max": 0.022088,
        "nauc_ndcg_at_3_std": 0.095028,
        "nauc_ndcg_at_3_diff1": 0.150415,
        "nauc_ndcg_at_5_max": 0.042829,
        "nauc_ndcg_at_5_std": 0.082561,
        "nauc_ndcg_at_5_diff1": 0.1106,
        "nauc_ndcg_at_10_max": 0.075689,
        "nauc_ndcg_at_10_std": 0.065566,
        "nauc_ndcg_at_10_diff1": 0.094545,
        "nauc_ndcg_at_20_max": 0.092027,
        "nauc_ndcg_at_20_std": 0.044906,
        "nauc_ndcg_at_20_diff1": 0.096044,
        "nauc_ndcg_at_100_max": 0.089248,
        "nauc_ndcg_at_100_std": 0.049451,
        "nauc_ndcg_at_100_diff1": 0.063207,
        "nauc_ndcg_at_1000_max": 0.092878,
        "nauc_ndcg_at_1000_std": 0.039993,
        "nauc_ndcg_at_1000_diff1": 0.050019,
        "nauc_map_at_1_max": 0.053704,
        "nauc_map_at_1_std": 0.082727,
        "nauc_map_at_1_diff1": 0.224067,
        "nauc_map_at_3_max": 0.022273,
        "nauc_map_at_3_std": 0.088835,
        "nauc_map_at_3_diff1": 0.174039,
        "nauc_map_at_5_max": 0.037423,
        "nauc_map_at_5_std": 0.078886,
        "nauc_map_at_5_diff1": 0.146562,
        "nauc_map_at_10_max": 0.053786,
        "nauc_map_at_10_std": 0.071323,
        "nauc_map_at_10_diff1": 0.137283,
        "nauc_map_at_20_max": 0.060109,
        "nauc_map_at_20_std": 0.064819,
        "nauc_map_at_20_diff1": 0.136738,
        "nauc_map_at_100_max": 0.059792,
        "nauc_map_at_100_std": 0.067213,
        "nauc_map_at_100_diff1": 0.129965,
        "nauc_map_at_1000_max": 0.060878,
        "nauc_map_at_1000_std": 0.067714,
        "nauc_map_at_1000_diff1": 0.128981,
        "nauc_recall_at_1_max": 0.053704,
        "nauc_recall_at_1_std": 0.082727,
        "nauc_recall_at_1_diff1": 0.224067,
        "nauc_recall_at_3_max": -0.007668,
        "nauc_recall_at_3_std": 0.108288,
        "nauc_recall_at_3_diff1": 0.138968,
        "nauc_recall_at_5_max": 0.040413,
        "nauc_recall_at_5_std": 0.086478,
        "nauc_recall_at_5_diff1": 0.061299,
        "nauc_recall_at_10_max": 0.104783,
        "nauc_recall_at_10_std": 0.048076,
        "nauc_recall_at_10_diff1": 0.037693,
        "nauc_recall_at_20_max": 0.135635,
        "nauc_recall_at_20_std": -0.002168,
        "nauc_recall_at_20_diff1": 0.051805,
        "nauc_recall_at_100_max": 0.114027,
        "nauc_recall_at_100_std": 0.00822,
        "nauc_recall_at_100_diff1": -0.029125,
        "nauc_recall_at_1000_max": 0.123886,
        "nauc_recall_at_1000_std": -0.079961,
        "nauc_recall_at_1000_diff1": -0.12215,
        "nauc_precision_at_1_max": 0.066005,
        "nauc_precision_at_1_std": 0.0727,
        "nauc_precision_at_1_diff1": 0.155161,
        "nauc_precision_at_3_max": 0.017897,
        "nauc_precision_at_3_std": 0.114321,
        "nauc_precision_at_3_diff1": 0.099415,
        "nauc_precision_at_5_max": 0.078099,
        "nauc_precision_at_5_std": 0.099559,
        "nauc_precision_at_5_diff1": 0.032167,
        "nauc_precision_at_10_max": 0.146974,
        "nauc_precision_at_10_std": 0.059128,
        "nauc_precision_at_10_diff1": 0.011625,
        "nauc_precision_at_20_max": 0.180569,
        "nauc_precision_at_20_std": 0.015652,
        "nauc_precision_at_20_diff1": 0.024936,
        "nauc_precision_at_100_max": 0.177211,
        "nauc_precision_at_100_std": 0.043104,
        "nauc_precision_at_100_diff1": -0.054344,
        "nauc_precision_at_1000_max": 0.200482,
        "nauc_precision_at_1000_std": -0.011525,
        "nauc_precision_at_1000_diff1": -0.148106,
        "nauc_mrr_at_1_max": 0.066005,
        "nauc_mrr_at_1_std": 0.0727,
        "nauc_mrr_at_1_diff1": 0.155161,
        "nauc_mrr_at_3_max": 0.040321,
        "nauc_mrr_at_3_std": 0.085672,
        "nauc_mrr_at_3_diff1": 0.119947,
        "nauc_mrr_at_5_max": 0.058128,
        "nauc_mrr_at_5_std": 0.082193,
        "nauc_mrr_at_5_diff1": 0.096921,
        "nauc_mrr_at_10_max": 0.075364,
        "nauc_mrr_at_10_std": 0.074902,
        "nauc_mrr_at_10_diff1": 0.088572,
        "nauc_mrr_at_20_max": 0.078788,
        "nauc_mrr_at_20_std": 0.068605,
        "nauc_mrr_at_20_diff1": 0.090165,
        "nauc_mrr_at_100_max": 0.077204,
        "nauc_mrr_at_100_std": 0.069976,
        "nauc_mrr_at_100_diff1": 0.085148,
        "nauc_mrr_at_1000_max": 0.077114,
        "nauc_mrr_at_1000_std": 0.070035,
        "nauc_mrr_at_1000_diff1": 0.084929,
        "main_score": 0.09745,
        "hf_subset": "default",
        "languages": [
          "eng-Latn"
        ]
      }
    ]
  },
  "evaluation_time": 54.24739336967468,
  "kg_co2_emissions": null
}