{
  "dataset_revision": "27a168819829fe9bcd655c2df245fb19452e8e06",
  "task_name": "FiQA2018",
  "mteb_version": "1.39.7",
  "scores": {
    "test": [
      {
        "ndcg_at_1": 0.25154,
        "ndcg_at_3": 0.2269,
        "ndcg_at_5": 0.23616,
        "ndcg_at_10": 0.25855,
        "ndcg_at_20": 0.28129,
        "ndcg_at_100": 0.32259,
        "ndcg_at_1000": 0.36034,
        "map_at_1": 0.12054,
        "map_at_3": 0.16871,
        "map_at_5": 0.18398,
        "map_at_10": 0.19737,
        "map_at_20": 0.20499,
        "map_at_100": 0.21218,
        "map_at_1000": 0.21416,
        "recall_at_1": 0.12054,
        "recall_at_3": 0.20332,
        "recall_at_5": 0.2455,
        "recall_at_10": 0.31617,
        "recall_at_20": 0.38633,
        "recall_at_100": 0.55952,
        "recall_at_1000": 0.7915,
        "precision_at_1": 0.25154,
        "precision_at_3": 0.15432,
        "precision_at_5": 0.11481,
        "precision_at_10": 0.07485,
        "precision_at_20": 0.04691,
        "precision_at_100": 0.01403,
        "precision_at_1000": 0.00204,
        "mrr_at_1": 0.251543,
        "mrr_at_3": 0.300669,
        "mrr_at_5": 0.311394,
        "mrr_at_10": 0.323404,
        "mrr_at_20": 0.329168,
        "mrr_at_100": 0.333307,
        "mrr_at_1000": 0.333988,
        "nauc_ndcg_at_1_max": 0.21729,
        "nauc_ndcg_at_1_std": -0.037616,
        "nauc_ndcg_at_1_diff1": 0.309432,
        "nauc_ndcg_at_3_max": 0.206055,
        "nauc_ndcg_at_3_std": -0.036703,
        "nauc_ndcg_at_3_diff1": 0.30263,
        "nauc_ndcg_at_5_max": 0.197403,
        "nauc_ndcg_at_5_std": -0.03467,
        "nauc_ndcg_at_5_diff1": 0.301193,
        "nauc_ndcg_at_10_max": 0.186438,
        "nauc_ndcg_at_10_std": -0.038862,
        "nauc_ndcg_at_10_diff1": 0.289569,
        "nauc_ndcg_at_20_max": 0.191143,
        "nauc_ndcg_at_20_std": -0.017437,
        "nauc_ndcg_at_20_diff1": 0.284313,
        "nauc_ndcg_at_100_max": 0.208598,
        "nauc_ndcg_at_100_std": 0.021797,
        "nauc_ndcg_at_100_diff1": 0.272178,
        "nauc_ndcg_at_1000_max": 0.22924,
        "nauc_ndcg_at_1000_std": 0.045039,
        "nauc_ndcg_at_1000_diff1": 0.281351,
        "nauc_map_at_1_max": 0.132299,
        "nauc_map_at_1_std": -0.109561,
        "nauc_map_at_1_diff1": 0.348856,
        "nauc_map_at_3_max": 0.163908,
        "nauc_map_at_3_std": -0.072034,
        "nauc_map_at_3_diff1": 0.338353,
        "nauc_map_at_5_max": 0.181304,
        "nauc_map_at_5_std": -0.058932,
        "nauc_map_at_5_diff1": 0.328485,
        "nauc_map_at_10_max": 0.181337,
        "nauc_map_at_10_std": -0.060741,
        "nauc_map_at_10_diff1": 0.318925,
        "nauc_map_at_20_max": 0.182346,
        "nauc_map_at_20_std": -0.052216,
        "nauc_map_at_20_diff1": 0.314137,
        "nauc_map_at_100_max": 0.188069,
        "nauc_map_at_100_std": -0.042843,
        "nauc_map_at_100_diff1": 0.312027,
        "nauc_map_at_1000_max": 0.189206,
        "nauc_map_at_1000_std": -0.041065,
        "nauc_map_at_1000_diff1": 0.312536,
        "nauc_recall_at_1_max": 0.132299,
        "nauc_recall_at_1_std": -0.109561,
        "nauc_recall_at_1_diff1": 0.348856,
        "nauc_recall_at_3_max": 0.13792,
        "nauc_recall_at_3_std": -0.044147,
        "nauc_recall_at_3_diff1": 0.291091,
        "nauc_recall_at_5_max": 0.146689,
        "nauc_recall_at_5_std": -0.031235,
        "nauc_recall_at_5_diff1": 0.265709,
        "nauc_recall_at_10_max": 0.12745,
        "nauc_recall_at_10_std": -0.035276,
        "nauc_recall_at_10_diff1": 0.211198,
        "nauc_recall_at_20_max": 0.136347,
        "nauc_recall_at_20_std": 0.02592,
        "nauc_recall_at_20_diff1": 0.190207,
        "nauc_recall_at_100_max": 0.159096,
        "nauc_recall_at_100_std": 0.16043,
        "nauc_recall_at_100_diff1": 0.12279,
        "nauc_recall_at_1000_max": 0.295732,
        "nauc_recall_at_1000_std": 0.435116,
        "nauc_recall_at_1000_diff1": 0.141136,
        "nauc_precision_at_1_max": 0.21729,
        "nauc_precision_at_1_std": -0.037616,
        "nauc_precision_at_1_diff1": 0.309432,
        "nauc_precision_at_3_max": 0.253928,
        "nauc_precision_at_3_std": 0.00895,
        "nauc_precision_at_3_diff1": 0.25151,
        "nauc_precision_at_5_max": 0.265136,
        "nauc_precision_at_5_std": 0.037522,
        "nauc_precision_at_5_diff1": 0.21642,
        "nauc_precision_at_10_max": 0.250438,
        "nauc_precision_at_10_std": 0.042067,
        "nauc_precision_at_10_diff1": 0.171124,
        "nauc_precision_at_20_max": 0.244497,
        "nauc_precision_at_20_std": 0.096047,
        "nauc_precision_at_20_diff1": 0.136136,
        "nauc_precision_at_100_max": 0.267662,
        "nauc_precision_at_100_std": 0.198396,
        "nauc_precision_at_100_diff1": 0.058488,
        "nauc_precision_at_1000_max": 0.29537,
        "nauc_precision_at_1000_std": 0.245189,
        "nauc_precision_at_1000_diff1": 0.027577,
        "nauc_mrr_at_1_max": 0.21729,
        "nauc_mrr_at_1_std": -0.037616,
        "nauc_mrr_at_1_diff1": 0.309432,
        "nauc_mrr_at_3_max": 0.225977,
        "nauc_mrr_at_3_std": -0.012683,
        "nauc_mrr_at_3_diff1": 0.294753,
        "nauc_mrr_at_5_max": 0.217324,
        "nauc_mrr_at_5_std": -0.020083,
        "nauc_mrr_at_5_diff1": 0.292103,
        "nauc_mrr_at_10_max": 0.218157,
        "nauc_mrr_at_10_std": -0.017435,
        "nauc_mrr_at_10_diff1": 0.282962,
        "nauc_mrr_at_20_max": 0.221379,
        "nauc_mrr_at_20_std": -0.012958,
        "nauc_mrr_at_20_diff1": 0.284839,
        "nauc_mrr_at_100_max": 0.222574,
        "nauc_mrr_at_100_std": -0.00991,
        "nauc_mrr_at_100_diff1": 0.283932,
        "nauc_mrr_at_1000_max": 0.222546,
        "nauc_mrr_at_1000_std": -0.010033,
        "nauc_mrr_at_1000_diff1": 0.284273,
        "main_score": 0.25855,
        "hf_subset": "default",
        "languages": [
          "eng-Latn"
        ]
      }
    ]
  },
  "evaluation_time": 79.412770986557,
  "kg_co2_emissions": null
}