{
  "map_at_10": 0.0706,
  "mrr_at_10": 0.07836507936507935,
  "ndcg_at_10": 0.08798,
  "recall_at_10": 0.13689,
  "recall_at_100": 0.33528
}
