{
  "map_at_10": 0.16416,
  "mrr_at_10": 0.17680291005291007,
  "ndcg_at_10": 0.19251,
  "recall_at_10": 0.26917,
  "recall_at_100": 0.50272
}
