{
  "map_at_10": 0.04055,
  "mrr_at_10": 0.04671296296296296,
  "ndcg_at_10": 0.05536,
  "recall_at_10": 0.09744,
  "recall_at_100": 0.30989
}
