{
  "map_at_10": 0.12171,
  "mrr_at_10": 0.13418783068783072,
  "ndcg_at_10": 0.14438,
  "recall_at_10": 0.20444,
  "recall_at_100": 0.43556
}
