{
  "map_at_10": 0.05555,
  "mrr_at_10": 0.06188624338624338,
  "ndcg_at_10": 0.06774,
  "recall_at_10": 0.10078,
  "recall_at_100": 0.31239
}
