{
  "map_at_10": 0.03205,
  "mrr_at_10": 0.03827645502645503,
  "ndcg_at_10": 0.04712,
  "recall_at_10": 0.09078,
  "recall_at_100": 0.281
}
