{
  "map_at_10": 0.09045,
  "mrr_at_10": 0.10000925925925923,
  "ndcg_at_10": 0.10804,
  "recall_at_10": 0.15689,
  "recall_at_100": 0.36694
}
