{
  "map_at_10": 0.10829,
  "mrr_at_10": 0.12108730158730159,
  "ndcg_at_10": 0.12828,
  "recall_at_10": 0.182,
  "recall_at_100": 0.38639
}
