{
  "map_at_10": 0.34539,
  "mrr_at_10": 0.3600806878306878,
  "ndcg_at_10": 0.38138,
  "recall_at_10": 0.47667,
  "recall_at_100": 0.70478
}
