{
  "dataset_revision": "ec0fa4fe99da2ff19ca1214b7966684033a58814",
  "task_name": "NFCorpus",
  "mteb_version": "1.39.7",
  "scores": {
    "test": [
      {
        "ndcg_at_1": 0.06656,
        "ndcg_at_3": 0.06066,
        "ndcg_at_5": 0.05963,
        "ndcg_at_10": 0.05653,
        "ndcg_at_20": 0.05728,
        "ndcg_at_100": 0.07054,
        "ndcg_at_1000": 0.15588,
        "map_at_1": 0.01174,
        "map_at_3": 0.01666,
        "map_at_5": 0.01993,
        "map_at_10": 0.02227,
        "map_at_20": 0.02343,
        "map_at_100": 0.02613,
        "map_at_1000": 0.03101,
        "recall_at_1": 0.01174,
        "recall_at_3": 0.01909,
        "recall_at_5": 0.02673,
        "recall_at_10": 0.03875,
        "recall_at_20": 0.04824,
        "recall_at_100": 0.09509,
        "recall_at_1000": 0.37638,
        "precision_at_1": 0.07121,
        "precision_at_3": 0.05366,
        "precision_at_5": 0.05015,
        "precision_at_10": 0.03901,
        "precision_at_20": 0.0322,
        "precision_at_100": 0.01972,
        "precision_at_1000": 0.01239,
        "mrr_at_1": 0.071207,
        "mrr_at_3": 0.092363,
        "mrr_at_5": 0.102425,
        "mrr_at_10": 0.111727,
        "mrr_at_20": 0.119918,
        "mrr_at_100": 0.126004,
        "mrr_at_1000": 0.127233,
        "nauc_ndcg_at_1_max": 0.338105,
        "nauc_ndcg_at_1_std": 0.085651,
        "nauc_ndcg_at_1_diff1": 0.195809,
        "nauc_ndcg_at_3_max": 0.285798,
        "nauc_ndcg_at_3_std": 0.080965,
        "nauc_ndcg_at_3_diff1": 0.167597,
        "nauc_ndcg_at_5_max": 0.292776,
        "nauc_ndcg_at_5_std": 0.072935,
        "nauc_ndcg_at_5_diff1": 0.129041,
        "nauc_ndcg_at_10_max": 0.241997,
        "nauc_ndcg_at_10_std": 0.073954,
        "nauc_ndcg_at_10_diff1": 0.127296,
        "nauc_ndcg_at_20_max": 0.237624,
        "nauc_ndcg_at_20_std": 0.104231,
        "nauc_ndcg_at_20_diff1": 0.115217,
        "nauc_ndcg_at_100_max": 0.210005,
        "nauc_ndcg_at_100_std": 0.076378,
        "nauc_ndcg_at_100_diff1": 0.098618,
        "nauc_ndcg_at_1000_max": 0.246256,
        "nauc_ndcg_at_1000_std": -0.007193,
        "nauc_ndcg_at_1000_diff1": 0.028258,
        "nauc_map_at_1_max": 0.168788,
        "nauc_map_at_1_std": -0.005529,
        "nauc_map_at_1_diff1": 0.009351,
        "nauc_map_at_3_max": 0.171802,
        "nauc_map_at_3_std": 0.08263,
        "nauc_map_at_3_diff1": 0.122052,
        "nauc_map_at_5_max": 0.131264,
        "nauc_map_at_5_std": 0.099048,
        "nauc_map_at_5_diff1": 0.116569,
        "nauc_map_at_10_max": 0.132539,
        "nauc_map_at_10_std": 0.105034,
        "nauc_map_at_10_diff1": 0.136521,
        "nauc_map_at_20_max": 0.138968,
        "nauc_map_at_20_std": 0.107849,
        "nauc_map_at_20_diff1": 0.125831,
        "nauc_map_at_100_max": 0.143665,
        "nauc_map_at_100_std": 0.107898,
        "nauc_map_at_100_diff1": 0.11671,
        "nauc_map_at_1000_max": 0.158317,
        "nauc_map_at_1000_std": 0.097269,
        "nauc_map_at_1000_diff1": 0.104346,
        "nauc_recall_at_1_max": 0.168788,
        "nauc_recall_at_1_std": -0.005529,
        "nauc_recall_at_1_diff1": 0.009351,
        "nauc_recall_at_3_max": 0.148445,
        "nauc_recall_at_3_std": 0.072353,
        "nauc_recall_at_3_diff1": 0.150412,
        "nauc_recall_at_5_max": 0.105837,
        "nauc_recall_at_5_std": 0.138331,
        "nauc_recall_at_5_diff1": 0.104798,
        "nauc_recall_at_10_max": 0.068127,
        "nauc_recall_at_10_std": 0.114396,
        "nauc_recall_at_10_diff1": 0.200898,
        "nauc_recall_at_20_max": 0.112259,
        "nauc_recall_at_20_std": 0.122486,
        "nauc_recall_at_20_diff1": 0.152297,
        "nauc_recall_at_100_max": 0.118906,
        "nauc_recall_at_100_std": 0.067495,
        "nauc_recall_at_100_diff1": 0.090366,
        "nauc_recall_at_1000_max": 0.187583,
        "nauc_recall_at_1000_std": -0.100175,
        "nauc_recall_at_1000_diff1": -0.02627,
        "nauc_precision_at_1_max": 0.319009,
        "nauc_precision_at_1_std": 0.125695,
        "nauc_precision_at_1_diff1": 0.192409,
        "nauc_precision_at_3_max": 0.288749,
        "nauc_precision_at_3_std": 0.126325,
        "nauc_precision_at_3_diff1": 0.210332,
        "nauc_precision_at_5_max": 0.320677,
        "nauc_precision_at_5_std": 0.105596,
        "nauc_precision_at_5_diff1": 0.132144,
        "nauc_precision_at_10_max": 0.247332,
        "nauc_precision_at_10_std": 0.07565,
        "nauc_precision_at_10_diff1": 0.071062,
        "nauc_precision_at_20_max": 0.259834,
        "nauc_precision_at_20_std": 0.120155,
        "nauc_precision_at_20_diff1": 0.003045,
        "nauc_precision_at_100_max": 0.211549,
        "nauc_precision_at_100_std": 0.035082,
        "nauc_precision_at_100_diff1": -0.002969,
        "nauc_precision_at_1000_max": 0.120159,
        "nauc_precision_at_1000_std": 0.081648,
        "nauc_precision_at_1000_diff1": 0.025712,
        "nauc_mrr_at_1_max": 0.319009,
        "nauc_mrr_at_1_std": 0.125695,
        "nauc_mrr_at_1_diff1": 0.192409,
        "nauc_mrr_at_3_max": 0.286234,
        "nauc_mrr_at_3_std": 0.106468,
        "nauc_mrr_at_3_diff1": 0.165915,
        "nauc_mrr_at_5_max": 0.297486,
        "nauc_mrr_at_5_std": 0.110465,
        "nauc_mrr_at_5_diff1": 0.139446,
        "nauc_mrr_at_10_max": 0.268553,
        "nauc_mrr_at_10_std": 0.092256,
        "nauc_mrr_at_10_diff1": 0.12741,
        "nauc_mrr_at_20_max": 0.274519,
        "nauc_mrr_at_20_std": 0.092776,
        "nauc_mrr_at_20_diff1": 0.116699,
        "nauc_mrr_at_100_max": 0.27127,
        "nauc_mrr_at_100_std": 0.08903,
        "nauc_mrr_at_100_diff1": 0.117343,
        "nauc_mrr_at_1000_max": 0.272015,
        "nauc_mrr_at_1000_std": 0.08895,
        "nauc_mrr_at_1000_diff1": 0.117599,
        "main_score": 0.05653,
        "hf_subset": "default",
        "languages": [
          "eng-Latn"
        ]
      }
    ]
  },
  "evaluation_time": 38.19488739967346,
  "kg_co2_emissions": null
}