{
  "dataset_revision": "c22ab2a51041ffd869aaddef7af8d8215647e41a",
  "task_name": "ArguAna",
  "mteb_version": "1.39.7",
  "scores": {
    "test": [
      {
        "ndcg_at_1": 0.26529,
        "ndcg_at_3": 0.40899,
        "ndcg_at_5": 0.45811,
        "ndcg_at_10": 0.50264,
        "ndcg_at_20": 0.52676,
        "ndcg_at_100": 0.54348,
        "ndcg_at_1000": 0.54874,
        "map_at_1": 0.26529,
        "map_at_3": 0.3734,
        "map_at_5": 0.4006,
        "map_at_10": 0.4192,
        "map_at_20": 0.42602,
        "map_at_100": 0.42838,
        "map_at_1000": 0.42861,
        "recall_at_1": 0.26529,
        "recall_at_3": 0.51209,
        "recall_at_5": 0.63158,
        "recall_at_10": 0.76814,
        "recall_at_20": 0.86202,
        "recall_at_100": 0.95164,
        "recall_at_1000": 0.99147,
        "precision_at_1": 0.26529,
        "precision_at_3": 0.1707,
        "precision_at_5": 0.12632,
        "precision_at_10": 0.07681,
        "precision_at_20": 0.0431,
        "precision_at_100": 0.00952,
        "precision_at_1000": 0.00099,
        "mrr_at_1": 0.270982,
        "mrr_at_3": 0.375059,
        "mrr_at_5": 0.40262,
        "mrr_at_10": 0.42115,
        "mrr_at_20": 0.428042,
        "mrr_at_100": 0.430398,
        "mrr_at_1000": 0.430627,
        "nauc_ndcg_at_1_max": -0.047432,
        "nauc_ndcg_at_1_std": -0.086082,
        "nauc_ndcg_at_1_diff1": 0.151159,
        "nauc_ndcg_at_3_max": 0.007534,
        "nauc_ndcg_at_3_std": -0.067765,
        "nauc_ndcg_at_3_diff1": 0.120201,
        "nauc_ndcg_at_5_max": 0.015386,
        "nauc_ndcg_at_5_std": -0.052729,
        "nauc_ndcg_at_5_diff1": 0.11138,
        "nauc_ndcg_at_10_max": 0.01506,
        "nauc_ndcg_at_10_std": -0.05699,
        "nauc_ndcg_at_10_diff1": 0.1057,
        "nauc_ndcg_at_20_max": 0.01915,
        "nauc_ndcg_at_20_std": -0.054551,
        "nauc_ndcg_at_20_diff1": 0.110228,
        "nauc_ndcg_at_100_max": 0.011775,
        "nauc_ndcg_at_100_std": -0.050937,
        "nauc_ndcg_at_100_diff1": 0.117575,
        "nauc_ndcg_at_1000_max": 0.005418,
        "nauc_ndcg_at_1000_std": -0.058366,
        "nauc_ndcg_at_1000_diff1": 0.116326,
        "nauc_map_at_1_max": -0.047432,
        "nauc_map_at_1_std": -0.086082,
        "nauc_map_at_1_diff1": 0.151159,
        "nauc_map_at_3_max": -0.007823,
        "nauc_map_at_3_std": -0.073826,
        "nauc_map_at_3_diff1": 0.12622,
        "nauc_map_at_5_max": -0.004113,
        "nauc_map_at_5_std": -0.066488,
        "nauc_map_at_5_diff1": 0.121879,
        "nauc_map_at_10_max": -0.005217,
        "nauc_map_at_10_std": -0.069088,
        "nauc_map_at_10_diff1": 0.120013,
        "nauc_map_at_20_max": -0.004556,
        "nauc_map_at_20_std": -0.068506,
        "nauc_map_at_20_diff1": 0.121267,
        "nauc_map_at_100_max": -0.005606,
        "nauc_map_at_100_std": -0.068363,
        "nauc_map_at_100_diff1": 0.122322,
        "nauc_map_at_1000_max": -0.005848,
        "nauc_map_at_1000_std": -0.068585,
        "nauc_map_at_1000_diff1": 0.12226,
        "nauc_recall_at_1_max": -0.047432,
        "nauc_recall_at_1_std": -0.086082,
        "nauc_recall_at_1_diff1": 0.151159,
        "nauc_recall_at_3_max": 0.051911,
        "nauc_recall_at_3_std": -0.049933,
        "nauc_recall_at_3_diff1": 0.103688,
        "nauc_recall_at_5_max": 0.079973,
        "nauc_recall_at_5_std": -0.004753,
        "nauc_recall_at_5_diff1": 0.076731,
        "nauc_recall_at_10_max": 0.107322,
        "nauc_recall_at_10_std": 0.000412,
        "nauc_recall_at_10_diff1": 0.03834,
        "nauc_recall_at_20_max": 0.19342,
        "nauc_recall_at_20_std": 0.049942,
        "nauc_recall_at_20_diff1": 0.037568,
        "nauc_recall_at_100_max": 0.29077,
        "nauc_recall_at_100_std": 0.349482,
        "nauc_recall_at_100_diff1": 0.106444,
        "nauc_recall_at_1000_max": 0.169975,
        "nauc_recall_at_1000_std": 0.444894,
        "nauc_recall_at_1000_diff1": -0.186869,
        "nauc_precision_at_1_max": -0.047432,
        "nauc_precision_at_1_std": -0.086082,
        "nauc_precision_at_1_diff1": 0.151159,
        "nauc_precision_at_3_max": 0.051911,
        "nauc_precision_at_3_std": -0.049933,
        "nauc_precision_at_3_diff1": 0.103688,
        "nauc_precision_at_5_max": 0.079973,
        "nauc_precision_at_5_std": -0.004753,
        "nauc_precision_at_5_diff1": 0.076731,
        "nauc_precision_at_10_max": 0.107322,
        "nauc_precision_at_10_std": 0.000412,
        "nauc_precision_at_10_diff1": 0.03834,
        "nauc_precision_at_20_max": 0.19342,
        "nauc_precision_at_20_std": 0.049942,
        "nauc_precision_at_20_diff1": 0.037568,
        "nauc_precision_at_100_max": 0.29077,
        "nauc_precision_at_100_std": 0.349482,
        "nauc_precision_at_100_diff1": 0.106444,
        "nauc_precision_at_1000_max": 0.169975,
        "nauc_precision_at_1000_std": 0.444894,
        "nauc_precision_at_1000_diff1": -0.186869,
        "nauc_mrr_at_1_max": -0.056269,
        "nauc_mrr_at_1_std": -0.083432,
        "nauc_mrr_at_1_diff1": 0.1324,
        "nauc_mrr_at_3_max": -0.019399,
        "nauc_mrr_at_3_std": -0.073624,
        "nauc_mrr_at_3_diff1": 0.110788,
        "nauc_mrr_at_5_max": -0.015794,
        "nauc_mrr_at_5_std": -0.0666,
        "nauc_mrr_at_5_diff1": 0.10589,
        "nauc_mrr_at_10_max": -0.017095,
        "nauc_mrr_at_10_std": -0.068753,
        "nauc_mrr_at_10_diff1": 0.103741,
        "nauc_mrr_at_20_max": -0.01639,
        "nauc_mrr_at_20_std": -0.068077,
        "nauc_mrr_at_20_diff1": 0.104951,
        "nauc_mrr_at_100_max": -0.017533,
        "nauc_mrr_at_100_std": -0.067934,
        "nauc_mrr_at_100_diff1": 0.105868,
        "nauc_mrr_at_1000_max": -0.017783,
        "nauc_mrr_at_1000_std": -0.068154,
        "nauc_mrr_at_1000_diff1": 0.105795,
        "main_score": 0.50264,
        "hf_subset": "default",
        "languages": [
          "eng-Latn"
        ]
      }
    ]
  },
  "evaluation_time": 49.143027544021606,
  "kg_co2_emissions": null
}