{
  "map_at_10": 0.0,
  "mrr_at_10": 0.0022222222222222222,
  "ndcg_at_10": 0.00133,
  "recall_at_10": 4e-05,
  "recall_at_100": 0.00055
}
