{
  "map_at_10": 2e-05,
  "mrr_at_10": 0.01,
  "ndcg_at_10": 0.00288,
  "recall_at_10": 0.00011,
  "recall_at_100": 0.00068
}
