{
  "map_at_10": 0.00057,
  "mrr_at_10": 0.18205555555555555,
  "ndcg_at_10": 0.0558,
  "recall_at_10": 0.00103,
  "recall_at_100": 0.00564
}
