{
  "map_at_10": 2e-05,
  "mrr_at_10": 0.009000000000000001,
  "ndcg_at_10": 0.00305,
  "recall_at_10": 8e-05,
  "recall_at_100": 0.00041
}
