{
  "map_at_10": 0.0,
  "mrr_at_10": 0.0022222222222222222,
  "ndcg_at_10": 0.00066,
  "recall_at_10": 3e-05,
  "recall_at_100": 0.00071
}
