{
  "map_at_10": 2e-05,
  "mrr_at_10": 0.008,
  "ndcg_at_10": 0.0043,
  "recall_at_10": 0.00012,
  "recall_at_100": 0.00069
}
