{
  "map_at_10": 2e-05,
  "mrr_at_10": 0.01583333333333333,
  "ndcg_at_10": 0.00338,
  "recall_at_10": 0.0001,
  "recall_at_100": 0.0006
}
