{
  "map_at_10": 1e-05,
  "mrr_at_10": 0.011746031746031744,
  "ndcg_at_10": 0.00406,
  "recall_at_10": 0.0001,
  "recall_at_100": 0.00048
}
