{
  "dataset_revision": "c22ab2a51041ffd869aaddef7af8d8215647e41a",
  "task_name": "ArguAna",
  "mteb_version": "1.39.7",
  "scores": {
    "test": [
      {
        "ndcg_at_1": 0.04339,
        "ndcg_at_3": 0.0813,
        "ndcg_at_5": 0.09632,
        "ndcg_at_10": 0.11928,
        "ndcg_at_20": 0.13644,
        "ndcg_at_100": 0.1683,
        "ndcg_at_1000": 0.20469,
        "map_at_1": 0.04339,
        "map_at_3": 0.0716,
        "map_at_5": 0.07981,
        "map_at_10": 0.08926,
        "map_at_20": 0.094,
        "map_at_100": 0.09829,
        "map_at_1000": 0.09944,
        "recall_at_1": 0.04339,
        "recall_at_3": 0.10953,
        "recall_at_5": 0.14651,
        "recall_at_10": 0.21764,
        "recall_at_20": 0.28521,
        "recall_at_100": 0.45875,
        "recall_at_1000": 0.75889,
        "precision_at_1": 0.04339,
        "precision_at_3": 0.03651,
        "precision_at_5": 0.0293,
        "precision_at_10": 0.02176,
        "precision_at_20": 0.01426,
        "precision_at_100": 0.00459,
        "precision_at_1000": 0.00076,
        "mrr_at_1": 0.044097,
        "mrr_at_3": 0.071835,
        "mrr_at_5": 0.08005,
        "mrr_at_10": 0.089492,
        "mrr_at_20": 0.094242,
        "mrr_at_100": 0.098533,
        "mrr_at_1000": 0.099676,
        "nauc_ndcg_at_1_max": 0.182581,
        "nauc_ndcg_at_1_std": 0.113827,
        "nauc_ndcg_at_1_diff1": 0.105489,
        "nauc_ndcg_at_3_max": 0.172948,
        "nauc_ndcg_at_3_std": 0.186228,
        "nauc_ndcg_at_3_diff1": 0.030831,
        "nauc_ndcg_at_5_max": 0.200371,
        "nauc_ndcg_at_5_std": 0.218096,
        "nauc_ndcg_at_5_diff1": 0.019379,
        "nauc_ndcg_at_10_max": 0.216826,
        "nauc_ndcg_at_10_std": 0.233479,
        "nauc_ndcg_at_10_diff1": 0.028259,
        "nauc_ndcg_at_20_max": 0.212684,
        "nauc_ndcg_at_20_std": 0.236227,
        "nauc_ndcg_at_20_diff1": 0.027841,
        "nauc_ndcg_at_100_max": 0.212972,
        "nauc_ndcg_at_100_std": 0.244045,
        "nauc_ndcg_at_100_diff1": 0.031159,
        "nauc_ndcg_at_1000_max": 0.208407,
        "nauc_ndcg_at_1000_std": 0.243763,
        "nauc_ndcg_at_1000_diff1": 0.026466,
        "nauc_map_at_1_max": 0.182581,
        "nauc_map_at_1_std": 0.113827,
        "nauc_map_at_1_diff1": 0.105489,
        "nauc_map_at_3_max": 0.17429,
        "nauc_map_at_3_std": 0.171446,
        "nauc_map_at_3_diff1": 0.043275,
        "nauc_map_at_5_max": 0.191598,
        "nauc_map_at_5_std": 0.192575,
        "nauc_map_at_5_diff1": 0.03455,
        "nauc_map_at_10_max": 0.200608,
        "nauc_map_at_10_std": 0.201279,
        "nauc_map_at_10_diff1": 0.037245,
        "nauc_map_at_20_max": 0.199194,
        "nauc_map_at_20_std": 0.202813,
        "nauc_map_at_20_diff1": 0.037616,
        "nauc_map_at_100_max": 0.199807,
        "nauc_map_at_100_std": 0.204563,
        "nauc_map_at_100_diff1": 0.038048,
        "nauc_map_at_1000_max": 0.19959,
        "nauc_map_at_1000_std": 0.204586,
        "nauc_map_at_1000_diff1": 0.037913,
        "nauc_recall_at_1_max": 0.182581,
        "nauc_recall_at_1_std": 0.113827,
        "nauc_recall_at_1_diff1": 0.105489,
        "nauc_recall_at_3_max": 0.170405,
        "nauc_recall_at_3_std": 0.215623,
        "nauc_recall_at_3_diff1": 0.006645,
        "nauc_recall_at_5_max": 0.217832,
        "nauc_recall_at_5_std": 0.265052,
        "nauc_recall_at_5_diff1": -0.007074,
        "nauc_recall_at_10_max": 0.244668,
        "nauc_recall_at_10_std": 0.285175,
        "nauc_recall_at_10_diff1": 0.01792,
        "nauc_recall_at_20_max": 0.2331,
        "nauc_recall_at_20_std": 0.285592,
        "nauc_recall_at_20_diff1": 0.015938,
        "nauc_recall_at_100_max": 0.229355,
        "nauc_recall_at_100_std": 0.305194,
        "nauc_recall_at_100_diff1": 0.026759,
        "nauc_recall_at_1000_max": 0.208874,
        "nauc_recall_at_1000_std": 0.336979,
        "nauc_recall_at_1000_diff1": -0.01139,
        "nauc_precision_at_1_max": 0.182581,
        "nauc_precision_at_1_std": 0.113827,
        "nauc_precision_at_1_diff1": 0.105489,
        "nauc_precision_at_3_max": 0.170405,
        "nauc_precision_at_3_std": 0.215623,
        "nauc_precision_at_3_diff1": 0.006645,
        "nauc_precision_at_5_max": 0.217832,
        "nauc_precision_at_5_std": 0.265052,
        "nauc_precision_at_5_diff1": -0.007074,
        "nauc_precision_at_10_max": 0.244668,
        "nauc_precision_at_10_std": 0.285175,
        "nauc_precision_at_10_diff1": 0.01792,
        "nauc_precision_at_20_max": 0.2331,
        "nauc_precision_at_20_std": 0.285592,
        "nauc_precision_at_20_diff1": 0.015938,
        "nauc_precision_at_100_max": 0.229355,
        "nauc_precision_at_100_std": 0.305194,
        "nauc_precision_at_100_diff1": 0.026759,
        "nauc_precision_at_1000_max": 0.208874,
        "nauc_precision_at_1000_std": 0.336979,
        "nauc_precision_at_1000_diff1": -0.01139,
        "nauc_mrr_at_1_max": 0.176314,
        "nauc_mrr_at_1_std": 0.122679,
        "nauc_mrr_at_1_diff1": 0.094511,
        "nauc_mrr_at_3_max": 0.170998,
        "nauc_mrr_at_3_std": 0.173091,
        "nauc_mrr_at_3_diff1": 0.038566,
        "nauc_mrr_at_5_max": 0.188486,
        "nauc_mrr_at_5_std": 0.194037,
        "nauc_mrr_at_5_diff1": 0.030205,
        "nauc_mrr_at_10_max": 0.197684,
        "nauc_mrr_at_10_std": 0.202615,
        "nauc_mrr_at_10_diff1": 0.033191,
        "nauc_mrr_at_20_max": 0.196321,
        "nauc_mrr_at_20_std": 0.204121,
        "nauc_mrr_at_20_diff1": 0.033668,
        "nauc_mrr_at_100_max": 0.19694,
        "nauc_mrr_at_100_std": 0.205855,
        "nauc_mrr_at_100_diff1": 0.034111,
        "nauc_mrr_at_1000_max": 0.196715,
        "nauc_mrr_at_1000_std": 0.205881,
        "nauc_mrr_at_1000_diff1": 0.033965,
        "main_score": 0.11928,
        "hf_subset": "default",
        "languages": [
          "eng-Latn"
        ]
      }
    ]
  },
  "evaluation_time": 66.76059818267822,
  "kg_co2_emissions": null
}