{
  "dataset_revision": "a34f9a33db75fa0cbb21bb5cfc3dae8dc8bec93f",
  "task_name": "Touche2020",
  "mteb_version": "1.39.7",
  "scores": {
    "test": [
      {
        "ndcg_at_1": 0.13265,
        "ndcg_at_3": 0.18923,
        "ndcg_at_5": 0.19697,
        "ndcg_at_10": 0.19889,
        "ndcg_at_20": 0.21821,
        "ndcg_at_100": 0.32075,
        "ndcg_at_1000": 0.4201,
        "map_at_1": 0.01119,
        "map_at_3": 0.03378,
        "map_at_5": 0.05191,
        "map_at_10": 0.07964,
        "map_at_20": 0.1015,
        "map_at_100": 0.13464,
        "map_at_1000": 0.14761,
        "recall_at_1": 0.01119,
        "recall_at_3": 0.04896,
        "recall_at_5": 0.086,
        "recall_at_10": 0.14672,
        "recall_at_20": 0.22179,
        "recall_at_100": 0.44361,
        "recall_at_1000": 0.74407,
        "precision_at_1": 0.14286,
        "precision_at_3": 0.21769,
        "precision_at_5": 0.22449,
        "precision_at_10": 0.19388,
        "precision_at_20": 0.15816,
        "precision_at_100": 0.07204,
        "precision_at_1000": 0.01384,
        "mrr_at_1": 0.142857,
        "mrr_at_3": 0.306122,
        "mrr_at_5": 0.330612,
        "mrr_at_10": 0.344218,
        "mrr_at_20": 0.350389,
        "mrr_at_100": 0.356915,
        "mrr_at_1000": 0.356915,
        "nauc_ndcg_at_1_max": -0.15635,
        "nauc_ndcg_at_1_std": -0.080358,
        "nauc_ndcg_at_1_diff1": -0.02456,
        "nauc_ndcg_at_3_max": -0.223694,
        "nauc_ndcg_at_3_std": -0.122751,
        "nauc_ndcg_at_3_diff1": 0.160904,
        "nauc_ndcg_at_5_max": -0.277446,
        "nauc_ndcg_at_5_std": -0.114867,
        "nauc_ndcg_at_5_diff1": 0.035139,
        "nauc_ndcg_at_10_max": -0.238703,
        "nauc_ndcg_at_10_std": -0.143211,
        "nauc_ndcg_at_10_diff1": 0.002621,
        "nauc_ndcg_at_20_max": -0.28861,
        "nauc_ndcg_at_20_std": -0.144763,
        "nauc_ndcg_at_20_diff1": -0.069016,
        "nauc_ndcg_at_100_max": -0.240799,
        "nauc_ndcg_at_100_std": 0.085365,
        "nauc_ndcg_at_100_diff1": -0.105292,
        "nauc_ndcg_at_1000_max": -0.159225,
        "nauc_ndcg_at_1000_std": 0.237718,
        "nauc_ndcg_at_1000_diff1": -0.15409,
        "nauc_map_at_1_max": -0.144153,
        "nauc_map_at_1_std": -0.24366,
        "nauc_map_at_1_diff1": -0.077296,
        "nauc_map_at_3_max": -0.163333,
        "nauc_map_at_3_std": -0.277243,
        "nauc_map_at_3_diff1": 0.009882,
        "nauc_map_at_5_max": -0.173718,
        "nauc_map_at_5_std": -0.257483,
        "nauc_map_at_5_diff1": -0.044841,
        "nauc_map_at_10_max": -0.151696,
        "nauc_map_at_10_std": -0.27862,
        "nauc_map_at_10_diff1": -0.044161,
        "nauc_map_at_20_max": -0.188263,
        "nauc_map_at_20_std": -0.238408,
        "nauc_map_at_20_diff1": -0.069532,
        "nauc_map_at_100_max": -0.176367,
        "nauc_map_at_100_std": -0.107035,
        "nauc_map_at_100_diff1": -0.075307,
        "nauc_map_at_1000_max": -0.174504,
        "nauc_map_at_1000_std": -0.067845,
        "nauc_map_at_1000_diff1": -0.092271,
        "nauc_recall_at_1_max": -0.144153,
        "nauc_recall_at_1_std": -0.24366,
        "nauc_recall_at_1_diff1": -0.077296,
        "nauc_recall_at_3_max": -0.214742,
        "nauc_recall_at_3_std": -0.292177,
        "nauc_recall_at_3_diff1": 0.082751,
        "nauc_recall_at_5_max": -0.255765,
        "nauc_recall_at_5_std": -0.268767,
        "nauc_recall_at_5_diff1": -0.041673,
        "nauc_recall_at_10_max": -0.242311,
        "nauc_recall_at_10_std": -0.254712,
        "nauc_recall_at_10_diff1": -0.067823,
        "nauc_recall_at_20_max": -0.303337,
        "nauc_recall_at_20_std": -0.175332,
        "nauc_recall_at_20_diff1": -0.126748,
        "nauc_recall_at_100_max": -0.247842,
        "nauc_recall_at_100_std": 0.18492,
        "nauc_recall_at_100_diff1": -0.190199,
        "nauc_recall_at_1000_max": -0.004847,
        "nauc_recall_at_1000_std": 0.620739,
        "nauc_recall_at_1000_diff1": -0.363226,
        "nauc_precision_at_1_max": -0.140465,
        "nauc_precision_at_1_std": -0.109636,
        "nauc_precision_at_1_diff1": 0.002273,
        "nauc_precision_at_3_max": -0.229474,
        "nauc_precision_at_3_std": -0.161531,
        "nauc_precision_at_3_diff1": 0.213216,
        "nauc_precision_at_5_max": -0.278467,
        "nauc_precision_at_5_std": -0.110778,
        "nauc_precision_at_5_diff1": -0.013529,
        "nauc_precision_at_10_max": -0.21559,
        "nauc_precision_at_10_std": -0.080533,
        "nauc_precision_at_10_diff1": -0.030018,
        "nauc_precision_at_20_max": -0.258927,
        "nauc_precision_at_20_std": 0.058039,
        "nauc_precision_at_20_diff1": -0.095179,
        "nauc_precision_at_100_max": -0.034929,
        "nauc_precision_at_100_std": 0.573657,
        "nauc_precision_at_100_diff1": -0.124538,
        "nauc_precision_at_1000_max": 0.39593,
        "nauc_precision_at_1000_std": 0.575725,
        "nauc_precision_at_1000_diff1": -0.051039,
        "nauc_mrr_at_1_max": -0.140465,
        "nauc_mrr_at_1_std": -0.109636,
        "nauc_mrr_at_1_diff1": 0.002273,
        "nauc_mrr_at_3_max": -0.272138,
        "nauc_mrr_at_3_std": -0.15272,
        "nauc_mrr_at_3_diff1": 0.161904,
        "nauc_mrr_at_5_max": -0.3476,
        "nauc_mrr_at_5_std": -0.163749,
        "nauc_mrr_at_5_diff1": 0.098436,
        "nauc_mrr_at_10_max": -0.323688,
        "nauc_mrr_at_10_std": -0.104072,
        "nauc_mrr_at_10_diff1": 0.080867,
        "nauc_mrr_at_20_max": -0.323474,
        "nauc_mrr_at_20_std": -0.09698,
        "nauc_mrr_at_20_diff1": 0.070366,
        "nauc_mrr_at_100_max": -0.319768,
        "nauc_mrr_at_100_std": -0.104264,
        "nauc_mrr_at_100_diff1": 0.074542,
        "nauc_mrr_at_1000_max": -0.319768,
        "nauc_mrr_at_1000_std": -0.104264,
        "nauc_mrr_at_1000_diff1": 0.074542,
        "main_score": 0.19889,
        "hf_subset": "default",
        "languages": [
          "eng-Latn"
        ]
      }
    ]
  },
  "evaluation_time": 699.2854409217834,
  "kg_co2_emissions": null
}