{
  "dataset_revision": "bb9466bac8153a0349341eb1b22e06409e78ef4e",
  "task_name": "TRECCOVID",
  "mteb_version": "1.39.7",
  "scores": {
    "test": [
      {
        "ndcg_at_1": 0.1,
        "ndcg_at_3": 0.08939,
        "ndcg_at_5": 0.09641,
        "ndcg_at_10": 0.10051,
        "ndcg_at_20": 0.08948,
        "ndcg_at_100": 0.06515,
        "ndcg_at_1000": 0.06227,
        "map_at_1": 0.00028,
        "map_at_3": 0.00062,
        "map_at_5": 0.00092,
        "map_at_10": 0.00152,
        "map_at_20": 0.00215,
        "map_at_100": 0.00535,
        "map_at_1000": 0.01084,
        "recall_at_1": 0.00028,
        "recall_at_3": 0.00081,
        "recall_at_5": 0.0014,
        "recall_at_10": 0.00273,
        "recall_at_20": 0.00452,
        "recall_at_100": 0.01525,
        "recall_at_1000": 0.0604,
        "precision_at_1": 0.1,
        "precision_at_3": 0.1,
        "precision_at_5": 0.108,
        "precision_at_10": 0.116,
        "precision_at_20": 0.096,
        "precision_at_100": 0.0668,
        "precision_at_1000": 0.02762,
        "mrr_at_1": 0.1,
        "mrr_at_3": 0.143333,
        "mrr_at_5": 0.160333,
        "mrr_at_10": 0.177952,
        "mrr_at_20": 0.184532,
        "mrr_at_100": 0.188807,
        "mrr_at_1000": 0.190127,
        "nauc_ndcg_at_1_max": -0.041964,
        "nauc_ndcg_at_1_std": 0.391307,
        "nauc_ndcg_at_1_diff1": 0.120848,
        "nauc_ndcg_at_3_max": -0.144735,
        "nauc_ndcg_at_3_std": 0.398758,
        "nauc_ndcg_at_3_diff1": 0.068906,
        "nauc_ndcg_at_5_max": -0.047404,
        "nauc_ndcg_at_5_std": 0.378369,
        "nauc_ndcg_at_5_diff1": 0.03132,
        "nauc_ndcg_at_10_max": 0.043024,
        "nauc_ndcg_at_10_std": 0.370367,
        "nauc_ndcg_at_10_diff1": 0.05205,
        "nauc_ndcg_at_20_max": 0.088773,
        "nauc_ndcg_at_20_std": 0.320696,
        "nauc_ndcg_at_20_diff1": 0.034533,
        "nauc_ndcg_at_100_max": 0.205075,
        "nauc_ndcg_at_100_std": 0.23958,
        "nauc_ndcg_at_100_diff1": -0.069429,
        "nauc_ndcg_at_1000_max": 0.21054,
        "nauc_ndcg_at_1000_std": 0.136554,
        "nauc_ndcg_at_1000_diff1": -0.148735,
        "nauc_map_at_1_max": -0.077671,
        "nauc_map_at_1_std": 0.352916,
        "nauc_map_at_1_diff1": -0.039688,
        "nauc_map_at_3_max": -0.189166,
        "nauc_map_at_3_std": 0.398847,
        "nauc_map_at_3_diff1": -0.084251,
        "nauc_map_at_5_max": -0.130812,
        "nauc_map_at_5_std": 0.356569,
        "nauc_map_at_5_diff1": -0.091219,
        "nauc_map_at_10_max": -0.032724,
        "nauc_map_at_10_std": 0.320292,
        "nauc_map_at_10_diff1": -0.100699,
        "nauc_map_at_20_max": 0.023348,
        "nauc_map_at_20_std": 0.259824,
        "nauc_map_at_20_diff1": -0.111902,
        "nauc_map_at_100_max": 0.200991,
        "nauc_map_at_100_std": 0.229134,
        "nauc_map_at_100_diff1": -0.191348,
        "nauc_map_at_1000_max": 0.318155,
        "nauc_map_at_1000_std": 0.195697,
        "nauc_map_at_1000_diff1": -0.225364,
        "nauc_recall_at_1_max": -0.077671,
        "nauc_recall_at_1_std": 0.352916,
        "nauc_recall_at_1_diff1": -0.039688,
        "nauc_recall_at_3_max": -0.187741,
        "nauc_recall_at_3_std": 0.324741,
        "nauc_recall_at_3_diff1": -0.089074,
        "nauc_recall_at_5_max": -0.073689,
        "nauc_recall_at_5_std": 0.309972,
        "nauc_recall_at_5_diff1": -0.08195,
        "nauc_recall_at_10_max": 0.07841,
        "nauc_recall_at_10_std": 0.263662,
        "nauc_recall_at_10_diff1": -0.082884,
        "nauc_recall_at_20_max": 0.081279,
        "nauc_recall_at_20_std": 0.211442,
        "nauc_recall_at_20_diff1": -0.098546,
        "nauc_recall_at_100_max": 0.172125,
        "nauc_recall_at_100_std": 0.144096,
        "nauc_recall_at_100_diff1": -0.152642,
        "nauc_recall_at_1000_max": 0.247791,
        "nauc_recall_at_1000_std": 0.055059,
        "nauc_recall_at_1000_diff1": -0.178341,
        "nauc_precision_at_1_max": -0.041964,
        "nauc_precision_at_1_std": 0.391307,
        "nauc_precision_at_1_diff1": 0.120848,
        "nauc_precision_at_3_max": -0.182139,
        "nauc_precision_at_3_std": 0.375869,
        "nauc_precision_at_3_diff1": 0.061627,
        "nauc_precision_at_5_max": -0.038322,
        "nauc_precision_at_5_std": 0.364718,
        "nauc_precision_at_5_diff1": 0.016922,
        "nauc_precision_at_10_max": 0.081572,
        "nauc_precision_at_10_std": 0.344718,
        "nauc_precision_at_10_diff1": 0.059419,
        "nauc_precision_at_20_max": 0.118107,
        "nauc_precision_at_20_std": 0.289363,
        "nauc_precision_at_20_diff1": 0.036208,
        "nauc_precision_at_100_max": 0.220453,
        "nauc_precision_at_100_std": 0.212499,
        "nauc_precision_at_100_diff1": -0.092633,
        "nauc_precision_at_1000_max": 0.286475,
        "nauc_precision_at_1000_std": 0.123449,
        "nauc_precision_at_1000_diff1": -0.106754,
        "nauc_mrr_at_1_max": -0.041964,
        "nauc_mrr_at_1_std": 0.391307,
        "nauc_mrr_at_1_diff1": 0.120848,
        "nauc_mrr_at_3_max": -0.088983,
        "nauc_mrr_at_3_std": 0.337828,
        "nauc_mrr_at_3_diff1": 0.113226,
        "nauc_mrr_at_5_max": -0.050603,
        "nauc_mrr_at_5_std": 0.373393,
        "nauc_mrr_at_5_diff1": 0.099448,
        "nauc_mrr_at_10_max": -0.016448,
        "nauc_mrr_at_10_std": 0.356914,
        "nauc_mrr_at_10_diff1": 0.113081,
        "nauc_mrr_at_20_max": -0.028058,
        "nauc_mrr_at_20_std": 0.348767,
        "nauc_mrr_at_20_diff1": 0.104796,
        "nauc_mrr_at_100_max": -0.030046,
        "nauc_mrr_at_100_std": 0.342445,
        "nauc_mrr_at_100_diff1": 0.101923,
        "nauc_mrr_at_1000_max": -0.030973,
        "nauc_mrr_at_1000_std": 0.345475,
        "nauc_mrr_at_1000_diff1": 0.102581,
        "main_score": 0.10051,
        "hf_subset": "default",
        "languages": [
          "eng-Latn"
        ]
      }
    ]
  },
  "evaluation_time": 2234.357202768326,
  "kg_co2_emissions": null
}