{
  "dataset_revision": "0228b52cf27578f30900b9e5271d331663a030d7",
  "task_name": "SciFact",
  "mteb_version": "1.39.7",
  "scores": {
    "test": [
      {
        "ndcg_at_1": 0.1,
        "ndcg_at_3": 0.12295,
        "ndcg_at_5": 0.13282,
        "ndcg_at_10": 0.14438,
        "ndcg_at_20": 0.15626,
        "ndcg_at_100": 0.19142,
        "ndcg_at_1000": 0.23476,
        "map_at_1": 0.08789,
        "map_at_3": 0.11083,
        "map_at_5": 0.117,
        "map_at_10": 0.12171,
        "map_at_20": 0.12519,
        "map_at_100": 0.13002,
        "map_at_1000": 0.13141,
        "recall_at_1": 0.08789,
        "recall_at_3": 0.14356,
        "recall_at_5": 0.17022,
        "recall_at_10": 0.20444,
        "recall_at_20": 0.24861,
        "recall_at_100": 0.43556,
        "recall_at_1000": 0.78489,
        "precision_at_1": 0.1,
        "precision_at_3": 0.05333,
        "precision_at_5": 0.03733,
        "precision_at_10": 0.02333,
        "precision_at_20": 0.01417,
        "precision_at_100": 0.00497,
        "precision_at_1000": 0.0009,
        "mrr_at_1": 0.1,
        "mrr_at_3": 0.123333,
        "mrr_at_5": 0.1295,
        "mrr_at_10": 0.134188,
        "mrr_at_20": 0.13779,
        "mrr_at_100": 0.14233,
        "mrr_at_1000": 0.143559,
        "nauc_ndcg_at_1_max": 0.384483,
        "nauc_ndcg_at_1_std": 0.068411,
        "nauc_ndcg_at_1_diff1": 0.484196,
        "nauc_ndcg_at_3_max": 0.304154,
        "nauc_ndcg_at_3_std": 0.004622,
        "nauc_ndcg_at_3_diff1": 0.377294,
        "nauc_ndcg_at_5_max": 0.285602,
        "nauc_ndcg_at_5_std": -0.01139,
        "nauc_ndcg_at_5_diff1": 0.34317,
        "nauc_ndcg_at_10_max": 0.273469,
        "nauc_ndcg_at_10_std": -0.004129,
        "nauc_ndcg_at_10_diff1": 0.328981,
        "nauc_ndcg_at_20_max": 0.263067,
        "nauc_ndcg_at_20_std": 0.007779,
        "nauc_ndcg_at_20_diff1": 0.305532,
        "nauc_ndcg_at_100_max": 0.265084,
        "nauc_ndcg_at_100_std": 0.02115,
        "nauc_ndcg_at_100_diff1": 0.291529,
        "nauc_ndcg_at_1000_max": 0.274885,
        "nauc_ndcg_at_1000_std": 0.004507,
        "nauc_ndcg_at_1000_diff1": 0.280288,
        "nauc_map_at_1_max": 0.299664,
        "nauc_map_at_1_std": 0.06327,
        "nauc_map_at_1_diff1": 0.508449,
        "nauc_map_at_3_max": 0.284088,
        "nauc_map_at_3_std": 0.011377,
        "nauc_map_at_3_diff1": 0.408955,
        "nauc_map_at_5_max": 0.278504,
        "nauc_map_at_5_std": 0.001788,
        "nauc_map_at_5_diff1": 0.387784,
        "nauc_map_at_10_max": 0.275119,
        "nauc_map_at_10_std": 0.002986,
        "nauc_map_at_10_diff1": 0.379763,
        "nauc_map_at_20_max": 0.271701,
        "nauc_map_at_20_std": 0.006378,
        "nauc_map_at_20_diff1": 0.370932,
        "nauc_map_at_100_max": 0.274784,
        "nauc_map_at_100_std": 0.006846,
        "nauc_map_at_100_diff1": 0.366648,
        "nauc_map_at_1000_max": 0.275497,
        "nauc_map_at_1000_std": 0.006168,
        "nauc_map_at_1000_diff1": 0.366457,
        "nauc_recall_at_1_max": 0.299664,
        "nauc_recall_at_1_std": 0.06327,
        "nauc_recall_at_1_diff1": 0.508449,
        "nauc_recall_at_3_max": 0.267287,
        "nauc_recall_at_3_std": -0.018525,
        "nauc_recall_at_3_diff1": 0.299912,
        "nauc_recall_at_5_max": 0.24906,
        "nauc_recall_at_5_std": -0.042572,
        "nauc_recall_at_5_diff1": 0.243776,
        "nauc_recall_at_10_max": 0.217815,
        "nauc_recall_at_10_std": -0.017042,
        "nauc_recall_at_10_diff1": 0.220481,
        "nauc_recall_at_20_max": 0.190498,
        "nauc_recall_at_20_std": 0.016438,
        "nauc_recall_at_20_diff1": 0.165635,
        "nauc_recall_at_100_max": 0.182634,
        "nauc_recall_at_100_std": 0.075657,
        "nauc_recall_at_100_diff1": 0.142041,
        "nauc_recall_at_1000_max": 0.196363,
        "nauc_recall_at_1000_std": -0.01343,
        "nauc_recall_at_1000_diff1": -0.07451,
        "nauc_precision_at_1_max": 0.384483,
        "nauc_precision_at_1_std": 0.068411,
        "nauc_precision_at_1_diff1": 0.484196,
        "nauc_precision_at_3_max": 0.35058,
        "nauc_precision_at_3_std": -0.022226,
        "nauc_precision_at_3_diff1": 0.293588,
        "nauc_precision_at_5_max": 0.324459,
        "nauc_precision_at_5_std": -0.044038,
        "nauc_precision_at_5_diff1": 0.24241,
        "nauc_precision_at_10_max": 0.286782,
        "nauc_precision_at_10_std": -0.02397,
        "nauc_precision_at_10_diff1": 0.204198,
        "nauc_precision_at_20_max": 0.26407,
        "nauc_precision_at_20_std": 0.007599,
        "nauc_precision_at_20_diff1": 0.151254,
        "nauc_precision_at_100_max": 0.27869,
        "nauc_precision_at_100_std": 0.046425,
        "nauc_precision_at_100_diff1": 0.117815,
        "nauc_precision_at_1000_max": 0.309898,
        "nauc_precision_at_1000_std": -0.006783,
        "nauc_precision_at_1000_diff1": -0.017306,
        "nauc_mrr_at_1_max": 0.384483,
        "nauc_mrr_at_1_std": 0.068411,
        "nauc_mrr_at_1_diff1": 0.484196,
        "nauc_mrr_at_3_max": 0.358563,
        "nauc_mrr_at_3_std": 0.020302,
        "nauc_mrr_at_3_diff1": 0.398663,
        "nauc_mrr_at_5_max": 0.350955,
        "nauc_mrr_at_5_std": 0.011298,
        "nauc_mrr_at_5_diff1": 0.379808,
        "nauc_mrr_at_10_max": 0.341442,
        "nauc_mrr_at_10_std": 0.014769,
        "nauc_mrr_at_10_diff1": 0.373488,
        "nauc_mrr_at_20_max": 0.33882,
        "nauc_mrr_at_20_std": 0.019078,
        "nauc_mrr_at_20_diff1": 0.366782,
        "nauc_mrr_at_100_max": 0.338472,
        "nauc_mrr_at_100_std": 0.019471,
        "nauc_mrr_at_100_diff1": 0.363776,
        "nauc_mrr_at_1000_max": 0.338669,
        "nauc_mrr_at_1000_std": 0.018359,
        "nauc_mrr_at_1000_diff1": 0.363473,
        "main_score": 0.14438,
        "hf_subset": "default",
        "languages": [
          "eng-Latn"
        ]
      }
    ]
  },
  "evaluation_time": 27.036101818084717,
  "kg_co2_emissions": null
}