{
  "dataset_revision": "0228b52cf27578f30900b9e5271d331663a030d7",
  "task_name": "SciFact",
  "mteb_version": "1.39.7",
  "scores": {
    "test": [
      {
        "ndcg_at_1": 0.40667,
        "ndcg_at_3": 0.48057,
        "ndcg_at_5": 0.50926,
        "ndcg_at_10": 0.53342,
        "ndcg_at_20": 0.54921,
        "ndcg_at_100": 0.57156,
        "ndcg_at_1000": 0.58721,
        "map_at_1": 0.384,
        "map_at_3": 0.45371,
        "map_at_5": 0.47088,
        "map_at_10": 0.48176,
        "map_at_20": 0.48689,
        "map_at_100": 0.49016,
        "map_at_1000": 0.49074,
        "recall_at_1": 0.384,
        "recall_at_3": 0.53244,
        "recall_at_5": 0.60461,
        "recall_at_10": 0.67389,
        "recall_at_20": 0.73272,
        "recall_at_100": 0.85189,
        "recall_at_1000": 0.97333,
        "precision_at_1": 0.40667,
        "precision_at_3": 0.19444,
        "precision_at_5": 0.13333,
        "precision_at_10": 0.075,
        "precision_at_20": 0.0415,
        "precision_at_100": 0.00963,
        "precision_at_1000": 0.0011,
        "mrr_at_1": 0.406667,
        "mrr_at_3": 0.473333,
        "mrr_at_5": 0.489167,
        "mrr_at_10": 0.499731,
        "mrr_at_20": 0.503133,
        "mrr_at_100": 0.505652,
        "mrr_at_1000": 0.506185,
        "nauc_ndcg_at_1_max": 0.461925,
        "nauc_ndcg_at_1_std": 0.030695,
        "nauc_ndcg_at_1_diff1": 0.723337,
        "nauc_ndcg_at_3_max": 0.494872,
        "nauc_ndcg_at_3_std": 0.06079,
        "nauc_ndcg_at_3_diff1": 0.631583,
        "nauc_ndcg_at_5_max": 0.501679,
        "nauc_ndcg_at_5_std": 0.069445,
        "nauc_ndcg_at_5_diff1": 0.629211,
        "nauc_ndcg_at_10_max": 0.513964,
        "nauc_ndcg_at_10_std": 0.078563,
        "nauc_ndcg_at_10_diff1": 0.629704,
        "nauc_ndcg_at_20_max": 0.517354,
        "nauc_ndcg_at_20_std": 0.091126,
        "nauc_ndcg_at_20_diff1": 0.623575,
        "nauc_ndcg_at_100_max": 0.509949,
        "nauc_ndcg_at_100_std": 0.080486,
        "nauc_ndcg_at_100_diff1": 0.622948,
        "nauc_ndcg_at_1000_max": 0.503294,
        "nauc_ndcg_at_1000_std": 0.078512,
        "nauc_ndcg_at_1000_diff1": 0.630123,
        "nauc_map_at_1_max": 0.427583,
        "nauc_map_at_1_std": -0.007928,
        "nauc_map_at_1_diff1": 0.705162,
        "nauc_map_at_3_max": 0.471993,
        "nauc_map_at_3_std": 0.032596,
        "nauc_map_at_3_diff1": 0.648452,
        "nauc_map_at_5_max": 0.478213,
        "nauc_map_at_5_std": 0.041139,
        "nauc_map_at_5_diff1": 0.6471,
        "nauc_map_at_10_max": 0.484141,
        "nauc_map_at_10_std": 0.046647,
        "nauc_map_at_10_diff1": 0.646898,
        "nauc_map_at_20_max": 0.487268,
        "nauc_map_at_20_std": 0.052403,
        "nauc_map_at_20_diff1": 0.645323,
        "nauc_map_at_100_max": 0.486517,
        "nauc_map_at_100_std": 0.051635,
        "nauc_map_at_100_diff1": 0.645488,
        "nauc_map_at_1000_max": 0.486205,
        "nauc_map_at_1000_std": 0.051469,
        "nauc_map_at_1000_diff1": 0.645663,
        "nauc_recall_at_1_max": 0.427583,
        "nauc_recall_at_1_std": -0.007928,
        "nauc_recall_at_1_diff1": 0.705162,
        "nauc_recall_at_3_max": 0.514087,
        "nauc_recall_at_3_std": 0.079461,
        "nauc_recall_at_3_diff1": 0.558359,
        "nauc_recall_at_5_max": 0.539331,
        "nauc_recall_at_5_std": 0.110888,
        "nauc_recall_at_5_diff1": 0.543793,
        "nauc_recall_at_10_max": 0.575534,
        "nauc_recall_at_10_std": 0.136427,
        "nauc_recall_at_10_diff1": 0.530372,
        "nauc_recall_at_20_max": 0.594226,
        "nauc_recall_at_20_std": 0.194429,
        "nauc_recall_at_20_diff1": 0.486239,
        "nauc_recall_at_100_max": 0.574463,
        "nauc_recall_at_100_std": 0.130156,
        "nauc_recall_at_100_diff1": 0.407462,
        "nauc_recall_at_1000_max": 0.363504,
        "nauc_recall_at_1000_std": 0.192519,
        "nauc_recall_at_1000_diff1": 0.141515,
        "nauc_precision_at_1_max": 0.461925,
        "nauc_precision_at_1_std": 0.030695,
        "nauc_precision_at_1_diff1": 0.723337,
        "nauc_precision_at_3_max": 0.548777,
        "nauc_precision_at_3_std": 0.201019,
        "nauc_precision_at_3_diff1": 0.507616,
        "nauc_precision_at_5_max": 0.5509,
        "nauc_precision_at_5_std": 0.254192,
        "nauc_precision_at_5_diff1": 0.454046,
        "nauc_precision_at_10_max": 0.581096,
        "nauc_precision_at_10_std": 0.315036,
        "nauc_precision_at_10_diff1": 0.402594,
        "nauc_precision_at_20_max": 0.536759,
        "nauc_precision_at_20_std": 0.387897,
        "nauc_precision_at_20_diff1": 0.297083,
        "nauc_precision_at_100_max": 0.431209,
        "nauc_precision_at_100_std": 0.376421,
        "nauc_precision_at_100_diff1": 0.170163,
        "nauc_precision_at_1000_max": 0.261052,
        "nauc_precision_at_1000_std": 0.446073,
        "nauc_precision_at_1000_diff1": 0.01794,
        "nauc_mrr_at_1_max": 0.461925,
        "nauc_mrr_at_1_std": 0.030695,
        "nauc_mrr_at_1_diff1": 0.723337,
        "nauc_mrr_at_3_max": 0.489993,
        "nauc_mrr_at_3_std": 0.070656,
        "nauc_mrr_at_3_diff1": 0.661178,
        "nauc_mrr_at_5_max": 0.495228,
        "nauc_mrr_at_5_std": 0.0763,
        "nauc_mrr_at_5_diff1": 0.660191,
        "nauc_mrr_at_10_max": 0.501319,
        "nauc_mrr_at_10_std": 0.079867,
        "nauc_mrr_at_10_diff1": 0.663234,
        "nauc_mrr_at_20_max": 0.500021,
        "nauc_mrr_at_20_std": 0.079633,
        "nauc_mrr_at_20_diff1": 0.66186,
        "nauc_mrr_at_100_max": 0.498586,
        "nauc_mrr_at_100_std": 0.077696,
        "nauc_mrr_at_100_diff1": 0.661387,
        "nauc_mrr_at_1000_max": 0.498311,
        "nauc_mrr_at_1000_std": 0.077517,
        "nauc_mrr_at_1000_diff1": 0.661542,
        "main_score": 0.53342,
        "hf_subset": "default",
        "languages": [
          "eng-Latn"
        ]
      }
    ]
  },
  "evaluation_time": 21.967050313949585,
  "kg_co2_emissions": null
}