{
  "dataset_revision": "0228b52cf27578f30900b9e5271d331663a030d7",
  "task_name": "SciFact",
  "mteb_version": "1.39.7",
  "scores": {
    "test": [
      {
        "ndcg_at_1": 0.06667,
        "ndcg_at_3": 0.08148,
        "ndcg_at_5": 0.08987,
        "ndcg_at_10": 0.10478,
        "ndcg_at_20": 0.11574,
        "ndcg_at_100": 0.14787,
        "ndcg_at_1000": 0.19197,
        "map_at_1": 0.05761,
        "map_at_3": 0.07239,
        "map_at_5": 0.07761,
        "map_at_10": 0.08402,
        "map_at_20": 0.08702,
        "map_at_100": 0.09133,
        "map_at_1000": 0.09288,
        "recall_at_1": 0.05761,
        "recall_at_3": 0.09561,
        "recall_at_5": 0.11756,
        "recall_at_10": 0.161,
        "recall_at_20": 0.20361,
        "recall_at_100": 0.3765,
        "recall_at_1000": 0.72422,
        "precision_at_1": 0.06667,
        "precision_at_3": 0.03667,
        "precision_at_5": 0.02733,
        "precision_at_10": 0.01867,
        "precision_at_20": 0.01183,
        "precision_at_100": 0.00427,
        "precision_at_1000": 0.00083,
        "mrr_at_1": 0.066667,
        "mrr_at_3": 0.081667,
        "mrr_at_5": 0.087833,
        "mrr_at_10": 0.094513,
        "mrr_at_20": 0.097167,
        "mrr_at_100": 0.101293,
        "mrr_at_1000": 0.102699,
        "nauc_ndcg_at_1_max": 0.149973,
        "nauc_ndcg_at_1_std": 0.104615,
        "nauc_ndcg_at_1_diff1": 0.471398,
        "nauc_ndcg_at_3_max": 0.123358,
        "nauc_ndcg_at_3_std": 0.098903,
        "nauc_ndcg_at_3_diff1": 0.383883,
        "nauc_ndcg_at_5_max": 0.135154,
        "nauc_ndcg_at_5_std": 0.068887,
        "nauc_ndcg_at_5_diff1": 0.315067,
        "nauc_ndcg_at_10_max": 0.201563,
        "nauc_ndcg_at_10_std": 0.066711,
        "nauc_ndcg_at_10_diff1": 0.312793,
        "nauc_ndcg_at_20_max": 0.185551,
        "nauc_ndcg_at_20_std": 0.056521,
        "nauc_ndcg_at_20_diff1": 0.285257,
        "nauc_ndcg_at_100_max": 0.16789,
        "nauc_ndcg_at_100_std": 0.052105,
        "nauc_ndcg_at_100_diff1": 0.238511,
        "nauc_ndcg_at_1000_max": 0.181396,
        "nauc_ndcg_at_1000_std": 0.043319,
        "nauc_ndcg_at_1000_diff1": 0.232231,
        "nauc_map_at_1_max": 0.103648,
        "nauc_map_at_1_std": 0.12471,
        "nauc_map_at_1_diff1": 0.547597,
        "nauc_map_at_3_max": 0.111522,
        "nauc_map_at_3_std": 0.10249,
        "nauc_map_at_3_diff1": 0.424796,
        "nauc_map_at_5_max": 0.125295,
        "nauc_map_at_5_std": 0.079995,
        "nauc_map_at_5_diff1": 0.38251,
        "nauc_map_at_10_max": 0.158782,
        "nauc_map_at_10_std": 0.078842,
        "nauc_map_at_10_diff1": 0.378967,
        "nauc_map_at_20_max": 0.154417,
        "nauc_map_at_20_std": 0.075126,
        "nauc_map_at_20_diff1": 0.368239,
        "nauc_map_at_100_max": 0.15196,
        "nauc_map_at_100_std": 0.075214,
        "nauc_map_at_100_diff1": 0.358271,
        "nauc_map_at_1000_max": 0.153816,
        "nauc_map_at_1000_std": 0.075632,
        "nauc_map_at_1000_diff1": 0.357405,
        "nauc_recall_at_1_max": 0.103648,
        "nauc_recall_at_1_std": 0.12471,
        "nauc_recall_at_1_diff1": 0.547597,
        "nauc_recall_at_3_max": 0.089671,
        "nauc_recall_at_3_std": 0.098031,
        "nauc_recall_at_3_diff1": 0.306108,
        "nauc_recall_at_5_max": 0.125128,
        "nauc_recall_at_5_std": 0.042469,
        "nauc_recall_at_5_diff1": 0.193608,
        "nauc_recall_at_10_max": 0.25893,
        "nauc_recall_at_10_std": 0.044329,
        "nauc_recall_at_10_diff1": 0.213172,
        "nauc_recall_at_20_max": 0.204388,
        "nauc_recall_at_20_std": 0.020925,
        "nauc_recall_at_20_diff1": 0.156719,
        "nauc_recall_at_100_max": 0.1415,
        "nauc_recall_at_100_std": 0.006532,
        "nauc_recall_at_100_diff1": 0.050011,
        "nauc_recall_at_1000_max": 0.179631,
        "nauc_recall_at_1000_std": -0.083686,
        "nauc_recall_at_1000_diff1": -0.058705,
        "nauc_precision_at_1_max": 0.149973,
        "nauc_precision_at_1_std": 0.104615,
        "nauc_precision_at_1_diff1": 0.471398,
        "nauc_precision_at_3_max": 0.149289,
        "nauc_precision_at_3_std": 0.090686,
        "nauc_precision_at_3_diff1": 0.310199,
        "nauc_precision_at_5_max": 0.187936,
        "nauc_precision_at_5_std": 0.053571,
        "nauc_precision_at_5_diff1": 0.185069,
        "nauc_precision_at_10_max": 0.323278,
        "nauc_precision_at_10_std": 0.03851,
        "nauc_precision_at_10_diff1": 0.207444,
        "nauc_precision_at_20_max": 0.28606,
        "nauc_precision_at_20_std": 0.02667,
        "nauc_precision_at_20_diff1": 0.159884,
        "nauc_precision_at_100_max": 0.243533,
        "nauc_precision_at_100_std": 0.030058,
        "nauc_precision_at_100_diff1": 0.048279,
        "nauc_precision_at_1000_max": 0.302252,
        "nauc_precision_at_1000_std": -0.031371,
        "nauc_precision_at_1000_diff1": -0.024736,
        "nauc_mrr_at_1_max": 0.149973,
        "nauc_mrr_at_1_std": 0.104615,
        "nauc_mrr_at_1_diff1": 0.471398,
        "nauc_mrr_at_3_max": 0.150863,
        "nauc_mrr_at_3_std": 0.09933,
        "nauc_mrr_at_3_diff1": 0.382194,
        "nauc_mrr_at_5_max": 0.165193,
        "nauc_mrr_at_5_std": 0.082348,
        "nauc_mrr_at_5_diff1": 0.337174,
        "nauc_mrr_at_10_max": 0.197001,
        "nauc_mrr_at_10_std": 0.080731,
        "nauc_mrr_at_10_diff1": 0.333485,
        "nauc_mrr_at_20_max": 0.190433,
        "nauc_mrr_at_20_std": 0.076947,
        "nauc_mrr_at_20_diff1": 0.325512,
        "nauc_mrr_at_100_max": 0.186042,
        "nauc_mrr_at_100_std": 0.076526,
        "nauc_mrr_at_100_diff1": 0.317135,
        "nauc_mrr_at_1000_max": 0.18654,
        "nauc_mrr_at_1000_std": 0.07652,
        "nauc_mrr_at_1000_diff1": 0.317379,
        "main_score": 0.10478,
        "hf_subset": "default",
        "languages": [
          "eng-Latn"
        ]
      }
    ]
  },
  "evaluation_time": 45.313437938690186,
  "kg_co2_emissions": null
}