{
  "dataset_revision": "c22ab2a51041ffd869aaddef7af8d8215647e41a",
  "task_name": "ArguAna",
  "mteb_version": "1.39.7",
  "scores": {
    "test": [
      {
        "ndcg_at_1": 0.0,
        "ndcg_at_3": 0.0,
        "ndcg_at_5": 0.00028,
        "ndcg_at_10": 0.00028,
        "ndcg_at_20": 0.00046,
        "ndcg_at_100": 0.0013,
        "ndcg_at_1000": 0.01288,
        "map_at_1": 0.0,
        "map_at_3": 0.0,
        "map_at_5": 0.00014,
        "map_at_10": 0.00014,
        "map_at_20": 0.0002,
        "map_at_100": 0.00028,
        "map_at_1000": 0.00052,
        "recall_at_1": 0.0,
        "recall_at_3": 0.0,
        "recall_at_5": 0.00071,
        "recall_at_10": 0.00071,
        "recall_at_20": 0.00142,
        "recall_at_100": 0.0064,
        "recall_at_1000": 0.11024,
        "precision_at_1": 0.0,
        "precision_at_3": 0.0,
        "precision_at_5": 0.00014,
        "precision_at_10": 7e-05,
        "precision_at_20": 7e-05,
        "precision_at_100": 6e-05,
        "precision_at_1000": 0.00011,
        "mrr_at_1": 0.000711,
        "mrr_at_3": 0.000711,
        "mrr_at_5": 0.000711,
        "mrr_at_10": 0.000711,
        "mrr_at_20": 0.000835,
        "mrr_at_100": 0.001002,
        "mrr_at_1000": 0.001281,
        "nauc_ndcg_at_1_max": NaN,
        "nauc_ndcg_at_1_std": NaN,
        "nauc_ndcg_at_1_diff1": NaN,
        "nauc_ndcg_at_3_max": NaN,
        "nauc_ndcg_at_3_std": NaN,
        "nauc_ndcg_at_3_diff1": NaN,
        "nauc_ndcg_at_5_max": -0.070643,
        "nauc_ndcg_at_5_std": -0.318691,
        "nauc_ndcg_at_5_diff1": -0.205971,
        "nauc_ndcg_at_10_max": -0.070643,
        "nauc_ndcg_at_10_std": -0.318691,
        "nauc_ndcg_at_10_diff1": -0.205971,
        "nauc_ndcg_at_20_max": 0.225886,
        "nauc_ndcg_at_20_std": 0.078145,
        "nauc_ndcg_at_20_diff1": 0.145283,
        "nauc_ndcg_at_100_max": 0.016952,
        "nauc_ndcg_at_100_std": 0.300709,
        "nauc_ndcg_at_100_diff1": 0.02158,
        "nauc_ndcg_at_1000_max": 0.011308,
        "nauc_ndcg_at_1000_std": 0.077769,
        "nauc_ndcg_at_1000_diff1": -0.031908,
        "nauc_map_at_1_max": NaN,
        "nauc_map_at_1_std": NaN,
        "nauc_map_at_1_diff1": NaN,
        "nauc_map_at_3_max": NaN,
        "nauc_map_at_3_std": NaN,
        "nauc_map_at_3_diff1": NaN,
        "nauc_map_at_5_max": -0.070643,
        "nauc_map_at_5_std": -0.318691,
        "nauc_map_at_5_diff1": -0.205971,
        "nauc_map_at_10_max": -0.070643,
        "nauc_map_at_10_std": -0.318691,
        "nauc_map_at_10_diff1": -0.205971,
        "nauc_map_at_20_max": 0.133047,
        "nauc_map_at_20_std": -0.046099,
        "nauc_map_at_20_diff1": 0.03531,
        "nauc_map_at_100_max": 0.067127,
        "nauc_map_at_100_std": 0.088715,
        "nauc_map_at_100_diff1": 0.021279,
        "nauc_map_at_1000_max": 0.033844,
        "nauc_map_at_1000_std": 0.08046,
        "nauc_map_at_1000_diff1": -0.007462,
        "nauc_recall_at_1_max": NaN,
        "nauc_recall_at_1_std": NaN,
        "nauc_recall_at_1_diff1": NaN,
        "nauc_recall_at_3_max": NaN,
        "nauc_recall_at_3_std": NaN,
        "nauc_recall_at_3_diff1": NaN,
        "nauc_recall_at_5_max": -0.070643,
        "nauc_recall_at_5_std": -0.318691,
        "nauc_recall_at_5_diff1": -0.205971,
        "nauc_recall_at_10_max": -0.070643,
        "nauc_recall_at_10_std": -0.318691,
        "nauc_recall_at_10_diff1": -0.205971,
        "nauc_recall_at_20_max": 0.295998,
        "nauc_recall_at_20_std": 0.171974,
        "nauc_recall_at_20_diff1": 0.228334,
        "nauc_recall_at_100_max": -0.015067,
        "nauc_recall_at_100_std": 0.371946,
        "nauc_recall_at_100_diff1": 0.004965,
        "nauc_recall_at_1000_max": 0.011028,
        "nauc_recall_at_1000_std": 0.066173,
        "nauc_recall_at_1000_diff1": -0.035872,
        "nauc_precision_at_1_max": NaN,
        "nauc_precision_at_1_std": NaN,
        "nauc_precision_at_1_diff1": NaN,
        "nauc_precision_at_3_max": NaN,
        "nauc_precision_at_3_std": NaN,
        "nauc_precision_at_3_diff1": NaN,
        "nauc_precision_at_5_max": -0.070643,
        "nauc_precision_at_5_std": -0.318691,
        "nauc_precision_at_5_diff1": -0.205971,
        "nauc_precision_at_10_max": -0.070643,
        "nauc_precision_at_10_std": -0.318691,
        "nauc_precision_at_10_diff1": -0.205971,
        "nauc_precision_at_20_max": 0.295998,
        "nauc_precision_at_20_std": 0.171974,
        "nauc_precision_at_20_diff1": 0.228334,
        "nauc_precision_at_100_max": -0.015067,
        "nauc_precision_at_100_std": 0.371946,
        "nauc_precision_at_100_diff1": 0.004965,
        "nauc_precision_at_1000_max": 0.011028,
        "nauc_precision_at_1000_std": 0.066173,
        "nauc_precision_at_1000_diff1": -0.035872,
        "nauc_mrr_at_1_max": -0.070643,
        "nauc_mrr_at_1_std": -0.318691,
        "nauc_mrr_at_1_diff1": -0.205971,
        "nauc_mrr_at_3_max": -0.070643,
        "nauc_mrr_at_3_std": -0.318691,
        "nauc_mrr_at_3_diff1": -0.205971,
        "nauc_mrr_at_5_max": -0.070643,
        "nauc_mrr_at_5_std": -0.318691,
        "nauc_mrr_at_5_diff1": -0.205971,
        "nauc_mrr_at_10_max": -0.070643,
        "nauc_mrr_at_10_std": -0.318691,
        "nauc_mrr_at_10_diff1": -0.205971,
        "nauc_mrr_at_20_max": -0.045292,
        "nauc_mrr_at_20_std": -0.268903,
        "nauc_mrr_at_20_diff1": -0.167086,
        "nauc_mrr_at_100_max": -0.034723,
        "nauc_mrr_at_100_std": -0.157671,
        "nauc_mrr_at_100_diff1": -0.118774,
        "nauc_mrr_at_1000_max": -0.022556,
        "nauc_mrr_at_1000_std": -0.114392,
        "nauc_mrr_at_1000_diff1": -0.101369,
        "main_score": 0.00028,
        "hf_subset": "default",
        "languages": [
          "eng-Latn"
        ]
      }
    ]
  },
  "evaluation_time": 165.88864040374756,
  "kg_co2_emissions": null
}