{
  "dataset_revision": "0228b52cf27578f30900b9e5271d331663a030d7",
  "task_name": "SciFact",
  "mteb_version": "1.39.7",
  "scores": {
    "test": [
      {
        "ndcg_at_1": 0.40667,
        "ndcg_at_3": 0.47979,
        "ndcg_at_5": 0.50771,
        "ndcg_at_10": 0.53308,
        "ndcg_at_20": 0.5489,
        "ndcg_at_100": 0.57123,
        "ndcg_at_1000": 0.58687,
        "map_at_1": 0.384,
        "map_at_3": 0.45297,
        "map_at_5": 0.46986,
        "map_at_10": 0.48128,
        "map_at_20": 0.48643,
        "map_at_100": 0.48969,
        "map_at_1000": 0.49027,
        "recall_at_1": 0.384,
        "recall_at_3": 0.53133,
        "recall_at_5": 0.60128,
        "recall_at_10": 0.67389,
        "recall_at_20": 0.73272,
        "recall_at_100": 0.85189,
        "recall_at_1000": 0.97333,
        "precision_at_1": 0.40667,
        "precision_at_3": 0.19333,
        "precision_at_5": 0.13267,
        "precision_at_10": 0.075,
        "precision_at_20": 0.0415,
        "precision_at_100": 0.00963,
        "precision_at_1000": 0.0011,
        "mrr_at_1": 0.406667,
        "mrr_at_3": 0.473333,
        "mrr_at_5": 0.488333,
        "mrr_at_10": 0.499533,
        "mrr_at_20": 0.502951,
        "mrr_at_100": 0.50546,
        "mrr_at_1000": 0.505991,
        "nauc_ndcg_at_1_max": 0.457409,
        "nauc_ndcg_at_1_std": 0.034308,
        "nauc_ndcg_at_1_diff1": 0.729659,
        "nauc_ndcg_at_3_max": 0.489679,
        "nauc_ndcg_at_3_std": 0.060589,
        "nauc_ndcg_at_3_diff1": 0.642947,
        "nauc_ndcg_at_5_max": 0.503539,
        "nauc_ndcg_at_5_std": 0.081383,
        "nauc_ndcg_at_5_diff1": 0.641868,
        "nauc_ndcg_at_10_max": 0.511875,
        "nauc_ndcg_at_10_std": 0.081878,
        "nauc_ndcg_at_10_diff1": 0.640363,
        "nauc_ndcg_at_20_max": 0.515265,
        "nauc_ndcg_at_20_std": 0.09489,
        "nauc_ndcg_at_20_diff1": 0.634242,
        "nauc_ndcg_at_100_max": 0.508106,
        "nauc_ndcg_at_100_std": 0.084331,
        "nauc_ndcg_at_100_diff1": 0.634413,
        "nauc_ndcg_at_1000_max": 0.50138,
        "nauc_ndcg_at_1000_std": 0.082587,
        "nauc_ndcg_at_1000_diff1": 0.642183,
        "nauc_map_at_1_max": 0.423037,
        "nauc_map_at_1_std": -0.004292,
        "nauc_map_at_1_diff1": 0.710487,
        "nauc_map_at_3_max": 0.466441,
        "nauc_map_at_3_std": 0.032628,
        "nauc_map_at_3_diff1": 0.658691,
        "nauc_map_at_5_max": 0.477056,
        "nauc_map_at_5_std": 0.048545,
        "nauc_map_at_5_diff1": 0.657705,
        "nauc_map_at_10_max": 0.481291,
        "nauc_map_at_10_std": 0.050053,
        "nauc_map_at_10_diff1": 0.656747,
        "nauc_map_at_20_max": 0.484431,
        "nauc_map_at_20_std": 0.055946,
        "nauc_map_at_20_diff1": 0.655227,
        "nauc_map_at_100_max": 0.483788,
        "nauc_map_at_100_std": 0.055254,
        "nauc_map_at_100_diff1": 0.655541,
        "nauc_map_at_1000_max": 0.483474,
        "nauc_map_at_1000_std": 0.0551,
        "nauc_map_at_1000_diff1": 0.655734,
        "nauc_recall_at_1_max": 0.423037,
        "nauc_recall_at_1_std": -0.004292,
        "nauc_recall_at_1_diff1": 0.710487,
        "nauc_recall_at_3_max": 0.508747,
        "nauc_recall_at_3_std": 0.077521,
        "nauc_recall_at_3_diff1": 0.572344,
        "nauc_recall_at_5_max": 0.550945,
        "nauc_recall_at_5_std": 0.13773,
        "nauc_recall_at_5_diff1": 0.563043,
        "nauc_recall_at_10_max": 0.57434,
        "nauc_recall_at_10_std": 0.136427,
        "nauc_recall_at_10_diff1": 0.54167,
        "nauc_recall_at_20_max": 0.592838,
        "nauc_recall_at_20_std": 0.196279,
        "nauc_recall_at_20_diff1": 0.497152,
        "nauc_recall_at_100_max": 0.574463,
        "nauc_recall_at_100_std": 0.130156,
        "nauc_recall_at_100_diff1": 0.426818,
        "nauc_recall_at_1000_max": 0.363504,
        "nauc_recall_at_1000_std": 0.192519,
        "nauc_recall_at_1000_diff1": 0.244456,
        "nauc_precision_at_1_max": 0.457409,
        "nauc_precision_at_1_std": 0.034308,
        "nauc_precision_at_1_diff1": 0.729659,
        "nauc_precision_at_3_max": 0.547007,
        "nauc_precision_at_3_std": 0.192045,
        "nauc_precision_at_3_diff1": 0.537624,
        "nauc_precision_at_5_max": 0.561011,
        "nauc_precision_at_5_std": 0.275945,
        "nauc_precision_at_5_diff1": 0.472868,
        "nauc_precision_at_10_max": 0.581096,
        "nauc_precision_at_10_std": 0.315036,
        "nauc_precision_at_10_diff1": 0.415807,
        "nauc_precision_at_20_max": 0.536759,
        "nauc_precision_at_20_std": 0.3891,
        "nauc_precision_at_20_diff1": 0.309301,
        "nauc_precision_at_100_max": 0.433231,
        "nauc_precision_at_100_std": 0.376421,
        "nauc_precision_at_100_diff1": 0.18667,
        "nauc_precision_at_1000_max": 0.263636,
        "nauc_precision_at_1000_std": 0.446073,
        "nauc_precision_at_1000_diff1": 0.039043,
        "nauc_mrr_at_1_max": 0.457409,
        "nauc_mrr_at_1_std": 0.034308,
        "nauc_mrr_at_1_diff1": 0.729659,
        "nauc_mrr_at_3_max": 0.487652,
        "nauc_mrr_at_3_std": 0.074402,
        "nauc_mrr_at_3_diff1": 0.670596,
        "nauc_mrr_at_5_max": 0.495182,
        "nauc_mrr_at_5_std": 0.084595,
        "nauc_mrr_at_5_diff1": 0.671169,
        "nauc_mrr_at_10_max": 0.499697,
        "nauc_mrr_at_10_std": 0.084734,
        "nauc_mrr_at_10_diff1": 0.673513,
        "nauc_mrr_at_20_max": 0.498412,
        "nauc_mrr_at_20_std": 0.084586,
        "nauc_mrr_at_20_diff1": 0.67209,
        "nauc_mrr_at_100_max": 0.49703,
        "nauc_mrr_at_100_std": 0.082711,
        "nauc_mrr_at_100_diff1": 0.671643,
        "nauc_mrr_at_1000_max": 0.496754,
        "nauc_mrr_at_1000_std": 0.082545,
        "nauc_mrr_at_1000_diff1": 0.671813,
        "main_score": 0.53308,
        "hf_subset": "default",
        "languages": [
          "eng-Latn"
        ]
      }
    ]
  },
  "evaluation_time": 36.36769151687622,
  "kg_co2_emissions": null
}