{
  "dataset_revision": "27a168819829fe9bcd655c2df245fb19452e8e06",
  "task_name": "FiQA2018",
  "mteb_version": "1.39.7",
  "scores": {
    "test": [
      {
        "ndcg_at_1": 0.24074,
        "ndcg_at_3": 0.22278,
        "ndcg_at_5": 0.23083,
        "ndcg_at_10": 0.25197,
        "ndcg_at_20": 0.27084,
        "ndcg_at_100": 0.31182,
        "ndcg_at_1000": 0.3504,
        "map_at_1": 0.11617,
        "map_at_3": 0.16549,
        "map_at_5": 0.17887,
        "map_at_10": 0.19219,
        "map_at_20": 0.19872,
        "map_at_100": 0.20551,
        "map_at_1000": 0.20745,
        "recall_at_1": 0.11617,
        "recall_at_3": 0.20371,
        "recall_at_5": 0.24306,
        "recall_at_10": 0.30577,
        "recall_at_20": 0.36309,
        "recall_at_100": 0.53832,
        "recall_at_1000": 0.77784,
        "precision_at_1": 0.24074,
        "precision_at_3": 0.15072,
        "precision_at_5": 0.1108,
        "precision_at_10": 0.07284,
        "precision_at_20": 0.04444,
        "precision_at_100": 0.01347,
        "precision_at_1000": 0.002,
        "mrr_at_1": 0.240741,
        "mrr_at_3": 0.293724,
        "mrr_at_5": 0.30553,
        "mrr_at_10": 0.316072,
        "mrr_at_20": 0.320754,
        "mrr_at_100": 0.325111,
        "mrr_at_1000": 0.32585,
        "nauc_ndcg_at_1_max": 0.2415,
        "nauc_ndcg_at_1_std": -0.004784,
        "nauc_ndcg_at_1_diff1": 0.328914,
        "nauc_ndcg_at_3_max": 0.211652,
        "nauc_ndcg_at_3_std": -0.033655,
        "nauc_ndcg_at_3_diff1": 0.329044,
        "nauc_ndcg_at_5_max": 0.19843,
        "nauc_ndcg_at_5_std": -0.038222,
        "nauc_ndcg_at_5_diff1": 0.334951,
        "nauc_ndcg_at_10_max": 0.193881,
        "nauc_ndcg_at_10_std": -0.027661,
        "nauc_ndcg_at_10_diff1": 0.325914,
        "nauc_ndcg_at_20_max": 0.194956,
        "nauc_ndcg_at_20_std": -0.006275,
        "nauc_ndcg_at_20_diff1": 0.318127,
        "nauc_ndcg_at_100_max": 0.214755,
        "nauc_ndcg_at_100_std": 0.028882,
        "nauc_ndcg_at_100_diff1": 0.315887,
        "nauc_ndcg_at_1000_max": 0.234146,
        "nauc_ndcg_at_1000_std": 0.052037,
        "nauc_ndcg_at_1000_diff1": 0.307137,
        "nauc_map_at_1_max": 0.160435,
        "nauc_map_at_1_std": -0.054584,
        "nauc_map_at_1_diff1": 0.371166,
        "nauc_map_at_3_max": 0.171001,
        "nauc_map_at_3_std": -0.055663,
        "nauc_map_at_3_diff1": 0.362584,
        "nauc_map_at_5_max": 0.179865,
        "nauc_map_at_5_std": -0.051826,
        "nauc_map_at_5_diff1": 0.358408,
        "nauc_map_at_10_max": 0.182736,
        "nauc_map_at_10_std": -0.044767,
        "nauc_map_at_10_diff1": 0.349788,
        "nauc_map_at_20_max": 0.183857,
        "nauc_map_at_20_std": -0.035441,
        "nauc_map_at_20_diff1": 0.345439,
        "nauc_map_at_100_max": 0.188851,
        "nauc_map_at_100_std": -0.02776,
        "nauc_map_at_100_diff1": 0.345787,
        "nauc_map_at_1000_max": 0.190097,
        "nauc_map_at_1000_std": -0.025729,
        "nauc_map_at_1000_diff1": 0.344921,
        "nauc_recall_at_1_max": 0.160435,
        "nauc_recall_at_1_std": -0.054584,
        "nauc_recall_at_1_diff1": 0.371166,
        "nauc_recall_at_3_max": 0.143665,
        "nauc_recall_at_3_std": -0.050066,
        "nauc_recall_at_3_diff1": 0.318931,
        "nauc_recall_at_5_max": 0.143435,
        "nauc_recall_at_5_std": -0.055591,
        "nauc_recall_at_5_diff1": 0.313952,
        "nauc_recall_at_10_max": 0.141757,
        "nauc_recall_at_10_std": -0.031338,
        "nauc_recall_at_10_diff1": 0.268502,
        "nauc_recall_at_20_max": 0.139497,
        "nauc_recall_at_20_std": 0.022891,
        "nauc_recall_at_20_diff1": 0.245998,
        "nauc_recall_at_100_max": 0.17124,
        "nauc_recall_at_100_std": 0.151658,
        "nauc_recall_at_100_diff1": 0.20077,
        "nauc_recall_at_1000_max": 0.274425,
        "nauc_recall_at_1000_std": 0.378578,
        "nauc_recall_at_1000_diff1": 0.117126,
        "nauc_precision_at_1_max": 0.2415,
        "nauc_precision_at_1_std": -0.004784,
        "nauc_precision_at_1_diff1": 0.328914,
        "nauc_precision_at_3_max": 0.253125,
        "nauc_precision_at_3_std": -0.011484,
        "nauc_precision_at_3_diff1": 0.288654,
        "nauc_precision_at_5_max": 0.261423,
        "nauc_precision_at_5_std": 0.006844,
        "nauc_precision_at_5_diff1": 0.253749,
        "nauc_precision_at_10_max": 0.252882,
        "nauc_precision_at_10_std": 0.05198,
        "nauc_precision_at_10_diff1": 0.200769,
        "nauc_precision_at_20_max": 0.247162,
        "nauc_precision_at_20_std": 0.115636,
        "nauc_precision_at_20_diff1": 0.152652,
        "nauc_precision_at_100_max": 0.289501,
        "nauc_precision_at_100_std": 0.197482,
        "nauc_precision_at_100_diff1": 0.100147,
        "nauc_precision_at_1000_max": 0.315772,
        "nauc_precision_at_1000_std": 0.252184,
        "nauc_precision_at_1000_diff1": -0.0013,
        "nauc_mrr_at_1_max": 0.2415,
        "nauc_mrr_at_1_std": -0.004784,
        "nauc_mrr_at_1_diff1": 0.328914,
        "nauc_mrr_at_3_max": 0.235097,
        "nauc_mrr_at_3_std": -0.005142,
        "nauc_mrr_at_3_diff1": 0.316478,
        "nauc_mrr_at_5_max": 0.230731,
        "nauc_mrr_at_5_std": -0.012314,
        "nauc_mrr_at_5_diff1": 0.31422,
        "nauc_mrr_at_10_max": 0.233394,
        "nauc_mrr_at_10_std": -0.004615,
        "nauc_mrr_at_10_diff1": 0.305268,
        "nauc_mrr_at_20_max": 0.234189,
        "nauc_mrr_at_20_std": -0.000586,
        "nauc_mrr_at_20_diff1": 0.304188,
        "nauc_mrr_at_100_max": 0.234693,
        "nauc_mrr_at_100_std": 0.001701,
        "nauc_mrr_at_100_diff1": 0.304374,
        "nauc_mrr_at_1000_max": 0.234839,
        "nauc_mrr_at_1000_std": 0.001666,
        "nauc_mrr_at_1000_diff1": 0.304436,
        "main_score": 0.25197,
        "hf_subset": "default",
        "languages": [
          "eng-Latn"
        ]
      }
    ]
  },
  "evaluation_time": 138.51299452781677,
  "kg_co2_emissions": null
}