{
  "dataset_revision": "bb9466bac8153a0349341eb1b22e06409e78ef4e",
  "task_name": "TRECCOVID",
  "mteb_version": "1.39.7",
  "scores": {
    "test": [
      {
        "ndcg_at_1": 0.81,
        "ndcg_at_3": 0.76939,
        "ndcg_at_5": 0.7344,
        "ndcg_at_10": 0.66846,
        "ndcg_at_20": 0.62083,
        "ndcg_at_100": 0.48034,
        "ndcg_at_1000": 0.41397,
        "map_at_1": 0.00226,
        "map_at_3": 0.00614,
        "map_at_5": 0.00928,
        "map_at_10": 0.01514,
        "map_at_20": 0.02538,
        "map_at_100": 0.0765,
        "map_at_1000": 0.17667,
        "recall_at_1": 0.00226,
        "recall_at_3": 0.00633,
        "recall_at_5": 0.00987,
        "recall_at_10": 0.01715,
        "recall_at_20": 0.03076,
        "recall_at_100": 0.11002,
        "recall_at_1000": 0.38438,
        "precision_at_1": 0.86,
        "precision_at_3": 0.82,
        "precision_at_5": 0.768,
        "precision_at_10": 0.694,
        "precision_at_20": 0.641,
        "precision_at_100": 0.4866,
        "precision_at_1000": 0.1863,
        "mrr_at_1": 0.86,
        "mrr_at_3": 0.9,
        "mrr_at_5": 0.91,
        "mrr_at_10": 0.9125,
        "mrr_at_20": 0.9125,
        "mrr_at_100": 0.9125,
        "mrr_at_1000": 0.9125,
        "nauc_ndcg_at_1_max": 0.261266,
        "nauc_ndcg_at_1_std": 0.208666,
        "nauc_ndcg_at_1_diff1": 0.067247,
        "nauc_ndcg_at_3_max": 0.372617,
        "nauc_ndcg_at_3_std": 0.36195,
        "nauc_ndcg_at_3_diff1": -0.135706,
        "nauc_ndcg_at_5_max": 0.380004,
        "nauc_ndcg_at_5_std": 0.429714,
        "nauc_ndcg_at_5_diff1": -0.16003,
        "nauc_ndcg_at_10_max": 0.456275,
        "nauc_ndcg_at_10_std": 0.56728,
        "nauc_ndcg_at_10_diff1": -0.221851,
        "nauc_ndcg_at_20_max": 0.487361,
        "nauc_ndcg_at_20_std": 0.638834,
        "nauc_ndcg_at_20_diff1": -0.190623,
        "nauc_ndcg_at_100_max": 0.568213,
        "nauc_ndcg_at_100_std": 0.762319,
        "nauc_ndcg_at_100_diff1": -0.198971,
        "nauc_ndcg_at_1000_max": 0.664652,
        "nauc_ndcg_at_1000_std": 0.794175,
        "nauc_ndcg_at_1000_diff1": -0.22724,
        "nauc_map_at_1_max": 0.055425,
        "nauc_map_at_1_std": -0.162113,
        "nauc_map_at_1_diff1": 0.033716,
        "nauc_map_at_3_max": 0.120735,
        "nauc_map_at_3_std": -0.032607,
        "nauc_map_at_3_diff1": -0.122932,
        "nauc_map_at_5_max": 0.157378,
        "nauc_map_at_5_std": 0.01322,
        "nauc_map_at_5_diff1": -0.130462,
        "nauc_map_at_10_max": 0.225746,
        "nauc_map_at_10_std": 0.187652,
        "nauc_map_at_10_diff1": -0.244186,
        "nauc_map_at_20_max": 0.344255,
        "nauc_map_at_20_std": 0.3745,
        "nauc_map_at_20_diff1": -0.262979,
        "nauc_map_at_100_max": 0.630159,
        "nauc_map_at_100_std": 0.739183,
        "nauc_map_at_100_diff1": -0.269363,
        "nauc_map_at_1000_max": 0.69008,
        "nauc_map_at_1000_std": 0.829904,
        "nauc_map_at_1000_diff1": -0.227317,
        "nauc_recall_at_1_max": 0.055425,
        "nauc_recall_at_1_std": -0.162113,
        "nauc_recall_at_1_diff1": 0.033716,
        "nauc_recall_at_3_max": 0.124958,
        "nauc_recall_at_3_std": -0.046813,
        "nauc_recall_at_3_diff1": -0.106767,
        "nauc_recall_at_5_max": 0.164573,
        "nauc_recall_at_5_std": -0.026304,
        "nauc_recall_at_5_diff1": -0.092334,
        "nauc_recall_at_10_max": 0.208699,
        "nauc_recall_at_10_std": 0.115144,
        "nauc_recall_at_10_diff1": -0.213432,
        "nauc_recall_at_20_max": 0.284128,
        "nauc_recall_at_20_std": 0.258045,
        "nauc_recall_at_20_diff1": -0.220342,
        "nauc_recall_at_100_max": 0.522928,
        "nauc_recall_at_100_std": 0.566869,
        "nauc_recall_at_100_diff1": -0.263354,
        "nauc_recall_at_1000_max": 0.641421,
        "nauc_recall_at_1000_std": 0.715453,
        "nauc_recall_at_1000_diff1": -0.225621,
        "nauc_precision_at_1_max": 0.239504,
        "nauc_precision_at_1_std": 0.126923,
        "nauc_precision_at_1_diff1": 0.008244,
        "nauc_precision_at_3_max": 0.456804,
        "nauc_precision_at_3_std": 0.440428,
        "nauc_precision_at_3_diff1": -0.28716,
        "nauc_precision_at_5_max": 0.408099,
        "nauc_precision_at_5_std": 0.461649,
        "nauc_precision_at_5_diff1": -0.275924,
        "nauc_precision_at_10_max": 0.465428,
        "nauc_precision_at_10_std": 0.611553,
        "nauc_precision_at_10_diff1": -0.311761,
        "nauc_precision_at_20_max": 0.522264,
        "nauc_precision_at_20_std": 0.681078,
        "nauc_precision_at_20_diff1": -0.226237,
        "nauc_precision_at_100_max": 0.595725,
        "nauc_precision_at_100_std": 0.783357,
        "nauc_precision_at_100_diff1": -0.216947,
        "nauc_precision_at_1000_max": 0.456199,
        "nauc_precision_at_1000_std": 0.62913,
        "nauc_precision_at_1000_diff1": -0.152919,
        "nauc_mrr_at_1_max": 0.239504,
        "nauc_mrr_at_1_std": 0.126923,
        "nauc_mrr_at_1_diff1": 0.008244,
        "nauc_mrr_at_3_max": 0.427996,
        "nauc_mrr_at_3_std": 0.193384,
        "nauc_mrr_at_3_diff1": 0.087824,
        "nauc_mrr_at_5_max": 0.388049,
        "nauc_mrr_at_5_std": 0.198018,
        "nauc_mrr_at_5_diff1": 0.059141,
        "nauc_mrr_at_10_max": 0.370026,
        "nauc_mrr_at_10_std": 0.182579,
        "nauc_mrr_at_10_diff1": 0.057267,
        "nauc_mrr_at_20_max": 0.370026,
        "nauc_mrr_at_20_std": 0.182579,
        "nauc_mrr_at_20_diff1": 0.057267,
        "nauc_mrr_at_100_max": 0.370026,
        "nauc_mrr_at_100_std": 0.182579,
        "nauc_mrr_at_100_diff1": 0.057267,
        "nauc_mrr_at_1000_max": 0.370026,
        "nauc_mrr_at_1000_std": 0.182579,
        "nauc_mrr_at_1000_diff1": 0.057267,
        "main_score": 0.66846,
        "hf_subset": "default",
        "languages": [
          "eng-Latn"
        ]
      }
    ]
  },
  "evaluation_time": 802.2149693965912,
  "kg_co2_emissions": null
}