{
  "dataset_revision": "27a168819829fe9bcd655c2df245fb19452e8e06",
  "task_name": "FiQA2018",
  "mteb_version": "1.39.7",
  "scores": {
    "test": [
      {
        "ndcg_at_1": 0.1358,
        "ndcg_at_3": 0.13037,
        "ndcg_at_5": 0.13964,
        "ndcg_at_10": 0.14944,
        "ndcg_at_20": 0.16403,
        "ndcg_at_100": 0.19001,
        "ndcg_at_1000": 0.22464,
        "map_at_1": 0.06328,
        "map_at_3": 0.09344,
        "map_at_5": 0.1028,
        "map_at_10": 0.10839,
        "map_at_20": 0.11312,
        "map_at_100": 0.11695,
        "map_at_1000": 0.11831,
        "recall_at_1": 0.06328,
        "recall_at_3": 0.11865,
        "recall_at_5": 0.15491,
        "recall_at_10": 0.18641,
        "recall_at_20": 0.23125,
        "recall_at_100": 0.34178,
        "recall_at_1000": 0.56035,
        "precision_at_1": 0.1358,
        "precision_at_3": 0.08951,
        "precision_at_5": 0.06944,
        "precision_at_10": 0.04306,
        "precision_at_20": 0.02785,
        "precision_at_100": 0.00856,
        "precision_at_1000": 0.00147,
        "mrr_at_1": 0.135802,
        "mrr_at_3": 0.175154,
        "mrr_at_5": 0.188966,
        "mrr_at_10": 0.196142,
        "mrr_at_20": 0.200271,
        "mrr_at_100": 0.203389,
        "mrr_at_1000": 0.20423,
        "nauc_ndcg_at_1_max": 0.206558,
        "nauc_ndcg_at_1_std": 0.051939,
        "nauc_ndcg_at_1_diff1": 0.448804,
        "nauc_ndcg_at_3_max": 0.230014,
        "nauc_ndcg_at_3_std": 0.076908,
        "nauc_ndcg_at_3_diff1": 0.38122,
        "nauc_ndcg_at_5_max": 0.218201,
        "nauc_ndcg_at_5_std": 0.098538,
        "nauc_ndcg_at_5_diff1": 0.346635,
        "nauc_ndcg_at_10_max": 0.196203,
        "nauc_ndcg_at_10_std": 0.105064,
        "nauc_ndcg_at_10_diff1": 0.334598,
        "nauc_ndcg_at_20_max": 0.195534,
        "nauc_ndcg_at_20_std": 0.118215,
        "nauc_ndcg_at_20_diff1": 0.321662,
        "nauc_ndcg_at_100_max": 0.204419,
        "nauc_ndcg_at_100_std": 0.134374,
        "nauc_ndcg_at_100_diff1": 0.304794,
        "nauc_ndcg_at_1000_max": 0.229631,
        "nauc_ndcg_at_1000_std": 0.157645,
        "nauc_ndcg_at_1000_diff1": 0.302617,
        "nauc_map_at_1_max": 0.227807,
        "nauc_map_at_1_std": 0.072711,
        "nauc_map_at_1_diff1": 0.548973,
        "nauc_map_at_3_max": 0.232956,
        "nauc_map_at_3_std": 0.088406,
        "nauc_map_at_3_diff1": 0.43738,
        "nauc_map_at_5_max": 0.227733,
        "nauc_map_at_5_std": 0.098466,
        "nauc_map_at_5_diff1": 0.407294,
        "nauc_map_at_10_max": 0.218227,
        "nauc_map_at_10_std": 0.100825,
        "nauc_map_at_10_diff1": 0.397205,
        "nauc_map_at_20_max": 0.217517,
        "nauc_map_at_20_std": 0.106197,
        "nauc_map_at_20_diff1": 0.389682,
        "nauc_map_at_100_max": 0.218783,
        "nauc_map_at_100_std": 0.109778,
        "nauc_map_at_100_diff1": 0.385149,
        "nauc_map_at_1000_max": 0.220337,
        "nauc_map_at_1000_std": 0.111637,
        "nauc_map_at_1000_diff1": 0.384698,
        "nauc_recall_at_1_max": 0.227807,
        "nauc_recall_at_1_std": 0.072711,
        "nauc_recall_at_1_diff1": 0.548973,
        "nauc_recall_at_3_max": 0.214464,
        "nauc_recall_at_3_std": 0.096551,
        "nauc_recall_at_3_diff1": 0.34983,
        "nauc_recall_at_5_max": 0.184969,
        "nauc_recall_at_5_std": 0.117784,
        "nauc_recall_at_5_diff1": 0.256641,
        "nauc_recall_at_10_max": 0.13854,
        "nauc_recall_at_10_std": 0.112002,
        "nauc_recall_at_10_diff1": 0.224493,
        "nauc_recall_at_20_max": 0.136651,
        "nauc_recall_at_20_std": 0.131593,
        "nauc_recall_at_20_diff1": 0.19882,
        "nauc_recall_at_100_max": 0.139906,
        "nauc_recall_at_100_std": 0.176985,
        "nauc_recall_at_100_diff1": 0.141879,
        "nauc_recall_at_1000_max": 0.222512,
        "nauc_recall_at_1000_std": 0.266373,
        "nauc_recall_at_1000_diff1": 0.121394,
        "nauc_precision_at_1_max": 0.206558,
        "nauc_precision_at_1_std": 0.051939,
        "nauc_precision_at_1_diff1": 0.448804,
        "nauc_precision_at_3_max": 0.219385,
        "nauc_precision_at_3_std": 0.103884,
        "nauc_precision_at_3_diff1": 0.290293,
        "nauc_precision_at_5_max": 0.203933,
        "nauc_precision_at_5_std": 0.133878,
        "nauc_precision_at_5_diff1": 0.221266,
        "nauc_precision_at_10_max": 0.159863,
        "nauc_precision_at_10_std": 0.13945,
        "nauc_precision_at_10_diff1": 0.180988,
        "nauc_precision_at_20_max": 0.161486,
        "nauc_precision_at_20_std": 0.169554,
        "nauc_precision_at_20_diff1": 0.139462,
        "nauc_precision_at_100_max": 0.198805,
        "nauc_precision_at_100_std": 0.166249,
        "nauc_precision_at_100_diff1": 0.088585,
        "nauc_precision_at_1000_max": 0.242585,
        "nauc_precision_at_1000_std": 0.179863,
        "nauc_precision_at_1000_diff1": 0.025345,
        "nauc_mrr_at_1_max": 0.206558,
        "nauc_mrr_at_1_std": 0.051939,
        "nauc_mrr_at_1_diff1": 0.448804,
        "nauc_mrr_at_3_max": 0.203136,
        "nauc_mrr_at_3_std": 0.059789,
        "nauc_mrr_at_3_diff1": 0.367034,
        "nauc_mrr_at_5_max": 0.198031,
        "nauc_mrr_at_5_std": 0.070318,
        "nauc_mrr_at_5_diff1": 0.341213,
        "nauc_mrr_at_10_max": 0.192401,
        "nauc_mrr_at_10_std": 0.072381,
        "nauc_mrr_at_10_diff1": 0.339285,
        "nauc_mrr_at_20_max": 0.192611,
        "nauc_mrr_at_20_std": 0.073559,
        "nauc_mrr_at_20_diff1": 0.336132,
        "nauc_mrr_at_100_max": 0.193343,
        "nauc_mrr_at_100_std": 0.074193,
        "nauc_mrr_at_100_diff1": 0.334895,
        "nauc_mrr_at_1000_max": 0.193874,
        "nauc_mrr_at_1000_std": 0.074433,
        "nauc_mrr_at_1000_diff1": 0.335241,
        "main_score": 0.14944,
        "hf_subset": "default",
        "languages": [
          "eng-Latn"
        ]
      }
    ]
  },
  "evaluation_time": 79.55042123794556,
  "kg_co2_emissions": null
}