{
  "dataset_revision": "a34f9a33db75fa0cbb21bb5cfc3dae8dc8bec93f",
  "task_name": "Touche2020",
  "mteb_version": "1.39.7",
  "scores": {
    "test": [
      {
        "ndcg_at_1": 0.13265,
        "ndcg_at_3": 0.18923,
        "ndcg_at_5": 0.19697,
        "ndcg_at_10": 0.19902,
        "ndcg_at_20": 0.21852,
        "ndcg_at_100": 0.32062,
        "ndcg_at_1000": 0.42007,
        "map_at_1": 0.01119,
        "map_at_3": 0.03378,
        "map_at_5": 0.05191,
        "map_at_10": 0.07996,
        "map_at_20": 0.10176,
        "map_at_100": 0.13488,
        "map_at_1000": 0.14774,
        "recall_at_1": 0.01119,
        "recall_at_3": 0.04896,
        "recall_at_5": 0.086,
        "recall_at_10": 0.14672,
        "recall_at_20": 0.22243,
        "recall_at_100": 0.44445,
        "recall_at_1000": 0.74407,
        "precision_at_1": 0.14286,
        "precision_at_3": 0.21769,
        "precision_at_5": 0.22449,
        "precision_at_10": 0.19388,
        "precision_at_20": 0.15918,
        "precision_at_100": 0.07204,
        "precision_at_1000": 0.01384,
        "mrr_at_1": 0.142857,
        "mrr_at_3": 0.306122,
        "mrr_at_5": 0.330612,
        "mrr_at_10": 0.344218,
        "mrr_at_20": 0.350259,
        "mrr_at_100": 0.356805,
        "mrr_at_1000": 0.356805,
        "nauc_ndcg_at_1_max": -0.15635,
        "nauc_ndcg_at_1_std": -0.080358,
        "nauc_ndcg_at_1_diff1": 0.013095,
        "nauc_ndcg_at_3_max": -0.223694,
        "nauc_ndcg_at_3_std": -0.120786,
        "nauc_ndcg_at_3_diff1": 0.177221,
        "nauc_ndcg_at_5_max": -0.277446,
        "nauc_ndcg_at_5_std": -0.107109,
        "nauc_ndcg_at_5_diff1": 0.054265,
        "nauc_ndcg_at_10_max": -0.238962,
        "nauc_ndcg_at_10_std": -0.130745,
        "nauc_ndcg_at_10_diff1": 0.011069,
        "nauc_ndcg_at_20_max": -0.285016,
        "nauc_ndcg_at_20_std": -0.129703,
        "nauc_ndcg_at_20_diff1": -0.055399,
        "nauc_ndcg_at_100_max": -0.241127,
        "nauc_ndcg_at_100_std": 0.09583,
        "nauc_ndcg_at_100_diff1": -0.080064,
        "nauc_ndcg_at_1000_max": -0.158746,
        "nauc_ndcg_at_1000_std": 0.245437,
        "nauc_ndcg_at_1000_diff1": -0.124604,
        "nauc_map_at_1_max": -0.144153,
        "nauc_map_at_1_std": -0.24366,
        "nauc_map_at_1_diff1": -0.04983,
        "nauc_map_at_3_max": -0.163333,
        "nauc_map_at_3_std": -0.269041,
        "nauc_map_at_3_diff1": 0.030815,
        "nauc_map_at_5_max": -0.173718,
        "nauc_map_at_5_std": -0.244496,
        "nauc_map_at_5_diff1": -0.026909,
        "nauc_map_at_10_max": -0.153213,
        "nauc_map_at_10_std": -0.265625,
        "nauc_map_at_10_diff1": -0.032426,
        "nauc_map_at_20_max": -0.186313,
        "nauc_map_at_20_std": -0.223706,
        "nauc_map_at_20_diff1": -0.054342,
        "nauc_map_at_100_max": -0.177012,
        "nauc_map_at_100_std": -0.096139,
        "nauc_map_at_100_diff1": -0.052412,
        "nauc_map_at_1000_max": -0.174274,
        "nauc_map_at_1000_std": -0.056967,
        "nauc_map_at_1000_diff1": -0.068536,
        "nauc_recall_at_1_max": -0.144153,
        "nauc_recall_at_1_std": -0.24366,
        "nauc_recall_at_1_diff1": -0.04983,
        "nauc_recall_at_3_max": -0.214742,
        "nauc_recall_at_3_std": -0.280546,
        "nauc_recall_at_3_diff1": 0.095835,
        "nauc_recall_at_5_max": -0.255765,
        "nauc_recall_at_5_std": -0.252276,
        "nauc_recall_at_5_diff1": -0.027777,
        "nauc_recall_at_10_max": -0.242311,
        "nauc_recall_at_10_std": -0.238655,
        "nauc_recall_at_10_diff1": -0.057862,
        "nauc_recall_at_20_max": -0.298118,
        "nauc_recall_at_20_std": -0.158025,
        "nauc_recall_at_20_diff1": -0.113225,
        "nauc_recall_at_100_max": -0.251096,
        "nauc_recall_at_100_std": 0.190424,
        "nauc_recall_at_100_diff1": -0.161153,
        "nauc_recall_at_1000_max": -0.004847,
        "nauc_recall_at_1000_std": 0.625077,
        "nauc_recall_at_1000_diff1": -0.325109,
        "nauc_precision_at_1_max": -0.140465,
        "nauc_precision_at_1_std": -0.109636,
        "nauc_precision_at_1_diff1": 0.037958,
        "nauc_precision_at_3_max": -0.229474,
        "nauc_precision_at_3_std": -0.161531,
        "nauc_precision_at_3_diff1": 0.226717,
        "nauc_precision_at_5_max": -0.278467,
        "nauc_precision_at_5_std": -0.104066,
        "nauc_precision_at_5_diff1": 0.003317,
        "nauc_precision_at_10_max": -0.21559,
        "nauc_precision_at_10_std": -0.07245,
        "nauc_precision_at_10_diff1": -0.022887,
        "nauc_precision_at_20_max": -0.24254,
        "nauc_precision_at_20_std": 0.069703,
        "nauc_precision_at_20_diff1": -0.087365,
        "nauc_precision_at_100_max": -0.040099,
        "nauc_precision_at_100_std": 0.559645,
        "nauc_precision_at_100_diff1": -0.102698,
        "nauc_precision_at_1000_max": 0.39593,
        "nauc_precision_at_1000_std": 0.552731,
        "nauc_precision_at_1000_diff1": -0.042871,
        "nauc_mrr_at_1_max": -0.140465,
        "nauc_mrr_at_1_std": -0.109636,
        "nauc_mrr_at_1_diff1": 0.037958,
        "nauc_mrr_at_3_max": -0.272138,
        "nauc_mrr_at_3_std": -0.149293,
        "nauc_mrr_at_3_diff1": 0.180179,
        "nauc_mrr_at_5_max": -0.3476,
        "nauc_mrr_at_5_std": -0.160205,
        "nauc_mrr_at_5_diff1": 0.120463,
        "nauc_mrr_at_10_max": -0.323688,
        "nauc_mrr_at_10_std": -0.100429,
        "nauc_mrr_at_10_diff1": 0.103508,
        "nauc_mrr_at_20_max": -0.323298,
        "nauc_mrr_at_20_std": -0.093515,
        "nauc_mrr_at_20_diff1": 0.093399,
        "nauc_mrr_at_100_max": -0.319484,
        "nauc_mrr_at_100_std": -0.100671,
        "nauc_mrr_at_100_diff1": 0.097976,
        "nauc_mrr_at_1000_max": -0.319484,
        "nauc_mrr_at_1000_std": -0.100671,
        "nauc_mrr_at_1000_diff1": 0.097976,
        "main_score": 0.19902,
        "hf_subset": "default",
        "languages": [
          "eng-Latn"
        ]
      }
    ]
  },
  "evaluation_time": 1971.0927357673645,
  "kg_co2_emissions": null
}