{
  "dataset_revision": "bb9466bac8153a0349341eb1b22e06409e78ef4e",
  "task_name": "TRECCOVID",
  "mteb_version": "1.39.7",
  "scores": {
    "test": [
      {
        "ndcg_at_1": 0.8,
        "ndcg_at_3": 0.77469,
        "ndcg_at_5": 0.74203,
        "ndcg_at_10": 0.66877,
        "ndcg_at_20": 0.62037,
        "ndcg_at_100": 0.47952,
        "ndcg_at_1000": 0.41375,
        "map_at_1": 0.00226,
        "map_at_3": 0.00615,
        "map_at_5": 0.00938,
        "map_at_10": 0.01513,
        "map_at_20": 0.02534,
        "map_at_100": 0.07643,
        "map_at_1000": 0.17639,
        "recall_at_1": 0.00226,
        "recall_at_3": 0.00638,
        "recall_at_5": 0.00999,
        "recall_at_10": 0.01711,
        "recall_at_20": 0.03058,
        "recall_at_100": 0.11,
        "recall_at_1000": 0.38415,
        "precision_at_1": 0.86,
        "precision_at_3": 0.82667,
        "precision_at_5": 0.78,
        "precision_at_10": 0.694,
        "precision_at_20": 0.64,
        "precision_at_100": 0.4858,
        "precision_at_1000": 0.1861,
        "mrr_at_1": 0.86,
        "mrr_at_3": 0.906667,
        "mrr_at_5": 0.911667,
        "mrr_at_10": 0.914524,
        "mrr_at_20": 0.914524,
        "mrr_at_100": 0.914524,
        "mrr_at_1000": 0.914524,
        "nauc_ndcg_at_1_max": 0.155595,
        "nauc_ndcg_at_1_std": 0.137307,
        "nauc_ndcg_at_1_diff1": 0.078834,
        "nauc_ndcg_at_3_max": 0.374545,
        "nauc_ndcg_at_3_std": 0.390951,
        "nauc_ndcg_at_3_diff1": -0.191102,
        "nauc_ndcg_at_5_max": 0.35211,
        "nauc_ndcg_at_5_std": 0.397077,
        "nauc_ndcg_at_5_diff1": -0.186011,
        "nauc_ndcg_at_10_max": 0.446468,
        "nauc_ndcg_at_10_std": 0.553002,
        "nauc_ndcg_at_10_diff1": -0.23955,
        "nauc_ndcg_at_20_max": 0.474519,
        "nauc_ndcg_at_20_std": 0.609277,
        "nauc_ndcg_at_20_diff1": -0.209468,
        "nauc_ndcg_at_100_max": 0.555557,
        "nauc_ndcg_at_100_std": 0.73983,
        "nauc_ndcg_at_100_diff1": -0.197612,
        "nauc_ndcg_at_1000_max": 0.659335,
        "nauc_ndcg_at_1000_std": 0.794969,
        "nauc_ndcg_at_1000_diff1": -0.19713,
        "nauc_map_at_1_max": 0.055425,
        "nauc_map_at_1_std": -0.162362,
        "nauc_map_at_1_diff1": 0.01305,
        "nauc_map_at_3_max": 0.11891,
        "nauc_map_at_3_std": -0.030653,
        "nauc_map_at_3_diff1": -0.158832,
        "nauc_map_at_5_max": 0.150167,
        "nauc_map_at_5_std": -0.001172,
        "nauc_map_at_5_diff1": -0.162685,
        "nauc_map_at_10_max": 0.225505,
        "nauc_map_at_10_std": 0.178184,
        "nauc_map_at_10_diff1": -0.266381,
        "nauc_map_at_20_max": 0.342932,
        "nauc_map_at_20_std": 0.35829,
        "nauc_map_at_20_diff1": -0.282143,
        "nauc_map_at_100_max": 0.622198,
        "nauc_map_at_100_std": 0.715778,
        "nauc_map_at_100_diff1": -0.261183,
        "nauc_map_at_1000_max": 0.686366,
        "nauc_map_at_1000_std": 0.828581,
        "nauc_map_at_1000_diff1": -0.195275,
        "nauc_recall_at_1_max": 0.055425,
        "nauc_recall_at_1_std": -0.162362,
        "nauc_recall_at_1_diff1": 0.01305,
        "nauc_recall_at_3_max": 0.119304,
        "nauc_recall_at_3_std": -0.040299,
        "nauc_recall_at_3_diff1": -0.141286,
        "nauc_recall_at_5_max": 0.156172,
        "nauc_recall_at_5_std": -0.038539,
        "nauc_recall_at_5_diff1": -0.115647,
        "nauc_recall_at_10_max": 0.209181,
        "nauc_recall_at_10_std": 0.1138,
        "nauc_recall_at_10_diff1": -0.226914,
        "nauc_recall_at_20_max": 0.28059,
        "nauc_recall_at_20_std": 0.24877,
        "nauc_recall_at_20_diff1": -0.243602,
        "nauc_recall_at_100_max": 0.510182,
        "nauc_recall_at_100_std": 0.54646,
        "nauc_recall_at_100_diff1": -0.252562,
        "nauc_recall_at_1000_max": 0.63727,
        "nauc_recall_at_1000_std": 0.728605,
        "nauc_recall_at_1000_diff1": -0.170883,
        "nauc_precision_at_1_max": 0.239504,
        "nauc_precision_at_1_std": 0.126923,
        "nauc_precision_at_1_diff1": -0.035403,
        "nauc_precision_at_3_max": 0.452535,
        "nauc_precision_at_3_std": 0.484451,
        "nauc_precision_at_3_diff1": -0.367044,
        "nauc_precision_at_5_max": 0.391351,
        "nauc_precision_at_5_std": 0.437182,
        "nauc_precision_at_5_diff1": -0.311678,
        "nauc_precision_at_10_max": 0.462291,
        "nauc_precision_at_10_std": 0.604562,
        "nauc_precision_at_10_diff1": -0.319491,
        "nauc_precision_at_20_max": 0.511957,
        "nauc_precision_at_20_std": 0.656086,
        "nauc_precision_at_20_diff1": -0.238185,
        "nauc_precision_at_100_max": 0.58591,
        "nauc_precision_at_100_std": 0.769398,
        "nauc_precision_at_100_diff1": -0.204116,
        "nauc_precision_at_1000_max": 0.453875,
        "nauc_precision_at_1000_std": 0.638575,
        "nauc_precision_at_1000_diff1": -0.123761,
        "nauc_mrr_at_1_max": 0.239504,
        "nauc_mrr_at_1_std": 0.126923,
        "nauc_mrr_at_1_diff1": -0.035403,
        "nauc_mrr_at_3_max": 0.418725,
        "nauc_mrr_at_3_std": 0.249005,
        "nauc_mrr_at_3_diff1": 0.042027,
        "nauc_mrr_at_5_max": 0.384819,
        "nauc_mrr_at_5_std": 0.212824,
        "nauc_mrr_at_5_diff1": 0.012154,
        "nauc_mrr_at_10_max": 0.363607,
        "nauc_mrr_at_10_std": 0.19526,
        "nauc_mrr_at_10_diff1": 0.00834,
        "nauc_mrr_at_20_max": 0.363607,
        "nauc_mrr_at_20_std": 0.19526,
        "nauc_mrr_at_20_diff1": 0.00834,
        "nauc_mrr_at_100_max": 0.363607,
        "nauc_mrr_at_100_std": 0.19526,
        "nauc_mrr_at_100_diff1": 0.00834,
        "nauc_mrr_at_1000_max": 0.363607,
        "nauc_mrr_at_1000_std": 0.19526,
        "nauc_mrr_at_1000_diff1": 0.00834,
        "main_score": 0.66877,
        "hf_subset": "default",
        "languages": [
          "eng-Latn"
        ]
      }
    ]
  },
  "evaluation_time": 902.9398548603058,
  "kg_co2_emissions": null
}