{
  "dataset_revision": "a34f9a33db75fa0cbb21bb5cfc3dae8dc8bec93f",
  "task_name": "Touche2020",
  "mteb_version": "1.39.7",
  "scores": {
    "test": [
      {
        "ndcg_at_1": 0.06122,
        "ndcg_at_3": 0.06665,
        "ndcg_at_5": 0.06017,
        "ndcg_at_10": 0.05345,
        "ndcg_at_20": 0.04604,
        "ndcg_at_100": 0.06765,
        "ndcg_at_1000": 0.11797,
        "map_at_1": 0.00268,
        "map_at_3": 0.00741,
        "map_at_5": 0.00916,
        "map_at_10": 0.01325,
        "map_at_20": 0.01477,
        "map_at_100": 0.01817,
        "map_at_1000": 0.0204,
        "recall_at_1": 0.00268,
        "recall_at_3": 0.01131,
        "recall_at_5": 0.01632,
        "recall_at_10": 0.02887,
        "recall_at_20": 0.04094,
        "recall_at_100": 0.09024,
        "recall_at_1000": 0.24507,
        "precision_at_1": 0.06122,
        "precision_at_3": 0.06803,
        "precision_at_5": 0.06122,
        "precision_at_10": 0.05102,
        "precision_at_20": 0.03367,
        "precision_at_100": 0.01551,
        "precision_at_1000": 0.00473,
        "mrr_at_1": 0.061224,
        "mrr_at_3": 0.091837,
        "mrr_at_5": 0.105102,
        "mrr_at_10": 0.110569,
        "mrr_at_20": 0.115935,
        "mrr_at_100": 0.120298,
        "mrr_at_1000": 0.121823,
        "nauc_ndcg_at_1_max": 0.240356,
        "nauc_ndcg_at_1_std": -0.099396,
        "nauc_ndcg_at_1_diff1": 0.296765,
        "nauc_ndcg_at_3_max": 0.000536,
        "nauc_ndcg_at_3_std": 0.084944,
        "nauc_ndcg_at_3_diff1": 0.317091,
        "nauc_ndcg_at_5_max": 0.044926,
        "nauc_ndcg_at_5_std": 0.059132,
        "nauc_ndcg_at_5_diff1": 0.249854,
        "nauc_ndcg_at_10_max": 0.108002,
        "nauc_ndcg_at_10_std": 0.051993,
        "nauc_ndcg_at_10_diff1": 0.218115,
        "nauc_ndcg_at_20_max": 0.127515,
        "nauc_ndcg_at_20_std": 0.138666,
        "nauc_ndcg_at_20_diff1": 0.224525,
        "nauc_ndcg_at_100_max": 0.203396,
        "nauc_ndcg_at_100_std": 0.299506,
        "nauc_ndcg_at_100_diff1": 0.287448,
        "nauc_ndcg_at_1000_max": 0.332328,
        "nauc_ndcg_at_1000_std": 0.286035,
        "nauc_ndcg_at_1000_diff1": 0.332803,
        "nauc_map_at_1_max": 0.289858,
        "nauc_map_at_1_std": -0.094625,
        "nauc_map_at_1_diff1": 0.327278,
        "nauc_map_at_3_max": -0.024397,
        "nauc_map_at_3_std": 0.095264,
        "nauc_map_at_3_diff1": 0.484813,
        "nauc_map_at_5_max": 0.047102,
        "nauc_map_at_5_std": 0.059689,
        "nauc_map_at_5_diff1": 0.380714,
        "nauc_map_at_10_max": 0.123727,
        "nauc_map_at_10_std": 0.060406,
        "nauc_map_at_10_diff1": 0.289857,
        "nauc_map_at_20_max": 0.129598,
        "nauc_map_at_20_std": 0.121924,
        "nauc_map_at_20_diff1": 0.299916,
        "nauc_map_at_100_max": 0.191074,
        "nauc_map_at_100_std": 0.170545,
        "nauc_map_at_100_diff1": 0.285977,
        "nauc_map_at_1000_max": 0.215149,
        "nauc_map_at_1000_std": 0.18518,
        "nauc_map_at_1000_diff1": 0.296511,
        "nauc_recall_at_1_max": 0.289858,
        "nauc_recall_at_1_std": -0.094625,
        "nauc_recall_at_1_diff1": 0.327278,
        "nauc_recall_at_3_max": -0.100389,
        "nauc_recall_at_3_std": 0.336135,
        "nauc_recall_at_3_diff1": 0.515584,
        "nauc_recall_at_5_max": 0.034522,
        "nauc_recall_at_5_std": 0.186896,
        "nauc_recall_at_5_diff1": 0.330545,
        "nauc_recall_at_10_max": 0.117261,
        "nauc_recall_at_10_std": 0.172969,
        "nauc_recall_at_10_diff1": 0.265967,
        "nauc_recall_at_20_max": 0.12526,
        "nauc_recall_at_20_std": 0.265517,
        "nauc_recall_at_20_diff1": 0.257084,
        "nauc_recall_at_100_max": 0.223551,
        "nauc_recall_at_100_std": 0.451856,
        "nauc_recall_at_100_diff1": 0.349506,
        "nauc_recall_at_1000_max": 0.373788,
        "nauc_recall_at_1000_std": 0.340576,
        "nauc_recall_at_1000_diff1": 0.379426,
        "nauc_precision_at_1_max": 0.240356,
        "nauc_precision_at_1_std": -0.099396,
        "nauc_precision_at_1_diff1": 0.296765,
        "nauc_precision_at_3_max": -0.055032,
        "nauc_precision_at_3_std": 0.130905,
        "nauc_precision_at_3_diff1": 0.334835,
        "nauc_precision_at_5_max": 0.058957,
        "nauc_precision_at_5_std": 0.041277,
        "nauc_precision_at_5_diff1": 0.196708,
        "nauc_precision_at_10_max": 0.156924,
        "nauc_precision_at_10_std": 0.013397,
        "nauc_precision_at_10_diff1": 0.128144,
        "nauc_precision_at_20_max": 0.188331,
        "nauc_precision_at_20_std": 0.108177,
        "nauc_precision_at_20_diff1": 0.099736,
        "nauc_precision_at_100_max": 0.272551,
        "nauc_precision_at_100_std": 0.3761,
        "nauc_precision_at_100_diff1": 0.201722,
        "nauc_precision_at_1000_max": 0.481509,
        "nauc_precision_at_1000_std": 0.191788,
        "nauc_precision_at_1000_diff1": 0.2286,
        "nauc_mrr_at_1_max": 0.240356,
        "nauc_mrr_at_1_std": -0.099396,
        "nauc_mrr_at_1_diff1": 0.296765,
        "nauc_mrr_at_3_max": 0.097732,
        "nauc_mrr_at_3_std": 0.130573,
        "nauc_mrr_at_3_diff1": 0.219595,
        "nauc_mrr_at_5_max": 0.102303,
        "nauc_mrr_at_5_std": 0.090049,
        "nauc_mrr_at_5_diff1": 0.186196,
        "nauc_mrr_at_10_max": 0.11179,
        "nauc_mrr_at_10_std": 0.093871,
        "nauc_mrr_at_10_diff1": 0.209727,
        "nauc_mrr_at_20_max": 0.118933,
        "nauc_mrr_at_20_std": 0.082549,
        "nauc_mrr_at_20_diff1": 0.192524,
        "nauc_mrr_at_100_max": 0.120822,
        "nauc_mrr_at_100_std": 0.104744,
        "nauc_mrr_at_100_diff1": 0.208731,
        "nauc_mrr_at_1000_max": 0.124378,
        "nauc_mrr_at_1000_std": 0.101532,
        "nauc_mrr_at_1000_diff1": 0.208657,
        "main_score": 0.05345,
        "hf_subset": "default",
        "languages": [
          "eng-Latn"
        ]
      }
    ]
  },
  "evaluation_time": 3907.353365421295,
  "kg_co2_emissions": null
}