{
  "dataset_revision": "f8c2fcf00f625baaa80f62ec5bd9e1fff3b8ae88",
  "task_name": "SCIDOCS",
  "mteb_version": "1.39.7",
  "scores": {
    "test": [
      {
        "ndcg_at_1": 0.021,
        "ndcg_at_3": 0.01747,
        "ndcg_at_5": 0.01508,
        "ndcg_at_10": 0.01939,
        "ndcg_at_20": 0.02401,
        "ndcg_at_100": 0.03805,
        "ndcg_at_1000": 0.06609,
        "map_at_1": 0.0042,
        "map_at_3": 0.00682,
        "map_at_5": 0.00766,
        "map_at_10": 0.00896,
        "map_at_20": 0.01001,
        "map_at_100": 0.01158,
        "map_at_1000": 0.01239,
        "recall_at_1": 0.0042,
        "recall_at_3": 0.0099,
        "recall_at_5": 0.0133,
        "recall_at_10": 0.0212,
        "recall_at_20": 0.03205,
        "recall_at_100": 0.07872,
        "recall_at_1000": 0.22,
        "precision_at_1": 0.021,
        "precision_at_3": 0.01633,
        "precision_at_5": 0.0132,
        "precision_at_10": 0.0105,
        "precision_at_20": 0.00795,
        "precision_at_100": 0.00389,
        "precision_at_1000": 0.00108,
        "mrr_at_1": 0.021,
        "mrr_at_3": 0.0325,
        "mrr_at_5": 0.0362,
        "mrr_at_10": 0.040154,
        "mrr_at_20": 0.042834,
        "mrr_at_100": 0.045999,
        "mrr_at_1000": 0.047124,
        "nauc_ndcg_at_1_max": 0.469304,
        "nauc_ndcg_at_1_std": 0.311089,
        "nauc_ndcg_at_1_diff1": 0.355808,
        "nauc_ndcg_at_3_max": 0.374435,
        "nauc_ndcg_at_3_std": 0.229146,
        "nauc_ndcg_at_3_diff1": 0.207135,
        "nauc_ndcg_at_5_max": 0.336901,
        "nauc_ndcg_at_5_std": 0.211096,
        "nauc_ndcg_at_5_diff1": 0.184813,
        "nauc_ndcg_at_10_max": 0.317928,
        "nauc_ndcg_at_10_std": 0.191719,
        "nauc_ndcg_at_10_diff1": 0.142138,
        "nauc_ndcg_at_20_max": 0.288038,
        "nauc_ndcg_at_20_std": 0.179775,
        "nauc_ndcg_at_20_diff1": 0.116543,
        "nauc_ndcg_at_100_max": 0.239629,
        "nauc_ndcg_at_100_std": 0.186851,
        "nauc_ndcg_at_100_diff1": 0.105937,
        "nauc_ndcg_at_1000_max": 0.199851,
        "nauc_ndcg_at_1000_std": 0.168204,
        "nauc_ndcg_at_1000_diff1": 0.07362,
        "nauc_map_at_1_max": 0.469304,
        "nauc_map_at_1_std": 0.311089,
        "nauc_map_at_1_diff1": 0.355808,
        "nauc_map_at_3_max": 0.383895,
        "nauc_map_at_3_std": 0.242621,
        "nauc_map_at_3_diff1": 0.224932,
        "nauc_map_at_5_max": 0.356503,
        "nauc_map_at_5_std": 0.228976,
        "nauc_map_at_5_diff1": 0.203103,
        "nauc_map_at_10_max": 0.341535,
        "nauc_map_at_10_std": 0.216716,
        "nauc_map_at_10_diff1": 0.174069,
        "nauc_map_at_20_max": 0.3272,
        "nauc_map_at_20_std": 0.208511,
        "nauc_map_at_20_diff1": 0.154562,
        "nauc_map_at_100_max": 0.315797,
        "nauc_map_at_100_std": 0.206478,
        "nauc_map_at_100_diff1": 0.145576,
        "nauc_map_at_1000_max": 0.311074,
        "nauc_map_at_1000_std": 0.204477,
        "nauc_map_at_1000_diff1": 0.141851,
        "nauc_recall_at_1_max": 0.469304,
        "nauc_recall_at_1_std": 0.311089,
        "nauc_recall_at_1_diff1": 0.355808,
        "nauc_recall_at_3_max": 0.363655,
        "nauc_recall_at_3_std": 0.20924,
        "nauc_recall_at_3_diff1": 0.164543,
        "nauc_recall_at_5_max": 0.303639,
        "nauc_recall_at_5_std": 0.184571,
        "nauc_recall_at_5_diff1": 0.139095,
        "nauc_recall_at_10_max": 0.2856,
        "nauc_recall_at_10_std": 0.161213,
        "nauc_recall_at_10_diff1": 0.078858,
        "nauc_recall_at_20_max": 0.241194,
        "nauc_recall_at_20_std": 0.146798,
        "nauc_recall_at_20_diff1": 0.049142,
        "nauc_recall_at_100_max": 0.16877,
        "nauc_recall_at_100_std": 0.176727,
        "nauc_recall_at_100_diff1": 0.07,
        "nauc_recall_at_1000_max": 0.108192,
        "nauc_recall_at_1000_std": 0.133905,
        "nauc_recall_at_1000_diff1": 0.020969,
        "nauc_precision_at_1_max": 0.469304,
        "nauc_precision_at_1_std": 0.311089,
        "nauc_precision_at_1_diff1": 0.355808,
        "nauc_precision_at_3_max": 0.358887,
        "nauc_precision_at_3_std": 0.206633,
        "nauc_precision_at_3_diff1": 0.16148,
        "nauc_precision_at_5_max": 0.299644,
        "nauc_precision_at_5_std": 0.182448,
        "nauc_precision_at_5_diff1": 0.136628,
        "nauc_precision_at_10_max": 0.28496,
        "nauc_precision_at_10_std": 0.161289,
        "nauc_precision_at_10_diff1": 0.079254,
        "nauc_precision_at_20_max": 0.239161,
        "nauc_precision_at_20_std": 0.147702,
        "nauc_precision_at_20_diff1": 0.049843,
        "nauc_precision_at_100_max": 0.17203,
        "nauc_precision_at_100_std": 0.174958,
        "nauc_precision_at_100_diff1": 0.067261,
        "nauc_precision_at_1000_max": 0.111796,
        "nauc_precision_at_1000_std": 0.134338,
        "nauc_precision_at_1000_diff1": 0.02043,
        "nauc_mrr_at_1_max": 0.469304,
        "nauc_mrr_at_1_std": 0.311089,
        "nauc_mrr_at_1_diff1": 0.355808,
        "nauc_mrr_at_3_max": 0.38594,
        "nauc_mrr_at_3_std": 0.240602,
        "nauc_mrr_at_3_diff1": 0.237985,
        "nauc_mrr_at_5_max": 0.357593,
        "nauc_mrr_at_5_std": 0.225255,
        "nauc_mrr_at_5_diff1": 0.222405,
        "nauc_mrr_at_10_max": 0.344762,
        "nauc_mrr_at_10_std": 0.212362,
        "nauc_mrr_at_10_diff1": 0.203121,
        "nauc_mrr_at_20_max": 0.332163,
        "nauc_mrr_at_20_std": 0.208987,
        "nauc_mrr_at_20_diff1": 0.19287,
        "nauc_mrr_at_100_max": 0.31997,
        "nauc_mrr_at_100_std": 0.207549,
        "nauc_mrr_at_100_diff1": 0.185991,
        "nauc_mrr_at_1000_max": 0.317988,
        "nauc_mrr_at_1000_std": 0.206152,
        "nauc_mrr_at_1000_diff1": 0.183349,
        "main_score": 0.01939,
        "hf_subset": "default",
        "languages": [
          "eng-Latn"
        ]
      }
    ]
  },
  "evaluation_time": 128.81215906143188,
  "kg_co2_emissions": null
}