{
  "dataset_revision": "f8c2fcf00f625baaa80f62ec5bd9e1fff3b8ae88",
  "task_name": "SCIDOCS",
  "mteb_version": "1.39.7",
  "scores": {
    "test": [
      {
        "ndcg_at_1": 0.166,
        "ndcg_at_3": 0.13118,
        "ndcg_at_5": 0.11418,
        "ndcg_at_10": 0.13575,
        "ndcg_at_20": 0.15748,
        "ndcg_at_100": 0.19948,
        "ndcg_at_1000": 0.2504,
        "map_at_1": 0.03355,
        "map_at_3": 0.05658,
        "map_at_5": 0.06759,
        "map_at_10": 0.0769,
        "map_at_20": 0.08402,
        "map_at_100": 0.09134,
        "map_at_1000": 0.0938,
        "recall_at_1": 0.03355,
        "recall_at_3": 0.0735,
        "recall_at_5": 0.1006,
        "recall_at_10": 0.14025,
        "recall_at_20": 0.1916,
        "recall_at_100": 0.3278,
        "recall_at_1000": 0.57928,
        "precision_at_1": 0.166,
        "precision_at_3": 0.12133,
        "precision_at_5": 0.0996,
        "precision_at_10": 0.0694,
        "precision_at_20": 0.0472,
        "precision_at_100": 0.01615,
        "precision_at_1000": 0.00285,
        "mrr_at_1": 0.166,
        "mrr_at_3": 0.222667,
        "mrr_at_5": 0.237817,
        "mrr_at_10": 0.249953,
        "mrr_at_20": 0.256728,
        "mrr_at_100": 0.26167,
        "mrr_at_1000": 0.262476,
        "nauc_ndcg_at_1_max": 0.206735,
        "nauc_ndcg_at_1_std": 0.085123,
        "nauc_ndcg_at_1_diff1": 0.229279,
        "nauc_ndcg_at_3_max": 0.24747,
        "nauc_ndcg_at_3_std": 0.134933,
        "nauc_ndcg_at_3_diff1": 0.198503,
        "nauc_ndcg_at_5_max": 0.246863,
        "nauc_ndcg_at_5_std": 0.150609,
        "nauc_ndcg_at_5_diff1": 0.192264,
        "nauc_ndcg_at_10_max": 0.25599,
        "nauc_ndcg_at_10_std": 0.181937,
        "nauc_ndcg_at_10_diff1": 0.173108,
        "nauc_ndcg_at_20_max": 0.267477,
        "nauc_ndcg_at_20_std": 0.214003,
        "nauc_ndcg_at_20_diff1": 0.165009,
        "nauc_ndcg_at_100_max": 0.281872,
        "nauc_ndcg_at_100_std": 0.269107,
        "nauc_ndcg_at_100_diff1": 0.152701,
        "nauc_ndcg_at_1000_max": 0.299221,
        "nauc_ndcg_at_1000_std": 0.29364,
        "nauc_ndcg_at_1000_diff1": 0.148133,
        "nauc_map_at_1_max": 0.205703,
        "nauc_map_at_1_std": 0.085249,
        "nauc_map_at_1_diff1": 0.2266,
        "nauc_map_at_3_max": 0.24651,
        "nauc_map_at_3_std": 0.121099,
        "nauc_map_at_3_diff1": 0.210725,
        "nauc_map_at_5_max": 0.251111,
        "nauc_map_at_5_std": 0.130693,
        "nauc_map_at_5_diff1": 0.214144,
        "nauc_map_at_10_max": 0.258007,
        "nauc_map_at_10_std": 0.152016,
        "nauc_map_at_10_diff1": 0.198277,
        "nauc_map_at_20_max": 0.266984,
        "nauc_map_at_20_std": 0.173192,
        "nauc_map_at_20_diff1": 0.193537,
        "nauc_map_at_100_max": 0.271651,
        "nauc_map_at_100_std": 0.195001,
        "nauc_map_at_100_diff1": 0.186635,
        "nauc_map_at_1000_max": 0.273219,
        "nauc_map_at_1000_std": 0.199604,
        "nauc_map_at_1000_diff1": 0.185491,
        "nauc_recall_at_1_max": 0.205703,
        "nauc_recall_at_1_std": 0.085249,
        "nauc_recall_at_1_diff1": 0.2266,
        "nauc_recall_at_3_max": 0.25649,
        "nauc_recall_at_3_std": 0.149982,
        "nauc_recall_at_3_diff1": 0.180993,
        "nauc_recall_at_5_max": 0.248549,
        "nauc_recall_at_5_std": 0.170576,
        "nauc_recall_at_5_diff1": 0.171151,
        "nauc_recall_at_10_max": 0.255939,
        "nauc_recall_at_10_std": 0.222988,
        "nauc_recall_at_10_diff1": 0.130422,
        "nauc_recall_at_20_max": 0.261388,
        "nauc_recall_at_20_std": 0.2706,
        "nauc_recall_at_20_diff1": 0.109658,
        "nauc_recall_at_100_max": 0.268838,
        "nauc_recall_at_100_std": 0.369236,
        "nauc_recall_at_100_diff1": 0.074852,
        "nauc_recall_at_1000_max": 0.292957,
        "nauc_recall_at_1000_std": 0.409166,
        "nauc_recall_at_1000_diff1": 0.039039,
        "nauc_precision_at_1_max": 0.206735,
        "nauc_precision_at_1_std": 0.085123,
        "nauc_precision_at_1_diff1": 0.229279,
        "nauc_precision_at_3_max": 0.258804,
        "nauc_precision_at_3_std": 0.150008,
        "nauc_precision_at_3_diff1": 0.18426,
        "nauc_precision_at_5_max": 0.250703,
        "nauc_precision_at_5_std": 0.170739,
        "nauc_precision_at_5_diff1": 0.173696,
        "nauc_precision_at_10_max": 0.259116,
        "nauc_precision_at_10_std": 0.224335,
        "nauc_precision_at_10_diff1": 0.133483,
        "nauc_precision_at_20_max": 0.264947,
        "nauc_precision_at_20_std": 0.270398,
        "nauc_precision_at_20_diff1": 0.112667,
        "nauc_precision_at_100_max": 0.271209,
        "nauc_precision_at_100_std": 0.363747,
        "nauc_precision_at_100_diff1": 0.078078,
        "nauc_precision_at_1000_max": 0.293624,
        "nauc_precision_at_1000_std": 0.399382,
        "nauc_precision_at_1000_diff1": 0.042534,
        "nauc_mrr_at_1_max": 0.206735,
        "nauc_mrr_at_1_std": 0.085123,
        "nauc_mrr_at_1_diff1": 0.229279,
        "nauc_mrr_at_3_max": 0.233898,
        "nauc_mrr_at_3_std": 0.136613,
        "nauc_mrr_at_3_diff1": 0.196281,
        "nauc_mrr_at_5_max": 0.232278,
        "nauc_mrr_at_5_std": 0.148537,
        "nauc_mrr_at_5_diff1": 0.187888,
        "nauc_mrr_at_10_max": 0.234363,
        "nauc_mrr_at_10_std": 0.155257,
        "nauc_mrr_at_10_diff1": 0.185583,
        "nauc_mrr_at_20_max": 0.23596,
        "nauc_mrr_at_20_std": 0.159288,
        "nauc_mrr_at_20_diff1": 0.184915,
        "nauc_mrr_at_100_max": 0.236986,
        "nauc_mrr_at_100_std": 0.15983,
        "nauc_mrr_at_100_diff1": 0.186191,
        "nauc_mrr_at_1000_max": 0.236969,
        "nauc_mrr_at_1000_std": 0.159565,
        "nauc_mrr_at_1000_diff1": 0.186428,
        "main_score": 0.13575,
        "hf_subset": "default",
        "languages": [
          "eng-Latn"
        ]
      }
    ]
  },
  "evaluation_time": 71.3090295791626,
  "kg_co2_emissions": null
}