{
  "dataset_revision": "f8c2fcf00f625baaa80f62ec5bd9e1fff3b8ae88",
  "task_name": "SCIDOCS",
  "mteb_version": "1.39.7",
  "scores": {
    "test": [
      {
        "ndcg_at_1": 0.167,
        "ndcg_at_3": 0.13187,
        "ndcg_at_5": 0.11406,
        "ndcg_at_10": 0.13538,
        "ndcg_at_20": 0.15727,
        "ndcg_at_100": 0.19943,
        "ndcg_at_1000": 0.25033,
        "map_at_1": 0.03375,
        "map_at_3": 0.05678,
        "map_at_5": 0.06748,
        "map_at_10": 0.07669,
        "map_at_20": 0.08392,
        "map_at_100": 0.09126,
        "map_at_1000": 0.09372,
        "recall_at_1": 0.03375,
        "recall_at_3": 0.0741,
        "recall_at_5": 0.1004,
        "recall_at_10": 0.13965,
        "recall_at_20": 0.19125,
        "recall_at_100": 0.328,
        "recall_at_1000": 0.57948,
        "precision_at_1": 0.167,
        "precision_at_3": 0.12233,
        "precision_at_5": 0.0994,
        "precision_at_10": 0.0691,
        "precision_at_20": 0.04715,
        "precision_at_100": 0.01616,
        "precision_at_1000": 0.00285,
        "mrr_at_1": 0.167,
        "mrr_at_3": 0.223667,
        "mrr_at_5": 0.237867,
        "mrr_at_10": 0.24982,
        "mrr_at_20": 0.256595,
        "mrr_at_100": 0.261537,
        "mrr_at_1000": 0.262335,
        "nauc_ndcg_at_1_max": 0.212714,
        "nauc_ndcg_at_1_std": 0.091139,
        "nauc_ndcg_at_1_diff1": 0.225703,
        "nauc_ndcg_at_3_max": 0.245569,
        "nauc_ndcg_at_3_std": 0.136355,
        "nauc_ndcg_at_3_diff1": 0.193922,
        "nauc_ndcg_at_5_max": 0.246933,
        "nauc_ndcg_at_5_std": 0.153091,
        "nauc_ndcg_at_5_diff1": 0.187984,
        "nauc_ndcg_at_10_max": 0.256989,
        "nauc_ndcg_at_10_std": 0.184263,
        "nauc_ndcg_at_10_diff1": 0.170692,
        "nauc_ndcg_at_20_max": 0.267739,
        "nauc_ndcg_at_20_std": 0.215822,
        "nauc_ndcg_at_20_diff1": 0.161969,
        "nauc_ndcg_at_100_max": 0.282668,
        "nauc_ndcg_at_100_std": 0.270596,
        "nauc_ndcg_at_100_diff1": 0.151116,
        "nauc_ndcg_at_1000_max": 0.300381,
        "nauc_ndcg_at_1000_std": 0.296398,
        "nauc_ndcg_at_1000_diff1": 0.145218,
        "nauc_map_at_1_max": 0.211616,
        "nauc_map_at_1_std": 0.091194,
        "nauc_map_at_1_diff1": 0.223079,
        "nauc_map_at_3_max": 0.246231,
        "nauc_map_at_3_std": 0.123003,
        "nauc_map_at_3_diff1": 0.206778,
        "nauc_map_at_5_max": 0.250676,
        "nauc_map_at_5_std": 0.133238,
        "nauc_map_at_5_diff1": 0.209862,
        "nauc_map_at_10_max": 0.259121,
        "nauc_map_at_10_std": 0.15458,
        "nauc_map_at_10_diff1": 0.19627,
        "nauc_map_at_20_max": 0.267692,
        "nauc_map_at_20_std": 0.175594,
        "nauc_map_at_20_diff1": 0.190629,
        "nauc_map_at_100_max": 0.272647,
        "nauc_map_at_100_std": 0.197215,
        "nauc_map_at_100_diff1": 0.184395,
        "nauc_map_at_1000_max": 0.27434,
        "nauc_map_at_1000_std": 0.201942,
        "nauc_map_at_1000_diff1": 0.183026,
        "nauc_recall_at_1_max": 0.211616,
        "nauc_recall_at_1_std": 0.091194,
        "nauc_recall_at_1_diff1": 0.223079,
        "nauc_recall_at_3_max": 0.251235,
        "nauc_recall_at_3_std": 0.149289,
        "nauc_recall_at_3_diff1": 0.175474,
        "nauc_recall_at_5_max": 0.247442,
        "nauc_recall_at_5_std": 0.17246,
        "nauc_recall_at_5_diff1": 0.165828,
        "nauc_recall_at_10_max": 0.256311,
        "nauc_recall_at_10_std": 0.224215,
        "nauc_recall_at_10_diff1": 0.128995,
        "nauc_recall_at_20_max": 0.260362,
        "nauc_recall_at_20_std": 0.270528,
        "nauc_recall_at_20_diff1": 0.107586,
        "nauc_recall_at_100_max": 0.269019,
        "nauc_recall_at_100_std": 0.368549,
        "nauc_recall_at_100_diff1": 0.076405,
        "nauc_recall_at_1000_max": 0.29337,
        "nauc_recall_at_1000_std": 0.412282,
        "nauc_recall_at_1000_diff1": 0.036858,
        "nauc_precision_at_1_max": 0.212714,
        "nauc_precision_at_1_std": 0.091139,
        "nauc_precision_at_1_diff1": 0.225703,
        "nauc_precision_at_3_max": 0.253471,
        "nauc_precision_at_3_std": 0.149306,
        "nauc_precision_at_3_diff1": 0.178657,
        "nauc_precision_at_5_max": 0.249714,
        "nauc_precision_at_5_std": 0.172648,
        "nauc_precision_at_5_diff1": 0.168311,
        "nauc_precision_at_10_max": 0.259614,
        "nauc_precision_at_10_std": 0.225589,
        "nauc_precision_at_10_diff1": 0.132055,
        "nauc_precision_at_20_max": 0.263952,
        "nauc_precision_at_20_std": 0.270568,
        "nauc_precision_at_20_diff1": 0.110449,
        "nauc_precision_at_100_max": 0.271448,
        "nauc_precision_at_100_std": 0.363216,
        "nauc_precision_at_100_diff1": 0.079853,
        "nauc_precision_at_1000_max": 0.29417,
        "nauc_precision_at_1000_std": 0.402731,
        "nauc_precision_at_1000_diff1": 0.040621,
        "nauc_mrr_at_1_max": 0.212714,
        "nauc_mrr_at_1_std": 0.091139,
        "nauc_mrr_at_1_diff1": 0.225703,
        "nauc_mrr_at_3_max": 0.233559,
        "nauc_mrr_at_3_std": 0.13958,
        "nauc_mrr_at_3_diff1": 0.192058,
        "nauc_mrr_at_5_max": 0.233983,
        "nauc_mrr_at_5_std": 0.151907,
        "nauc_mrr_at_5_diff1": 0.184632,
        "nauc_mrr_at_10_max": 0.235677,
        "nauc_mrr_at_10_std": 0.158701,
        "nauc_mrr_at_10_diff1": 0.181869,
        "nauc_mrr_at_20_max": 0.23759,
        "nauc_mrr_at_20_std": 0.162945,
        "nauc_mrr_at_20_diff1": 0.181231,
        "nauc_mrr_at_100_max": 0.238421,
        "nauc_mrr_at_100_std": 0.163344,
        "nauc_mrr_at_100_diff1": 0.182449,
        "nauc_mrr_at_1000_max": 0.238429,
        "nauc_mrr_at_1000_std": 0.163107,
        "nauc_mrr_at_1000_diff1": 0.182681,
        "main_score": 0.13538,
        "hf_subset": "default",
        "languages": [
          "eng-Latn"
        ]
      }
    ]
  },
  "evaluation_time": 158.91263365745544,
  "kg_co2_emissions": null
}