{
  "map_at_10": 0.49123,
  "mrr_at_10": 0.5101415343915343,
  "ndcg_at_10": 0.539,
  "recall_at_10": 0.66778,
  "recall_at_100": 0.84256
}
