{
  "map_at_10": 0.48839,
  "mrr_at_10": 0.5072989417989416,
  "ndcg_at_10": 0.53684,
  "recall_at_10": 0.66778,
  "recall_at_100": 0.84256
}
