{
  "map_at_10": 0.49083,
  "mrr_at_10": 0.5097433862433861,
  "ndcg_at_10": 0.53803,
  "recall_at_10": 0.66444,
  "recall_at_100": 0.84256
}
