{
  "map_at_10": 0.49306,
  "mrr_at_10": 0.5119656084656083,
  "ndcg_at_10": 0.53969,
  "recall_at_10": 0.66444,
  "recall_at_100": 0.84256
}
