{
  "map_at_10": 0.491,
  "mrr_at_10": 0.5098544973544973,
  "ndcg_at_10": 0.53744,
  "recall_at_10": 0.66111,
  "recall_at_100": 0.84256
}
