{
  "map_at_10": 0.49121,
  "mrr_at_10": 0.5101137566137565,
  "ndcg_at_10": 0.53903,
  "recall_at_10": 0.66778,
  "recall_at_100": 0.84256
}
