{
  "map_at_10": 0.49206,
  "mrr_at_10": 0.5109656084656083,
  "ndcg_at_10": 0.53888,
  "recall_at_10": 0.66444,
  "recall_at_100": 0.84256
}
