{
  "map_at_10": 0.48917,
  "mrr_at_10": 0.5080767195767194,
  "ndcg_at_10": 0.5368,
  "recall_at_10": 0.66444,
  "recall_at_100": 0.84256
}
