{
  "map_at_10": 0.49125,
  "mrr_at_10": 0.5091494708994708,
  "ndcg_at_10": 0.53727,
  "recall_at_10": 0.66094,
  "recall_at_100": 0.84689
}
