{
  "dataset_revision": "27a168819829fe9bcd655c2df245fb19452e8e06",
  "task_name": "FiQA2018",
  "mteb_version": "1.39.7",
  "scores": {
    "test": [
      {
        "ndcg_at_1": 0.03704,
        "ndcg_at_3": 0.03751,
        "ndcg_at_5": 0.04317,
        "ndcg_at_10": 0.04864,
        "ndcg_at_20": 0.05512,
        "ndcg_at_100": 0.07066,
        "ndcg_at_1000": 0.09533,
        "map_at_1": 0.02022,
        "map_at_3": 0.02771,
        "map_at_5": 0.03153,
        "map_at_10": 0.03378,
        "map_at_20": 0.03539,
        "map_at_100": 0.03727,
        "map_at_1000": 0.03806,
        "recall_at_1": 0.02022,
        "recall_at_3": 0.03586,
        "recall_at_5": 0.05081,
        "recall_at_10": 0.06597,
        "recall_at_20": 0.08689,
        "recall_at_100": 0.15289,
        "recall_at_1000": 0.31272,
        "precision_at_1": 0.03704,
        "precision_at_3": 0.02315,
        "precision_at_5": 0.02068,
        "precision_at_10": 0.0142,
        "precision_at_20": 0.00949,
        "precision_at_100": 0.00377,
        "precision_at_1000": 0.00079,
        "mrr_at_1": 0.037037,
        "mrr_at_3": 0.050412,
        "mrr_at_5": 0.057665,
        "mrr_at_10": 0.061656,
        "mrr_at_20": 0.064153,
        "mrr_at_100": 0.066847,
        "mrr_at_1000": 0.067624,
        "nauc_ndcg_at_1_max": 0.140272,
        "nauc_ndcg_at_1_std": 0.202184,
        "nauc_ndcg_at_1_diff1": 0.241415,
        "nauc_ndcg_at_3_max": 0.109579,
        "nauc_ndcg_at_3_std": 0.262435,
        "nauc_ndcg_at_3_diff1": 0.261875,
        "nauc_ndcg_at_5_max": 0.093454,
        "nauc_ndcg_at_5_std": 0.265169,
        "nauc_ndcg_at_5_diff1": 0.234924,
        "nauc_ndcg_at_10_max": 0.109243,
        "nauc_ndcg_at_10_std": 0.278313,
        "nauc_ndcg_at_10_diff1": 0.217887,
        "nauc_ndcg_at_20_max": 0.096208,
        "nauc_ndcg_at_20_std": 0.271491,
        "nauc_ndcg_at_20_diff1": 0.187616,
        "nauc_ndcg_at_100_max": 0.10838,
        "nauc_ndcg_at_100_std": 0.249706,
        "nauc_ndcg_at_100_diff1": 0.151357,
        "nauc_ndcg_at_1000_max": 0.109068,
        "nauc_ndcg_at_1000_std": 0.237653,
        "nauc_ndcg_at_1000_diff1": 0.141565,
        "nauc_map_at_1_max": 0.126191,
        "nauc_map_at_1_std": 0.299294,
        "nauc_map_at_1_diff1": 0.317117,
        "nauc_map_at_3_max": 0.09829,
        "nauc_map_at_3_std": 0.291805,
        "nauc_map_at_3_diff1": 0.28742,
        "nauc_map_at_5_max": 0.086476,
        "nauc_map_at_5_std": 0.283997,
        "nauc_map_at_5_diff1": 0.255998,
        "nauc_map_at_10_max": 0.095526,
        "nauc_map_at_10_std": 0.287858,
        "nauc_map_at_10_diff1": 0.24333,
        "nauc_map_at_20_max": 0.091811,
        "nauc_map_at_20_std": 0.284658,
        "nauc_map_at_20_diff1": 0.231707,
        "nauc_map_at_100_max": 0.094293,
        "nauc_map_at_100_std": 0.282848,
        "nauc_map_at_100_diff1": 0.221129,
        "nauc_map_at_1000_max": 0.094501,
        "nauc_map_at_1000_std": 0.282566,
        "nauc_map_at_1000_diff1": 0.220133,
        "nauc_recall_at_1_max": 0.126191,
        "nauc_recall_at_1_std": 0.299294,
        "nauc_recall_at_1_diff1": 0.317117,
        "nauc_recall_at_3_max": 0.083706,
        "nauc_recall_at_3_std": 0.29697,
        "nauc_recall_at_3_diff1": 0.291783,
        "nauc_recall_at_5_max": 0.05252,
        "nauc_recall_at_5_std": 0.271789,
        "nauc_recall_at_5_diff1": 0.213546,
        "nauc_recall_at_10_max": 0.091201,
        "nauc_recall_at_10_std": 0.272134,
        "nauc_recall_at_10_diff1": 0.178893,
        "nauc_recall_at_20_max": 0.06232,
        "nauc_recall_at_20_std": 0.251826,
        "nauc_recall_at_20_diff1": 0.117292,
        "nauc_recall_at_100_max": 0.084763,
        "nauc_recall_at_100_std": 0.194929,
        "nauc_recall_at_100_diff1": 0.058335,
        "nauc_recall_at_1000_max": 0.064574,
        "nauc_recall_at_1000_std": 0.168155,
        "nauc_recall_at_1000_diff1": 0.044855,
        "nauc_precision_at_1_max": 0.140272,
        "nauc_precision_at_1_std": 0.202184,
        "nauc_precision_at_1_diff1": 0.241415,
        "nauc_precision_at_3_max": 0.110294,
        "nauc_precision_at_3_std": 0.25352,
        "nauc_precision_at_3_diff1": 0.232153,
        "nauc_precision_at_5_max": 0.10618,
        "nauc_precision_at_5_std": 0.270288,
        "nauc_precision_at_5_diff1": 0.208233,
        "nauc_precision_at_10_max": 0.15942,
        "nauc_precision_at_10_std": 0.305416,
        "nauc_precision_at_10_diff1": 0.167197,
        "nauc_precision_at_20_max": 0.140063,
        "nauc_precision_at_20_std": 0.285795,
        "nauc_precision_at_20_diff1": 0.107057,
        "nauc_precision_at_100_max": 0.189291,
        "nauc_precision_at_100_std": 0.209289,
        "nauc_precision_at_100_diff1": 0.039069,
        "nauc_precision_at_1000_max": 0.185795,
        "nauc_precision_at_1000_std": 0.14567,
        "nauc_precision_at_1000_diff1": 0.033681,
        "nauc_mrr_at_1_max": 0.140272,
        "nauc_mrr_at_1_std": 0.202184,
        "nauc_mrr_at_1_diff1": 0.241415,
        "nauc_mrr_at_3_max": 0.140398,
        "nauc_mrr_at_3_std": 0.21644,
        "nauc_mrr_at_3_diff1": 0.253884,
        "nauc_mrr_at_5_max": 0.132857,
        "nauc_mrr_at_5_std": 0.221376,
        "nauc_mrr_at_5_diff1": 0.237515,
        "nauc_mrr_at_10_max": 0.141618,
        "nauc_mrr_at_10_std": 0.235604,
        "nauc_mrr_at_10_diff1": 0.228993,
        "nauc_mrr_at_20_max": 0.134582,
        "nauc_mrr_at_20_std": 0.233771,
        "nauc_mrr_at_20_diff1": 0.217864,
        "nauc_mrr_at_100_max": 0.133292,
        "nauc_mrr_at_100_std": 0.228463,
        "nauc_mrr_at_100_diff1": 0.211942,
        "nauc_mrr_at_1000_max": 0.13318,
        "nauc_mrr_at_1000_std": 0.227262,
        "nauc_mrr_at_1000_diff1": 0.211033,
        "main_score": 0.04864,
        "hf_subset": "default",
        "languages": [
          "eng-Latn"
        ]
      }
    ]
  },
  "evaluation_time": 234.74151992797852,
  "kg_co2_emissions": null
}