{
  "map_at_10": 0.42445,
  "mrr_at_10": 0.4261357221883542,
  "ndcg_at_10": 0.50874,
  "recall_at_10": 0.77738,
  "recall_at_100": 0.95661
}
