{
  "dataset_revision": "0228b52cf27578f30900b9e5271d331663a030d7",
  "task_name": "SciFact",
  "mteb_version": "1.39.7",
  "scores": {
    "test": [
      {
        "ndcg_at_1": 0.13333,
        "ndcg_at_3": 0.16065,
        "ndcg_at_5": 0.17876,
        "ndcg_at_10": 0.19251,
        "ndcg_at_20": 0.21086,
        "ndcg_at_100": 0.24089,
        "ndcg_at_1000": 0.28034,
        "map_at_1": 0.11956,
        "map_at_3": 0.14744,
        "map_at_5": 0.1582,
        "map_at_10": 0.16416,
        "map_at_20": 0.16922,
        "map_at_100": 0.17312,
        "map_at_1000": 0.17447,
        "recall_at_1": 0.11956,
        "recall_at_3": 0.18356,
        "recall_at_5": 0.2285,
        "recall_at_10": 0.26917,
        "recall_at_20": 0.34028,
        "recall_at_100": 0.50272,
        "recall_at_1000": 0.81656,
        "precision_at_1": 0.13333,
        "precision_at_3": 0.06667,
        "precision_at_5": 0.05133,
        "precision_at_10": 0.031,
        "precision_at_20": 0.0195,
        "precision_at_100": 0.0058,
        "precision_at_1000": 0.00093,
        "mrr_at_1": 0.133333,
        "mrr_at_3": 0.160556,
        "mrr_at_5": 0.171722,
        "mrr_at_10": 0.176803,
        "mrr_at_20": 0.181604,
        "mrr_at_100": 0.185275,
        "mrr_at_1000": 0.186523,
        "nauc_ndcg_at_1_max": 0.403773,
        "nauc_ndcg_at_1_std": -0.05255,
        "nauc_ndcg_at_1_diff1": 0.554719,
        "nauc_ndcg_at_3_max": 0.393147,
        "nauc_ndcg_at_3_std": -0.071968,
        "nauc_ndcg_at_3_diff1": 0.459763,
        "nauc_ndcg_at_5_max": 0.394512,
        "nauc_ndcg_at_5_std": -0.07608,
        "nauc_ndcg_at_5_diff1": 0.468878,
        "nauc_ndcg_at_10_max": 0.392131,
        "nauc_ndcg_at_10_std": -0.059638,
        "nauc_ndcg_at_10_diff1": 0.43677,
        "nauc_ndcg_at_20_max": 0.38199,
        "nauc_ndcg_at_20_std": -0.052814,
        "nauc_ndcg_at_20_diff1": 0.420336,
        "nauc_ndcg_at_100_max": 0.384183,
        "nauc_ndcg_at_100_std": -0.04333,
        "nauc_ndcg_at_100_diff1": 0.410044,
        "nauc_ndcg_at_1000_max": 0.387478,
        "nauc_ndcg_at_1000_std": -0.060125,
        "nauc_ndcg_at_1000_diff1": 0.414772,
        "nauc_map_at_1_max": 0.327693,
        "nauc_map_at_1_std": -0.058179,
        "nauc_map_at_1_diff1": 0.541946,
        "nauc_map_at_3_max": 0.363166,
        "nauc_map_at_3_std": -0.071815,
        "nauc_map_at_3_diff1": 0.473915,
        "nauc_map_at_5_max": 0.370048,
        "nauc_map_at_5_std": -0.074717,
        "nauc_map_at_5_diff1": 0.479412,
        "nauc_map_at_10_max": 0.370217,
        "nauc_map_at_10_std": -0.068765,
        "nauc_map_at_10_diff1": 0.463914,
        "nauc_map_at_20_max": 0.367396,
        "nauc_map_at_20_std": -0.066568,
        "nauc_map_at_20_diff1": 0.458592,
        "nauc_map_at_100_max": 0.368571,
        "nauc_map_at_100_std": -0.064499,
        "nauc_map_at_100_diff1": 0.457573,
        "nauc_map_at_1000_max": 0.368793,
        "nauc_map_at_1000_std": -0.065147,
        "nauc_map_at_1000_diff1": 0.45766,
        "nauc_recall_at_1_max": 0.327693,
        "nauc_recall_at_1_std": -0.058179,
        "nauc_recall_at_1_diff1": 0.541946,
        "nauc_recall_at_3_max": 0.402325,
        "nauc_recall_at_3_std": -0.079473,
        "nauc_recall_at_3_diff1": 0.407729,
        "nauc_recall_at_5_max": 0.406027,
        "nauc_recall_at_5_std": -0.079802,
        "nauc_recall_at_5_diff1": 0.426488,
        "nauc_recall_at_10_max": 0.402388,
        "nauc_recall_at_10_std": -0.038348,
        "nauc_recall_at_10_diff1": 0.351069,
        "nauc_recall_at_20_max": 0.362472,
        "nauc_recall_at_20_std": -0.018299,
        "nauc_recall_at_20_diff1": 0.300306,
        "nauc_recall_at_100_max": 0.360175,
        "nauc_recall_at_100_std": 0.014223,
        "nauc_recall_at_100_diff1": 0.249221,
        "nauc_recall_at_1000_max": 0.369983,
        "nauc_recall_at_1000_std": -0.122672,
        "nauc_recall_at_1000_diff1": 0.155348,
        "nauc_precision_at_1_max": 0.403773,
        "nauc_precision_at_1_std": -0.05255,
        "nauc_precision_at_1_diff1": 0.554719,
        "nauc_precision_at_3_max": 0.462743,
        "nauc_precision_at_3_std": -0.079447,
        "nauc_precision_at_3_diff1": 0.422477,
        "nauc_precision_at_5_max": 0.48256,
        "nauc_precision_at_5_std": -0.089014,
        "nauc_precision_at_5_diff1": 0.448572,
        "nauc_precision_at_10_max": 0.4661,
        "nauc_precision_at_10_std": -0.05216,
        "nauc_precision_at_10_diff1": 0.373816,
        "nauc_precision_at_20_max": 0.43931,
        "nauc_precision_at_20_std": -0.027167,
        "nauc_precision_at_20_diff1": 0.333134,
        "nauc_precision_at_100_max": 0.445573,
        "nauc_precision_at_100_std": 0.008059,
        "nauc_precision_at_100_diff1": 0.294913,
        "nauc_precision_at_1000_max": 0.437761,
        "nauc_precision_at_1000_std": -0.056578,
        "nauc_precision_at_1000_diff1": 0.250806,
        "nauc_mrr_at_1_max": 0.403773,
        "nauc_mrr_at_1_std": -0.05255,
        "nauc_mrr_at_1_diff1": 0.554719,
        "nauc_mrr_at_3_max": 0.423536,
        "nauc_mrr_at_3_std": -0.064273,
        "nauc_mrr_at_3_diff1": 0.489426,
        "nauc_mrr_at_5_max": 0.42397,
        "nauc_mrr_at_5_std": -0.064617,
        "nauc_mrr_at_5_diff1": 0.497068,
        "nauc_mrr_at_10_max": 0.420616,
        "nauc_mrr_at_10_std": -0.055611,
        "nauc_mrr_at_10_diff1": 0.48378,
        "nauc_mrr_at_20_max": 0.416521,
        "nauc_mrr_at_20_std": -0.054845,
        "nauc_mrr_at_20_diff1": 0.478554,
        "nauc_mrr_at_100_max": 0.416138,
        "nauc_mrr_at_100_std": -0.053312,
        "nauc_mrr_at_100_diff1": 0.476338,
        "nauc_mrr_at_1000_max": 0.416256,
        "nauc_mrr_at_1000_std": -0.054095,
        "nauc_mrr_at_1000_diff1": 0.47634,
        "main_score": 0.19251,
        "hf_subset": "default",
        "languages": [
          "eng-Latn"
        ]
      }
    ]
  },
  "evaluation_time": 18.394006729125977,
  "kg_co2_emissions": null
}