{
  "dataset_revision": "a34f9a33db75fa0cbb21bb5cfc3dae8dc8bec93f",
  "task_name": "Touche2020",
  "mteb_version": "1.39.7",
  "scores": {
    "test": [
      {
        "ndcg_at_1": 0.15306,
        "ndcg_at_3": 0.12652,
        "ndcg_at_5": 0.12451,
        "ndcg_at_10": 0.11022,
        "ndcg_at_20": 0.10064,
        "ndcg_at_100": 0.1438,
        "ndcg_at_1000": 0.21966,
        "map_at_1": 0.01067,
        "map_at_3": 0.01737,
        "map_at_5": 0.02614,
        "map_at_10": 0.03589,
        "map_at_20": 0.04079,
        "map_at_100": 0.04957,
        "map_at_1000": 0.05459,
        "recall_at_1": 0.01067,
        "recall_at_3": 0.0227,
        "recall_at_5": 0.03926,
        "recall_at_10": 0.06359,
        "recall_at_20": 0.08412,
        "recall_at_100": 0.18008,
        "recall_at_1000": 0.40525,
        "precision_at_1": 0.16327,
        "precision_at_3": 0.12925,
        "precision_at_5": 0.12653,
        "precision_at_10": 0.1,
        "precision_at_20": 0.06735,
        "precision_at_100": 0.03143,
        "precision_at_1000": 0.00786,
        "mrr_at_1": 0.163265,
        "mrr_at_3": 0.207483,
        "mrr_at_5": 0.216667,
        "mrr_at_10": 0.231851,
        "mrr_at_20": 0.237599,
        "mrr_at_100": 0.244569,
        "mrr_at_1000": 0.245184,
        "nauc_ndcg_at_1_max": 0.19008,
        "nauc_ndcg_at_1_std": 0.319625,
        "nauc_ndcg_at_1_diff1": 0.273442,
        "nauc_ndcg_at_3_max": 0.364633,
        "nauc_ndcg_at_3_std": 0.282827,
        "nauc_ndcg_at_3_diff1": 0.266131,
        "nauc_ndcg_at_5_max": 0.420577,
        "nauc_ndcg_at_5_std": 0.299328,
        "nauc_ndcg_at_5_diff1": 0.181303,
        "nauc_ndcg_at_10_max": 0.375271,
        "nauc_ndcg_at_10_std": 0.279754,
        "nauc_ndcg_at_10_diff1": 0.073885,
        "nauc_ndcg_at_20_max": 0.347667,
        "nauc_ndcg_at_20_std": 0.305004,
        "nauc_ndcg_at_20_diff1": 0.020496,
        "nauc_ndcg_at_100_max": 0.393597,
        "nauc_ndcg_at_100_std": 0.415334,
        "nauc_ndcg_at_100_diff1": 0.004442,
        "nauc_ndcg_at_1000_max": 0.447856,
        "nauc_ndcg_at_1000_std": 0.575318,
        "nauc_ndcg_at_1000_diff1": -0.034716,
        "nauc_map_at_1_max": -0.004552,
        "nauc_map_at_1_std": 0.22477,
        "nauc_map_at_1_diff1": 0.137342,
        "nauc_map_at_3_max": 0.227127,
        "nauc_map_at_3_std": 0.269239,
        "nauc_map_at_3_diff1": 0.231833,
        "nauc_map_at_5_max": 0.340974,
        "nauc_map_at_5_std": 0.287226,
        "nauc_map_at_5_diff1": 0.118358,
        "nauc_map_at_10_max": 0.379196,
        "nauc_map_at_10_std": 0.273395,
        "nauc_map_at_10_diff1": 0.025157,
        "nauc_map_at_20_max": 0.358117,
        "nauc_map_at_20_std": 0.272198,
        "nauc_map_at_20_diff1": 0.011119,
        "nauc_map_at_100_max": 0.375327,
        "nauc_map_at_100_std": 0.332565,
        "nauc_map_at_100_diff1": 0.008731,
        "nauc_map_at_1000_max": 0.387054,
        "nauc_map_at_1000_std": 0.37408,
        "nauc_map_at_1000_diff1": -0.00152,
        "nauc_recall_at_1_max": -0.004552,
        "nauc_recall_at_1_std": 0.22477,
        "nauc_recall_at_1_diff1": 0.137342,
        "nauc_recall_at_3_max": 0.334045,
        "nauc_recall_at_3_std": 0.213426,
        "nauc_recall_at_3_diff1": 0.156751,
        "nauc_recall_at_5_max": 0.382576,
        "nauc_recall_at_5_std": 0.249914,
        "nauc_recall_at_5_diff1": 0.013715,
        "nauc_recall_at_10_max": 0.329661,
        "nauc_recall_at_10_std": 0.222257,
        "nauc_recall_at_10_diff1": -0.077142,
        "nauc_recall_at_20_max": 0.283235,
        "nauc_recall_at_20_std": 0.254572,
        "nauc_recall_at_20_diff1": -0.095205,
        "nauc_recall_at_100_max": 0.329241,
        "nauc_recall_at_100_std": 0.45658,
        "nauc_recall_at_100_diff1": -0.109556,
        "nauc_recall_at_1000_max": 0.303656,
        "nauc_recall_at_1000_std": 0.650779,
        "nauc_recall_at_1000_diff1": -0.188943,
        "nauc_precision_at_1_max": 0.188055,
        "nauc_precision_at_1_std": 0.267966,
        "nauc_precision_at_1_diff1": 0.283621,
        "nauc_precision_at_3_max": 0.436802,
        "nauc_precision_at_3_std": 0.22052,
        "nauc_precision_at_3_diff1": 0.286891,
        "nauc_precision_at_5_max": 0.492858,
        "nauc_precision_at_5_std": 0.24232,
        "nauc_precision_at_5_diff1": 0.143046,
        "nauc_precision_at_10_max": 0.433749,
        "nauc_precision_at_10_std": 0.220667,
        "nauc_precision_at_10_diff1": 0.041573,
        "nauc_precision_at_20_max": 0.419112,
        "nauc_precision_at_20_std": 0.285818,
        "nauc_precision_at_20_diff1": 0.028789,
        "nauc_precision_at_100_max": 0.506203,
        "nauc_precision_at_100_std": 0.552391,
        "nauc_precision_at_100_diff1": -0.010664,
        "nauc_precision_at_1000_max": 0.474033,
        "nauc_precision_at_1000_std": 0.65543,
        "nauc_precision_at_1000_diff1": -0.126649,
        "nauc_mrr_at_1_max": 0.188055,
        "nauc_mrr_at_1_std": 0.267966,
        "nauc_mrr_at_1_diff1": 0.283621,
        "nauc_mrr_at_3_max": 0.268712,
        "nauc_mrr_at_3_std": 0.195415,
        "nauc_mrr_at_3_diff1": 0.228271,
        "nauc_mrr_at_5_max": 0.260363,
        "nauc_mrr_at_5_std": 0.221498,
        "nauc_mrr_at_5_diff1": 0.210533,
        "nauc_mrr_at_10_max": 0.235196,
        "nauc_mrr_at_10_std": 0.201838,
        "nauc_mrr_at_10_diff1": 0.211666,
        "nauc_mrr_at_20_max": 0.243437,
        "nauc_mrr_at_20_std": 0.218583,
        "nauc_mrr_at_20_diff1": 0.205659,
        "nauc_mrr_at_100_max": 0.246358,
        "nauc_mrr_at_100_std": 0.22273,
        "nauc_mrr_at_100_diff1": 0.209608,
        "nauc_mrr_at_1000_max": 0.245226,
        "nauc_mrr_at_1000_std": 0.221444,
        "nauc_mrr_at_1000_diff1": 0.209989,
        "main_score": 0.11022,
        "hf_subset": "default",
        "languages": [
          "eng-Latn"
        ]
      }
    ]
  },
  "evaluation_time": 1489.2956912517548,
  "kg_co2_emissions": null
}