{
  "dataset_revision": "a34f9a33db75fa0cbb21bb5cfc3dae8dc8bec93f",
  "task_name": "Touche2020",
  "mteb_version": "1.39.7",
  "scores": {
    "test": [
      {
        "ndcg_at_1": 0.13265,
        "ndcg_at_3": 0.13267,
        "ndcg_at_5": 0.13041,
        "ndcg_at_10": 0.14129,
        "ndcg_at_20": 0.15935,
        "ndcg_at_100": 0.23241,
        "ndcg_at_1000": 0.33694,
        "map_at_1": 0.01228,
        "map_at_3": 0.02634,
        "map_at_5": 0.03463,
        "map_at_10": 0.05382,
        "map_at_20": 0.07147,
        "map_at_100": 0.09084,
        "map_at_1000": 0.10097,
        "recall_at_1": 0.01228,
        "recall_at_3": 0.03614,
        "recall_at_5": 0.05343,
        "recall_at_10": 0.10523,
        "recall_at_20": 0.16804,
        "recall_at_100": 0.32537,
        "recall_at_1000": 0.64019,
        "precision_at_1": 0.16327,
        "precision_at_3": 0.15646,
        "precision_at_5": 0.14286,
        "precision_at_10": 0.13878,
        "precision_at_20": 0.12041,
        "precision_at_100": 0.05224,
        "precision_at_1000": 0.01212,
        "mrr_at_1": 0.163265,
        "mrr_at_3": 0.231293,
        "mrr_at_5": 0.245578,
        "mrr_at_10": 0.273453,
        "mrr_at_20": 0.281787,
        "mrr_at_100": 0.288556,
        "mrr_at_1000": 0.289029,
        "nauc_ndcg_at_1_max": -0.323322,
        "nauc_ndcg_at_1_std": -0.117515,
        "nauc_ndcg_at_1_diff1": 0.013734,
        "nauc_ndcg_at_3_max": -0.232865,
        "nauc_ndcg_at_3_std": -0.060389,
        "nauc_ndcg_at_3_diff1": 0.069556,
        "nauc_ndcg_at_5_max": -0.176635,
        "nauc_ndcg_at_5_std": -0.137269,
        "nauc_ndcg_at_5_diff1": 0.186413,
        "nauc_ndcg_at_10_max": -0.230682,
        "nauc_ndcg_at_10_std": -0.190217,
        "nauc_ndcg_at_10_diff1": 0.173256,
        "nauc_ndcg_at_20_max": -0.206626,
        "nauc_ndcg_at_20_std": -0.244105,
        "nauc_ndcg_at_20_diff1": 0.209651,
        "nauc_ndcg_at_100_max": -0.190146,
        "nauc_ndcg_at_100_std": -0.172525,
        "nauc_ndcg_at_100_diff1": 0.177353,
        "nauc_ndcg_at_1000_max": -0.12635,
        "nauc_ndcg_at_1000_std": 0.039161,
        "nauc_ndcg_at_1000_diff1": 0.181492,
        "nauc_map_at_1_max": -0.405188,
        "nauc_map_at_1_std": -0.244062,
        "nauc_map_at_1_diff1": -0.165403,
        "nauc_map_at_3_max": -0.360468,
        "nauc_map_at_3_std": -0.20623,
        "nauc_map_at_3_diff1": -0.143868,
        "nauc_map_at_5_max": -0.304552,
        "nauc_map_at_5_std": -0.25268,
        "nauc_map_at_5_diff1": -0.047505,
        "nauc_map_at_10_max": -0.320323,
        "nauc_map_at_10_std": -0.282905,
        "nauc_map_at_10_diff1": -0.061213,
        "nauc_map_at_20_max": -0.270591,
        "nauc_map_at_20_std": -0.288337,
        "nauc_map_at_20_diff1": 0.035992,
        "nauc_map_at_100_max": -0.244994,
        "nauc_map_at_100_std": -0.258687,
        "nauc_map_at_100_diff1": 0.066538,
        "nauc_map_at_1000_max": -0.241414,
        "nauc_map_at_1000_std": -0.21828,
        "nauc_map_at_1000_diff1": 0.061047,
        "nauc_recall_at_1_max": -0.405188,
        "nauc_recall_at_1_std": -0.244062,
        "nauc_recall_at_1_diff1": -0.165403,
        "nauc_recall_at_3_max": -0.343205,
        "nauc_recall_at_3_std": -0.252259,
        "nauc_recall_at_3_diff1": -0.099076,
        "nauc_recall_at_5_max": -0.257517,
        "nauc_recall_at_5_std": -0.308938,
        "nauc_recall_at_5_diff1": 0.052186,
        "nauc_recall_at_10_max": -0.295089,
        "nauc_recall_at_10_std": -0.314132,
        "nauc_recall_at_10_diff1": 0.025162,
        "nauc_recall_at_20_max": -0.224533,
        "nauc_recall_at_20_std": -0.294119,
        "nauc_recall_at_20_diff1": 0.121556,
        "nauc_recall_at_100_max": -0.194526,
        "nauc_recall_at_100_std": -0.154318,
        "nauc_recall_at_100_diff1": 0.065462,
        "nauc_recall_at_1000_max": -0.040037,
        "nauc_recall_at_1000_std": 0.335501,
        "nauc_recall_at_1000_diff1": -0.008353,
        "nauc_precision_at_1_max": -0.367404,
        "nauc_precision_at_1_std": -0.120295,
        "nauc_precision_at_1_diff1": 0.048315,
        "nauc_precision_at_3_max": -0.259431,
        "nauc_precision_at_3_std": -0.083954,
        "nauc_precision_at_3_diff1": 0.078626,
        "nauc_precision_at_5_max": -0.168918,
        "nauc_precision_at_5_std": -0.179098,
        "nauc_precision_at_5_diff1": 0.239538,
        "nauc_precision_at_10_max": -0.185486,
        "nauc_precision_at_10_std": -0.175197,
        "nauc_precision_at_10_diff1": 0.259839,
        "nauc_precision_at_20_max": -0.078971,
        "nauc_precision_at_20_std": -0.147058,
        "nauc_precision_at_20_diff1": 0.341489,
        "nauc_precision_at_100_max": 0.039358,
        "nauc_precision_at_100_std": 0.077512,
        "nauc_precision_at_100_diff1": 0.262606,
        "nauc_precision_at_1000_max": 0.342669,
        "nauc_precision_at_1000_std": 0.557881,
        "nauc_precision_at_1000_diff1": 0.132337,
        "nauc_mrr_at_1_max": -0.367404,
        "nauc_mrr_at_1_std": -0.120295,
        "nauc_mrr_at_1_diff1": 0.048315,
        "nauc_mrr_at_3_max": -0.35264,
        "nauc_mrr_at_3_std": -0.160254,
        "nauc_mrr_at_3_diff1": 0.063042,
        "nauc_mrr_at_5_max": -0.334309,
        "nauc_mrr_at_5_std": -0.172308,
        "nauc_mrr_at_5_diff1": 0.082802,
        "nauc_mrr_at_10_max": -0.347808,
        "nauc_mrr_at_10_std": -0.183754,
        "nauc_mrr_at_10_diff1": 0.092456,
        "nauc_mrr_at_20_max": -0.348911,
        "nauc_mrr_at_20_std": -0.171063,
        "nauc_mrr_at_20_diff1": 0.096057,
        "nauc_mrr_at_100_max": -0.343508,
        "nauc_mrr_at_100_std": -0.167671,
        "nauc_mrr_at_100_diff1": 0.0908,
        "nauc_mrr_at_1000_max": -0.344764,
        "nauc_mrr_at_1000_std": -0.16899,
        "nauc_mrr_at_1000_diff1": 0.090974,
        "main_score": 0.14129,
        "hf_subset": "default",
        "languages": [
          "eng-Latn"
        ]
      }
    ]
  },
  "evaluation_time": 499.283420085907,
  "kg_co2_emissions": null
}