{
  "dataset_revision": "27a168819829fe9bcd655c2df245fb19452e8e06",
  "task_name": "FiQA2018",
  "mteb_version": "1.39.7",
  "scores": {
    "test": [
      {
        "ndcg_at_1": 0.13889,
        "ndcg_at_3": 0.13004,
        "ndcg_at_5": 0.13752,
        "ndcg_at_10": 0.14982,
        "ndcg_at_20": 0.16389,
        "ndcg_at_100": 0.19404,
        "ndcg_at_1000": 0.22821,
        "map_at_1": 0.06471,
        "map_at_3": 0.09222,
        "map_at_5": 0.10112,
        "map_at_10": 0.10847,
        "map_at_20": 0.11258,
        "map_at_100": 0.11729,
        "map_at_1000": 0.11873,
        "recall_at_1": 0.06471,
        "recall_at_3": 0.11556,
        "recall_at_5": 0.14901,
        "recall_at_10": 0.18742,
        "recall_at_20": 0.2319,
        "recall_at_100": 0.35804,
        "recall_at_1000": 0.57203,
        "precision_at_1": 0.13889,
        "precision_at_3": 0.09002,
        "precision_at_5": 0.06944,
        "precision_at_10": 0.04444,
        "precision_at_20": 0.02793,
        "precision_at_100": 0.00909,
        "precision_at_1000": 0.0015,
        "mrr_at_1": 0.138889,
        "mrr_at_3": 0.175154,
        "mrr_at_5": 0.188426,
        "mrr_at_10": 0.196032,
        "mrr_at_20": 0.200573,
        "mrr_at_100": 0.204196,
        "mrr_at_1000": 0.205036,
        "nauc_ndcg_at_1_max": 0.196883,
        "nauc_ndcg_at_1_std": 0.020805,
        "nauc_ndcg_at_1_diff1": 0.493454,
        "nauc_ndcg_at_3_max": 0.197776,
        "nauc_ndcg_at_3_std": 0.102909,
        "nauc_ndcg_at_3_diff1": 0.415838,
        "nauc_ndcg_at_5_max": 0.180129,
        "nauc_ndcg_at_5_std": 0.121941,
        "nauc_ndcg_at_5_diff1": 0.392993,
        "nauc_ndcg_at_10_max": 0.175639,
        "nauc_ndcg_at_10_std": 0.131973,
        "nauc_ndcg_at_10_diff1": 0.366285,
        "nauc_ndcg_at_20_max": 0.189585,
        "nauc_ndcg_at_20_std": 0.12888,
        "nauc_ndcg_at_20_diff1": 0.352136,
        "nauc_ndcg_at_100_max": 0.193991,
        "nauc_ndcg_at_100_std": 0.151292,
        "nauc_ndcg_at_100_diff1": 0.332152,
        "nauc_ndcg_at_1000_max": 0.2173,
        "nauc_ndcg_at_1000_std": 0.162609,
        "nauc_ndcg_at_1000_diff1": 0.33276,
        "nauc_map_at_1_max": 0.212417,
        "nauc_map_at_1_std": 0.020123,
        "nauc_map_at_1_diff1": 0.529812,
        "nauc_map_at_3_max": 0.195813,
        "nauc_map_at_3_std": 0.084584,
        "nauc_map_at_3_diff1": 0.435939,
        "nauc_map_at_5_max": 0.191018,
        "nauc_map_at_5_std": 0.099872,
        "nauc_map_at_5_diff1": 0.423308,
        "nauc_map_at_10_max": 0.190312,
        "nauc_map_at_10_std": 0.108717,
        "nauc_map_at_10_diff1": 0.407965,
        "nauc_map_at_20_max": 0.193614,
        "nauc_map_at_20_std": 0.109015,
        "nauc_map_at_20_diff1": 0.40324,
        "nauc_map_at_100_max": 0.194243,
        "nauc_map_at_100_std": 0.11485,
        "nauc_map_at_100_diff1": 0.397902,
        "nauc_map_at_1000_max": 0.195936,
        "nauc_map_at_1000_std": 0.115552,
        "nauc_map_at_1000_diff1": 0.397949,
        "nauc_recall_at_1_max": 0.212417,
        "nauc_recall_at_1_std": 0.020123,
        "nauc_recall_at_1_diff1": 0.529812,
        "nauc_recall_at_3_max": 0.167752,
        "nauc_recall_at_3_std": 0.12634,
        "nauc_recall_at_3_diff1": 0.356734,
        "nauc_recall_at_5_max": 0.141572,
        "nauc_recall_at_5_std": 0.154793,
        "nauc_recall_at_5_diff1": 0.300066,
        "nauc_recall_at_10_max": 0.126962,
        "nauc_recall_at_10_std": 0.152321,
        "nauc_recall_at_10_diff1": 0.239019,
        "nauc_recall_at_20_max": 0.157393,
        "nauc_recall_at_20_std": 0.134956,
        "nauc_recall_at_20_diff1": 0.203443,
        "nauc_recall_at_100_max": 0.139428,
        "nauc_recall_at_100_std": 0.182189,
        "nauc_recall_at_100_diff1": 0.136423,
        "nauc_recall_at_1000_max": 0.207992,
        "nauc_recall_at_1000_std": 0.239455,
        "nauc_recall_at_1000_diff1": 0.108637,
        "nauc_precision_at_1_max": 0.196883,
        "nauc_precision_at_1_std": 0.020805,
        "nauc_precision_at_1_diff1": 0.493454,
        "nauc_precision_at_3_max": 0.205777,
        "nauc_precision_at_3_std": 0.14923,
        "nauc_precision_at_3_diff1": 0.375265,
        "nauc_precision_at_5_max": 0.18047,
        "nauc_precision_at_5_std": 0.169792,
        "nauc_precision_at_5_diff1": 0.330379,
        "nauc_precision_at_10_max": 0.171829,
        "nauc_precision_at_10_std": 0.193142,
        "nauc_precision_at_10_diff1": 0.266432,
        "nauc_precision_at_20_max": 0.207913,
        "nauc_precision_at_20_std": 0.171446,
        "nauc_precision_at_20_diff1": 0.227483,
        "nauc_precision_at_100_max": 0.210233,
        "nauc_precision_at_100_std": 0.207789,
        "nauc_precision_at_100_diff1": 0.157518,
        "nauc_precision_at_1000_max": 0.264255,
        "nauc_precision_at_1000_std": 0.158066,
        "nauc_precision_at_1000_diff1": 0.117824,
        "nauc_mrr_at_1_max": 0.196883,
        "nauc_mrr_at_1_std": 0.020805,
        "nauc_mrr_at_1_diff1": 0.493454,
        "nauc_mrr_at_3_max": 0.188404,
        "nauc_mrr_at_3_std": 0.093539,
        "nauc_mrr_at_3_diff1": 0.436634,
        "nauc_mrr_at_5_max": 0.180085,
        "nauc_mrr_at_5_std": 0.099219,
        "nauc_mrr_at_5_diff1": 0.420408,
        "nauc_mrr_at_10_max": 0.179381,
        "nauc_mrr_at_10_std": 0.099417,
        "nauc_mrr_at_10_diff1": 0.409534,
        "nauc_mrr_at_20_max": 0.184601,
        "nauc_mrr_at_20_std": 0.098535,
        "nauc_mrr_at_20_diff1": 0.405635,
        "nauc_mrr_at_100_max": 0.186226,
        "nauc_mrr_at_100_std": 0.099494,
        "nauc_mrr_at_100_diff1": 0.404706,
        "nauc_mrr_at_1000_max": 0.186487,
        "nauc_mrr_at_1000_std": 0.099495,
        "nauc_mrr_at_1000_diff1": 0.404849,
        "main_score": 0.14982,
        "hf_subset": "default",
        "languages": [
          "eng-Latn"
        ]
      }
    ]
  },
  "evaluation_time": 79.89314651489258,
  "kg_co2_emissions": null
}