{
  "dataset_revision": "a34f9a33db75fa0cbb21bb5cfc3dae8dc8bec93f",
  "task_name": "Touche2020",
  "mteb_version": "1.39.7",
  "scores": {
    "test": [
      {
        "ndcg_at_1": 0.15306,
        "ndcg_at_3": 0.19339,
        "ndcg_at_5": 0.19838,
        "ndcg_at_10": 0.20064,
        "ndcg_at_20": 0.21249,
        "ndcg_at_100": 0.31521,
        "ndcg_at_1000": 0.41992,
        "map_at_1": 0.01241,
        "map_at_3": 0.03838,
        "map_at_5": 0.05438,
        "map_at_10": 0.08217,
        "map_at_20": 0.10013,
        "map_at_100": 0.13475,
        "map_at_1000": 0.14759,
        "recall_at_1": 0.01241,
        "recall_at_3": 0.05316,
        "recall_at_5": 0.08509,
        "recall_at_10": 0.14737,
        "recall_at_20": 0.20998,
        "recall_at_100": 0.42786,
        "recall_at_1000": 0.74749,
        "precision_at_1": 0.16327,
        "precision_at_3": 0.22449,
        "precision_at_5": 0.22449,
        "precision_at_10": 0.19388,
        "precision_at_20": 0.15102,
        "precision_at_100": 0.06878,
        "precision_at_1000": 0.01386,
        "mrr_at_1": 0.183673,
        "mrr_at_3": 0.312925,
        "mrr_at_5": 0.344558,
        "mrr_at_10": 0.357386,
        "mrr_at_20": 0.36625,
        "mrr_at_100": 0.36987,
        "mrr_at_1000": 0.370049,
        "nauc_ndcg_at_1_max": -0.281885,
        "nauc_ndcg_at_1_std": -0.109419,
        "nauc_ndcg_at_1_diff1": 0.027527,
        "nauc_ndcg_at_3_max": -0.27215,
        "nauc_ndcg_at_3_std": -0.121062,
        "nauc_ndcg_at_3_diff1": -0.025117,
        "nauc_ndcg_at_5_max": -0.26085,
        "nauc_ndcg_at_5_std": -0.112215,
        "nauc_ndcg_at_5_diff1": -0.008925,
        "nauc_ndcg_at_10_max": -0.266063,
        "nauc_ndcg_at_10_std": -0.170984,
        "nauc_ndcg_at_10_diff1": -0.04214,
        "nauc_ndcg_at_20_max": -0.274888,
        "nauc_ndcg_at_20_std": -0.14818,
        "nauc_ndcg_at_20_diff1": -0.024762,
        "nauc_ndcg_at_100_max": -0.278195,
        "nauc_ndcg_at_100_std": 0.111991,
        "nauc_ndcg_at_100_diff1": -0.067027,
        "nauc_ndcg_at_1000_max": -0.226065,
        "nauc_ndcg_at_1000_std": 0.236964,
        "nauc_ndcg_at_1000_diff1": -0.114997,
        "nauc_map_at_1_max": -0.232111,
        "nauc_map_at_1_std": -0.224737,
        "nauc_map_at_1_diff1": -0.007088,
        "nauc_map_at_3_max": -0.24142,
        "nauc_map_at_3_std": -0.262374,
        "nauc_map_at_3_diff1": -0.055497,
        "nauc_map_at_5_max": -0.208828,
        "nauc_map_at_5_std": -0.243635,
        "nauc_map_at_5_diff1": -0.086701,
        "nauc_map_at_10_max": -0.216,
        "nauc_map_at_10_std": -0.30263,
        "nauc_map_at_10_diff1": -0.087046,
        "nauc_map_at_20_max": -0.202689,
        "nauc_map_at_20_std": -0.25864,
        "nauc_map_at_20_diff1": -0.078529,
        "nauc_map_at_100_max": -0.210905,
        "nauc_map_at_100_std": -0.119945,
        "nauc_map_at_100_diff1": -0.075268,
        "nauc_map_at_1000_max": -0.213314,
        "nauc_map_at_1000_std": -0.081885,
        "nauc_map_at_1000_diff1": -0.094345,
        "nauc_recall_at_1_max": -0.232111,
        "nauc_recall_at_1_std": -0.224737,
        "nauc_recall_at_1_diff1": -0.007088,
        "nauc_recall_at_3_max": -0.277989,
        "nauc_recall_at_3_std": -0.267036,
        "nauc_recall_at_3_diff1": -0.028091,
        "nauc_recall_at_5_max": -0.263409,
        "nauc_recall_at_5_std": -0.243827,
        "nauc_recall_at_5_diff1": -0.047875,
        "nauc_recall_at_10_max": -0.276172,
        "nauc_recall_at_10_std": -0.286098,
        "nauc_recall_at_10_diff1": -0.055021,
        "nauc_recall_at_20_max": -0.267484,
        "nauc_recall_at_20_std": -0.185908,
        "nauc_recall_at_20_diff1": -0.022259,
        "nauc_recall_at_100_max": -0.280922,
        "nauc_recall_at_100_std": 0.255569,
        "nauc_recall_at_100_diff1": -0.120758,
        "nauc_recall_at_1000_max": -0.125732,
        "nauc_recall_at_1000_std": 0.648104,
        "nauc_recall_at_1000_diff1": -0.245924,
        "nauc_precision_at_1_max": -0.273674,
        "nauc_precision_at_1_std": -0.134547,
        "nauc_precision_at_1_diff1": 0.049352,
        "nauc_precision_at_3_max": -0.303623,
        "nauc_precision_at_3_std": -0.151699,
        "nauc_precision_at_3_diff1": -0.037171,
        "nauc_precision_at_5_max": -0.27133,
        "nauc_precision_at_5_std": -0.121063,
        "nauc_precision_at_5_diff1": -0.026909,
        "nauc_precision_at_10_max": -0.233371,
        "nauc_precision_at_10_std": -0.146935,
        "nauc_precision_at_10_diff1": -0.096973,
        "nauc_precision_at_20_max": -0.195042,
        "nauc_precision_at_20_std": 0.007532,
        "nauc_precision_at_20_diff1": -0.029683,
        "nauc_precision_at_100_max": -0.121616,
        "nauc_precision_at_100_std": 0.561967,
        "nauc_precision_at_100_diff1": -0.155871,
        "nauc_precision_at_1000_max": 0.313626,
        "nauc_precision_at_1000_std": 0.52565,
        "nauc_precision_at_1000_diff1": -0.121799,
        "nauc_mrr_at_1_max": -0.23725,
        "nauc_mrr_at_1_std": -0.036386,
        "nauc_mrr_at_1_diff1": -0.031704,
        "nauc_mrr_at_3_max": -0.290702,
        "nauc_mrr_at_3_std": -0.07855,
        "nauc_mrr_at_3_diff1": 0.003963,
        "nauc_mrr_at_5_max": -0.338235,
        "nauc_mrr_at_5_std": -0.095557,
        "nauc_mrr_at_5_diff1": 0.030755,
        "nauc_mrr_at_10_max": -0.320212,
        "nauc_mrr_at_10_std": -0.078347,
        "nauc_mrr_at_10_diff1": 0.014485,
        "nauc_mrr_at_20_max": -0.315645,
        "nauc_mrr_at_20_std": -0.078153,
        "nauc_mrr_at_20_diff1": 0.018403,
        "nauc_mrr_at_100_max": -0.313844,
        "nauc_mrr_at_100_std": -0.075844,
        "nauc_mrr_at_100_diff1": 0.018425,
        "nauc_mrr_at_1000_max": -0.312952,
        "nauc_mrr_at_1000_std": -0.07645,
        "nauc_mrr_at_1000_diff1": 0.018544,
        "main_score": 0.20064,
        "hf_subset": "default",
        "languages": [
          "eng-Latn"
        ]
      }
    ]
  },
  "evaluation_time": 332.88740158081055,
  "kg_co2_emissions": null
}