{
  "dataset_revision": "a34f9a33db75fa0cbb21bb5cfc3dae8dc8bec93f",
  "task_name": "Touche2020",
  "mteb_version": "1.39.7",
  "scores": {
    "test": [
      {
        "ndcg_at_1": 0.06122,
        "ndcg_at_3": 0.03717,
        "ndcg_at_5": 0.04132,
        "ndcg_at_10": 0.03297,
        "ndcg_at_20": 0.03056,
        "ndcg_at_100": 0.04329,
        "ndcg_at_1000": 0.0864,
        "map_at_1": 0.00268,
        "map_at_3": 0.00369,
        "map_at_5": 0.00568,
        "map_at_10": 0.00739,
        "map_at_20": 0.00872,
        "map_at_100": 0.01074,
        "map_at_1000": 0.01257,
        "recall_at_1": 0.00268,
        "recall_at_3": 0.00426,
        "recall_at_5": 0.01153,
        "recall_at_10": 0.01734,
        "recall_at_20": 0.02776,
        "recall_at_100": 0.05725,
        "recall_at_1000": 0.18799,
        "precision_at_1": 0.06122,
        "precision_at_3": 0.03401,
        "precision_at_5": 0.04082,
        "precision_at_10": 0.02857,
        "precision_at_20": 0.02347,
        "precision_at_100": 0.01,
        "precision_at_1000": 0.00357,
        "mrr_at_1": 0.061224,
        "mrr_at_3": 0.068027,
        "mrr_at_5": 0.081293,
        "mrr_at_10": 0.087245,
        "mrr_at_20": 0.091537,
        "mrr_at_100": 0.094062,
        "mrr_at_1000": 0.096055,
        "nauc_ndcg_at_1_max": 0.026525,
        "nauc_ndcg_at_1_std": -0.076168,
        "nauc_ndcg_at_1_diff1": -0.200932,
        "nauc_ndcg_at_3_max": -0.012027,
        "nauc_ndcg_at_3_std": -0.022223,
        "nauc_ndcg_at_3_diff1": -0.216276,
        "nauc_ndcg_at_5_max": 0.046603,
        "nauc_ndcg_at_5_std": 0.029708,
        "nauc_ndcg_at_5_diff1": -0.202176,
        "nauc_ndcg_at_10_max": -0.017467,
        "nauc_ndcg_at_10_std": 0.123578,
        "nauc_ndcg_at_10_diff1": -0.140499,
        "nauc_ndcg_at_20_max": 0.073043,
        "nauc_ndcg_at_20_std": 0.066904,
        "nauc_ndcg_at_20_diff1": -0.082698,
        "nauc_ndcg_at_100_max": 0.173562,
        "nauc_ndcg_at_100_std": 0.138457,
        "nauc_ndcg_at_100_diff1": -0.096384,
        "nauc_ndcg_at_1000_max": 0.255869,
        "nauc_ndcg_at_1000_std": 0.17932,
        "nauc_ndcg_at_1000_diff1": -0.042866,
        "nauc_map_at_1_max": 0.05583,
        "nauc_map_at_1_std": -0.083045,
        "nauc_map_at_1_diff1": -0.20473,
        "nauc_map_at_3_max": 0.001448,
        "nauc_map_at_3_std": -0.016181,
        "nauc_map_at_3_diff1": -0.222011,
        "nauc_map_at_5_max": 0.03023,
        "nauc_map_at_5_std": 0.092166,
        "nauc_map_at_5_diff1": -0.192365,
        "nauc_map_at_10_max": -0.044088,
        "nauc_map_at_10_std": 0.214228,
        "nauc_map_at_10_diff1": -0.127533,
        "nauc_map_at_20_max": 0.039188,
        "nauc_map_at_20_std": 0.13517,
        "nauc_map_at_20_diff1": -0.110804,
        "nauc_map_at_100_max": 0.108159,
        "nauc_map_at_100_std": 0.164467,
        "nauc_map_at_100_diff1": -0.121503,
        "nauc_map_at_1000_max": 0.145849,
        "nauc_map_at_1000_std": 0.16617,
        "nauc_map_at_1000_diff1": -0.10954,
        "nauc_recall_at_1_max": 0.05583,
        "nauc_recall_at_1_std": -0.083045,
        "nauc_recall_at_1_diff1": -0.20473,
        "nauc_recall_at_3_max": -0.041882,
        "nauc_recall_at_3_std": 0.029008,
        "nauc_recall_at_3_diff1": -0.248837,
        "nauc_recall_at_5_max": 0.00946,
        "nauc_recall_at_5_std": 0.252831,
        "nauc_recall_at_5_diff1": -0.143836,
        "nauc_recall_at_10_max": -0.105155,
        "nauc_recall_at_10_std": 0.39437,
        "nauc_recall_at_10_diff1": -0.02666,
        "nauc_recall_at_20_max": 0.13811,
        "nauc_recall_at_20_std": 0.138197,
        "nauc_recall_at_20_diff1": 0.006331,
        "nauc_recall_at_100_max": 0.253471,
        "nauc_recall_at_100_std": 0.200718,
        "nauc_recall_at_100_diff1": -0.016534,
        "nauc_recall_at_1000_max": 0.294591,
        "nauc_recall_at_1000_std": 0.276406,
        "nauc_recall_at_1000_diff1": 0.055275,
        "nauc_precision_at_1_max": 0.026525,
        "nauc_precision_at_1_std": -0.076168,
        "nauc_precision_at_1_diff1": -0.200932,
        "nauc_precision_at_3_max": -0.063213,
        "nauc_precision_at_3_std": 0.038407,
        "nauc_precision_at_3_diff1": -0.246673,
        "nauc_precision_at_5_max": 0.068983,
        "nauc_precision_at_5_std": 0.06357,
        "nauc_precision_at_5_diff1": -0.221233,
        "nauc_precision_at_10_max": -0.020938,
        "nauc_precision_at_10_std": 0.152477,
        "nauc_precision_at_10_diff1": -0.084992,
        "nauc_precision_at_20_max": 0.16481,
        "nauc_precision_at_20_std": -0.01681,
        "nauc_precision_at_20_diff1": -0.030033,
        "nauc_precision_at_100_max": 0.323256,
        "nauc_precision_at_100_std": 0.105076,
        "nauc_precision_at_100_diff1": -0.069399,
        "nauc_precision_at_1000_max": 0.398732,
        "nauc_precision_at_1000_std": 0.100831,
        "nauc_precision_at_1000_diff1": -0.076931,
        "nauc_mrr_at_1_max": 0.026525,
        "nauc_mrr_at_1_std": -0.076168,
        "nauc_mrr_at_1_diff1": -0.200932,
        "nauc_mrr_at_3_max": -0.008514,
        "nauc_mrr_at_3_std": -0.036243,
        "nauc_mrr_at_3_diff1": -0.22318,
        "nauc_mrr_at_5_max": 0.009134,
        "nauc_mrr_at_5_std": -0.023395,
        "nauc_mrr_at_5_diff1": -0.213039,
        "nauc_mrr_at_10_max": -0.003064,
        "nauc_mrr_at_10_std": -0.019277,
        "nauc_mrr_at_10_diff1": -0.158607,
        "nauc_mrr_at_20_max": 0.025119,
        "nauc_mrr_at_20_std": -0.012162,
        "nauc_mrr_at_20_diff1": -0.154558,
        "nauc_mrr_at_100_max": 0.024181,
        "nauc_mrr_at_100_std": -0.0108,
        "nauc_mrr_at_100_diff1": -0.149129,
        "nauc_mrr_at_1000_max": 0.024875,
        "nauc_mrr_at_1000_std": -0.010977,
        "nauc_mrr_at_1000_diff1": -0.148527,
        "main_score": 0.03297,
        "hf_subset": "default",
        "languages": [
          "eng-Latn"
        ]
      }
    ]
  },
  "evaluation_time": 4873.725733757019,
  "kg_co2_emissions": null
}