{
  "dataset_revision": "c22ab2a51041ffd869aaddef7af8d8215647e41a",
  "task_name": "ArguAna",
  "mteb_version": "1.39.7",
  "scores": {
    "test": [
      {
        "ndcg_at_1": 0.00071,
        "ndcg_at_3": 0.00107,
        "ndcg_at_5": 0.00134,
        "ndcg_at_10": 0.00224,
        "ndcg_at_20": 0.00278,
        "ndcg_at_100": 0.00362,
        "ndcg_at_1000": 0.01431,
        "map_at_1": 0.00071,
        "map_at_3": 0.00095,
        "map_at_5": 0.00109,
        "map_at_10": 0.00145,
        "map_at_20": 0.00159,
        "map_at_100": 0.00168,
        "map_at_1000": 0.00189,
        "recall_at_1": 0.00071,
        "recall_at_3": 0.00142,
        "recall_at_5": 0.00213,
        "recall_at_10": 0.00498,
        "recall_at_20": 0.00711,
        "recall_at_100": 0.01209,
        "recall_at_1000": 0.10953,
        "precision_at_1": 0.00071,
        "precision_at_3": 0.00047,
        "precision_at_5": 0.00043,
        "precision_at_10": 0.0005,
        "precision_at_20": 0.00036,
        "precision_at_100": 0.00012,
        "precision_at_1000": 0.00011,
        "mrr_at_1": 0.000711,
        "mrr_at_3": 0.001778,
        "mrr_at_5": 0.002276,
        "mrr_at_10": 0.002496,
        "mrr_at_20": 0.002582,
        "mrr_at_100": 0.002747,
        "mrr_at_1000": 0.003001,
        "nauc_ndcg_at_1_max": -0.499939,
        "nauc_ndcg_at_1_std": 0.098638,
        "nauc_ndcg_at_1_diff1": 0.098638,
        "nauc_ndcg_at_3_max": -0.439523,
        "nauc_ndcg_at_3_std": 0.173785,
        "nauc_ndcg_at_3_diff1": -0.100888,
        "nauc_ndcg_at_5_max": -0.282965,
        "nauc_ndcg_at_5_std": 0.072815,
        "nauc_ndcg_at_5_diff1": -0.013759,
        "nauc_ndcg_at_10_max": -0.092028,
        "nauc_ndcg_at_10_std": -0.012624,
        "nauc_ndcg_at_10_diff1": -0.027352,
        "nauc_ndcg_at_20_max": -0.090901,
        "nauc_ndcg_at_20_std": 0.034495,
        "nauc_ndcg_at_20_diff1": 0.003914,
        "nauc_ndcg_at_100_max": -0.057947,
        "nauc_ndcg_at_100_std": -0.010235,
        "nauc_ndcg_at_100_diff1": 0.063846,
        "nauc_ndcg_at_1000_max": 0.048525,
        "nauc_ndcg_at_1000_std": 0.035936,
        "nauc_ndcg_at_1000_diff1": 0.018849,
        "nauc_map_at_1_max": -0.499939,
        "nauc_map_at_1_std": 0.098638,
        "nauc_map_at_1_diff1": 0.098638,
        "nauc_map_at_3_max": -0.454627,
        "nauc_map_at_3_std": 0.154998,
        "nauc_map_at_3_diff1": -0.051006,
        "nauc_map_at_5_max": -0.353057,
        "nauc_map_at_5_std": 0.093212,
        "nauc_map_at_5_diff1": -0.002082,
        "nauc_map_at_10_max": -0.220687,
        "nauc_map_at_10_std": 0.034887,
        "nauc_map_at_10_diff1": -0.017231,
        "nauc_map_at_20_max": -0.20919,
        "nauc_map_at_20_std": 0.049517,
        "nauc_map_at_20_diff1": -7.3e-05,
        "nauc_map_at_100_max": -0.196985,
        "nauc_map_at_100_std": 0.039494,
        "nauc_map_at_100_diff1": 0.011486,
        "nauc_map_at_1000_max": -0.170363,
        "nauc_map_at_1000_std": 0.045466,
        "nauc_map_at_1000_diff1": 0.011882,
        "nauc_recall_at_1_max": -0.499939,
        "nauc_recall_at_1_std": 0.098638,
        "nauc_recall_at_1_diff1": 0.098638,
        "nauc_recall_at_3_max": -0.409315,
        "nauc_recall_at_3_std": 0.211358,
        "nauc_recall_at_3_diff1": -0.20065,
        "nauc_recall_at_5_max": -0.164851,
        "nauc_recall_at_5_std": 0.034675,
        "nauc_recall_at_5_diff1": -0.025741,
        "nauc_recall_at_10_max": 0.043552,
        "nauc_recall_at_10_std": -0.064172,
        "nauc_recall_at_10_diff1": -0.032155,
        "nauc_recall_at_20_max": 0.005836,
        "nauc_recall_at_20_std": 0.030093,
        "nauc_recall_at_20_diff1": 0.012082,
        "nauc_recall_at_100_max": 0.026476,
        "nauc_recall_at_100_std": -0.048892,
        "nauc_recall_at_100_diff1": 0.119431,
        "nauc_recall_at_1000_max": 0.083769,
        "nauc_recall_at_1000_std": 0.03454,
        "nauc_recall_at_1000_diff1": 0.015087,
        "nauc_precision_at_1_max": -0.499939,
        "nauc_precision_at_1_std": 0.098638,
        "nauc_precision_at_1_diff1": 0.098638,
        "nauc_precision_at_3_max": -0.409315,
        "nauc_precision_at_3_std": 0.211358,
        "nauc_precision_at_3_diff1": -0.20065,
        "nauc_precision_at_5_max": -0.164851,
        "nauc_precision_at_5_std": 0.034675,
        "nauc_precision_at_5_diff1": -0.025741,
        "nauc_precision_at_10_max": 0.043552,
        "nauc_precision_at_10_std": -0.064172,
        "nauc_precision_at_10_diff1": -0.032155,
        "nauc_precision_at_20_max": 0.005836,
        "nauc_precision_at_20_std": 0.030093,
        "nauc_precision_at_20_diff1": 0.012082,
        "nauc_precision_at_100_max": 0.026476,
        "nauc_precision_at_100_std": -0.048892,
        "nauc_precision_at_100_diff1": 0.119431,
        "nauc_precision_at_1000_max": 0.083769,
        "nauc_precision_at_1000_std": 0.03454,
        "nauc_precision_at_1000_diff1": 0.015087,
        "nauc_mrr_at_1_max": -0.499939,
        "nauc_mrr_at_1_std": 0.098638,
        "nauc_mrr_at_1_diff1": 0.098638,
        "nauc_mrr_at_3_max": -0.2011,
        "nauc_mrr_at_3_std": -0.050641,
        "nauc_mrr_at_3_diff1": 0.169175,
        "nauc_mrr_at_5_max": -0.074821,
        "nauc_mrr_at_5_std": -0.019759,
        "nauc_mrr_at_5_diff1": 0.106981,
        "nauc_mrr_at_10_max": -0.086232,
        "nauc_mrr_at_10_std": -0.000825,
        "nauc_mrr_at_10_diff1": 0.077283,
        "nauc_mrr_at_20_max": -0.078276,
        "nauc_mrr_at_20_std": -0.004577,
        "nauc_mrr_at_20_diff1": 0.075666,
        "nauc_mrr_at_100_max": -0.076903,
        "nauc_mrr_at_100_std": -0.008764,
        "nauc_mrr_at_100_diff1": 0.077133,
        "nauc_mrr_at_1000_max": -0.062623,
        "nauc_mrr_at_1000_std": -0.003209,
        "nauc_mrr_at_1000_diff1": 0.073812,
        "main_score": 0.00224,
        "hf_subset": "default",
        "languages": [
          "eng-Latn"
        ]
      }
    ]
  },
  "evaluation_time": 182.1519148349762,
  "kg_co2_emissions": null
}