{
  "dataset_revision": "bb9466bac8153a0349341eb1b22e06409e78ef4e",
  "task_name": "TRECCOVID",
  "mteb_version": "1.39.7",
  "scores": {
    "test": [
      {
        "ndcg_at_1": 0.69,
        "ndcg_at_3": 0.7195,
        "ndcg_at_5": 0.70154,
        "ndcg_at_10": 0.6649,
        "ndcg_at_20": 0.62664,
        "ndcg_at_100": 0.48494,
        "ndcg_at_1000": 0.41318,
        "map_at_1": 0.00196,
        "map_at_3": 0.00548,
        "map_at_5": 0.00846,
        "map_at_10": 0.0147,
        "map_at_20": 0.02569,
        "map_at_100": 0.0776,
        "map_at_1000": 0.17707,
        "recall_at_1": 0.00196,
        "recall_at_3": 0.00594,
        "recall_at_5": 0.00957,
        "recall_at_10": 0.01757,
        "recall_at_20": 0.032,
        "recall_at_100": 0.11166,
        "recall_at_1000": 0.38317,
        "precision_at_1": 0.76,
        "precision_at_3": 0.78,
        "precision_at_5": 0.764,
        "precision_at_10": 0.71,
        "precision_at_20": 0.664,
        "precision_at_100": 0.4952,
        "precision_at_1000": 0.18634,
        "mrr_at_1": 0.76,
        "mrr_at_3": 0.846667,
        "mrr_at_5": 0.860667,
        "mrr_at_10": 0.860667,
        "mrr_at_20": 0.860667,
        "mrr_at_100": 0.860667,
        "mrr_at_1000": 0.860667,
        "nauc_ndcg_at_1_max": 0.242444,
        "nauc_ndcg_at_1_std": 0.23002,
        "nauc_ndcg_at_1_diff1": 0.174065,
        "nauc_ndcg_at_3_max": 0.414462,
        "nauc_ndcg_at_3_std": 0.469753,
        "nauc_ndcg_at_3_diff1": -0.03795,
        "nauc_ndcg_at_5_max": 0.380497,
        "nauc_ndcg_at_5_std": 0.50074,
        "nauc_ndcg_at_5_diff1": -0.032399,
        "nauc_ndcg_at_10_max": 0.403059,
        "nauc_ndcg_at_10_std": 0.592772,
        "nauc_ndcg_at_10_diff1": -0.079443,
        "nauc_ndcg_at_20_max": 0.39639,
        "nauc_ndcg_at_20_std": 0.629636,
        "nauc_ndcg_at_20_diff1": -0.105102,
        "nauc_ndcg_at_100_max": 0.507247,
        "nauc_ndcg_at_100_std": 0.797472,
        "nauc_ndcg_at_100_diff1": -0.138933,
        "nauc_ndcg_at_1000_max": 0.597631,
        "nauc_ndcg_at_1000_std": 0.829953,
        "nauc_ndcg_at_1000_diff1": -0.180112,
        "nauc_map_at_1_max": 0.109997,
        "nauc_map_at_1_std": -0.080765,
        "nauc_map_at_1_diff1": 0.141833,
        "nauc_map_at_3_max": 0.158856,
        "nauc_map_at_3_std": 0.033861,
        "nauc_map_at_3_diff1": -0.034686,
        "nauc_map_at_5_max": 0.095217,
        "nauc_map_at_5_std": 0.083653,
        "nauc_map_at_5_diff1": -0.056245,
        "nauc_map_at_10_max": 0.167776,
        "nauc_map_at_10_std": 0.226602,
        "nauc_map_at_10_diff1": -0.126466,
        "nauc_map_at_20_max": 0.227153,
        "nauc_map_at_20_std": 0.344479,
        "nauc_map_at_20_diff1": -0.15052,
        "nauc_map_at_100_max": 0.53394,
        "nauc_map_at_100_std": 0.772787,
        "nauc_map_at_100_diff1": -0.127272,
        "nauc_map_at_1000_max": 0.607451,
        "nauc_map_at_1000_std": 0.872028,
        "nauc_map_at_1000_diff1": -0.156437,
        "nauc_recall_at_1_max": 0.109997,
        "nauc_recall_at_1_std": -0.080765,
        "nauc_recall_at_1_diff1": 0.141833,
        "nauc_recall_at_3_max": 0.14019,
        "nauc_recall_at_3_std": -0.000409,
        "nauc_recall_at_3_diff1": -0.021522,
        "nauc_recall_at_5_max": 0.027774,
        "nauc_recall_at_5_std": -0.005334,
        "nauc_recall_at_5_diff1": -0.050149,
        "nauc_recall_at_10_max": 0.091604,
        "nauc_recall_at_10_std": 0.104397,
        "nauc_recall_at_10_diff1": -0.122171,
        "nauc_recall_at_20_max": 0.155347,
        "nauc_recall_at_20_std": 0.201279,
        "nauc_recall_at_20_diff1": -0.12705,
        "nauc_recall_at_100_max": 0.474107,
        "nauc_recall_at_100_std": 0.617816,
        "nauc_recall_at_100_diff1": -0.126531,
        "nauc_recall_at_1000_max": 0.581855,
        "nauc_recall_at_1000_std": 0.736376,
        "nauc_recall_at_1000_diff1": -0.169034,
        "nauc_precision_at_1_max": 0.250454,
        "nauc_precision_at_1_std": 0.258198,
        "nauc_precision_at_1_diff1": 0.197023,
        "nauc_precision_at_3_max": 0.51082,
        "nauc_precision_at_3_std": 0.581024,
        "nauc_precision_at_3_diff1": -0.046975,
        "nauc_precision_at_5_max": 0.309908,
        "nauc_precision_at_5_std": 0.509407,
        "nauc_precision_at_5_diff1": -0.037353,
        "nauc_precision_at_10_max": 0.423517,
        "nauc_precision_at_10_std": 0.67291,
        "nauc_precision_at_10_diff1": -0.1211,
        "nauc_precision_at_20_max": 0.402973,
        "nauc_precision_at_20_std": 0.669913,
        "nauc_precision_at_20_diff1": -0.133055,
        "nauc_precision_at_100_max": 0.536594,
        "nauc_precision_at_100_std": 0.828766,
        "nauc_precision_at_100_diff1": -0.122484,
        "nauc_precision_at_1000_max": 0.424138,
        "nauc_precision_at_1000_std": 0.662395,
        "nauc_precision_at_1000_diff1": -0.142475,
        "nauc_mrr_at_1_max": 0.250454,
        "nauc_mrr_at_1_std": 0.258198,
        "nauc_mrr_at_1_diff1": 0.197023,
        "nauc_mrr_at_3_max": 0.372645,
        "nauc_mrr_at_3_std": 0.37151,
        "nauc_mrr_at_3_diff1": 0.121064,
        "nauc_mrr_at_5_max": 0.33398,
        "nauc_mrr_at_5_std": 0.330794,
        "nauc_mrr_at_5_diff1": 0.148943,
        "nauc_mrr_at_10_max": 0.33398,
        "nauc_mrr_at_10_std": 0.330794,
        "nauc_mrr_at_10_diff1": 0.148943,
        "nauc_mrr_at_20_max": 0.33398,
        "nauc_mrr_at_20_std": 0.330794,
        "nauc_mrr_at_20_diff1": 0.148943,
        "nauc_mrr_at_100_max": 0.33398,
        "nauc_mrr_at_100_std": 0.330794,
        "nauc_mrr_at_100_diff1": 0.148943,
        "nauc_mrr_at_1000_max": 0.33398,
        "nauc_mrr_at_1000_std": 0.330794,
        "nauc_mrr_at_1000_diff1": 0.148943,
        "main_score": 0.6649,
        "hf_subset": "default",
        "languages": [
          "eng-Latn"
        ]
      }
    ]
  },
  "evaluation_time": 594.2340908050537,
  "kg_co2_emissions": null
}