{
  "dataset_revision": "0228b52cf27578f30900b9e5271d331663a030d7",
  "task_name": "SciFact",
  "mteb_version": "1.39.7",
  "scores": {
    "test": [
      {
        "ndcg_at_1": 0.09667,
        "ndcg_at_3": 0.10305,
        "ndcg_at_5": 0.1145,
        "ndcg_at_10": 0.12828,
        "ndcg_at_20": 0.13818,
        "ndcg_at_100": 0.1697,
        "ndcg_at_1000": 0.21376,
        "map_at_1": 0.08511,
        "map_at_3": 0.09556,
        "map_at_5": 0.10272,
        "map_at_10": 0.10829,
        "map_at_20": 0.1111,
        "map_at_100": 0.11531,
        "map_at_1000": 0.11673,
        "recall_at_1": 0.08511,
        "recall_at_3": 0.11022,
        "recall_at_5": 0.14022,
        "recall_at_10": 0.182,
        "recall_at_20": 0.21944,
        "recall_at_100": 0.38639,
        "recall_at_1000": 0.74256,
        "precision_at_1": 0.09667,
        "precision_at_3": 0.04222,
        "precision_at_5": 0.03133,
        "precision_at_10": 0.02033,
        "precision_at_20": 0.0125,
        "precision_at_100": 0.0045,
        "precision_at_1000": 0.00085,
        "mrr_at_1": 0.096667,
        "mrr_at_3": 0.107778,
        "mrr_at_5": 0.114944,
        "mrr_at_10": 0.121087,
        "mrr_at_20": 0.123597,
        "mrr_at_100": 0.127575,
        "mrr_at_1000": 0.128884,
        "nauc_ndcg_at_1_max": 0.224957,
        "nauc_ndcg_at_1_std": 0.095945,
        "nauc_ndcg_at_1_diff1": 0.276787,
        "nauc_ndcg_at_3_max": 0.212948,
        "nauc_ndcg_at_3_std": 0.039382,
        "nauc_ndcg_at_3_diff1": 0.242535,
        "nauc_ndcg_at_5_max": 0.202292,
        "nauc_ndcg_at_5_std": 0.02622,
        "nauc_ndcg_at_5_diff1": 0.228886,
        "nauc_ndcg_at_10_max": 0.184356,
        "nauc_ndcg_at_10_std": 0.015554,
        "nauc_ndcg_at_10_diff1": 0.206493,
        "nauc_ndcg_at_20_max": 0.173245,
        "nauc_ndcg_at_20_std": 0.031256,
        "nauc_ndcg_at_20_diff1": 0.196128,
        "nauc_ndcg_at_100_max": 0.177369,
        "nauc_ndcg_at_100_std": 0.04312,
        "nauc_ndcg_at_100_diff1": 0.187681,
        "nauc_ndcg_at_1000_max": 0.179481,
        "nauc_ndcg_at_1000_std": 0.031793,
        "nauc_ndcg_at_1000_diff1": 0.163661,
        "nauc_map_at_1_max": 0.162098,
        "nauc_map_at_1_std": 0.084402,
        "nauc_map_at_1_diff1": 0.28437,
        "nauc_map_at_3_max": 0.184514,
        "nauc_map_at_3_std": 0.046071,
        "nauc_map_at_3_diff1": 0.253973,
        "nauc_map_at_5_max": 0.184362,
        "nauc_map_at_5_std": 0.038257,
        "nauc_map_at_5_diff1": 0.24432,
        "nauc_map_at_10_max": 0.176516,
        "nauc_map_at_10_std": 0.033228,
        "nauc_map_at_10_diff1": 0.233384,
        "nauc_map_at_20_max": 0.173734,
        "nauc_map_at_20_std": 0.03728,
        "nauc_map_at_20_diff1": 0.228214,
        "nauc_map_at_100_max": 0.175337,
        "nauc_map_at_100_std": 0.038793,
        "nauc_map_at_100_diff1": 0.225352,
        "nauc_map_at_1000_max": 0.175523,
        "nauc_map_at_1000_std": 0.038672,
        "nauc_map_at_1000_diff1": 0.224669,
        "nauc_recall_at_1_max": 0.162098,
        "nauc_recall_at_1_std": 0.084402,
        "nauc_recall_at_1_diff1": 0.28437,
        "nauc_recall_at_3_max": 0.199911,
        "nauc_recall_at_3_std": 0.010219,
        "nauc_recall_at_3_diff1": 0.218934,
        "nauc_recall_at_5_max": 0.197039,
        "nauc_recall_at_5_std": -0.005567,
        "nauc_recall_at_5_diff1": 0.195873,
        "nauc_recall_at_10_max": 0.159859,
        "nauc_recall_at_10_std": -0.025846,
        "nauc_recall_at_10_diff1": 0.155203,
        "nauc_recall_at_20_max": 0.125978,
        "nauc_recall_at_20_std": 0.021209,
        "nauc_recall_at_20_diff1": 0.132745,
        "nauc_recall_at_100_max": 0.135345,
        "nauc_recall_at_100_std": 0.070423,
        "nauc_recall_at_100_diff1": 0.127515,
        "nauc_recall_at_1000_max": 0.120086,
        "nauc_recall_at_1000_std": 0.003006,
        "nauc_recall_at_1000_diff1": -0.080866,
        "nauc_precision_at_1_max": 0.224957,
        "nauc_precision_at_1_std": 0.095945,
        "nauc_precision_at_1_diff1": 0.276787,
        "nauc_precision_at_3_max": 0.287781,
        "nauc_precision_at_3_std": 0.008125,
        "nauc_precision_at_3_diff1": 0.199306,
        "nauc_precision_at_5_max": 0.272571,
        "nauc_precision_at_5_std": -0.005993,
        "nauc_precision_at_5_diff1": 0.181054,
        "nauc_precision_at_10_max": 0.213462,
        "nauc_precision_at_10_std": -0.023345,
        "nauc_precision_at_10_diff1": 0.128522,
        "nauc_precision_at_20_max": 0.189486,
        "nauc_precision_at_20_std": 0.020906,
        "nauc_precision_at_20_diff1": 0.097283,
        "nauc_precision_at_100_max": 0.226204,
        "nauc_precision_at_100_std": 0.043505,
        "nauc_precision_at_100_diff1": 0.089835,
        "nauc_precision_at_1000_max": 0.252364,
        "nauc_precision_at_1000_std": -0.013889,
        "nauc_precision_at_1000_diff1": -0.073123,
        "nauc_mrr_at_1_max": 0.224957,
        "nauc_mrr_at_1_std": 0.095945,
        "nauc_mrr_at_1_diff1": 0.276787,
        "nauc_mrr_at_3_max": 0.246992,
        "nauc_mrr_at_3_std": 0.057551,
        "nauc_mrr_at_3_diff1": 0.248698,
        "nauc_mrr_at_5_max": 0.244145,
        "nauc_mrr_at_5_std": 0.050046,
        "nauc_mrr_at_5_diff1": 0.240269,
        "nauc_mrr_at_10_max": 0.233084,
        "nauc_mrr_at_10_std": 0.045049,
        "nauc_mrr_at_10_diff1": 0.227266,
        "nauc_mrr_at_20_max": 0.228648,
        "nauc_mrr_at_20_std": 0.050336,
        "nauc_mrr_at_20_diff1": 0.225923,
        "nauc_mrr_at_100_max": 0.228889,
        "nauc_mrr_at_100_std": 0.051281,
        "nauc_mrr_at_100_diff1": 0.223638,
        "nauc_mrr_at_1000_max": 0.228721,
        "nauc_mrr_at_1000_std": 0.050826,
        "nauc_mrr_at_1000_diff1": 0.222867,
        "main_score": 0.12828,
        "hf_subset": "default",
        "languages": [
          "eng-Latn"
        ]
      }
    ]
  },
  "evaluation_time": 35.86165928840637,
  "kg_co2_emissions": null
}