{
  "dataset_revision": "c22ab2a51041ffd869aaddef7af8d8215647e41a",
  "task_name": "ArguAna",
  "mteb_version": "1.39.7",
  "scores": {
    "test": [
      {
        "ndcg_at_1": 0.02703,
        "ndcg_at_3": 0.04339,
        "ndcg_at_5": 0.05181,
        "ndcg_at_10": 0.06549,
        "ndcg_at_20": 0.0772,
        "ndcg_at_100": 0.10304,
        "ndcg_at_1000": 0.14475,
        "map_at_1": 0.02703,
        "map_at_3": 0.03924,
        "map_at_5": 0.04386,
        "map_at_10": 0.04957,
        "map_at_20": 0.0527,
        "map_at_100": 0.05602,
        "map_at_1000": 0.05723,
        "recall_at_1": 0.02703,
        "recall_at_3": 0.05548,
        "recall_at_5": 0.0761,
        "recall_at_10": 0.11807,
        "recall_at_20": 0.16501,
        "recall_at_100": 0.30797,
        "recall_at_1000": 0.65718,
        "precision_at_1": 0.02703,
        "precision_at_3": 0.01849,
        "precision_at_5": 0.01522,
        "precision_at_10": 0.01181,
        "precision_at_20": 0.00825,
        "precision_at_100": 0.00308,
        "precision_at_1000": 0.00066,
        "mrr_at_1": 0.027027,
        "mrr_at_3": 0.039237,
        "mrr_at_5": 0.04386,
        "mrr_at_10": 0.04958,
        "mrr_at_20": 0.052674,
        "mrr_at_100": 0.056023,
        "mrr_at_1000": 0.057242,
        "nauc_ndcg_at_1_max": 0.108043,
        "nauc_ndcg_at_1_std": 0.100763,
        "nauc_ndcg_at_1_diff1": 0.100931,
        "nauc_ndcg_at_3_max": 0.144009,
        "nauc_ndcg_at_3_std": 0.153543,
        "nauc_ndcg_at_3_diff1": 0.057085,
        "nauc_ndcg_at_5_max": 0.129801,
        "nauc_ndcg_at_5_std": 0.169194,
        "nauc_ndcg_at_5_diff1": 0.054325,
        "nauc_ndcg_at_10_max": 0.136214,
        "nauc_ndcg_at_10_std": 0.185322,
        "nauc_ndcg_at_10_diff1": 0.043814,
        "nauc_ndcg_at_20_max": 0.144867,
        "nauc_ndcg_at_20_std": 0.180623,
        "nauc_ndcg_at_20_diff1": 0.043377,
        "nauc_ndcg_at_100_max": 0.14274,
        "nauc_ndcg_at_100_std": 0.191534,
        "nauc_ndcg_at_100_diff1": 0.054405,
        "nauc_ndcg_at_1000_max": 0.121344,
        "nauc_ndcg_at_1000_std": 0.200223,
        "nauc_ndcg_at_1000_diff1": 0.05897,
        "nauc_map_at_1_max": 0.108043,
        "nauc_map_at_1_std": 0.100763,
        "nauc_map_at_1_diff1": 0.100931,
        "nauc_map_at_3_max": 0.135765,
        "nauc_map_at_3_std": 0.143461,
        "nauc_map_at_3_diff1": 0.063665,
        "nauc_map_at_5_max": 0.128101,
        "nauc_map_at_5_std": 0.154743,
        "nauc_map_at_5_diff1": 0.061668,
        "nauc_map_at_10_max": 0.131697,
        "nauc_map_at_10_std": 0.163751,
        "nauc_map_at_10_diff1": 0.055265,
        "nauc_map_at_20_max": 0.135323,
        "nauc_map_at_20_std": 0.162572,
        "nauc_map_at_20_diff1": 0.055074,
        "nauc_map_at_100_max": 0.134216,
        "nauc_map_at_100_std": 0.165603,
        "nauc_map_at_100_diff1": 0.057388,
        "nauc_map_at_1000_max": 0.1332,
        "nauc_map_at_1000_std": 0.165834,
        "nauc_map_at_1000_diff1": 0.057548,
        "nauc_recall_at_1_max": 0.108043,
        "nauc_recall_at_1_std": 0.100763,
        "nauc_recall_at_1_diff1": 0.100931,
        "nauc_recall_at_3_max": 0.1615,
        "nauc_recall_at_3_std": 0.174505,
        "nauc_recall_at_3_diff1": 0.043863,
        "nauc_recall_at_5_max": 0.13141,
        "nauc_recall_at_5_std": 0.194789,
        "nauc_recall_at_5_diff1": 0.041676,
        "nauc_recall_at_10_max": 0.142055,
        "nauc_recall_at_10_std": 0.217476,
        "nauc_recall_at_10_diff1": 0.027181,
        "nauc_recall_at_20_max": 0.157587,
        "nauc_recall_at_20_std": 0.201967,
        "nauc_recall_at_20_diff1": 0.028789,
        "nauc_recall_at_100_max": 0.152816,
        "nauc_recall_at_100_std": 0.219115,
        "nauc_recall_at_100_diff1": 0.057038,
        "nauc_recall_at_1000_max": 0.071481,
        "nauc_recall_at_1000_std": 0.262327,
        "nauc_recall_at_1000_diff1": 0.076046,
        "nauc_precision_at_1_max": 0.108043,
        "nauc_precision_at_1_std": 0.100763,
        "nauc_precision_at_1_diff1": 0.100931,
        "nauc_precision_at_3_max": 0.1615,
        "nauc_precision_at_3_std": 0.174505,
        "nauc_precision_at_3_diff1": 0.043863,
        "nauc_precision_at_5_max": 0.13141,
        "nauc_precision_at_5_std": 0.194789,
        "nauc_precision_at_5_diff1": 0.041676,
        "nauc_precision_at_10_max": 0.142055,
        "nauc_precision_at_10_std": 0.217476,
        "nauc_precision_at_10_diff1": 0.027181,
        "nauc_precision_at_20_max": 0.157587,
        "nauc_precision_at_20_std": 0.201967,
        "nauc_precision_at_20_diff1": 0.028789,
        "nauc_precision_at_100_max": 0.152816,
        "nauc_precision_at_100_std": 0.219115,
        "nauc_precision_at_100_diff1": 0.057038,
        "nauc_precision_at_1000_max": 0.071481,
        "nauc_precision_at_1000_std": 0.262327,
        "nauc_precision_at_1000_diff1": 0.076046,
        "nauc_mrr_at_1_max": 0.108043,
        "nauc_mrr_at_1_std": 0.100763,
        "nauc_mrr_at_1_diff1": 0.100931,
        "nauc_mrr_at_3_max": 0.135765,
        "nauc_mrr_at_3_std": 0.143461,
        "nauc_mrr_at_3_diff1": 0.063665,
        "nauc_mrr_at_5_max": 0.128101,
        "nauc_mrr_at_5_std": 0.154743,
        "nauc_mrr_at_5_diff1": 0.061668,
        "nauc_mrr_at_10_max": 0.13169,
        "nauc_mrr_at_10_std": 0.163719,
        "nauc_mrr_at_10_diff1": 0.055291,
        "nauc_mrr_at_20_max": 0.134929,
        "nauc_mrr_at_20_std": 0.162885,
        "nauc_mrr_at_20_diff1": 0.055477,
        "nauc_mrr_at_100_max": 0.134205,
        "nauc_mrr_at_100_std": 0.165575,
        "nauc_mrr_at_100_diff1": 0.057426,
        "nauc_mrr_at_1000_max": 0.133189,
        "nauc_mrr_at_1000_std": 0.165806,
        "nauc_mrr_at_1000_diff1": 0.057586,
        "main_score": 0.06549,
        "hf_subset": "default",
        "languages": [
          "eng-Latn"
        ]
      }
    ]
  },
  "evaluation_time": 162.7758505344391,
  "kg_co2_emissions": null
}