{
  "dataset_revision": "bb9466bac8153a0349341eb1b22e06409e78ef4e",
  "task_name": "TRECCOVID",
  "mteb_version": "1.39.7",
  "scores": {
    "test": [
      {
        "ndcg_at_1": 0.8,
        "ndcg_at_3": 0.77469,
        "ndcg_at_5": 0.72962,
        "ndcg_at_10": 0.66796,
        "ndcg_at_20": 0.62109,
        "ndcg_at_100": 0.4807,
        "ndcg_at_1000": 0.41377,
        "map_at_1": 0.00226,
        "map_at_3": 0.00616,
        "map_at_5": 0.00921,
        "map_at_10": 0.0151,
        "map_at_20": 0.02535,
        "map_at_100": 0.0766,
        "map_at_1000": 0.17668,
        "recall_at_1": 0.00226,
        "recall_at_3": 0.00641,
        "recall_at_5": 0.0098,
        "recall_at_10": 0.01706,
        "recall_at_20": 0.03075,
        "recall_at_100": 0.11028,
        "recall_at_1000": 0.3841,
        "precision_at_1": 0.86,
        "precision_at_3": 0.83333,
        "precision_at_5": 0.76,
        "precision_at_10": 0.692,
        "precision_at_20": 0.641,
        "precision_at_100": 0.4876,
        "precision_at_1000": 0.1861,
        "mrr_at_1": 0.86,
        "mrr_at_3": 0.913333,
        "mrr_at_5": 0.913333,
        "mrr_at_10": 0.915833,
        "mrr_at_20": 0.915833,
        "mrr_at_100": 0.915833,
        "mrr_at_1000": 0.915833,
        "nauc_ndcg_at_1_max": 0.155595,
        "nauc_ndcg_at_1_std": 0.137307,
        "nauc_ndcg_at_1_diff1": 0.145159,
        "nauc_ndcg_at_3_max": 0.340145,
        "nauc_ndcg_at_3_std": 0.366132,
        "nauc_ndcg_at_3_diff1": -0.135452,
        "nauc_ndcg_at_5_max": 0.371276,
        "nauc_ndcg_at_5_std": 0.433007,
        "nauc_ndcg_at_5_diff1": -0.146754,
        "nauc_ndcg_at_10_max": 0.448276,
        "nauc_ndcg_at_10_std": 0.573269,
        "nauc_ndcg_at_10_diff1": -0.19369,
        "nauc_ndcg_at_20_max": 0.47926,
        "nauc_ndcg_at_20_std": 0.637748,
        "nauc_ndcg_at_20_diff1": -0.182448,
        "nauc_ndcg_at_100_max": 0.563891,
        "nauc_ndcg_at_100_std": 0.762362,
        "nauc_ndcg_at_100_diff1": -0.188009,
        "nauc_ndcg_at_1000_max": 0.661194,
        "nauc_ndcg_at_1000_std": 0.790886,
        "nauc_ndcg_at_1000_diff1": -0.206398,
        "nauc_map_at_1_max": 0.058387,
        "nauc_map_at_1_std": -0.162113,
        "nauc_map_at_1_diff1": 0.055697,
        "nauc_map_at_3_max": 0.119731,
        "nauc_map_at_3_std": -0.032962,
        "nauc_map_at_3_diff1": -0.112066,
        "nauc_map_at_5_max": 0.163353,
        "nauc_map_at_5_std": 0.020146,
        "nauc_map_at_5_diff1": -0.108768,
        "nauc_map_at_10_max": 0.2289,
        "nauc_map_at_10_std": 0.193522,
        "nauc_map_at_10_diff1": -0.212819,
        "nauc_map_at_20_max": 0.344038,
        "nauc_map_at_20_std": 0.374054,
        "nauc_map_at_20_diff1": -0.241915,
        "nauc_map_at_100_max": 0.630352,
        "nauc_map_at_100_std": 0.737447,
        "nauc_map_at_100_diff1": -0.243037,
        "nauc_map_at_1000_max": 0.68818,
        "nauc_map_at_1000_std": 0.828666,
        "nauc_map_at_1000_diff1": -0.212837,
        "nauc_recall_at_1_max": 0.058387,
        "nauc_recall_at_1_std": -0.162113,
        "nauc_recall_at_1_diff1": 0.055697,
        "nauc_recall_at_3_max": 0.114845,
        "nauc_recall_at_3_std": -0.048248,
        "nauc_recall_at_3_diff1": -0.099413,
        "nauc_recall_at_5_max": 0.172724,
        "nauc_recall_at_5_std": -0.020097,
        "nauc_recall_at_5_diff1": -0.065973,
        "nauc_recall_at_10_max": 0.21698,
        "nauc_recall_at_10_std": 0.127504,
        "nauc_recall_at_10_diff1": -0.175411,
        "nauc_recall_at_20_max": 0.276799,
        "nauc_recall_at_20_std": 0.254654,
        "nauc_recall_at_20_diff1": -0.214732,
        "nauc_recall_at_100_max": 0.52681,
        "nauc_recall_at_100_std": 0.56308,
        "nauc_recall_at_100_diff1": -0.231193,
        "nauc_recall_at_1000_max": 0.637921,
        "nauc_recall_at_1000_std": 0.712379,
        "nauc_recall_at_1000_diff1": -0.199021,
        "nauc_precision_at_1_max": 0.239504,
        "nauc_precision_at_1_std": 0.126923,
        "nauc_precision_at_1_diff1": 0.043162,
        "nauc_precision_at_3_max": 0.427427,
        "nauc_precision_at_3_std": 0.466802,
        "nauc_precision_at_3_diff1": -0.343197,
        "nauc_precision_at_5_max": 0.419376,
        "nauc_precision_at_5_std": 0.482702,
        "nauc_precision_at_5_diff1": -0.261388,
        "nauc_precision_at_10_max": 0.465588,
        "nauc_precision_at_10_std": 0.626261,
        "nauc_precision_at_10_diff1": -0.27001,
        "nauc_precision_at_20_max": 0.514683,
        "nauc_precision_at_20_std": 0.68213,
        "nauc_precision_at_20_diff1": -0.230061,
        "nauc_precision_at_100_max": 0.592555,
        "nauc_precision_at_100_std": 0.784412,
        "nauc_precision_at_100_diff1": -0.20866,
        "nauc_precision_at_1000_max": 0.450605,
        "nauc_precision_at_1000_std": 0.629516,
        "nauc_precision_at_1000_diff1": -0.168056,
        "nauc_mrr_at_1_max": 0.239504,
        "nauc_mrr_at_1_std": 0.126923,
        "nauc_mrr_at_1_diff1": 0.043162,
        "nauc_mrr_at_3_max": 0.372621,
        "nauc_mrr_at_3_std": 0.199807,
        "nauc_mrr_at_3_diff1": 0.104051,
        "nauc_mrr_at_5_max": 0.372621,
        "nauc_mrr_at_5_std": 0.199807,
        "nauc_mrr_at_5_diff1": 0.104051,
        "nauc_mrr_at_10_max": 0.353388,
        "nauc_mrr_at_10_std": 0.183793,
        "nauc_mrr_at_10_diff1": 0.096264,
        "nauc_mrr_at_20_max": 0.353388,
        "nauc_mrr_at_20_std": 0.183793,
        "nauc_mrr_at_20_diff1": 0.096264,
        "nauc_mrr_at_100_max": 0.353388,
        "nauc_mrr_at_100_std": 0.183793,
        "nauc_mrr_at_100_diff1": 0.096264,
        "nauc_mrr_at_1000_max": 0.353388,
        "nauc_mrr_at_1000_std": 0.183793,
        "nauc_mrr_at_1000_diff1": 0.096264,
        "main_score": 0.66796,
        "hf_subset": "default",
        "languages": [
          "eng-Latn"
        ]
      }
    ]
  },
  "evaluation_time": 400.05777645111084,
  "kg_co2_emissions": null
}