{
  "dataset_revision": "ec0fa4fe99da2ff19ca1214b7966684033a58814",
  "task_name": "NFCorpus",
  "mteb_version": "1.39.7",
  "scores": {
    "test": [
      {
        "ndcg_at_1": 0.3483,
        "ndcg_at_3": 0.29568,
        "ndcg_at_5": 0.2711,
        "ndcg_at_10": 0.23541,
        "ndcg_at_20": 0.21539,
        "ndcg_at_100": 0.21158,
        "ndcg_at_1000": 0.3001,
        "map_at_1": 0.0374,
        "map_at_3": 0.05815,
        "map_at_5": 0.06788,
        "map_at_10": 0.0769,
        "map_at_20": 0.08412,
        "map_at_100": 0.09375,
        "map_at_1000": 0.10323,
        "recall_at_1": 0.0374,
        "recall_at_3": 0.06594,
        "recall_at_5": 0.0835,
        "recall_at_10": 0.10365,
        "recall_at_20": 0.13389,
        "recall_at_100": 0.21906,
        "recall_at_1000": 0.52972,
        "precision_at_1": 0.36223,
        "precision_at_3": 0.27657,
        "precision_at_5": 0.23096,
        "precision_at_10": 0.1678,
        "precision_at_20": 0.12245,
        "precision_at_100": 0.05152,
        "precision_at_1000": 0.01697,
        "mrr_at_1": 0.362229,
        "mrr_at_3": 0.421569,
        "mrr_at_5": 0.43194,
        "mrr_at_10": 0.438698,
        "mrr_at_20": 0.442957,
        "mrr_at_100": 0.445965,
        "mrr_at_1000": 0.446594,
        "nauc_ndcg_at_1_max": 0.366184,
        "nauc_ndcg_at_1_std": 0.20771,
        "nauc_ndcg_at_1_diff1": 0.328974,
        "nauc_ndcg_at_3_max": 0.33995,
        "nauc_ndcg_at_3_std": 0.216253,
        "nauc_ndcg_at_3_diff1": 0.233893,
        "nauc_ndcg_at_5_max": 0.3521,
        "nauc_ndcg_at_5_std": 0.210635,
        "nauc_ndcg_at_5_diff1": 0.220662,
        "nauc_ndcg_at_10_max": 0.36719,
        "nauc_ndcg_at_10_std": 0.214235,
        "nauc_ndcg_at_10_diff1": 0.213291,
        "nauc_ndcg_at_20_max": 0.394909,
        "nauc_ndcg_at_20_std": 0.219987,
        "nauc_ndcg_at_20_diff1": 0.227267,
        "nauc_ndcg_at_100_max": 0.440826,
        "nauc_ndcg_at_100_std": 0.249355,
        "nauc_ndcg_at_100_diff1": 0.233592,
        "nauc_ndcg_at_1000_max": 0.517601,
        "nauc_ndcg_at_1000_std": 0.344595,
        "nauc_ndcg_at_1000_diff1": 0.249892,
        "nauc_map_at_1_max": 0.2981,
        "nauc_map_at_1_std": -0.046098,
        "nauc_map_at_1_diff1": 0.481844,
        "nauc_map_at_3_max": 0.342188,
        "nauc_map_at_3_std": -0.009744,
        "nauc_map_at_3_diff1": 0.431394,
        "nauc_map_at_5_max": 0.356697,
        "nauc_map_at_5_std": 0.019566,
        "nauc_map_at_5_diff1": 0.381504,
        "nauc_map_at_10_max": 0.368051,
        "nauc_map_at_10_std": 0.052967,
        "nauc_map_at_10_diff1": 0.334206,
        "nauc_map_at_20_max": 0.385605,
        "nauc_map_at_20_std": 0.08569,
        "nauc_map_at_20_diff1": 0.319378,
        "nauc_map_at_100_max": 0.393735,
        "nauc_map_at_100_std": 0.131108,
        "nauc_map_at_100_diff1": 0.297335,
        "nauc_map_at_1000_max": 0.398978,
        "nauc_map_at_1000_std": 0.159357,
        "nauc_map_at_1000_diff1": 0.283543,
        "nauc_recall_at_1_max": 0.2981,
        "nauc_recall_at_1_std": -0.046098,
        "nauc_recall_at_1_diff1": 0.481844,
        "nauc_recall_at_3_max": 0.328443,
        "nauc_recall_at_3_std": -0.019597,
        "nauc_recall_at_3_diff1": 0.390548,
        "nauc_recall_at_5_max": 0.31966,
        "nauc_recall_at_5_std": 0.001536,
        "nauc_recall_at_5_diff1": 0.308547,
        "nauc_recall_at_10_max": 0.334618,
        "nauc_recall_at_10_std": 0.036179,
        "nauc_recall_at_10_diff1": 0.257676,
        "nauc_recall_at_20_max": 0.349797,
        "nauc_recall_at_20_std": 0.082293,
        "nauc_recall_at_20_diff1": 0.216997,
        "nauc_recall_at_100_max": 0.298312,
        "nauc_recall_at_100_std": 0.147825,
        "nauc_recall_at_100_diff1": 0.093767,
        "nauc_recall_at_1000_max": 0.29852,
        "nauc_recall_at_1000_std": 0.253988,
        "nauc_recall_at_1000_diff1": 0.105951,
        "nauc_precision_at_1_max": 0.378986,
        "nauc_precision_at_1_std": 0.219743,
        "nauc_precision_at_1_diff1": 0.318903,
        "nauc_precision_at_3_max": 0.324788,
        "nauc_precision_at_3_std": 0.247536,
        "nauc_precision_at_3_diff1": 0.156214,
        "nauc_precision_at_5_max": 0.335304,
        "nauc_precision_at_5_std": 0.263603,
        "nauc_precision_at_5_diff1": 0.114936,
        "nauc_precision_at_10_max": 0.313705,
        "nauc_precision_at_10_std": 0.305335,
        "nauc_precision_at_10_diff1": 0.044658,
        "nauc_precision_at_20_max": 0.296815,
        "nauc_precision_at_20_std": 0.344348,
        "nauc_precision_at_20_diff1": 0.013824,
        "nauc_precision_at_100_max": 0.180357,
        "nauc_precision_at_100_std": 0.338677,
        "nauc_precision_at_100_diff1": -0.078158,
        "nauc_precision_at_1000_max": 0.035314,
        "nauc_precision_at_1000_std": 0.223232,
        "nauc_precision_at_1000_diff1": -0.108424,
        "nauc_mrr_at_1_max": 0.378986,
        "nauc_mrr_at_1_std": 0.219743,
        "nauc_mrr_at_1_diff1": 0.318903,
        "nauc_mrr_at_3_max": 0.403046,
        "nauc_mrr_at_3_std": 0.243071,
        "nauc_mrr_at_3_diff1": 0.306039,
        "nauc_mrr_at_5_max": 0.401061,
        "nauc_mrr_at_5_std": 0.242275,
        "nauc_mrr_at_5_diff1": 0.302347,
        "nauc_mrr_at_10_max": 0.411094,
        "nauc_mrr_at_10_std": 0.250028,
        "nauc_mrr_at_10_diff1": 0.303174,
        "nauc_mrr_at_20_max": 0.416445,
        "nauc_mrr_at_20_std": 0.254259,
        "nauc_mrr_at_20_diff1": 0.301861,
        "nauc_mrr_at_100_max": 0.415797,
        "nauc_mrr_at_100_std": 0.253377,
        "nauc_mrr_at_100_diff1": 0.301704,
        "nauc_mrr_at_1000_max": 0.415547,
        "nauc_mrr_at_1000_std": 0.253435,
        "nauc_mrr_at_1000_diff1": 0.301913,
        "main_score": 0.23541,
        "hf_subset": "default",
        "languages": [
          "eng-Latn"
        ]
      }
    ]
  },
  "evaluation_time": 5.478812217712402,
  "kg_co2_emissions": null
}