{
  "dataset_revision": "27a168819829fe9bcd655c2df245fb19452e8e06",
  "task_name": "FiQA2018",
  "mteb_version": "1.39.7",
  "scores": {
    "test": [
      {
        "ndcg_at_1": 0.01852,
        "ndcg_at_3": 0.02053,
        "ndcg_at_5": 0.02296,
        "ndcg_at_10": 0.0268,
        "ndcg_at_20": 0.03243,
        "ndcg_at_100": 0.04284,
        "ndcg_at_1000": 0.06631,
        "map_at_1": 0.00913,
        "map_at_3": 0.01408,
        "map_at_5": 0.01579,
        "map_at_10": 0.01737,
        "map_at_20": 0.01872,
        "map_at_100": 0.01993,
        "map_at_1000": 0.02061,
        "recall_at_1": 0.00913,
        "recall_at_3": 0.02125,
        "recall_at_5": 0.02819,
        "recall_at_10": 0.0389,
        "recall_at_20": 0.05707,
        "recall_at_100": 0.10106,
        "recall_at_1000": 0.25085,
        "precision_at_1": 0.01852,
        "precision_at_3": 0.0144,
        "precision_at_5": 0.01173,
        "precision_at_10": 0.00818,
        "precision_at_20": 0.00617,
        "precision_at_100": 0.00247,
        "precision_at_1000": 0.00067,
        "mrr_at_1": 0.018519,
        "mrr_at_3": 0.027778,
        "mrr_at_5": 0.030941,
        "mrr_at_10": 0.033867,
        "mrr_at_20": 0.036301,
        "mrr_at_100": 0.038229,
        "mrr_at_1000": 0.039073,
        "nauc_ndcg_at_1_max": 0.113058,
        "nauc_ndcg_at_1_std": 0.016729,
        "nauc_ndcg_at_1_diff1": 0.072532,
        "nauc_ndcg_at_3_max": 0.219407,
        "nauc_ndcg_at_3_std": 0.148612,
        "nauc_ndcg_at_3_diff1": 0.200916,
        "nauc_ndcg_at_5_max": 0.224412,
        "nauc_ndcg_at_5_std": 0.222779,
        "nauc_ndcg_at_5_diff1": 0.18109,
        "nauc_ndcg_at_10_max": 0.188636,
        "nauc_ndcg_at_10_std": 0.193345,
        "nauc_ndcg_at_10_diff1": 0.136993,
        "nauc_ndcg_at_20_max": 0.149903,
        "nauc_ndcg_at_20_std": 0.219957,
        "nauc_ndcg_at_20_diff1": 0.151745,
        "nauc_ndcg_at_100_max": 0.141248,
        "nauc_ndcg_at_100_std": 0.207312,
        "nauc_ndcg_at_100_diff1": 0.140634,
        "nauc_ndcg_at_1000_max": 0.130186,
        "nauc_ndcg_at_1000_std": 0.181342,
        "nauc_ndcg_at_1000_diff1": 0.11691,
        "nauc_map_at_1_max": 0.252392,
        "nauc_map_at_1_std": 0.031926,
        "nauc_map_at_1_diff1": 0.183616,
        "nauc_map_at_3_max": 0.263948,
        "nauc_map_at_3_std": 0.151368,
        "nauc_map_at_3_diff1": 0.237682,
        "nauc_map_at_5_max": 0.251248,
        "nauc_map_at_5_std": 0.200201,
        "nauc_map_at_5_diff1": 0.205134,
        "nauc_map_at_10_max": 0.227618,
        "nauc_map_at_10_std": 0.181274,
        "nauc_map_at_10_diff1": 0.173839,
        "nauc_map_at_20_max": 0.210329,
        "nauc_map_at_20_std": 0.191819,
        "nauc_map_at_20_diff1": 0.178019,
        "nauc_map_at_100_max": 0.204089,
        "nauc_map_at_100_std": 0.193876,
        "nauc_map_at_100_diff1": 0.173471,
        "nauc_map_at_1000_max": 0.201951,
        "nauc_map_at_1000_std": 0.192787,
        "nauc_map_at_1000_diff1": 0.172077,
        "nauc_recall_at_1_max": 0.252392,
        "nauc_recall_at_1_std": 0.031926,
        "nauc_recall_at_1_diff1": 0.183616,
        "nauc_recall_at_3_max": 0.279688,
        "nauc_recall_at_3_std": 0.224237,
        "nauc_recall_at_3_diff1": 0.318813,
        "nauc_recall_at_5_max": 0.253863,
        "nauc_recall_at_5_std": 0.312574,
        "nauc_recall_at_5_diff1": 0.23049,
        "nauc_recall_at_10_max": 0.187122,
        "nauc_recall_at_10_std": 0.217218,
        "nauc_recall_at_10_diff1": 0.124495,
        "nauc_recall_at_20_max": 0.110384,
        "nauc_recall_at_20_std": 0.260415,
        "nauc_recall_at_20_diff1": 0.159591,
        "nauc_recall_at_100_max": 0.104789,
        "nauc_recall_at_100_std": 0.209852,
        "nauc_recall_at_100_diff1": 0.129595,
        "nauc_recall_at_1000_max": 0.078972,
        "nauc_recall_at_1000_std": 0.139946,
        "nauc_recall_at_1000_diff1": 0.062565,
        "nauc_precision_at_1_max": 0.113058,
        "nauc_precision_at_1_std": 0.016729,
        "nauc_precision_at_1_diff1": 0.072532,
        "nauc_precision_at_3_max": 0.193181,
        "nauc_precision_at_3_std": 0.172016,
        "nauc_precision_at_3_diff1": 0.171627,
        "nauc_precision_at_5_max": 0.196525,
        "nauc_precision_at_5_std": 0.265419,
        "nauc_precision_at_5_diff1": 0.141113,
        "nauc_precision_at_10_max": 0.125053,
        "nauc_precision_at_10_std": 0.20524,
        "nauc_precision_at_10_diff1": 0.054789,
        "nauc_precision_at_20_max": 0.086435,
        "nauc_precision_at_20_std": 0.261221,
        "nauc_precision_at_20_diff1": 0.108762,
        "nauc_precision_at_100_max": 0.097217,
        "nauc_precision_at_100_std": 0.21293,
        "nauc_precision_at_100_diff1": 0.106977,
        "nauc_precision_at_1000_max": 0.081764,
        "nauc_precision_at_1000_std": 0.126013,
        "nauc_precision_at_1000_diff1": 0.083066,
        "nauc_mrr_at_1_max": 0.113058,
        "nauc_mrr_at_1_std": 0.016729,
        "nauc_mrr_at_1_diff1": 0.072532,
        "nauc_mrr_at_3_max": 0.162201,
        "nauc_mrr_at_3_std": 0.123559,
        "nauc_mrr_at_3_diff1": 0.129002,
        "nauc_mrr_at_5_max": 0.168468,
        "nauc_mrr_at_5_std": 0.159801,
        "nauc_mrr_at_5_diff1": 0.124538,
        "nauc_mrr_at_10_max": 0.148477,
        "nauc_mrr_at_10_std": 0.150221,
        "nauc_mrr_at_10_diff1": 0.106826,
        "nauc_mrr_at_20_max": 0.1353,
        "nauc_mrr_at_20_std": 0.161997,
        "nauc_mrr_at_20_diff1": 0.112973,
        "nauc_mrr_at_100_max": 0.133645,
        "nauc_mrr_at_100_std": 0.159126,
        "nauc_mrr_at_100_diff1": 0.113544,
        "nauc_mrr_at_1000_max": 0.134733,
        "nauc_mrr_at_1000_std": 0.15769,
        "nauc_mrr_at_1000_diff1": 0.112602,
        "main_score": 0.0268,
        "hf_subset": "default",
        "languages": [
          "eng-Latn"
        ]
      }
    ]
  },
  "evaluation_time": 475.16400146484375,
  "kg_co2_emissions": null
}