{
  "dataset_revision": "27a168819829fe9bcd655c2df245fb19452e8e06",
  "task_name": "FiQA2018",
  "mteb_version": "1.39.7",
  "scores": {
    "test": [
      {
        "ndcg_at_1": 0.23302,
        "ndcg_at_3": 0.22623,
        "ndcg_at_5": 0.236,
        "ndcg_at_10": 0.2597,
        "ndcg_at_20": 0.27754,
        "ndcg_at_100": 0.31664,
        "ndcg_at_1000": 0.35658,
        "map_at_1": 0.11488,
        "map_at_3": 0.16769,
        "map_at_5": 0.18288,
        "map_at_10": 0.19664,
        "map_at_20": 0.20296,
        "map_at_100": 0.20982,
        "map_at_1000": 0.2118,
        "recall_at_1": 0.11488,
        "recall_at_3": 0.20631,
        "recall_at_5": 0.25081,
        "recall_at_10": 0.32259,
        "recall_at_20": 0.37783,
        "recall_at_100": 0.5399,
        "recall_at_1000": 0.7874,
        "precision_at_1": 0.23302,
        "precision_at_3": 0.15689,
        "precision_at_5": 0.11543,
        "precision_at_10": 0.07654,
        "precision_at_20": 0.04545,
        "precision_at_100": 0.01364,
        "precision_at_1000": 0.00204,
        "mrr_at_1": 0.233025,
        "mrr_at_3": 0.295525,
        "mrr_at_5": 0.307022,
        "mrr_at_10": 0.319181,
        "mrr_at_20": 0.323673,
        "mrr_at_100": 0.327297,
        "mrr_at_1000": 0.328078,
        "nauc_ndcg_at_1_max": 0.137299,
        "nauc_ndcg_at_1_std": -0.083121,
        "nauc_ndcg_at_1_diff1": 0.387824,
        "nauc_ndcg_at_3_max": 0.159604,
        "nauc_ndcg_at_3_std": -0.032279,
        "nauc_ndcg_at_3_diff1": 0.346202,
        "nauc_ndcg_at_5_max": 0.147799,
        "nauc_ndcg_at_5_std": -0.047054,
        "nauc_ndcg_at_5_diff1": 0.341664,
        "nauc_ndcg_at_10_max": 0.151611,
        "nauc_ndcg_at_10_std": -0.018971,
        "nauc_ndcg_at_10_diff1": 0.332995,
        "nauc_ndcg_at_20_max": 0.14761,
        "nauc_ndcg_at_20_std": -0.01299,
        "nauc_ndcg_at_20_diff1": 0.328678,
        "nauc_ndcg_at_100_max": 0.1653,
        "nauc_ndcg_at_100_std": 0.025074,
        "nauc_ndcg_at_100_diff1": 0.317089,
        "nauc_ndcg_at_1000_max": 0.184013,
        "nauc_ndcg_at_1000_std": 0.044763,
        "nauc_ndcg_at_1000_diff1": 0.312735,
        "nauc_map_at_1_max": 0.086136,
        "nauc_map_at_1_std": -0.113335,
        "nauc_map_at_1_diff1": 0.426095,
        "nauc_map_at_3_max": 0.128255,
        "nauc_map_at_3_std": -0.052826,
        "nauc_map_at_3_diff1": 0.383169,
        "nauc_map_at_5_max": 0.136431,
        "nauc_map_at_5_std": -0.058048,
        "nauc_map_at_5_diff1": 0.372884,
        "nauc_map_at_10_max": 0.140674,
        "nauc_map_at_10_std": -0.043454,
        "nauc_map_at_10_diff1": 0.362347,
        "nauc_map_at_20_max": 0.140797,
        "nauc_map_at_20_std": -0.039899,
        "nauc_map_at_20_diff1": 0.359802,
        "nauc_map_at_100_max": 0.14617,
        "nauc_map_at_100_std": -0.031516,
        "nauc_map_at_100_diff1": 0.357442,
        "nauc_map_at_1000_max": 0.147244,
        "nauc_map_at_1000_std": -0.029766,
        "nauc_map_at_1000_diff1": 0.356783,
        "nauc_recall_at_1_max": 0.086136,
        "nauc_recall_at_1_std": -0.113335,
        "nauc_recall_at_1_diff1": 0.426095,
        "nauc_recall_at_3_max": 0.11704,
        "nauc_recall_at_3_std": -0.018816,
        "nauc_recall_at_3_diff1": 0.330812,
        "nauc_recall_at_5_max": 0.106778,
        "nauc_recall_at_5_std": -0.045276,
        "nauc_recall_at_5_diff1": 0.288955,
        "nauc_recall_at_10_max": 0.123942,
        "nauc_recall_at_10_std": 0.017645,
        "nauc_recall_at_10_diff1": 0.247611,
        "nauc_recall_at_20_max": 0.106235,
        "nauc_recall_at_20_std": 0.027969,
        "nauc_recall_at_20_diff1": 0.230601,
        "nauc_recall_at_100_max": 0.136993,
        "nauc_recall_at_100_std": 0.163549,
        "nauc_recall_at_100_diff1": 0.166487,
        "nauc_recall_at_1000_max": 0.255889,
        "nauc_recall_at_1000_std": 0.389477,
        "nauc_recall_at_1000_diff1": 0.077117,
        "nauc_precision_at_1_max": 0.137299,
        "nauc_precision_at_1_std": -0.083121,
        "nauc_precision_at_1_diff1": 0.387824,
        "nauc_precision_at_3_max": 0.216311,
        "nauc_precision_at_3_std": 0.015078,
        "nauc_precision_at_3_diff1": 0.275182,
        "nauc_precision_at_5_max": 0.222147,
        "nauc_precision_at_5_std": 0.012163,
        "nauc_precision_at_5_diff1": 0.238795,
        "nauc_precision_at_10_max": 0.222094,
        "nauc_precision_at_10_std": 0.075431,
        "nauc_precision_at_10_diff1": 0.170077,
        "nauc_precision_at_20_max": 0.211706,
        "nauc_precision_at_20_std": 0.106439,
        "nauc_precision_at_20_diff1": 0.134036,
        "nauc_precision_at_100_max": 0.23667,
        "nauc_precision_at_100_std": 0.19836,
        "nauc_precision_at_100_diff1": 0.048072,
        "nauc_precision_at_1000_max": 0.264648,
        "nauc_precision_at_1000_std": 0.227802,
        "nauc_precision_at_1000_diff1": -0.016742,
        "nauc_mrr_at_1_max": 0.137299,
        "nauc_mrr_at_1_std": -0.083121,
        "nauc_mrr_at_1_diff1": 0.387824,
        "nauc_mrr_at_3_max": 0.1608,
        "nauc_mrr_at_3_std": -0.039569,
        "nauc_mrr_at_3_diff1": 0.354499,
        "nauc_mrr_at_5_max": 0.155064,
        "nauc_mrr_at_5_std": -0.048837,
        "nauc_mrr_at_5_diff1": 0.344645,
        "nauc_mrr_at_10_max": 0.159932,
        "nauc_mrr_at_10_std": -0.035972,
        "nauc_mrr_at_10_diff1": 0.339768,
        "nauc_mrr_at_20_max": 0.159319,
        "nauc_mrr_at_20_std": -0.034874,
        "nauc_mrr_at_20_diff1": 0.33763,
        "nauc_mrr_at_100_max": 0.16104,
        "nauc_mrr_at_100_std": -0.032627,
        "nauc_mrr_at_100_diff1": 0.337794,
        "nauc_mrr_at_1000_max": 0.16114,
        "nauc_mrr_at_1000_std": -0.032537,
        "nauc_mrr_at_1000_diff1": 0.337969,
        "main_score": 0.2597,
        "hf_subset": "default",
        "languages": [
          "eng-Latn"
        ]
      }
    ]
  },
  "evaluation_time": 137.7745258808136,
  "kg_co2_emissions": null
}