{
  "dataset_revision": "c22ab2a51041ffd869aaddef7af8d8215647e41a",
  "task_name": "ArguAna",
  "mteb_version": "1.39.7",
  "scores": {
    "test": [
      {
        "ndcg_at_1": 0.13798,
        "ndcg_at_3": 0.23047,
        "ndcg_at_5": 0.26846,
        "ndcg_at_10": 0.3143,
        "ndcg_at_20": 0.34642,
        "ndcg_at_100": 0.37491,
        "ndcg_at_1000": 0.39101,
        "map_at_1": 0.13798,
        "map_at_3": 0.20721,
        "map_at_5": 0.2284,
        "map_at_10": 0.24749,
        "map_at_20": 0.25637,
        "map_at_100": 0.26034,
        "map_at_1000": 0.26084,
        "recall_at_1": 0.13798,
        "recall_at_3": 0.29801,
        "recall_at_5": 0.38976,
        "recall_at_10": 0.53058,
        "recall_at_20": 0.65718,
        "recall_at_100": 0.8101,
        "recall_at_1000": 0.9431,
        "precision_at_1": 0.13798,
        "precision_at_3": 0.09934,
        "precision_at_5": 0.07795,
        "precision_at_10": 0.05306,
        "precision_at_20": 0.03286,
        "precision_at_100": 0.0081,
        "precision_at_1000": 0.00094,
        "mrr_at_1": 0.139403,
        "mrr_at_3": 0.2078,
        "mrr_at_5": 0.229066,
        "mrr_at_10": 0.247976,
        "mrr_at_20": 0.256921,
        "mrr_at_100": 0.26089,
        "mrr_at_1000": 0.261383,
        "nauc_ndcg_at_1_max": -0.028677,
        "nauc_ndcg_at_1_std": 0.042319,
        "nauc_ndcg_at_1_diff1": 0.137602,
        "nauc_ndcg_at_3_max": 0.033198,
        "nauc_ndcg_at_3_std": 0.089297,
        "nauc_ndcg_at_3_diff1": 0.065709,
        "nauc_ndcg_at_5_max": 0.044051,
        "nauc_ndcg_at_5_std": 0.104321,
        "nauc_ndcg_at_5_diff1": 0.052333,
        "nauc_ndcg_at_10_max": 0.083559,
        "nauc_ndcg_at_10_std": 0.136065,
        "nauc_ndcg_at_10_diff1": 0.060454,
        "nauc_ndcg_at_20_max": 0.106881,
        "nauc_ndcg_at_20_std": 0.152744,
        "nauc_ndcg_at_20_diff1": 0.064195,
        "nauc_ndcg_at_100_max": 0.098356,
        "nauc_ndcg_at_100_std": 0.156084,
        "nauc_ndcg_at_100_diff1": 0.062553,
        "nauc_ndcg_at_1000_max": 0.085903,
        "nauc_ndcg_at_1000_std": 0.140806,
        "nauc_ndcg_at_1000_diff1": 0.065946,
        "nauc_map_at_1_max": -0.028677,
        "nauc_map_at_1_std": 0.042319,
        "nauc_map_at_1_diff1": 0.137602,
        "nauc_map_at_3_max": 0.019546,
        "nauc_map_at_3_std": 0.079988,
        "nauc_map_at_3_diff1": 0.079368,
        "nauc_map_at_5_max": 0.026329,
        "nauc_map_at_5_std": 0.089441,
        "nauc_map_at_5_diff1": 0.071284,
        "nauc_map_at_10_max": 0.043495,
        "nauc_map_at_10_std": 0.102955,
        "nauc_map_at_10_diff1": 0.075391,
        "nauc_map_at_20_max": 0.049756,
        "nauc_map_at_20_std": 0.10777,
        "nauc_map_at_20_diff1": 0.07644,
        "nauc_map_at_100_max": 0.048241,
        "nauc_map_at_100_std": 0.108241,
        "nauc_map_at_100_diff1": 0.076475,
        "nauc_map_at_1000_max": 0.047794,
        "nauc_map_at_1000_std": 0.107722,
        "nauc_map_at_1000_diff1": 0.07656,
        "nauc_recall_at_1_max": -0.028677,
        "nauc_recall_at_1_std": 0.042319,
        "nauc_recall_at_1_diff1": 0.137602,
        "nauc_recall_at_3_max": 0.065264,
        "nauc_recall_at_3_std": 0.110858,
        "nauc_recall_at_3_diff1": 0.034254,
        "nauc_recall_at_5_max": 0.08529,
        "nauc_recall_at_5_std": 0.139003,
        "nauc_recall_at_5_diff1": 0.008467,
        "nauc_recall_at_10_max": 0.193286,
        "nauc_recall_at_10_std": 0.227058,
        "nauc_recall_at_10_diff1": 0.025751,
        "nauc_recall_at_20_max": 0.304302,
        "nauc_recall_at_20_std": 0.306056,
        "nauc_recall_at_20_diff1": 0.034868,
        "nauc_recall_at_100_max": 0.350544,
        "nauc_recall_at_100_std": 0.41227,
        "nauc_recall_at_100_diff1": 0.003512,
        "nauc_recall_at_1000_max": 0.445558,
        "nauc_recall_at_1000_std": 0.421765,
        "nauc_recall_at_1000_diff1": 0.005497,
        "nauc_precision_at_1_max": -0.028677,
        "nauc_precision_at_1_std": 0.042319,
        "nauc_precision_at_1_diff1": 0.137602,
        "nauc_precision_at_3_max": 0.065264,
        "nauc_precision_at_3_std": 0.110858,
        "nauc_precision_at_3_diff1": 0.034254,
        "nauc_precision_at_5_max": 0.08529,
        "nauc_precision_at_5_std": 0.139003,
        "nauc_precision_at_5_diff1": 0.008467,
        "nauc_precision_at_10_max": 0.193286,
        "nauc_precision_at_10_std": 0.227058,
        "nauc_precision_at_10_diff1": 0.025751,
        "nauc_precision_at_20_max": 0.304302,
        "nauc_precision_at_20_std": 0.306056,
        "nauc_precision_at_20_diff1": 0.034868,
        "nauc_precision_at_100_max": 0.350544,
        "nauc_precision_at_100_std": 0.41227,
        "nauc_precision_at_100_diff1": 0.003512,
        "nauc_precision_at_1000_max": 0.445558,
        "nauc_precision_at_1000_std": 0.421765,
        "nauc_precision_at_1000_diff1": 0.005497,
        "nauc_mrr_at_1_max": -0.031419,
        "nauc_mrr_at_1_std": 0.039317,
        "nauc_mrr_at_1_diff1": 0.130092,
        "nauc_mrr_at_3_max": 0.016187,
        "nauc_mrr_at_3_std": 0.079019,
        "nauc_mrr_at_3_diff1": 0.076259,
        "nauc_mrr_at_5_max": 0.023328,
        "nauc_mrr_at_5_std": 0.089213,
        "nauc_mrr_at_5_diff1": 0.06703,
        "nauc_mrr_at_10_max": 0.039804,
        "nauc_mrr_at_10_std": 0.10172,
        "nauc_mrr_at_10_diff1": 0.070245,
        "nauc_mrr_at_20_max": 0.046399,
        "nauc_mrr_at_20_std": 0.106646,
        "nauc_mrr_at_20_diff1": 0.07162,
        "nauc_mrr_at_100_max": 0.044838,
        "nauc_mrr_at_100_std": 0.107104,
        "nauc_mrr_at_100_diff1": 0.071583,
        "nauc_mrr_at_1000_max": 0.044387,
        "nauc_mrr_at_1000_std": 0.106584,
        "nauc_mrr_at_1000_diff1": 0.07166,
        "main_score": 0.3143,
        "hf_subset": "default",
        "languages": [
          "eng-Latn"
        ]
      }
    ]
  },
  "evaluation_time": 19.092032432556152,
  "kg_co2_emissions": null
}