{
  "dataset_revision": "c22ab2a51041ffd869aaddef7af8d8215647e41a",
  "task_name": "ArguAna",
  "mteb_version": "1.39.7",
  "scores": {
    "test": [
      {
        "ndcg_at_1": 0.26529,
        "ndcg_at_3": 0.41202,
        "ndcg_at_5": 0.45955,
        "ndcg_at_10": 0.50618,
        "ndcg_at_20": 0.52818,
        "ndcg_at_100": 0.54506,
        "ndcg_at_1000": 0.54989,
        "map_at_1": 0.26529,
        "map_at_3": 0.37553,
        "map_at_5": 0.40178,
        "map_at_10": 0.42113,
        "map_at_20": 0.4273,
        "map_at_100": 0.42965,
        "map_at_1000": 0.42985,
        "recall_at_1": 0.26529,
        "recall_at_3": 0.51778,
        "recall_at_5": 0.63371,
        "recall_at_10": 0.77738,
        "recall_at_20": 0.86344,
        "recall_at_100": 0.95448,
        "recall_at_1000": 0.99147,
        "precision_at_1": 0.26529,
        "precision_at_3": 0.17259,
        "precision_at_5": 0.12674,
        "precision_at_10": 0.07774,
        "precision_at_20": 0.04317,
        "precision_at_100": 0.00954,
        "precision_at_1000": 0.00099,
        "mrr_at_1": 0.268848,
        "mrr_at_3": 0.3766,
        "mrr_at_5": 0.402952,
        "mrr_at_10": 0.422468,
        "mrr_at_20": 0.42874,
        "mrr_at_100": 0.431056,
        "mrr_at_1000": 0.431259,
        "nauc_ndcg_at_1_max": -0.040112,
        "nauc_ndcg_at_1_std": -0.07482,
        "nauc_ndcg_at_1_diff1": 0.164937,
        "nauc_ndcg_at_3_max": 0.00221,
        "nauc_ndcg_at_3_std": -0.071677,
        "nauc_ndcg_at_3_diff1": 0.133055,
        "nauc_ndcg_at_5_max": 0.012191,
        "nauc_ndcg_at_5_std": -0.058776,
        "nauc_ndcg_at_5_diff1": 0.122502,
        "nauc_ndcg_at_10_max": 0.015806,
        "nauc_ndcg_at_10_std": -0.053634,
        "nauc_ndcg_at_10_diff1": 0.123471,
        "nauc_ndcg_at_20_max": 0.014079,
        "nauc_ndcg_at_20_std": -0.051767,
        "nauc_ndcg_at_20_diff1": 0.123857,
        "nauc_ndcg_at_100_max": 0.011426,
        "nauc_ndcg_at_100_std": -0.047355,
        "nauc_ndcg_at_100_diff1": 0.129447,
        "nauc_ndcg_at_1000_max": 0.006593,
        "nauc_ndcg_at_1000_std": -0.054273,
        "nauc_ndcg_at_1000_diff1": 0.129466,
        "nauc_map_at_1_max": -0.040112,
        "nauc_map_at_1_std": -0.07482,
        "nauc_map_at_1_diff1": 0.164937,
        "nauc_map_at_3_max": -0.009153,
        "nauc_map_at_3_std": -0.073657,
        "nauc_map_at_3_diff1": 0.138875,
        "nauc_map_at_5_max": -0.003958,
        "nauc_map_at_5_std": -0.06655,
        "nauc_map_at_5_diff1": 0.133429,
        "nauc_map_at_10_max": -0.003141,
        "nauc_map_at_10_std": -0.06497,
        "nauc_map_at_10_diff1": 0.134042,
        "nauc_map_at_20_max": -0.003669,
        "nauc_map_at_20_std": -0.06455,
        "nauc_map_at_20_diff1": 0.134145,
        "nauc_map_at_100_max": -0.003741,
        "nauc_map_at_100_std": -0.064207,
        "nauc_map_at_100_diff1": 0.135118,
        "nauc_map_at_1000_max": -0.003885,
        "nauc_map_at_1000_std": -0.06439,
        "nauc_map_at_1000_diff1": 0.135116,
        "nauc_recall_at_1_max": -0.040112,
        "nauc_recall_at_1_std": -0.07482,
        "nauc_recall_at_1_diff1": 0.164937,
        "nauc_recall_at_3_max": 0.035005,
        "nauc_recall_at_3_std": -0.065564,
        "nauc_recall_at_3_diff1": 0.117221,
        "nauc_recall_at_5_max": 0.065851,
        "nauc_recall_at_5_std": -0.03148,
        "nauc_recall_at_5_diff1": 0.086527,
        "nauc_recall_at_10_max": 0.105818,
        "nauc_recall_at_10_std": 0.004387,
        "nauc_recall_at_10_diff1": 0.075855,
        "nauc_recall_at_20_max": 0.136923,
        "nauc_recall_at_20_std": 0.0485,
        "nauc_recall_at_20_diff1": 0.05586,
        "nauc_recall_at_100_max": 0.25552,
        "nauc_recall_at_100_std": 0.374126,
        "nauc_recall_at_100_diff1": 0.071489,
        "nauc_recall_at_1000_max": 0.169975,
        "nauc_recall_at_1000_std": 0.518476,
        "nauc_recall_at_1000_diff1": -0.162341,
        "nauc_precision_at_1_max": -0.040112,
        "nauc_precision_at_1_std": -0.07482,
        "nauc_precision_at_1_diff1": 0.164937,
        "nauc_precision_at_3_max": 0.035005,
        "nauc_precision_at_3_std": -0.065564,
        "nauc_precision_at_3_diff1": 0.117221,
        "nauc_precision_at_5_max": 0.065851,
        "nauc_precision_at_5_std": -0.03148,
        "nauc_precision_at_5_diff1": 0.086527,
        "nauc_precision_at_10_max": 0.105818,
        "nauc_precision_at_10_std": 0.004387,
        "nauc_precision_at_10_diff1": 0.075855,
        "nauc_precision_at_20_max": 0.136923,
        "nauc_precision_at_20_std": 0.0485,
        "nauc_precision_at_20_diff1": 0.05586,
        "nauc_precision_at_100_max": 0.25552,
        "nauc_precision_at_100_std": 0.374126,
        "nauc_precision_at_100_diff1": 0.071489,
        "nauc_precision_at_1000_max": 0.169975,
        "nauc_precision_at_1000_std": 0.518476,
        "nauc_precision_at_1000_diff1": -0.162341,
        "nauc_mrr_at_1_max": -0.045886,
        "nauc_mrr_at_1_std": -0.072299,
        "nauc_mrr_at_1_diff1": 0.153085,
        "nauc_mrr_at_3_max": -0.019891,
        "nauc_mrr_at_3_std": -0.074139,
        "nauc_mrr_at_3_diff1": 0.126301,
        "nauc_mrr_at_5_max": -0.014282,
        "nauc_mrr_at_5_std": -0.066677,
        "nauc_mrr_at_5_diff1": 0.121555,
        "nauc_mrr_at_10_max": -0.01238,
        "nauc_mrr_at_10_std": -0.064187,
        "nauc_mrr_at_10_diff1": 0.12217,
        "nauc_mrr_at_20_max": -0.012702,
        "nauc_mrr_at_20_std": -0.063641,
        "nauc_mrr_at_20_diff1": 0.122331,
        "nauc_mrr_at_100_max": -0.01287,
        "nauc_mrr_at_100_std": -0.063309,
        "nauc_mrr_at_100_diff1": 0.123301,
        "nauc_mrr_at_1000_max": -0.01302,
        "nauc_mrr_at_1000_std": -0.063491,
        "nauc_mrr_at_1000_diff1": 0.123291,
        "main_score": 0.50618,
        "hf_subset": "default",
        "languages": [
          "eng-Latn"
        ]
      }
    ]
  },
  "evaluation_time": 8.549681901931763,
  "kg_co2_emissions": null
}