{
  "dataset_revision": "ec0fa4fe99da2ff19ca1214b7966684033a58814",
  "task_name": "NFCorpus",
  "mteb_version": "1.39.7",
  "scores": {
    "test": [
      {
        "ndcg_at_1": 0.31734,
        "ndcg_at_3": 0.27991,
        "ndcg_at_5": 0.25997,
        "ndcg_at_10": 0.2338,
        "ndcg_at_20": 0.21411,
        "ndcg_at_100": 0.20922,
        "ndcg_at_1000": 0.29947,
        "map_at_1": 0.04081,
        "map_at_3": 0.06084,
        "map_at_5": 0.06937,
        "map_at_10": 0.0801,
        "map_at_20": 0.08717,
        "map_at_100": 0.09662,
        "map_at_1000": 0.10612,
        "recall_at_1": 0.04081,
        "recall_at_3": 0.06779,
        "recall_at_5": 0.0821,
        "recall_at_10": 0.10601,
        "recall_at_20": 0.13213,
        "recall_at_100": 0.20598,
        "recall_at_1000": 0.53203,
        "precision_at_1": 0.32817,
        "precision_at_3": 0.26006,
        "precision_at_5": 0.22229,
        "precision_at_10": 0.17059,
        "precision_at_20": 0.12245,
        "precision_at_100": 0.05146,
        "precision_at_1000": 0.01701,
        "mrr_at_1": 0.328173,
        "mrr_at_3": 0.400929,
        "mrr_at_5": 0.410836,
        "mrr_at_10": 0.418862,
        "mrr_at_20": 0.422953,
        "mrr_at_100": 0.425969,
        "mrr_at_1000": 0.42662,
        "nauc_ndcg_at_1_max": 0.399773,
        "nauc_ndcg_at_1_std": 0.263145,
        "nauc_ndcg_at_1_diff1": 0.374856,
        "nauc_ndcg_at_3_max": 0.415954,
        "nauc_ndcg_at_3_std": 0.288655,
        "nauc_ndcg_at_3_diff1": 0.283927,
        "nauc_ndcg_at_5_max": 0.410959,
        "nauc_ndcg_at_5_std": 0.274296,
        "nauc_ndcg_at_5_diff1": 0.266413,
        "nauc_ndcg_at_10_max": 0.400539,
        "nauc_ndcg_at_10_std": 0.257205,
        "nauc_ndcg_at_10_diff1": 0.247132,
        "nauc_ndcg_at_20_max": 0.40904,
        "nauc_ndcg_at_20_std": 0.261141,
        "nauc_ndcg_at_20_diff1": 0.26547,
        "nauc_ndcg_at_100_max": 0.451869,
        "nauc_ndcg_at_100_std": 0.281594,
        "nauc_ndcg_at_100_diff1": 0.301012,
        "nauc_ndcg_at_1000_max": 0.515107,
        "nauc_ndcg_at_1000_std": 0.357625,
        "nauc_ndcg_at_1000_diff1": 0.27791,
        "nauc_map_at_1_max": 0.229584,
        "nauc_map_at_1_std": -0.038246,
        "nauc_map_at_1_diff1": 0.398266,
        "nauc_map_at_3_max": 0.308016,
        "nauc_map_at_3_std": 0.01632,
        "nauc_map_at_3_diff1": 0.382449,
        "nauc_map_at_5_max": 0.330361,
        "nauc_map_at_5_std": 0.042803,
        "nauc_map_at_5_diff1": 0.360136,
        "nauc_map_at_10_max": 0.361572,
        "nauc_map_at_10_std": 0.090506,
        "nauc_map_at_10_diff1": 0.328964,
        "nauc_map_at_20_max": 0.377343,
        "nauc_map_at_20_std": 0.121809,
        "nauc_map_at_20_diff1": 0.328382,
        "nauc_map_at_100_max": 0.390111,
        "nauc_map_at_100_std": 0.161557,
        "nauc_map_at_100_diff1": 0.317627,
        "nauc_map_at_1000_max": 0.394239,
        "nauc_map_at_1000_std": 0.184387,
        "nauc_map_at_1000_diff1": 0.304617,
        "nauc_recall_at_1_max": 0.229584,
        "nauc_recall_at_1_std": -0.038246,
        "nauc_recall_at_1_diff1": 0.398266,
        "nauc_recall_at_3_max": 0.302919,
        "nauc_recall_at_3_std": 0.017882,
        "nauc_recall_at_3_diff1": 0.347763,
        "nauc_recall_at_5_max": 0.31011,
        "nauc_recall_at_5_std": 0.033598,
        "nauc_recall_at_5_diff1": 0.311373,
        "nauc_recall_at_10_max": 0.349583,
        "nauc_recall_at_10_std": 0.091334,
        "nauc_recall_at_10_diff1": 0.26883,
        "nauc_recall_at_20_max": 0.368496,
        "nauc_recall_at_20_std": 0.148981,
        "nauc_recall_at_20_diff1": 0.262123,
        "nauc_recall_at_100_max": 0.385106,
        "nauc_recall_at_100_std": 0.246324,
        "nauc_recall_at_100_diff1": 0.23739,
        "nauc_recall_at_1000_max": 0.301143,
        "nauc_recall_at_1000_std": 0.275954,
        "nauc_recall_at_1000_diff1": 0.069255,
        "nauc_precision_at_1_max": 0.408159,
        "nauc_precision_at_1_std": 0.260586,
        "nauc_precision_at_1_diff1": 0.36566,
        "nauc_precision_at_3_max": 0.427957,
        "nauc_precision_at_3_std": 0.335367,
        "nauc_precision_at_3_diff1": 0.223563,
        "nauc_precision_at_5_max": 0.410547,
        "nauc_precision_at_5_std": 0.334655,
        "nauc_precision_at_5_diff1": 0.173286,
        "nauc_precision_at_10_max": 0.364272,
        "nauc_precision_at_10_std": 0.340258,
        "nauc_precision_at_10_diff1": 0.103607,
        "nauc_precision_at_20_max": 0.317783,
        "nauc_precision_at_20_std": 0.360821,
        "nauc_precision_at_20_diff1": 0.081399,
        "nauc_precision_at_100_max": 0.201104,
        "nauc_precision_at_100_std": 0.336945,
        "nauc_precision_at_100_diff1": -0.007225,
        "nauc_precision_at_1000_max": 0.029882,
        "nauc_precision_at_1000_std": 0.197106,
        "nauc_precision_at_1000_diff1": -0.103111,
        "nauc_mrr_at_1_max": 0.408159,
        "nauc_mrr_at_1_std": 0.260586,
        "nauc_mrr_at_1_diff1": 0.36566,
        "nauc_mrr_at_3_max": 0.424507,
        "nauc_mrr_at_3_std": 0.288073,
        "nauc_mrr_at_3_diff1": 0.345292,
        "nauc_mrr_at_5_max": 0.425273,
        "nauc_mrr_at_5_std": 0.292251,
        "nauc_mrr_at_5_diff1": 0.345666,
        "nauc_mrr_at_10_max": 0.43415,
        "nauc_mrr_at_10_std": 0.299923,
        "nauc_mrr_at_10_diff1": 0.343785,
        "nauc_mrr_at_20_max": 0.439912,
        "nauc_mrr_at_20_std": 0.302758,
        "nauc_mrr_at_20_diff1": 0.342626,
        "nauc_mrr_at_100_max": 0.439635,
        "nauc_mrr_at_100_std": 0.30214,
        "nauc_mrr_at_100_diff1": 0.344476,
        "nauc_mrr_at_1000_max": 0.439256,
        "nauc_mrr_at_1000_std": 0.301856,
        "nauc_mrr_at_1000_diff1": 0.34433,
        "main_score": 0.2338,
        "hf_subset": "default",
        "languages": [
          "eng-Latn"
        ]
      }
    ]
  },
  "evaluation_time": 8.011001348495483,
  "kg_co2_emissions": null
}