{
  "dataset_revision": "0228b52cf27578f30900b9e5271d331663a030d7",
  "task_name": "SciFact",
  "mteb_version": "1.39.7",
  "scores": {
    "test": [
      {
        "ndcg_at_1": 0.02333,
        "ndcg_at_3": 0.04041,
        "ndcg_at_5": 0.04786,
        "ndcg_at_10": 0.05536,
        "ndcg_at_20": 0.0654,
        "ndcg_at_100": 0.09716,
        "ndcg_at_1000": 0.13716,
        "map_at_1": 0.01833,
        "map_at_3": 0.033,
        "map_at_5": 0.03783,
        "map_at_10": 0.04055,
        "map_at_20": 0.04319,
        "map_at_100": 0.04713,
        "map_at_1000": 0.04825,
        "recall_at_1": 0.01833,
        "recall_at_3": 0.053,
        "recall_at_5": 0.073,
        "recall_at_10": 0.09744,
        "recall_at_20": 0.13689,
        "recall_at_100": 0.30989,
        "recall_at_1000": 0.6395,
        "precision_at_1": 0.02333,
        "precision_at_3": 0.02111,
        "precision_at_5": 0.01667,
        "precision_at_10": 0.011,
        "precision_at_20": 0.00767,
        "precision_at_100": 0.0036,
        "precision_at_1000": 0.00074,
        "mrr_at_1": 0.023333,
        "mrr_at_3": 0.038889,
        "mrr_at_5": 0.043722,
        "mrr_at_10": 0.046713,
        "mrr_at_20": 0.049558,
        "mrr_at_100": 0.053242,
        "mrr_at_1000": 0.054297,
        "nauc_ndcg_at_1_max": -0.030396,
        "nauc_ndcg_at_1_std": 0.525087,
        "nauc_ndcg_at_1_diff1": 0.10238,
        "nauc_ndcg_at_3_max": 0.049812,
        "nauc_ndcg_at_3_std": 0.119959,
        "nauc_ndcg_at_3_diff1": -0.036419,
        "nauc_ndcg_at_5_max": 0.004635,
        "nauc_ndcg_at_5_std": 0.102617,
        "nauc_ndcg_at_5_diff1": -0.030688,
        "nauc_ndcg_at_10_max": -0.000147,
        "nauc_ndcg_at_10_std": 0.121378,
        "nauc_ndcg_at_10_diff1": -0.002378,
        "nauc_ndcg_at_20_max": 0.04419,
        "nauc_ndcg_at_20_std": 0.11835,
        "nauc_ndcg_at_20_diff1": -0.007372,
        "nauc_ndcg_at_100_max": 0.045108,
        "nauc_ndcg_at_100_std": 0.134524,
        "nauc_ndcg_at_100_diff1": -0.027899,
        "nauc_ndcg_at_1000_max": 0.077694,
        "nauc_ndcg_at_1000_std": 0.108932,
        "nauc_ndcg_at_1000_diff1": -0.018337,
        "nauc_map_at_1_max": -0.188477,
        "nauc_map_at_1_std": 0.395566,
        "nauc_map_at_1_diff1": 0.072713,
        "nauc_map_at_3_max": -0.000742,
        "nauc_map_at_3_std": 0.135584,
        "nauc_map_at_3_diff1": -0.036959,
        "nauc_map_at_5_max": -0.021961,
        "nauc_map_at_5_std": 0.125269,
        "nauc_map_at_5_diff1": -0.027153,
        "nauc_map_at_10_max": -0.02456,
        "nauc_map_at_10_std": 0.134201,
        "nauc_map_at_10_diff1": -0.012673,
        "nauc_map_at_20_max": -0.005896,
        "nauc_map_at_20_std": 0.13382,
        "nauc_map_at_20_diff1": -0.015282,
        "nauc_map_at_100_max": -0.000706,
        "nauc_map_at_100_std": 0.136455,
        "nauc_map_at_100_diff1": -0.019643,
        "nauc_map_at_1000_max": 0.00131,
        "nauc_map_at_1000_std": 0.13458,
        "nauc_map_at_1000_diff1": -0.019808,
        "nauc_recall_at_1_max": -0.188477,
        "nauc_recall_at_1_std": 0.395566,
        "nauc_recall_at_1_diff1": 0.072713,
        "nauc_recall_at_3_max": 0.069344,
        "nauc_recall_at_3_std": 0.031062,
        "nauc_recall_at_3_diff1": -0.084218,
        "nauc_recall_at_5_max": 0.009119,
        "nauc_recall_at_5_std": 0.032512,
        "nauc_recall_at_5_diff1": -0.054394,
        "nauc_recall_at_10_max": -0.004527,
        "nauc_recall_at_10_std": 0.085716,
        "nauc_recall_at_10_diff1": 0.005323,
        "nauc_recall_at_20_max": 0.079048,
        "nauc_recall_at_20_std": 0.081718,
        "nauc_recall_at_20_diff1": -0.002139,
        "nauc_recall_at_100_max": 0.052879,
        "nauc_recall_at_100_std": 0.124845,
        "nauc_recall_at_100_diff1": -0.044692,
        "nauc_recall_at_1000_max": 0.174459,
        "nauc_recall_at_1000_std": 0.056427,
        "nauc_recall_at_1000_diff1": -0.00572,
        "nauc_precision_at_1_max": -0.030396,
        "nauc_precision_at_1_std": 0.525087,
        "nauc_precision_at_1_diff1": 0.10238,
        "nauc_precision_at_3_max": 0.128663,
        "nauc_precision_at_3_std": 0.069987,
        "nauc_precision_at_3_diff1": -0.026535,
        "nauc_precision_at_5_max": 0.061669,
        "nauc_precision_at_5_std": 0.061916,
        "nauc_precision_at_5_diff1": -0.014253,
        "nauc_precision_at_10_max": 0.058072,
        "nauc_precision_at_10_std": 0.094371,
        "nauc_precision_at_10_diff1": 0.026371,
        "nauc_precision_at_20_max": 0.134527,
        "nauc_precision_at_20_std": 0.094662,
        "nauc_precision_at_20_diff1": 0.011433,
        "nauc_precision_at_100_max": 0.133191,
        "nauc_precision_at_100_std": 0.172262,
        "nauc_precision_at_100_diff1": -0.028717,
        "nauc_precision_at_1000_max": 0.199393,
        "nauc_precision_at_1000_std": 0.057908,
        "nauc_precision_at_1000_diff1": 0.010241,
        "nauc_mrr_at_1_max": -0.030396,
        "nauc_mrr_at_1_std": 0.525087,
        "nauc_mrr_at_1_diff1": 0.10238,
        "nauc_mrr_at_3_max": 0.077389,
        "nauc_mrr_at_3_std": 0.234137,
        "nauc_mrr_at_3_diff1": 0.003189,
        "nauc_mrr_at_5_max": 0.050391,
        "nauc_mrr_at_5_std": 0.214316,
        "nauc_mrr_at_5_diff1": 0.007237,
        "nauc_mrr_at_10_max": 0.049904,
        "nauc_mrr_at_10_std": 0.213728,
        "nauc_mrr_at_10_diff1": 0.016664,
        "nauc_mrr_at_20_max": 0.065255,
        "nauc_mrr_at_20_std": 0.210884,
        "nauc_mrr_at_20_diff1": 0.012759,
        "nauc_mrr_at_100_max": 0.062901,
        "nauc_mrr_at_100_std": 0.20798,
        "nauc_mrr_at_100_diff1": 0.00641,
        "nauc_mrr_at_1000_max": 0.063878,
        "nauc_mrr_at_1000_std": 0.206178,
        "nauc_mrr_at_1000_diff1": 0.006606,
        "main_score": 0.05536,
        "hf_subset": "default",
        "languages": [
          "eng-Latn"
        ]
      }
    ]
  },
  "evaluation_time": 80.0399808883667,
  "kg_co2_emissions": null
}