{
  "dataset_revision": "0228b52cf27578f30900b9e5271d331663a030d7",
  "task_name": "SciFact",
  "mteb_version": "1.39.7",
  "scores": {
    "test": [
      {
        "ndcg_at_1": 0.40667,
        "ndcg_at_3": 0.48224,
        "ndcg_at_5": 0.50949,
        "ndcg_at_10": 0.53366,
        "ndcg_at_20": 0.5495,
        "ndcg_at_100": 0.57186,
        "ndcg_at_1000": 0.5875,
        "map_at_1": 0.384,
        "map_at_3": 0.45482,
        "map_at_5": 0.47116,
        "map_at_10": 0.48204,
        "map_at_20": 0.48724,
        "map_at_100": 0.49053,
        "map_at_1000": 0.49111,
        "recall_at_1": 0.384,
        "recall_at_3": 0.53578,
        "recall_at_5": 0.60461,
        "recall_at_10": 0.67389,
        "recall_at_20": 0.73272,
        "recall_at_100": 0.85189,
        "recall_at_1000": 0.97333,
        "precision_at_1": 0.40667,
        "precision_at_3": 0.19556,
        "precision_at_5": 0.13333,
        "precision_at_10": 0.075,
        "precision_at_20": 0.0415,
        "precision_at_100": 0.00963,
        "precision_at_1000": 0.0011,
        "mrr_at_1": 0.406667,
        "mrr_at_3": 0.474444,
        "mrr_at_5": 0.489444,
        "mrr_at_10": 0.500009,
        "mrr_at_20": 0.503428,
        "mrr_at_100": 0.505954,
        "mrr_at_1000": 0.506485,
        "nauc_ndcg_at_1_max": 0.461925,
        "nauc_ndcg_at_1_std": 0.030953,
        "nauc_ndcg_at_1_diff1": 0.725444,
        "nauc_ndcg_at_3_max": 0.497242,
        "nauc_ndcg_at_3_std": 0.060571,
        "nauc_ndcg_at_3_diff1": 0.635392,
        "nauc_ndcg_at_5_max": 0.507447,
        "nauc_ndcg_at_5_std": 0.074213,
        "nauc_ndcg_at_5_diff1": 0.633165,
        "nauc_ndcg_at_10_max": 0.516994,
        "nauc_ndcg_at_10_std": 0.079008,
        "nauc_ndcg_at_10_diff1": 0.632572,
        "nauc_ndcg_at_20_max": 0.520638,
        "nauc_ndcg_at_20_std": 0.091878,
        "nauc_ndcg_at_20_diff1": 0.625792,
        "nauc_ndcg_at_100_max": 0.512826,
        "nauc_ndcg_at_100_std": 0.081131,
        "nauc_ndcg_at_100_diff1": 0.625609,
        "nauc_ndcg_at_1000_max": 0.506326,
        "nauc_ndcg_at_1000_std": 0.079193,
        "nauc_ndcg_at_1000_diff1": 0.633264,
        "nauc_map_at_1_max": 0.427583,
        "nauc_map_at_1_std": -0.007669,
        "nauc_map_at_1_diff1": 0.707284,
        "nauc_map_at_3_max": 0.474047,
        "nauc_map_at_3_std": 0.03251,
        "nauc_map_at_3_diff1": 0.651763,
        "nauc_map_at_5_max": 0.482092,
        "nauc_map_at_5_std": 0.04361,
        "nauc_map_at_5_diff1": 0.650465,
        "nauc_map_at_10_max": 0.486816,
        "nauc_map_at_10_std": 0.047132,
        "nauc_map_at_10_diff1": 0.649652,
        "nauc_map_at_20_max": 0.490191,
        "nauc_map_at_20_std": 0.052911,
        "nauc_map_at_20_diff1": 0.647791,
        "nauc_map_at_100_max": 0.489417,
        "nauc_map_at_100_std": 0.052197,
        "nauc_map_at_100_diff1": 0.648095,
        "nauc_map_at_1000_max": 0.489112,
        "nauc_map_at_1000_std": 0.052034,
        "nauc_map_at_1000_diff1": 0.648283,
        "nauc_recall_at_1_max": 0.427583,
        "nauc_recall_at_1_std": -0.007669,
        "nauc_recall_at_1_diff1": 0.707284,
        "nauc_recall_at_3_max": 0.51721,
        "nauc_recall_at_3_std": 0.078806,
        "nauc_recall_at_3_diff1": 0.562978,
        "nauc_recall_at_5_max": 0.551328,
        "nauc_recall_at_5_std": 0.123762,
        "nauc_recall_at_5_diff1": 0.549107,
        "nauc_recall_at_10_max": 0.579117,
        "nauc_recall_at_10_std": 0.136427,
        "nauc_recall_at_10_diff1": 0.532343,
        "nauc_recall_at_20_max": 0.598389,
        "nauc_recall_at_20_std": 0.196279,
        "nauc_recall_at_20_diff1": 0.485199,
        "nauc_recall_at_100_max": 0.574463,
        "nauc_recall_at_100_std": 0.130156,
        "nauc_recall_at_100_diff1": 0.407462,
        "nauc_recall_at_1000_max": 0.363504,
        "nauc_recall_at_1000_std": 0.192519,
        "nauc_recall_at_1000_diff1": 0.170927,
        "nauc_precision_at_1_max": 0.461925,
        "nauc_precision_at_1_std": 0.030953,
        "nauc_precision_at_1_diff1": 0.725444,
        "nauc_precision_at_3_max": 0.551696,
        "nauc_precision_at_3_std": 0.200817,
        "nauc_precision_at_3_diff1": 0.512262,
        "nauc_precision_at_5_max": 0.560985,
        "nauc_precision_at_5_std": 0.265015,
        "nauc_precision_at_5_diff1": 0.459177,
        "nauc_precision_at_10_max": 0.583928,
        "nauc_precision_at_10_std": 0.315036,
        "nauc_precision_at_10_diff1": 0.406276,
        "nauc_precision_at_20_max": 0.539465,
        "nauc_precision_at_20_std": 0.3891,
        "nauc_precision_at_20_diff1": 0.298437,
        "nauc_precision_at_100_max": 0.431209,
        "nauc_precision_at_100_std": 0.376421,
        "nauc_precision_at_100_diff1": 0.174712,
        "nauc_precision_at_1000_max": 0.261052,
        "nauc_precision_at_1000_std": 0.446073,
        "nauc_precision_at_1000_diff1": 0.026857,
        "nauc_mrr_at_1_max": 0.461925,
        "nauc_mrr_at_1_std": 0.030953,
        "nauc_mrr_at_1_diff1": 0.725444,
        "nauc_mrr_at_3_max": 0.492068,
        "nauc_mrr_at_3_std": 0.070613,
        "nauc_mrr_at_3_diff1": 0.664854,
        "nauc_mrr_at_5_max": 0.499106,
        "nauc_mrr_at_5_std": 0.078778,
        "nauc_mrr_at_5_diff1": 0.663913,
        "nauc_mrr_at_10_max": 0.503998,
        "nauc_mrr_at_10_std": 0.080361,
        "nauc_mrr_at_10_diff1": 0.666564,
        "nauc_mrr_at_20_max": 0.502744,
        "nauc_mrr_at_20_std": 0.080181,
        "nauc_mrr_at_20_diff1": 0.665043,
        "nauc_mrr_at_100_max": 0.501255,
        "nauc_mrr_at_100_std": 0.07826,
        "nauc_mrr_at_100_diff1": 0.664549,
        "nauc_mrr_at_1000_max": 0.500985,
        "nauc_mrr_at_1000_std": 0.078085,
        "nauc_mrr_at_1000_diff1": 0.664717,
        "main_score": 0.53366,
        "hf_subset": "default",
        "languages": [
          "eng-Latn"
        ]
      }
    ]
  },
  "evaluation_time": 32.775124311447144,
  "kg_co2_emissions": null
}