{
  "dataset_revision": "ec0fa4fe99da2ff19ca1214b7966684033a58814",
  "task_name": "NFCorpus",
  "mteb_version": "1.39.7",
  "scores": {
    "test": [
      {
        "ndcg_at_1": 0.33591,
        "ndcg_at_3": 0.29088,
        "ndcg_at_5": 0.26577,
        "ndcg_at_10": 0.23193,
        "ndcg_at_20": 0.21401,
        "ndcg_at_100": 0.20985,
        "ndcg_at_1000": 0.29821,
        "map_at_1": 0.03585,
        "map_at_3": 0.05703,
        "map_at_5": 0.06591,
        "map_at_10": 0.07538,
        "map_at_20": 0.08284,
        "map_at_100": 0.0923,
        "map_at_1000": 0.10184,
        "recall_at_1": 0.03585,
        "recall_at_3": 0.06607,
        "recall_at_5": 0.08112,
        "recall_at_10": 0.1031,
        "recall_at_20": 0.13528,
        "recall_at_100": 0.21942,
        "recall_at_1000": 0.526,
        "precision_at_1": 0.34985,
        "precision_at_3": 0.27348,
        "precision_at_5": 0.22663,
        "precision_at_10": 0.16563,
        "precision_at_20": 0.12245,
        "precision_at_100": 0.05121,
        "precision_at_1000": 0.01699,
        "mrr_at_1": 0.349845,
        "mrr_at_3": 0.415893,
        "mrr_at_5": 0.425026,
        "mrr_at_10": 0.431736,
        "mrr_at_20": 0.436621,
        "mrr_at_100": 0.439479,
        "mrr_at_1000": 0.440107,
        "nauc_ndcg_at_1_max": 0.389014,
        "nauc_ndcg_at_1_std": 0.22886,
        "nauc_ndcg_at_1_diff1": 0.349551,
        "nauc_ndcg_at_3_max": 0.345878,
        "nauc_ndcg_at_3_std": 0.223076,
        "nauc_ndcg_at_3_diff1": 0.226528,
        "nauc_ndcg_at_5_max": 0.356698,
        "nauc_ndcg_at_5_std": 0.221916,
        "nauc_ndcg_at_5_diff1": 0.218998,
        "nauc_ndcg_at_10_max": 0.375422,
        "nauc_ndcg_at_10_std": 0.228306,
        "nauc_ndcg_at_10_diff1": 0.215454,
        "nauc_ndcg_at_20_max": 0.398908,
        "nauc_ndcg_at_20_std": 0.231863,
        "nauc_ndcg_at_20_diff1": 0.220388,
        "nauc_ndcg_at_100_max": 0.446049,
        "nauc_ndcg_at_100_std": 0.260844,
        "nauc_ndcg_at_100_diff1": 0.228035,
        "nauc_ndcg_at_1000_max": 0.526232,
        "nauc_ndcg_at_1000_std": 0.356501,
        "nauc_ndcg_at_1000_diff1": 0.238876,
        "nauc_map_at_1_max": 0.336978,
        "nauc_map_at_1_std": -0.009102,
        "nauc_map_at_1_diff1": 0.509853,
        "nauc_map_at_3_max": 0.360672,
        "nauc_map_at_3_std": 0.007714,
        "nauc_map_at_3_diff1": 0.429263,
        "nauc_map_at_5_max": 0.371328,
        "nauc_map_at_5_std": 0.039651,
        "nauc_map_at_5_diff1": 0.389116,
        "nauc_map_at_10_max": 0.382201,
        "nauc_map_at_10_std": 0.07463,
        "nauc_map_at_10_diff1": 0.337873,
        "nauc_map_at_20_max": 0.398832,
        "nauc_map_at_20_std": 0.102782,
        "nauc_map_at_20_diff1": 0.317007,
        "nauc_map_at_100_max": 0.406144,
        "nauc_map_at_100_std": 0.145671,
        "nauc_map_at_100_diff1": 0.293508,
        "nauc_map_at_1000_max": 0.410901,
        "nauc_map_at_1000_std": 0.174053,
        "nauc_map_at_1000_diff1": 0.277969,
        "nauc_recall_at_1_max": 0.336978,
        "nauc_recall_at_1_std": -0.009102,
        "nauc_recall_at_1_diff1": 0.509853,
        "nauc_recall_at_3_max": 0.327781,
        "nauc_recall_at_3_std": -0.01096,
        "nauc_recall_at_3_diff1": 0.37176,
        "nauc_recall_at_5_max": 0.313208,
        "nauc_recall_at_5_std": 0.010187,
        "nauc_recall_at_5_diff1": 0.315717,
        "nauc_recall_at_10_max": 0.330305,
        "nauc_recall_at_10_std": 0.054921,
        "nauc_recall_at_10_diff1": 0.253714,
        "nauc_recall_at_20_max": 0.336462,
        "nauc_recall_at_20_std": 0.088507,
        "nauc_recall_at_20_diff1": 0.196144,
        "nauc_recall_at_100_max": 0.289787,
        "nauc_recall_at_100_std": 0.15159,
        "nauc_recall_at_100_diff1": 0.085555,
        "nauc_recall_at_1000_max": 0.318396,
        "nauc_recall_at_1000_std": 0.277058,
        "nauc_recall_at_1000_diff1": 0.105966,
        "nauc_precision_at_1_max": 0.401738,
        "nauc_precision_at_1_std": 0.240822,
        "nauc_precision_at_1_diff1": 0.340135,
        "nauc_precision_at_3_max": 0.322723,
        "nauc_precision_at_3_std": 0.24993,
        "nauc_precision_at_3_diff1": 0.139165,
        "nauc_precision_at_5_max": 0.331883,
        "nauc_precision_at_5_std": 0.272994,
        "nauc_precision_at_5_diff1": 0.108669,
        "nauc_precision_at_10_max": 0.317257,
        "nauc_precision_at_10_std": 0.313931,
        "nauc_precision_at_10_diff1": 0.045093,
        "nauc_precision_at_20_max": 0.294372,
        "nauc_precision_at_20_std": 0.344279,
        "nauc_precision_at_20_diff1": 0.004375,
        "nauc_precision_at_100_max": 0.180038,
        "nauc_precision_at_100_std": 0.339138,
        "nauc_precision_at_100_diff1": -0.084417,
        "nauc_precision_at_1000_max": 0.033913,
        "nauc_precision_at_1000_std": 0.229336,
        "nauc_precision_at_1000_diff1": -0.114066,
        "nauc_mrr_at_1_max": 0.401738,
        "nauc_mrr_at_1_std": 0.240822,
        "nauc_mrr_at_1_diff1": 0.340135,
        "nauc_mrr_at_3_max": 0.410223,
        "nauc_mrr_at_3_std": 0.257417,
        "nauc_mrr_at_3_diff1": 0.312082,
        "nauc_mrr_at_5_max": 0.409836,
        "nauc_mrr_at_5_std": 0.256515,
        "nauc_mrr_at_5_diff1": 0.310775,
        "nauc_mrr_at_10_max": 0.418943,
        "nauc_mrr_at_10_std": 0.265353,
        "nauc_mrr_at_10_diff1": 0.311336,
        "nauc_mrr_at_20_max": 0.425648,
        "nauc_mrr_at_20_std": 0.26972,
        "nauc_mrr_at_20_diff1": 0.31002,
        "nauc_mrr_at_100_max": 0.425326,
        "nauc_mrr_at_100_std": 0.268901,
        "nauc_mrr_at_100_diff1": 0.310202,
        "nauc_mrr_at_1000_max": 0.425113,
        "nauc_mrr_at_1000_std": 0.269016,
        "nauc_mrr_at_1000_diff1": 0.310428,
        "main_score": 0.23193,
        "hf_subset": "default",
        "languages": [
          "eng-Latn"
        ]
      }
    ]
  },
  "evaluation_time": 23.177973747253418,
  "kg_co2_emissions": null
}