{
  "dataset_revision": "c22ab2a51041ffd869aaddef7af8d8215647e41a",
  "task_name": "ArguAna",
  "mteb_version": "1.39.7",
  "scores": {
    "test": [
      {
        "ndcg_at_1": 0.03272,
        "ndcg_at_3": 0.06328,
        "ndcg_at_5": 0.0743,
        "ndcg_at_10": 0.09128,
        "ndcg_at_20": 0.10865,
        "ndcg_at_100": 0.13821,
        "ndcg_at_1000": 0.17747,
        "map_at_1": 0.03272,
        "map_at_3": 0.05524,
        "map_at_5": 0.06128,
        "map_at_10": 0.06813,
        "map_at_20": 0.07287,
        "map_at_100": 0.07675,
        "map_at_1000": 0.07796,
        "recall_at_1": 0.03272,
        "recall_at_3": 0.08677,
        "recall_at_5": 0.1138,
        "recall_at_10": 0.16714,
        "recall_at_20": 0.23613,
        "recall_at_100": 0.39829,
        "recall_at_1000": 0.72404,
        "precision_at_1": 0.03272,
        "precision_at_3": 0.02892,
        "precision_at_5": 0.02276,
        "precision_at_10": 0.01671,
        "precision_at_20": 0.01181,
        "precision_at_100": 0.00398,
        "precision_at_1000": 0.00072,
        "mrr_at_1": 0.034139,
        "mrr_at_3": 0.055595,
        "mrr_at_5": 0.061818,
        "mrr_at_10": 0.068731,
        "mrr_at_20": 0.073397,
        "mrr_at_100": 0.077281,
        "mrr_at_1000": 0.078485,
        "nauc_ndcg_at_1_max": 0.165728,
        "nauc_ndcg_at_1_std": 0.097238,
        "nauc_ndcg_at_1_diff1": 0.036241,
        "nauc_ndcg_at_3_max": 0.16446,
        "nauc_ndcg_at_3_std": 0.17702,
        "nauc_ndcg_at_3_diff1": -0.008562,
        "nauc_ndcg_at_5_max": 0.194906,
        "nauc_ndcg_at_5_std": 0.213941,
        "nauc_ndcg_at_5_diff1": -0.010352,
        "nauc_ndcg_at_10_max": 0.207145,
        "nauc_ndcg_at_10_std": 0.224522,
        "nauc_ndcg_at_10_diff1": -0.011818,
        "nauc_ndcg_at_20_max": 0.18988,
        "nauc_ndcg_at_20_std": 0.212328,
        "nauc_ndcg_at_20_diff1": -0.002349,
        "nauc_ndcg_at_100_max": 0.191127,
        "nauc_ndcg_at_100_std": 0.228521,
        "nauc_ndcg_at_100_diff1": -0.005189,
        "nauc_ndcg_at_1000_max": 0.180426,
        "nauc_ndcg_at_1000_std": 0.232995,
        "nauc_ndcg_at_1000_diff1": -0.004133,
        "nauc_map_at_1_max": 0.165728,
        "nauc_map_at_1_std": 0.097238,
        "nauc_map_at_1_diff1": 0.036241,
        "nauc_map_at_3_max": 0.164772,
        "nauc_map_at_3_std": 0.160837,
        "nauc_map_at_3_diff1": -0.003543,
        "nauc_map_at_5_max": 0.184412,
        "nauc_map_at_5_std": 0.186271,
        "nauc_map_at_5_diff1": -0.005374,
        "nauc_map_at_10_max": 0.191839,
        "nauc_map_at_10_std": 0.195332,
        "nauc_map_at_10_diff1": -0.006699,
        "nauc_map_at_20_max": 0.186136,
        "nauc_map_at_20_std": 0.191609,
        "nauc_map_at_20_diff1": -0.003009,
        "nauc_map_at_100_max": 0.185634,
        "nauc_map_at_100_std": 0.195882,
        "nauc_map_at_100_diff1": -0.003779,
        "nauc_map_at_1000_max": 0.185034,
        "nauc_map_at_1000_std": 0.195693,
        "nauc_map_at_1000_diff1": -0.003904,
        "nauc_recall_at_1_max": 0.165728,
        "nauc_recall_at_1_std": 0.097238,
        "nauc_recall_at_1_diff1": 0.036241,
        "nauc_recall_at_3_max": 0.163853,
        "nauc_recall_at_3_std": 0.208008,
        "nauc_recall_at_3_diff1": -0.017418,
        "nauc_recall_at_5_max": 0.214506,
        "nauc_recall_at_5_std": 0.262432,
        "nauc_recall_at_5_diff1": -0.018001,
        "nauc_recall_at_10_max": 0.231218,
        "nauc_recall_at_10_std": 0.266113,
        "nauc_recall_at_10_diff1": -0.018269,
        "nauc_recall_at_20_max": 0.190616,
        "nauc_recall_at_20_std": 0.233888,
        "nauc_recall_at_20_diff1": 0.001627,
        "nauc_recall_at_100_max": 0.197647,
        "nauc_recall_at_100_std": 0.267996,
        "nauc_recall_at_100_diff1": -0.00523,
        "nauc_recall_at_1000_max": 0.148496,
        "nauc_recall_at_1000_std": 0.318366,
        "nauc_recall_at_1000_diff1": 0.002683,
        "nauc_precision_at_1_max": 0.165728,
        "nauc_precision_at_1_std": 0.097238,
        "nauc_precision_at_1_diff1": 0.036241,
        "nauc_precision_at_3_max": 0.163853,
        "nauc_precision_at_3_std": 0.208008,
        "nauc_precision_at_3_diff1": -0.017418,
        "nauc_precision_at_5_max": 0.214506,
        "nauc_precision_at_5_std": 0.262432,
        "nauc_precision_at_5_diff1": -0.018001,
        "nauc_precision_at_10_max": 0.231218,
        "nauc_precision_at_10_std": 0.266113,
        "nauc_precision_at_10_diff1": -0.018269,
        "nauc_precision_at_20_max": 0.190616,
        "nauc_precision_at_20_std": 0.233888,
        "nauc_precision_at_20_diff1": 0.001627,
        "nauc_precision_at_100_max": 0.197647,
        "nauc_precision_at_100_std": 0.267996,
        "nauc_precision_at_100_diff1": -0.00523,
        "nauc_precision_at_1000_max": 0.148496,
        "nauc_precision_at_1000_std": 0.318366,
        "nauc_precision_at_1000_diff1": 0.002683,
        "nauc_mrr_at_1_max": 0.143529,
        "nauc_mrr_at_1_std": 0.096576,
        "nauc_mrr_at_1_diff1": 0.010767,
        "nauc_mrr_at_3_max": 0.15616,
        "nauc_mrr_at_3_std": 0.15837,
        "nauc_mrr_at_3_diff1": -0.014573,
        "nauc_mrr_at_5_max": 0.178817,
        "nauc_mrr_at_5_std": 0.186246,
        "nauc_mrr_at_5_diff1": -0.014469,
        "nauc_mrr_at_10_max": 0.185747,
        "nauc_mrr_at_10_std": 0.196265,
        "nauc_mrr_at_10_diff1": -0.015195,
        "nauc_mrr_at_20_max": 0.180927,
        "nauc_mrr_at_20_std": 0.191639,
        "nauc_mrr_at_20_diff1": -0.011254,
        "nauc_mrr_at_100_max": 0.180491,
        "nauc_mrr_at_100_std": 0.195874,
        "nauc_mrr_at_100_diff1": -0.011922,
        "nauc_mrr_at_1000_max": 0.179883,
        "nauc_mrr_at_1000_std": 0.195686,
        "nauc_mrr_at_1000_diff1": -0.012067,
        "main_score": 0.09128,
        "hf_subset": "default",
        "languages": [
          "eng-Latn"
        ]
      }
    ]
  },
  "evaluation_time": 98.7276029586792,
  "kg_co2_emissions": null
}