{
  "dataset_revision": "0228b52cf27578f30900b9e5271d331663a030d7",
  "task_name": "SciFact",
  "mteb_version": "1.39.7",
  "scores": {
    "test": [
      {
        "ndcg_at_1": 0.40667,
        "ndcg_at_3": 0.47683,
        "ndcg_at_5": 0.50485,
        "ndcg_at_10": 0.53302,
        "ndcg_at_20": 0.5461,
        "ndcg_at_100": 0.5701,
        "ndcg_at_1000": 0.58549,
        "map_at_1": 0.384,
        "map_at_3": 0.45047,
        "map_at_5": 0.46803,
        "map_at_10": 0.48043,
        "map_at_20": 0.48483,
        "map_at_100": 0.48849,
        "map_at_1000": 0.48905,
        "recall_at_1": 0.384,
        "recall_at_3": 0.52633,
        "recall_at_5": 0.59544,
        "recall_at_10": 0.67722,
        "recall_at_20": 0.72539,
        "recall_at_100": 0.85189,
        "recall_at_1000": 0.97167,
        "precision_at_1": 0.40667,
        "precision_at_3": 0.19111,
        "precision_at_5": 0.132,
        "precision_at_10": 0.07533,
        "precision_at_20": 0.041,
        "precision_at_100": 0.00963,
        "precision_at_1000": 0.0011,
        "mrr_at_1": 0.406667,
        "mrr_at_3": 0.471667,
        "mrr_at_5": 0.486,
        "mrr_at_10": 0.498474,
        "mrr_at_20": 0.501224,
        "mrr_at_100": 0.504003,
        "mrr_at_1000": 0.504526,
        "nauc_ndcg_at_1_max": 0.447156,
        "nauc_ndcg_at_1_std": 0.035572,
        "nauc_ndcg_at_1_diff1": 0.739332,
        "nauc_ndcg_at_3_max": 0.486694,
        "nauc_ndcg_at_3_std": 0.056402,
        "nauc_ndcg_at_3_diff1": 0.662899,
        "nauc_ndcg_at_5_max": 0.481852,
        "nauc_ndcg_at_5_std": 0.065825,
        "nauc_ndcg_at_5_diff1": 0.65192,
        "nauc_ndcg_at_10_max": 0.493692,
        "nauc_ndcg_at_10_std": 0.076005,
        "nauc_ndcg_at_10_diff1": 0.647866,
        "nauc_ndcg_at_20_max": 0.499928,
        "nauc_ndcg_at_20_std": 0.088658,
        "nauc_ndcg_at_20_diff1": 0.638685,
        "nauc_ndcg_at_100_max": 0.49596,
        "nauc_ndcg_at_100_std": 0.079368,
        "nauc_ndcg_at_100_diff1": 0.641518,
        "nauc_ndcg_at_1000_max": 0.489036,
        "nauc_ndcg_at_1000_std": 0.077696,
        "nauc_ndcg_at_1000_diff1": 0.649466,
        "nauc_map_at_1_max": 0.408353,
        "nauc_map_at_1_std": -0.003674,
        "nauc_map_at_1_diff1": 0.718535,
        "nauc_map_at_3_max": 0.459812,
        "nauc_map_at_3_std": 0.026679,
        "nauc_map_at_3_diff1": 0.676105,
        "nauc_map_at_5_max": 0.460983,
        "nauc_map_at_5_std": 0.040219,
        "nauc_map_at_5_diff1": 0.669058,
        "nauc_map_at_10_max": 0.467421,
        "nauc_map_at_10_std": 0.045589,
        "nauc_map_at_10_diff1": 0.667414,
        "nauc_map_at_20_max": 0.471512,
        "nauc_map_at_20_std": 0.051628,
        "nauc_map_at_20_diff1": 0.664818,
        "nauc_map_at_100_max": 0.47171,
        "nauc_map_at_100_std": 0.051075,
        "nauc_map_at_100_diff1": 0.665626,
        "nauc_map_at_1000_max": 0.471388,
        "nauc_map_at_1000_std": 0.050941,
        "nauc_map_at_1000_diff1": 0.665825,
        "nauc_recall_at_1_max": 0.408353,
        "nauc_recall_at_1_std": -0.003674,
        "nauc_recall_at_1_diff1": 0.718535,
        "nauc_recall_at_3_max": 0.511405,
        "nauc_recall_at_3_std": 0.07345,
        "nauc_recall_at_3_diff1": 0.59783,
        "nauc_recall_at_5_max": 0.506778,
        "nauc_recall_at_5_std": 0.096852,
        "nauc_recall_at_5_diff1": 0.567885,
        "nauc_recall_at_10_max": 0.534405,
        "nauc_recall_at_10_std": 0.124404,
        "nauc_recall_at_10_diff1": 0.53468,
        "nauc_recall_at_20_max": 0.560088,
        "nauc_recall_at_20_std": 0.177912,
        "nauc_recall_at_20_diff1": 0.476748,
        "nauc_recall_at_100_max": 0.559957,
        "nauc_recall_at_100_std": 0.12115,
        "nauc_recall_at_100_diff1": 0.415763,
        "nauc_recall_at_1000_max": 0.326276,
        "nauc_recall_at_1000_std": 0.151343,
        "nauc_recall_at_1000_diff1": 0.202532,
        "nauc_precision_at_1_max": 0.447156,
        "nauc_precision_at_1_std": 0.035572,
        "nauc_precision_at_1_diff1": 0.739332,
        "nauc_precision_at_3_max": 0.563875,
        "nauc_precision_at_3_std": 0.18377,
        "nauc_precision_at_3_diff1": 0.576165,
        "nauc_precision_at_5_max": 0.521046,
        "nauc_precision_at_5_std": 0.249947,
        "nauc_precision_at_5_diff1": 0.467109,
        "nauc_precision_at_10_max": 0.562955,
        "nauc_precision_at_10_std": 0.312697,
        "nauc_precision_at_10_diff1": 0.410525,
        "nauc_precision_at_20_max": 0.533045,
        "nauc_precision_at_20_std": 0.38892,
        "nauc_precision_at_20_diff1": 0.299147,
        "nauc_precision_at_100_max": 0.444255,
        "nauc_precision_at_100_std": 0.379324,
        "nauc_precision_at_100_diff1": 0.179599,
        "nauc_precision_at_1000_max": 0.297937,
        "nauc_precision_at_1000_std": 0.468103,
        "nauc_precision_at_1000_diff1": 0.035758,
        "nauc_mrr_at_1_max": 0.447156,
        "nauc_mrr_at_1_std": 0.035572,
        "nauc_mrr_at_1_diff1": 0.739332,
        "nauc_mrr_at_3_max": 0.484333,
        "nauc_mrr_at_3_std": 0.074137,
        "nauc_mrr_at_3_diff1": 0.687471,
        "nauc_mrr_at_5_max": 0.48259,
        "nauc_mrr_at_5_std": 0.075012,
        "nauc_mrr_at_5_diff1": 0.684319,
        "nauc_mrr_at_10_max": 0.488867,
        "nauc_mrr_at_10_std": 0.080918,
        "nauc_mrr_at_10_diff1": 0.684492,
        "nauc_mrr_at_20_max": 0.488762,
        "nauc_mrr_at_20_std": 0.080651,
        "nauc_mrr_at_20_diff1": 0.682693,
        "nauc_mrr_at_100_max": 0.487857,
        "nauc_mrr_at_100_std": 0.078955,
        "nauc_mrr_at_100_diff1": 0.682588,
        "nauc_mrr_at_1000_max": 0.487567,
        "nauc_mrr_at_1000_std": 0.078789,
        "nauc_mrr_at_1000_diff1": 0.682789,
        "main_score": 0.53302,
        "hf_subset": "default",
        "languages": [
          "eng-Latn"
        ]
      }
    ]
  },
  "evaluation_time": 21.912786722183228,
  "kg_co2_emissions": null
}