{
  "dataset_revision": "ec0fa4fe99da2ff19ca1214b7966684033a58814",
  "task_name": "NFCorpus",
  "mteb_version": "1.39.7",
  "scores": {
    "test": [
      {
        "ndcg_at_1": 0.05418,
        "ndcg_at_3": 0.05281,
        "ndcg_at_5": 0.04952,
        "ndcg_at_10": 0.04507,
        "ndcg_at_20": 0.04642,
        "ndcg_at_100": 0.05962,
        "ndcg_at_1000": 0.14336,
        "map_at_1": 0.00754,
        "map_at_3": 0.01319,
        "map_at_5": 0.01478,
        "map_at_10": 0.01581,
        "map_at_20": 0.01715,
        "map_at_100": 0.01943,
        "map_at_1000": 0.02401,
        "recall_at_1": 0.00754,
        "recall_at_3": 0.01638,
        "recall_at_5": 0.02087,
        "recall_at_10": 0.02593,
        "recall_at_20": 0.03667,
        "recall_at_100": 0.08328,
        "recall_at_1000": 0.35933,
        "precision_at_1": 0.05573,
        "precision_at_3": 0.04747,
        "precision_at_5": 0.04087,
        "precision_at_10": 0.03189,
        "precision_at_20": 0.02771,
        "precision_at_100": 0.01743,
        "precision_at_1000": 0.01202,
        "mrr_at_1": 0.055728,
        "mrr_at_3": 0.077399,
        "mrr_at_5": 0.085449,
        "mrr_at_10": 0.094721,
        "mrr_at_20": 0.10292,
        "mrr_at_100": 0.108617,
        "mrr_at_1000": 0.109992,
        "nauc_ndcg_at_1_max": 0.31862,
        "nauc_ndcg_at_1_std": 0.01286,
        "nauc_ndcg_at_1_diff1": 0.015698,
        "nauc_ndcg_at_3_max": 0.222907,
        "nauc_ndcg_at_3_std": 0.070826,
        "nauc_ndcg_at_3_diff1": -0.007141,
        "nauc_ndcg_at_5_max": 0.224897,
        "nauc_ndcg_at_5_std": 0.062861,
        "nauc_ndcg_at_5_diff1": -0.026427,
        "nauc_ndcg_at_10_max": 0.214894,
        "nauc_ndcg_at_10_std": 0.085604,
        "nauc_ndcg_at_10_diff1": -0.012101,
        "nauc_ndcg_at_20_max": 0.189012,
        "nauc_ndcg_at_20_std": 0.10934,
        "nauc_ndcg_at_20_diff1": 0.027629,
        "nauc_ndcg_at_100_max": 0.191444,
        "nauc_ndcg_at_100_std": 0.102659,
        "nauc_ndcg_at_100_diff1": 0.042241,
        "nauc_ndcg_at_1000_max": 0.235245,
        "nauc_ndcg_at_1000_std": 0.03394,
        "nauc_ndcg_at_1000_diff1": -0.044284,
        "nauc_map_at_1_max": 0.113424,
        "nauc_map_at_1_std": 0.247502,
        "nauc_map_at_1_diff1": 0.05328,
        "nauc_map_at_3_max": 0.123041,
        "nauc_map_at_3_std": 0.194169,
        "nauc_map_at_3_diff1": 0.056528,
        "nauc_map_at_5_max": 0.132969,
        "nauc_map_at_5_std": 0.177226,
        "nauc_map_at_5_diff1": 0.06084,
        "nauc_map_at_10_max": 0.128402,
        "nauc_map_at_10_std": 0.188587,
        "nauc_map_at_10_diff1": 0.060661,
        "nauc_map_at_20_max": 0.128968,
        "nauc_map_at_20_std": 0.174326,
        "nauc_map_at_20_diff1": 0.073505,
        "nauc_map_at_100_max": 0.134302,
        "nauc_map_at_100_std": 0.167918,
        "nauc_map_at_100_diff1": 0.072329,
        "nauc_map_at_1000_max": 0.14914,
        "nauc_map_at_1000_std": 0.159761,
        "nauc_map_at_1000_diff1": 0.051293,
        "nauc_recall_at_1_max": 0.113424,
        "nauc_recall_at_1_std": 0.247502,
        "nauc_recall_at_1_diff1": 0.05328,
        "nauc_recall_at_3_max": 0.090458,
        "nauc_recall_at_3_std": 0.116694,
        "nauc_recall_at_3_diff1": -0.022793,
        "nauc_recall_at_5_max": 0.134717,
        "nauc_recall_at_5_std": 0.108726,
        "nauc_recall_at_5_diff1": 0.001474,
        "nauc_recall_at_10_max": 0.099705,
        "nauc_recall_at_10_std": 0.152299,
        "nauc_recall_at_10_diff1": 0.015735,
        "nauc_recall_at_20_max": 0.096661,
        "nauc_recall_at_20_std": 0.096479,
        "nauc_recall_at_20_diff1": 0.091658,
        "nauc_recall_at_100_max": 0.133858,
        "nauc_recall_at_100_std": 0.095874,
        "nauc_recall_at_100_diff1": 0.107361,
        "nauc_recall_at_1000_max": 0.202283,
        "nauc_recall_at_1000_std": -0.036373,
        "nauc_recall_at_1000_diff1": -0.040781,
        "nauc_precision_at_1_max": 0.312519,
        "nauc_precision_at_1_std": 0.04028,
        "nauc_precision_at_1_diff1": 0.018011,
        "nauc_precision_at_3_max": 0.226886,
        "nauc_precision_at_3_std": 0.107972,
        "nauc_precision_at_3_diff1": 0.000902,
        "nauc_precision_at_5_max": 0.251101,
        "nauc_precision_at_5_std": 0.087827,
        "nauc_precision_at_5_diff1": -0.023129,
        "nauc_precision_at_10_max": 0.231496,
        "nauc_precision_at_10_std": 0.108499,
        "nauc_precision_at_10_diff1": -0.004305,
        "nauc_precision_at_20_max": 0.202127,
        "nauc_precision_at_20_std": 0.137956,
        "nauc_precision_at_20_diff1": -0.000242,
        "nauc_precision_at_100_max": 0.184187,
        "nauc_precision_at_100_std": 0.091795,
        "nauc_precision_at_100_diff1": -0.025909,
        "nauc_precision_at_1000_max": 0.130312,
        "nauc_precision_at_1000_std": 0.119482,
        "nauc_precision_at_1000_diff1": -0.06494,
        "nauc_mrr_at_1_max": 0.312519,
        "nauc_mrr_at_1_std": 0.04028,
        "nauc_mrr_at_1_diff1": 0.018011,
        "nauc_mrr_at_3_max": 0.236355,
        "nauc_mrr_at_3_std": 0.070936,
        "nauc_mrr_at_3_diff1": -0.021928,
        "nauc_mrr_at_5_max": 0.2402,
        "nauc_mrr_at_5_std": 0.063693,
        "nauc_mrr_at_5_diff1": -0.025172,
        "nauc_mrr_at_10_max": 0.226627,
        "nauc_mrr_at_10_std": 0.066938,
        "nauc_mrr_at_10_diff1": -0.013628,
        "nauc_mrr_at_20_max": 0.226032,
        "nauc_mrr_at_20_std": 0.065661,
        "nauc_mrr_at_20_diff1": -0.019917,
        "nauc_mrr_at_100_max": 0.225076,
        "nauc_mrr_at_100_std": 0.065955,
        "nauc_mrr_at_100_diff1": -0.018238,
        "nauc_mrr_at_1000_max": 0.225458,
        "nauc_mrr_at_1000_std": 0.066032,
        "nauc_mrr_at_1000_diff1": -0.018217,
        "main_score": 0.04507,
        "hf_subset": "default",
        "languages": [
          "eng-Latn"
        ]
      }
    ]
  },
  "evaluation_time": 56.9488480091095,
  "kg_co2_emissions": null
}