{
  "map_at_10": 0.00381,
  "mrr_at_10": 0.00739454732510288,
  "ndcg_at_10": 0.00518,
  "recall_at_10": 0.00607,
  "recall_at_100": 0.01455
}
