{
  "map_at_10": 4e-05,
  "mrr_at_10": 0.00015432098765432098,
  "ndcg_at_10": 0.00017,
  "recall_at_10": 0.00039,
  "recall_at_100": 0.00193
}
