{
  "map_at_10": 0.0002,
  "mrr_at_10": 0.0011574074074074073,
  "ndcg_at_10": 0.00055,
  "recall_at_10": 0.00103,
  "recall_at_100": 0.00154
}
