{
  "dataset_revision": "f8c2fcf00f625baaa80f62ec5bd9e1fff3b8ae88",
  "task_name": "SCIDOCS",
  "mteb_version": "1.39.7",
  "scores": {
    "test": [
      {
        "ndcg_at_1": 0.001,
        "ndcg_at_3": 0.00047,
        "ndcg_at_5": 0.00049,
        "ndcg_at_10": 0.00112,
        "ndcg_at_20": 0.00154,
        "ndcg_at_100": 0.00338,
        "ndcg_at_1000": 0.01163,
        "map_at_1": 0.0002,
        "map_at_3": 0.0002,
        "map_at_5": 0.00025,
        "map_at_10": 0.0004,
        "map_at_20": 0.00046,
        "map_at_100": 0.0006,
        "map_at_1000": 0.00073,
        "recall_at_1": 0.0002,
        "recall_at_3": 0.0002,
        "recall_at_5": 0.0004,
        "recall_at_10": 0.0016,
        "recall_at_20": 0.0026,
        "recall_at_100": 0.0088,
        "recall_at_1000": 0.05133,
        "precision_at_1": 0.001,
        "precision_at_3": 0.00033,
        "precision_at_5": 0.0004,
        "precision_at_10": 0.0008,
        "precision_at_20": 0.00065,
        "precision_at_100": 0.00044,
        "precision_at_1000": 0.00025,
        "mrr_at_1": 0.001,
        "mrr_at_3": 0.001,
        "mrr_at_5": 0.00125,
        "mrr_at_10": 0.001978,
        "mrr_at_20": 0.002307,
        "mrr_at_100": 0.002895,
        "mrr_at_1000": 0.003438,
        "nauc_ndcg_at_1_max": 0.098471,
        "nauc_ndcg_at_1_std": -0.205796,
        "nauc_ndcg_at_1_diff1": -0.070566,
        "nauc_ndcg_at_3_max": 0.098471,
        "nauc_ndcg_at_3_std": -0.205796,
        "nauc_ndcg_at_3_diff1": -0.070566,
        "nauc_ndcg_at_5_max": -0.056123,
        "nauc_ndcg_at_5_std": -0.046355,
        "nauc_ndcg_at_5_diff1": -0.019681,
        "nauc_ndcg_at_10_max": -0.147315,
        "nauc_ndcg_at_10_std": 0.119062,
        "nauc_ndcg_at_10_diff1": -0.089413,
        "nauc_ndcg_at_20_max": -0.260198,
        "nauc_ndcg_at_20_std": 0.295689,
        "nauc_ndcg_at_20_diff1": -0.003411,
        "nauc_ndcg_at_100_max": -0.247737,
        "nauc_ndcg_at_100_std": 0.326816,
        "nauc_ndcg_at_100_diff1": 0.086973,
        "nauc_ndcg_at_1000_max": -0.101012,
        "nauc_ndcg_at_1000_std": 0.140994,
        "nauc_ndcg_at_1000_diff1": 0.020101,
        "nauc_map_at_1_max": 0.098471,
        "nauc_map_at_1_std": -0.205796,
        "nauc_map_at_1_diff1": -0.070566,
        "nauc_map_at_3_max": 0.098471,
        "nauc_map_at_3_std": -0.205796,
        "nauc_map_at_3_diff1": -0.070566,
        "nauc_map_at_5_max": -0.004239,
        "nauc_map_at_5_std": -0.099866,
        "nauc_map_at_5_diff1": -0.036759,
        "nauc_map_at_10_max": -0.08889,
        "nauc_map_at_10_std": 0.036294,
        "nauc_map_at_10_diff1": -0.073079,
        "nauc_map_at_20_max": -0.156122,
        "nauc_map_at_20_std": 0.143629,
        "nauc_map_at_20_diff1": -0.028898,
        "nauc_map_at_100_max": -0.177299,
        "nauc_map_at_100_std": 0.199417,
        "nauc_map_at_100_diff1": 0.017616,
        "nauc_map_at_1000_max": -0.159317,
        "nauc_map_at_1000_std": 0.182301,
        "nauc_map_at_1000_diff1": 0.010951,
        "nauc_recall_at_1_max": 0.098471,
        "nauc_recall_at_1_std": -0.205796,
        "nauc_recall_at_1_diff1": -0.070566,
        "nauc_recall_at_3_max": 0.098471,
        "nauc_recall_at_3_std": -0.205796,
        "nauc_recall_at_3_diff1": -0.070566,
        "nauc_recall_at_5_max": -0.158304,
        "nauc_recall_at_5_std": 0.059029,
        "nauc_recall_at_5_diff1": 0.013952,
        "nauc_recall_at_10_max": -0.194325,
        "nauc_recall_at_10_std": 0.187483,
        "nauc_recall_at_10_diff1": -0.107392,
        "nauc_recall_at_20_max": -0.334854,
        "nauc_recall_at_20_std": 0.404636,
        "nauc_recall_at_20_diff1": 0.018472,
        "nauc_recall_at_100_max": -0.269593,
        "nauc_recall_at_100_std": 0.37268,
        "nauc_recall_at_100_diff1": 0.133333,
        "nauc_recall_at_1000_max": -0.069483,
        "nauc_recall_at_1000_std": 0.106296,
        "nauc_recall_at_1000_diff1": 0.01704,
        "nauc_precision_at_1_max": 0.098471,
        "nauc_precision_at_1_std": -0.205796,
        "nauc_precision_at_1_diff1": -0.070566,
        "nauc_precision_at_3_max": 0.098471,
        "nauc_precision_at_3_std": -0.205796,
        "nauc_precision_at_3_diff1": -0.070566,
        "nauc_precision_at_5_max": -0.158304,
        "nauc_precision_at_5_std": 0.059029,
        "nauc_precision_at_5_diff1": 0.013952,
        "nauc_precision_at_10_max": -0.194325,
        "nauc_precision_at_10_std": 0.187483,
        "nauc_precision_at_10_diff1": -0.107392,
        "nauc_precision_at_20_max": -0.334854,
        "nauc_precision_at_20_std": 0.404636,
        "nauc_precision_at_20_diff1": 0.018472,
        "nauc_precision_at_100_max": -0.269593,
        "nauc_precision_at_100_std": 0.37268,
        "nauc_precision_at_100_diff1": 0.133333,
        "nauc_precision_at_1000_max": -0.070968,
        "nauc_precision_at_1000_std": 0.108784,
        "nauc_precision_at_1000_diff1": 0.019,
        "nauc_mrr_at_1_max": 0.098471,
        "nauc_mrr_at_1_std": -0.205796,
        "nauc_mrr_at_1_diff1": -0.070566,
        "nauc_mrr_at_3_max": 0.098471,
        "nauc_mrr_at_3_std": -0.205796,
        "nauc_mrr_at_3_diff1": -0.070566,
        "nauc_mrr_at_5_max": -0.004239,
        "nauc_mrr_at_5_std": -0.099866,
        "nauc_mrr_at_5_diff1": -0.036759,
        "nauc_mrr_at_10_max": -0.08889,
        "nauc_mrr_at_10_std": 0.036294,
        "nauc_mrr_at_10_diff1": -0.073079,
        "nauc_mrr_at_20_max": -0.156122,
        "nauc_mrr_at_20_std": 0.143629,
        "nauc_mrr_at_20_diff1": -0.028898,
        "nauc_mrr_at_100_max": -0.162203,
        "nauc_mrr_at_100_std": 0.169007,
        "nauc_mrr_at_100_diff1": -0.019699,
        "nauc_mrr_at_1000_max": -0.146554,
        "nauc_mrr_at_1000_std": 0.156429,
        "nauc_mrr_at_1000_diff1": -0.020294,
        "main_score": 0.00112,
        "hf_subset": "default",
        "languages": [
          "eng-Latn"
        ]
      }
    ]
  },
  "evaluation_time": 171.05271935462952,
  "kg_co2_emissions": null
}