{
  "dataset_revision": "f8c2fcf00f625baaa80f62ec5bd9e1fff3b8ae88",
  "task_name": "SCIDOCS",
  "mteb_version": "1.39.7",
  "scores": {
    "test": [
      {
        "ndcg_at_1": 0.0,
        "ndcg_at_3": 0.0003,
        "ndcg_at_5": 0.00035,
        "ndcg_at_10": 0.00065,
        "ndcg_at_20": 0.00115,
        "ndcg_at_100": 0.00323,
        "ndcg_at_1000": 0.0129,
        "map_at_1": 0.0,
        "map_at_3": 0.0001,
        "map_at_5": 0.00014,
        "map_at_10": 0.00021,
        "map_at_20": 0.00028,
        "map_at_100": 0.00044,
        "map_at_1000": 0.00059,
        "recall_at_1": 0.0,
        "recall_at_3": 0.0002,
        "recall_at_5": 0.0004,
        "recall_at_10": 0.001,
        "recall_at_20": 0.0022,
        "recall_at_100": 0.0092,
        "recall_at_1000": 0.05925,
        "precision_at_1": 0.0,
        "precision_at_3": 0.00033,
        "precision_at_5": 0.0004,
        "precision_at_10": 0.0005,
        "precision_at_20": 0.00055,
        "precision_at_100": 0.00046,
        "precision_at_1000": 0.00029,
        "mrr_at_1": 0.0,
        "mrr_at_3": 0.0005,
        "mrr_at_5": 0.0007,
        "mrr_at_10": 0.001043,
        "mrr_at_20": 0.001408,
        "mrr_at_100": 0.002101,
        "mrr_at_1000": 0.002714,
        "nauc_ndcg_at_1_max": NaN,
        "nauc_ndcg_at_1_std": NaN,
        "nauc_ndcg_at_1_diff1": NaN,
        "nauc_ndcg_at_3_max": -0.574725,
        "nauc_ndcg_at_3_std": 1.0,
        "nauc_ndcg_at_3_diff1": -0.318487,
        "nauc_ndcg_at_5_max": -0.434497,
        "nauc_ndcg_at_5_std": 1.0,
        "nauc_ndcg_at_5_diff1": 0.182662,
        "nauc_ndcg_at_10_max": -0.228348,
        "nauc_ndcg_at_10_std": 0.552348,
        "nauc_ndcg_at_10_diff1": -0.061769,
        "nauc_ndcg_at_20_max": -0.123914,
        "nauc_ndcg_at_20_std": 0.301303,
        "nauc_ndcg_at_20_diff1": 0.046839,
        "nauc_ndcg_at_100_max": -0.166447,
        "nauc_ndcg_at_100_std": 0.284078,
        "nauc_ndcg_at_100_diff1": 0.132163,
        "nauc_ndcg_at_1000_max": -0.118067,
        "nauc_ndcg_at_1000_std": 0.130194,
        "nauc_ndcg_at_1000_diff1": 0.076281,
        "nauc_map_at_1_max": NaN,
        "nauc_map_at_1_std": NaN,
        "nauc_map_at_1_diff1": NaN,
        "nauc_map_at_3_max": -0.574725,
        "nauc_map_at_3_std": 1.0,
        "nauc_map_at_3_diff1": -0.318487,
        "nauc_map_at_5_max": -0.469317,
        "nauc_map_at_5_std": 1.0,
        "nauc_map_at_5_diff1": 0.058224,
        "nauc_map_at_10_max": -0.316326,
        "nauc_map_at_10_std": 0.685237,
        "nauc_map_at_10_diff1": -0.067556,
        "nauc_map_at_20_max": -0.234836,
        "nauc_map_at_20_std": 0.502863,
        "nauc_map_at_20_diff1": 0.001148,
        "nauc_map_at_100_max": -0.242293,
        "nauc_map_at_100_std": 0.447552,
        "nauc_map_at_100_diff1": 0.113914,
        "nauc_map_at_1000_max": -0.213603,
        "nauc_map_at_1000_std": 0.373503,
        "nauc_map_at_1000_diff1": 0.104177,
        "nauc_recall_at_1_max": NaN,
        "nauc_recall_at_1_std": NaN,
        "nauc_recall_at_1_diff1": NaN,
        "nauc_recall_at_3_max": -0.574725,
        "nauc_recall_at_3_std": 1.0,
        "nauc_recall_at_3_diff1": -0.318487,
        "nauc_recall_at_5_max": -0.39026,
        "nauc_recall_at_5_std": 1.0,
        "nauc_recall_at_5_diff1": 0.340757,
        "nauc_recall_at_10_max": -0.152777,
        "nauc_recall_at_10_std": 0.435256,
        "nauc_recall_at_10_diff1": -0.068473,
        "nauc_recall_at_20_max": -0.056516,
        "nauc_recall_at_20_std": 0.176281,
        "nauc_recall_at_20_diff1": 0.071176,
        "nauc_recall_at_100_max": -0.146277,
        "nauc_recall_at_100_std": 0.238285,
        "nauc_recall_at_100_diff1": 0.127775,
        "nauc_recall_at_1000_max": -0.10599,
        "nauc_recall_at_1000_std": 0.088404,
        "nauc_recall_at_1000_diff1": 0.066935,
        "nauc_precision_at_1_max": NaN,
        "nauc_precision_at_1_std": NaN,
        "nauc_precision_at_1_diff1": NaN,
        "nauc_precision_at_3_max": -0.574725,
        "nauc_precision_at_3_std": 1.0,
        "nauc_precision_at_3_diff1": -0.318487,
        "nauc_precision_at_5_max": -0.39026,
        "nauc_precision_at_5_std": 1.0,
        "nauc_precision_at_5_diff1": 0.340757,
        "nauc_precision_at_10_max": -0.152777,
        "nauc_precision_at_10_std": 0.435256,
        "nauc_precision_at_10_diff1": -0.068473,
        "nauc_precision_at_20_max": -0.056516,
        "nauc_precision_at_20_std": 0.176281,
        "nauc_precision_at_20_diff1": 0.071176,
        "nauc_precision_at_100_max": -0.146277,
        "nauc_precision_at_100_std": 0.238285,
        "nauc_precision_at_100_diff1": 0.127775,
        "nauc_precision_at_1000_max": -0.10508,
        "nauc_precision_at_1000_std": 0.089985,
        "nauc_precision_at_1000_diff1": 0.065193,
        "nauc_mrr_at_1_max": NaN,
        "nauc_mrr_at_1_std": NaN,
        "nauc_mrr_at_1_diff1": NaN,
        "nauc_mrr_at_3_max": -0.574725,
        "nauc_mrr_at_3_std": 1.0,
        "nauc_mrr_at_3_diff1": -0.318487,
        "nauc_mrr_at_5_max": -0.469317,
        "nauc_mrr_at_5_std": 1.0,
        "nauc_mrr_at_5_diff1": 0.058224,
        "nauc_mrr_at_10_max": -0.316326,
        "nauc_mrr_at_10_std": 0.685237,
        "nauc_mrr_at_10_diff1": -0.067556,
        "nauc_mrr_at_20_max": -0.234836,
        "nauc_mrr_at_20_std": 0.502863,
        "nauc_mrr_at_20_diff1": 0.001148,
        "nauc_mrr_at_100_max": -0.229636,
        "nauc_mrr_at_100_std": 0.439391,
        "nauc_mrr_at_100_diff1": 0.080178,
        "nauc_mrr_at_1000_max": -0.202922,
        "nauc_mrr_at_1000_std": 0.37192,
        "nauc_mrr_at_1000_diff1": 0.076258,
        "main_score": 0.00065,
        "hf_subset": "default",
        "languages": [
          "eng-Latn"
        ]
      }
    ]
  },
  "evaluation_time": 128.6117491722107,
  "kg_co2_emissions": null
}