{
  "dataset_revision": "f8c2fcf00f625baaa80f62ec5bd9e1fff3b8ae88",
  "task_name": "SCIDOCS",
  "mteb_version": "1.39.7",
  "scores": {
    "test": [
      {
        "ndcg_at_1": 0.168,
        "ndcg_at_3": 0.13199,
        "ndcg_at_5": 0.11438,
        "ndcg_at_10": 0.13561,
        "ndcg_at_20": 0.15751,
        "ndcg_at_100": 0.19932,
        "ndcg_at_1000": 0.25073,
        "map_at_1": 0.03395,
        "map_at_3": 0.05691,
        "map_at_5": 0.06774,
        "map_at_10": 0.07689,
        "map_at_20": 0.08408,
        "map_at_100": 0.09146,
        "map_at_1000": 0.09395,
        "recall_at_1": 0.03395,
        "recall_at_3": 0.0739,
        "recall_at_5": 0.1004,
        "recall_at_10": 0.13945,
        "recall_at_20": 0.1911,
        "recall_at_100": 0.3264,
        "recall_at_1000": 0.58008,
        "precision_at_1": 0.168,
        "precision_at_3": 0.122,
        "precision_at_5": 0.0994,
        "precision_at_10": 0.069,
        "precision_at_20": 0.0471,
        "precision_at_100": 0.01608,
        "precision_at_1000": 0.00286,
        "mrr_at_1": 0.168,
        "mrr_at_3": 0.224333,
        "mrr_at_5": 0.238983,
        "mrr_at_10": 0.25097,
        "mrr_at_20": 0.257778,
        "mrr_at_100": 0.262665,
        "mrr_at_1000": 0.263482,
        "nauc_ndcg_at_1_max": 0.20877,
        "nauc_ndcg_at_1_std": 0.096454,
        "nauc_ndcg_at_1_diff1": 0.215568,
        "nauc_ndcg_at_3_max": 0.244619,
        "nauc_ndcg_at_3_std": 0.133631,
        "nauc_ndcg_at_3_diff1": 0.195822,
        "nauc_ndcg_at_5_max": 0.243565,
        "nauc_ndcg_at_5_std": 0.149417,
        "nauc_ndcg_at_5_diff1": 0.187823,
        "nauc_ndcg_at_10_max": 0.25673,
        "nauc_ndcg_at_10_std": 0.18258,
        "nauc_ndcg_at_10_diff1": 0.169454,
        "nauc_ndcg_at_20_max": 0.266406,
        "nauc_ndcg_at_20_std": 0.213453,
        "nauc_ndcg_at_20_diff1": 0.162925,
        "nauc_ndcg_at_100_max": 0.282016,
        "nauc_ndcg_at_100_std": 0.268492,
        "nauc_ndcg_at_100_diff1": 0.152207,
        "nauc_ndcg_at_1000_max": 0.29869,
        "nauc_ndcg_at_1000_std": 0.294026,
        "nauc_ndcg_at_1000_diff1": 0.146149,
        "nauc_map_at_1_max": 0.207724,
        "nauc_map_at_1_std": 0.096444,
        "nauc_map_at_1_diff1": 0.213077,
        "nauc_map_at_3_max": 0.244882,
        "nauc_map_at_3_std": 0.120128,
        "nauc_map_at_3_diff1": 0.207947,
        "nauc_map_at_5_max": 0.248009,
        "nauc_map_at_5_std": 0.130387,
        "nauc_map_at_5_diff1": 0.20878,
        "nauc_map_at_10_max": 0.258095,
        "nauc_map_at_10_std": 0.152091,
        "nauc_map_at_10_diff1": 0.194175,
        "nauc_map_at_20_max": 0.265635,
        "nauc_map_at_20_std": 0.17204,
        "nauc_map_at_20_diff1": 0.190056,
        "nauc_map_at_100_max": 0.271042,
        "nauc_map_at_100_std": 0.194625,
        "nauc_map_at_100_diff1": 0.183472,
        "nauc_map_at_1000_max": 0.272578,
        "nauc_map_at_1000_std": 0.199425,
        "nauc_map_at_1000_diff1": 0.182084,
        "nauc_recall_at_1_max": 0.207724,
        "nauc_recall_at_1_std": 0.096444,
        "nauc_recall_at_1_diff1": 0.213077,
        "nauc_recall_at_3_max": 0.250731,
        "nauc_recall_at_3_std": 0.144455,
        "nauc_recall_at_3_diff1": 0.181989,
        "nauc_recall_at_5_max": 0.243072,
        "nauc_recall_at_5_std": 0.165939,
        "nauc_recall_at_5_diff1": 0.168444,
        "nauc_recall_at_10_max": 0.258296,
        "nauc_recall_at_10_std": 0.222501,
        "nauc_recall_at_10_diff1": 0.128839,
        "nauc_recall_at_20_max": 0.25987,
        "nauc_recall_at_20_std": 0.267867,
        "nauc_recall_at_20_diff1": 0.111337,
        "nauc_recall_at_100_max": 0.269659,
        "nauc_recall_at_100_std": 0.365677,
        "nauc_recall_at_100_diff1": 0.080157,
        "nauc_recall_at_1000_max": 0.291063,
        "nauc_recall_at_1000_std": 0.40886,
        "nauc_recall_at_1000_diff1": 0.040283,
        "nauc_precision_at_1_max": 0.20877,
        "nauc_precision_at_1_std": 0.096454,
        "nauc_precision_at_1_diff1": 0.215568,
        "nauc_precision_at_3_max": 0.252963,
        "nauc_precision_at_3_std": 0.144408,
        "nauc_precision_at_3_diff1": 0.185262,
        "nauc_precision_at_5_max": 0.245286,
        "nauc_precision_at_5_std": 0.166042,
        "nauc_precision_at_5_diff1": 0.170961,
        "nauc_precision_at_10_max": 0.261635,
        "nauc_precision_at_10_std": 0.223854,
        "nauc_precision_at_10_diff1": 0.131904,
        "nauc_precision_at_20_max": 0.263954,
        "nauc_precision_at_20_std": 0.268067,
        "nauc_precision_at_20_diff1": 0.114317,
        "nauc_precision_at_100_max": 0.272367,
        "nauc_precision_at_100_std": 0.360327,
        "nauc_precision_at_100_diff1": 0.083661,
        "nauc_precision_at_1000_max": 0.292418,
        "nauc_precision_at_1000_std": 0.399258,
        "nauc_precision_at_1000_diff1": 0.044175,
        "nauc_mrr_at_1_max": 0.20877,
        "nauc_mrr_at_1_std": 0.096454,
        "nauc_mrr_at_1_diff1": 0.215568,
        "nauc_mrr_at_3_max": 0.232416,
        "nauc_mrr_at_3_std": 0.139537,
        "nauc_mrr_at_3_diff1": 0.189571,
        "nauc_mrr_at_5_max": 0.231079,
        "nauc_mrr_at_5_std": 0.150514,
        "nauc_mrr_at_5_diff1": 0.182034,
        "nauc_mrr_at_10_max": 0.234457,
        "nauc_mrr_at_10_std": 0.158716,
        "nauc_mrr_at_10_diff1": 0.17934,
        "nauc_mrr_at_20_max": 0.236021,
        "nauc_mrr_at_20_std": 0.162941,
        "nauc_mrr_at_20_diff1": 0.179088,
        "nauc_mrr_at_100_max": 0.236994,
        "nauc_mrr_at_100_std": 0.163231,
        "nauc_mrr_at_100_diff1": 0.180316,
        "nauc_mrr_at_1000_max": 0.236958,
        "nauc_mrr_at_1000_std": 0.162985,
        "nauc_mrr_at_1000_diff1": 0.180525,
        "main_score": 0.13561,
        "hf_subset": "default",
        "languages": [
          "eng-Latn"
        ]
      }
    ]
  },
  "evaluation_time": 176.89637684822083,
  "kg_co2_emissions": null
}