{
  "dataset_revision": "0228b52cf27578f30900b9e5271d331663a030d7",
  "task_name": "SciFact",
  "mteb_version": "1.39.7",
  "scores": {
    "test": [
      {
        "ndcg_at_1": 0.14,
        "ndcg_at_3": 0.18984,
        "ndcg_at_5": 0.19506,
        "ndcg_at_10": 0.21583,
        "ndcg_at_20": 0.23662,
        "ndcg_at_100": 0.26434,
        "ndcg_at_1000": 0.30156,
        "map_at_1": 0.12872,
        "map_at_3": 0.17152,
        "map_at_5": 0.17546,
        "map_at_10": 0.18416,
        "map_at_20": 0.19022,
        "map_at_100": 0.19418,
        "map_at_1000": 0.1953,
        "recall_at_1": 0.12872,
        "recall_at_3": 0.226,
        "recall_at_5": 0.24111,
        "recall_at_10": 0.3025,
        "recall_at_20": 0.38139,
        "recall_at_100": 0.52772,
        "recall_at_1000": 0.83322,
        "precision_at_1": 0.14,
        "precision_at_3": 0.08333,
        "precision_at_5": 0.054,
        "precision_at_10": 0.03433,
        "precision_at_20": 0.022,
        "precision_at_100": 0.0061,
        "precision_at_1000": 0.00095,
        "mrr_at_1": 0.14,
        "mrr_at_3": 0.183333,
        "mrr_at_5": 0.187333,
        "mrr_at_10": 0.196008,
        "mrr_at_20": 0.201374,
        "mrr_at_100": 0.204904,
        "mrr_at_1000": 0.205921,
        "nauc_ndcg_at_1_max": 0.416932,
        "nauc_ndcg_at_1_std": -0.014843,
        "nauc_ndcg_at_1_diff1": 0.538688,
        "nauc_ndcg_at_3_max": 0.392874,
        "nauc_ndcg_at_3_std": -0.014903,
        "nauc_ndcg_at_3_diff1": 0.435908,
        "nauc_ndcg_at_5_max": 0.369052,
        "nauc_ndcg_at_5_std": -0.007054,
        "nauc_ndcg_at_5_diff1": 0.412356,
        "nauc_ndcg_at_10_max": 0.370716,
        "nauc_ndcg_at_10_std": -0.012486,
        "nauc_ndcg_at_10_diff1": 0.39346,
        "nauc_ndcg_at_20_max": 0.378568,
        "nauc_ndcg_at_20_std": -0.028496,
        "nauc_ndcg_at_20_diff1": 0.369835,
        "nauc_ndcg_at_100_max": 0.364185,
        "nauc_ndcg_at_100_std": -0.024291,
        "nauc_ndcg_at_100_diff1": 0.351124,
        "nauc_ndcg_at_1000_max": 0.383,
        "nauc_ndcg_at_1000_std": -0.023708,
        "nauc_ndcg_at_1000_diff1": 0.36683,
        "nauc_map_at_1_max": 0.374452,
        "nauc_map_at_1_std": -0.016702,
        "nauc_map_at_1_diff1": 0.542947,
        "nauc_map_at_3_max": 0.377128,
        "nauc_map_at_3_std": -0.022083,
        "nauc_map_at_3_diff1": 0.454325,
        "nauc_map_at_5_max": 0.368587,
        "nauc_map_at_5_std": -0.017472,
        "nauc_map_at_5_diff1": 0.439538,
        "nauc_map_at_10_max": 0.369329,
        "nauc_map_at_10_std": -0.018812,
        "nauc_map_at_10_diff1": 0.431357,
        "nauc_map_at_20_max": 0.373505,
        "nauc_map_at_20_std": -0.023547,
        "nauc_map_at_20_diff1": 0.423486,
        "nauc_map_at_100_max": 0.372148,
        "nauc_map_at_100_std": -0.022139,
        "nauc_map_at_100_diff1": 0.420189,
        "nauc_map_at_1000_max": 0.372975,
        "nauc_map_at_1000_std": -0.022021,
        "nauc_map_at_1000_diff1": 0.420675,
        "nauc_recall_at_1_max": 0.374452,
        "nauc_recall_at_1_std": -0.016702,
        "nauc_recall_at_1_diff1": 0.542947,
        "nauc_recall_at_3_max": 0.369282,
        "nauc_recall_at_3_std": -0.01029,
        "nauc_recall_at_3_diff1": 0.372275,
        "nauc_recall_at_5_max": 0.334256,
        "nauc_recall_at_5_std": 0.010951,
        "nauc_recall_at_5_diff1": 0.331888,
        "nauc_recall_at_10_max": 0.339208,
        "nauc_recall_at_10_std": -0.005433,
        "nauc_recall_at_10_diff1": 0.286136,
        "nauc_recall_at_20_max": 0.350953,
        "nauc_recall_at_20_std": -0.057468,
        "nauc_recall_at_20_diff1": 0.218011,
        "nauc_recall_at_100_max": 0.275698,
        "nauc_recall_at_100_std": -0.044607,
        "nauc_recall_at_100_diff1": 0.129223,
        "nauc_recall_at_1000_max": 0.431995,
        "nauc_recall_at_1000_std": -0.069824,
        "nauc_recall_at_1000_diff1": 0.119568,
        "nauc_precision_at_1_max": 0.416932,
        "nauc_precision_at_1_std": -0.014843,
        "nauc_precision_at_1_diff1": 0.538688,
        "nauc_precision_at_3_max": 0.437847,
        "nauc_precision_at_3_std": 0.00278,
        "nauc_precision_at_3_diff1": 0.383999,
        "nauc_precision_at_5_max": 0.407052,
        "nauc_precision_at_5_std": 0.023512,
        "nauc_precision_at_5_diff1": 0.32842,
        "nauc_precision_at_10_max": 0.408995,
        "nauc_precision_at_10_std": 0.005733,
        "nauc_precision_at_10_diff1": 0.285046,
        "nauc_precision_at_20_max": 0.453956,
        "nauc_precision_at_20_std": -0.033601,
        "nauc_precision_at_20_diff1": 0.22309,
        "nauc_precision_at_100_max": 0.417208,
        "nauc_precision_at_100_std": -0.015018,
        "nauc_precision_at_100_diff1": 0.170127,
        "nauc_precision_at_1000_max": 0.507566,
        "nauc_precision_at_1000_std": 0.003555,
        "nauc_precision_at_1000_diff1": 0.139438,
        "nauc_mrr_at_1_max": 0.416932,
        "nauc_mrr_at_1_std": -0.014843,
        "nauc_mrr_at_1_diff1": 0.538688,
        "nauc_mrr_at_3_max": 0.416223,
        "nauc_mrr_at_3_std": -0.013589,
        "nauc_mrr_at_3_diff1": 0.466498,
        "nauc_mrr_at_5_max": 0.404084,
        "nauc_mrr_at_5_std": -0.005504,
        "nauc_mrr_at_5_diff1": 0.452297,
        "nauc_mrr_at_10_max": 0.401661,
        "nauc_mrr_at_10_std": -0.009034,
        "nauc_mrr_at_10_diff1": 0.443626,
        "nauc_mrr_at_20_max": 0.402616,
        "nauc_mrr_at_20_std": -0.014036,
        "nauc_mrr_at_20_diff1": 0.436448,
        "nauc_mrr_at_100_max": 0.399251,
        "nauc_mrr_at_100_std": -0.013472,
        "nauc_mrr_at_100_diff1": 0.432535,
        "nauc_mrr_at_1000_max": 0.39991,
        "nauc_mrr_at_1000_std": -0.013421,
        "nauc_mrr_at_1000_diff1": 0.432886,
        "main_score": 0.21583,
        "hf_subset": "default",
        "languages": [
          "eng-Latn"
        ]
      }
    ]
  },
  "evaluation_time": 18.75194263458252,
  "kg_co2_emissions": null
}