{
  "dataset_revision": "bb9466bac8153a0349341eb1b22e06409e78ef4e",
  "task_name": "TRECCOVID",
  "mteb_version": "1.39.7",
  "scores": {
    "test": [
      {
        "ndcg_at_1": 0.69,
        "ndcg_at_3": 0.7195,
        "ndcg_at_5": 0.70359,
        "ndcg_at_10": 0.6642,
        "ndcg_at_20": 0.62535,
        "ndcg_at_100": 0.48451,
        "ndcg_at_1000": 0.41312,
        "map_at_1": 0.00196,
        "map_at_3": 0.00548,
        "map_at_5": 0.00854,
        "map_at_10": 0.01469,
        "map_at_20": 0.02556,
        "map_at_100": 0.07751,
        "map_at_1000": 0.17714,
        "recall_at_1": 0.00196,
        "recall_at_3": 0.00594,
        "recall_at_5": 0.00964,
        "recall_at_10": 0.01748,
        "recall_at_20": 0.0317,
        "recall_at_100": 0.11134,
        "recall_at_1000": 0.38315,
        "precision_at_1": 0.76,
        "precision_at_3": 0.78,
        "precision_at_5": 0.768,
        "precision_at_10": 0.708,
        "precision_at_20": 0.66,
        "precision_at_100": 0.4942,
        "precision_at_1000": 0.18626,
        "mrr_at_1": 0.76,
        "mrr_at_3": 0.846667,
        "mrr_at_5": 0.861667,
        "mrr_at_10": 0.861667,
        "mrr_at_20": 0.861667,
        "mrr_at_100": 0.861667,
        "mrr_at_1000": 0.861667,
        "nauc_ndcg_at_1_max": 0.242444,
        "nauc_ndcg_at_1_std": 0.23002,
        "nauc_ndcg_at_1_diff1": 0.168402,
        "nauc_ndcg_at_3_max": 0.41809,
        "nauc_ndcg_at_3_std": 0.497736,
        "nauc_ndcg_at_3_diff1": -0.091096,
        "nauc_ndcg_at_5_max": 0.375917,
        "nauc_ndcg_at_5_std": 0.502612,
        "nauc_ndcg_at_5_diff1": -0.051277,
        "nauc_ndcg_at_10_max": 0.402087,
        "nauc_ndcg_at_10_std": 0.598098,
        "nauc_ndcg_at_10_diff1": -0.103108,
        "nauc_ndcg_at_20_max": 0.39952,
        "nauc_ndcg_at_20_std": 0.636846,
        "nauc_ndcg_at_20_diff1": -0.122336,
        "nauc_ndcg_at_100_max": 0.511715,
        "nauc_ndcg_at_100_std": 0.797445,
        "nauc_ndcg_at_100_diff1": -0.147395,
        "nauc_ndcg_at_1000_max": 0.596923,
        "nauc_ndcg_at_1000_std": 0.83045,
        "nauc_ndcg_at_1000_diff1": -0.192069,
        "nauc_map_at_1_max": 0.109997,
        "nauc_map_at_1_std": -0.080765,
        "nauc_map_at_1_diff1": 0.154106,
        "nauc_map_at_3_max": 0.160659,
        "nauc_map_at_3_std": 0.049006,
        "nauc_map_at_3_diff1": -0.056599,
        "nauc_map_at_5_max": 0.085124,
        "nauc_map_at_5_std": 0.080991,
        "nauc_map_at_5_diff1": -0.066873,
        "nauc_map_at_10_max": 0.165152,
        "nauc_map_at_10_std": 0.230835,
        "nauc_map_at_10_diff1": -0.134738,
        "nauc_map_at_20_max": 0.236539,
        "nauc_map_at_20_std": 0.353926,
        "nauc_map_at_20_diff1": -0.157559,
        "nauc_map_at_100_max": 0.537454,
        "nauc_map_at_100_std": 0.773047,
        "nauc_map_at_100_diff1": -0.131194,
        "nauc_map_at_1000_max": 0.607051,
        "nauc_map_at_1000_std": 0.872685,
        "nauc_map_at_1000_diff1": -0.163262,
        "nauc_recall_at_1_max": 0.109997,
        "nauc_recall_at_1_std": -0.080765,
        "nauc_recall_at_1_diff1": 0.154106,
        "nauc_recall_at_3_max": 0.141879,
        "nauc_recall_at_3_std": 0.02195,
        "nauc_recall_at_3_diff1": -0.062591,
        "nauc_recall_at_5_max": 0.016517,
        "nauc_recall_at_5_std": -0.010631,
        "nauc_recall_at_5_diff1": -0.059087,
        "nauc_recall_at_10_max": 0.098078,
        "nauc_recall_at_10_std": 0.116129,
        "nauc_recall_at_10_diff1": -0.139121,
        "nauc_recall_at_20_max": 0.174214,
        "nauc_recall_at_20_std": 0.216626,
        "nauc_recall_at_20_diff1": -0.136765,
        "nauc_recall_at_100_max": 0.481691,
        "nauc_recall_at_100_std": 0.615919,
        "nauc_recall_at_100_diff1": -0.128933,
        "nauc_recall_at_1000_max": 0.581928,
        "nauc_recall_at_1000_std": 0.736315,
        "nauc_recall_at_1000_diff1": -0.177946,
        "nauc_precision_at_1_max": 0.250454,
        "nauc_precision_at_1_std": 0.258198,
        "nauc_precision_at_1_diff1": 0.210652,
        "nauc_precision_at_3_max": 0.513305,
        "nauc_precision_at_3_std": 0.62365,
        "nauc_precision_at_3_diff1": -0.121682,
        "nauc_precision_at_5_max": 0.29728,
        "nauc_precision_at_5_std": 0.507668,
        "nauc_precision_at_5_diff1": -0.065481,
        "nauc_precision_at_10_max": 0.425619,
        "nauc_precision_at_10_std": 0.677601,
        "nauc_precision_at_10_diff1": -0.150498,
        "nauc_precision_at_20_max": 0.411898,
        "nauc_precision_at_20_std": 0.675562,
        "nauc_precision_at_20_diff1": -0.153254,
        "nauc_precision_at_100_max": 0.543169,
        "nauc_precision_at_100_std": 0.828342,
        "nauc_precision_at_100_diff1": -0.129527,
        "nauc_precision_at_1000_max": 0.42563,
        "nauc_precision_at_1000_std": 0.664481,
        "nauc_precision_at_1000_diff1": -0.150948,
        "nauc_mrr_at_1_max": 0.250454,
        "nauc_mrr_at_1_std": 0.258198,
        "nauc_mrr_at_1_diff1": 0.210652,
        "nauc_mrr_at_3_max": 0.372645,
        "nauc_mrr_at_3_std": 0.37151,
        "nauc_mrr_at_3_diff1": 0.131476,
        "nauc_mrr_at_5_max": 0.328705,
        "nauc_mrr_at_5_std": 0.325493,
        "nauc_mrr_at_5_diff1": 0.170895,
        "nauc_mrr_at_10_max": 0.328705,
        "nauc_mrr_at_10_std": 0.325493,
        "nauc_mrr_at_10_diff1": 0.170895,
        "nauc_mrr_at_20_max": 0.328705,
        "nauc_mrr_at_20_std": 0.325493,
        "nauc_mrr_at_20_diff1": 0.170895,
        "nauc_mrr_at_100_max": 0.328705,
        "nauc_mrr_at_100_std": 0.325493,
        "nauc_mrr_at_100_diff1": 0.170895,
        "nauc_mrr_at_1000_max": 0.328705,
        "nauc_mrr_at_1000_std": 0.325493,
        "nauc_mrr_at_1000_diff1": 0.170895,
        "main_score": 0.6642,
        "hf_subset": "default",
        "languages": [
          "eng-Latn"
        ]
      }
    ]
  },
  "evaluation_time": 395.7135753631592,
  "kg_co2_emissions": null
}