{
  "dataset_revision": "27a168819829fe9bcd655c2df245fb19452e8e06",
  "task_name": "FiQA2018",
  "mteb_version": "1.39.7",
  "scores": {
    "test": [
      {
        "ndcg_at_1": 0.0108,
        "ndcg_at_3": 0.01187,
        "ndcg_at_5": 0.0135,
        "ndcg_at_10": 0.01716,
        "ndcg_at_20": 0.0218,
        "ndcg_at_100": 0.03202,
        "ndcg_at_1000": 0.05155,
        "map_at_1": 0.00611,
        "map_at_3": 0.00851,
        "map_at_5": 0.00959,
        "map_at_10": 0.01101,
        "map_at_20": 0.01211,
        "map_at_100": 0.01324,
        "map_at_1000": 0.01376,
        "recall_at_1": 0.00611,
        "recall_at_3": 0.01119,
        "recall_at_5": 0.01491,
        "recall_at_10": 0.02491,
        "recall_at_20": 0.03992,
        "recall_at_100": 0.0861,
        "recall_at_1000": 0.21101,
        "precision_at_1": 0.0108,
        "precision_at_3": 0.00823,
        "precision_at_5": 0.00741,
        "precision_at_10": 0.00586,
        "precision_at_20": 0.00463,
        "precision_at_100": 0.00202,
        "precision_at_1000": 0.00055,
        "mrr_at_1": 0.010802,
        "mrr_at_3": 0.016204,
        "mrr_at_5": 0.01821,
        "mrr_at_10": 0.021168,
        "mrr_at_20": 0.023116,
        "mrr_at_100": 0.024974,
        "mrr_at_1000": 0.02572,
        "nauc_ndcg_at_1_max": 0.185322,
        "nauc_ndcg_at_1_std": 0.227882,
        "nauc_ndcg_at_1_diff1": 0.161719,
        "nauc_ndcg_at_3_max": 0.268171,
        "nauc_ndcg_at_3_std": 0.084147,
        "nauc_ndcg_at_3_diff1": 0.252638,
        "nauc_ndcg_at_5_max": 0.240915,
        "nauc_ndcg_at_5_std": 0.145685,
        "nauc_ndcg_at_5_diff1": 0.233978,
        "nauc_ndcg_at_10_max": 0.205619,
        "nauc_ndcg_at_10_std": 0.196605,
        "nauc_ndcg_at_10_diff1": 0.217628,
        "nauc_ndcg_at_20_max": 0.222483,
        "nauc_ndcg_at_20_std": 0.142962,
        "nauc_ndcg_at_20_diff1": 0.159087,
        "nauc_ndcg_at_100_max": 0.15139,
        "nauc_ndcg_at_100_std": 0.147584,
        "nauc_ndcg_at_100_diff1": 0.101637,
        "nauc_ndcg_at_1000_max": 0.143642,
        "nauc_ndcg_at_1000_std": 0.124107,
        "nauc_ndcg_at_1000_diff1": 0.067476,
        "nauc_map_at_1_max": 0.360504,
        "nauc_map_at_1_std": 0.063129,
        "nauc_map_at_1_diff1": 0.289446,
        "nauc_map_at_3_max": 0.349293,
        "nauc_map_at_3_std": 0.053532,
        "nauc_map_at_3_diff1": 0.311629,
        "nauc_map_at_5_max": 0.298904,
        "nauc_map_at_5_std": 0.104243,
        "nauc_map_at_5_diff1": 0.29056,
        "nauc_map_at_10_max": 0.271931,
        "nauc_map_at_10_std": 0.138356,
        "nauc_map_at_10_diff1": 0.272213,
        "nauc_map_at_20_max": 0.27556,
        "nauc_map_at_20_std": 0.121584,
        "nauc_map_at_20_diff1": 0.244019,
        "nauc_map_at_100_max": 0.250503,
        "nauc_map_at_100_std": 0.131045,
        "nauc_map_at_100_diff1": 0.222629,
        "nauc_map_at_1000_max": 0.247828,
        "nauc_map_at_1000_std": 0.12964,
        "nauc_map_at_1000_diff1": 0.21704,
        "nauc_recall_at_1_max": 0.360504,
        "nauc_recall_at_1_std": 0.063129,
        "nauc_recall_at_1_diff1": 0.289446,
        "nauc_recall_at_3_max": 0.346196,
        "nauc_recall_at_3_std": 0.061867,
        "nauc_recall_at_3_diff1": 0.337107,
        "nauc_recall_at_5_max": 0.230469,
        "nauc_recall_at_5_std": 0.154567,
        "nauc_recall_at_5_diff1": 0.256892,
        "nauc_recall_at_10_max": 0.17683,
        "nauc_recall_at_10_std": 0.239021,
        "nauc_recall_at_10_diff1": 0.216053,
        "nauc_recall_at_20_max": 0.235845,
        "nauc_recall_at_20_std": 0.121527,
        "nauc_recall_at_20_diff1": 0.106953,
        "nauc_recall_at_100_max": 0.105921,
        "nauc_recall_at_100_std": 0.124077,
        "nauc_recall_at_100_diff1": 0.026189,
        "nauc_recall_at_1000_max": 0.103491,
        "nauc_recall_at_1000_std": 0.086055,
        "nauc_recall_at_1000_diff1": -0.00178,
        "nauc_precision_at_1_max": 0.185322,
        "nauc_precision_at_1_std": 0.227882,
        "nauc_precision_at_1_diff1": 0.161719,
        "nauc_precision_at_3_max": 0.198106,
        "nauc_precision_at_3_std": 0.129045,
        "nauc_precision_at_3_diff1": 0.184987,
        "nauc_precision_at_5_max": 0.149445,
        "nauc_precision_at_5_std": 0.224678,
        "nauc_precision_at_5_diff1": 0.162096,
        "nauc_precision_at_10_max": 0.108264,
        "nauc_precision_at_10_std": 0.258368,
        "nauc_precision_at_10_diff1": 0.151287,
        "nauc_precision_at_20_max": 0.14588,
        "nauc_precision_at_20_std": 0.161873,
        "nauc_precision_at_20_diff1": 0.082991,
        "nauc_precision_at_100_max": 0.076595,
        "nauc_precision_at_100_std": 0.155074,
        "nauc_precision_at_100_diff1": 0.018966,
        "nauc_precision_at_1000_max": 0.07567,
        "nauc_precision_at_1000_std": 0.096466,
        "nauc_precision_at_1000_diff1": -0.021143,
        "nauc_mrr_at_1_max": 0.185322,
        "nauc_mrr_at_1_std": 0.227882,
        "nauc_mrr_at_1_diff1": 0.161719,
        "nauc_mrr_at_3_max": 0.218826,
        "nauc_mrr_at_3_std": 0.165755,
        "nauc_mrr_at_3_diff1": 0.183837,
        "nauc_mrr_at_5_max": 0.197445,
        "nauc_mrr_at_5_std": 0.187052,
        "nauc_mrr_at_5_diff1": 0.161687,
        "nauc_mrr_at_10_max": 0.177187,
        "nauc_mrr_at_10_std": 0.207389,
        "nauc_mrr_at_10_diff1": 0.156812,
        "nauc_mrr_at_20_max": 0.179916,
        "nauc_mrr_at_20_std": 0.184072,
        "nauc_mrr_at_20_diff1": 0.137338,
        "nauc_mrr_at_100_max": 0.160737,
        "nauc_mrr_at_100_std": 0.185888,
        "nauc_mrr_at_100_diff1": 0.126635,
        "nauc_mrr_at_1000_max": 0.160249,
        "nauc_mrr_at_1000_std": 0.182028,
        "nauc_mrr_at_1000_diff1": 0.125145,
        "main_score": 0.01716,
        "hf_subset": "default",
        "languages": [
          "eng-Latn"
        ]
      }
    ]
  },
  "evaluation_time": 712.21985912323,
  "kg_co2_emissions": null
}