{
  "dataset_revision": "ec0fa4fe99da2ff19ca1214b7966684033a58814",
  "task_name": "NFCorpus",
  "mteb_version": "1.39.7",
  "scores": {
    "test": [
      {
        "ndcg_at_1": 0.33901,
        "ndcg_at_3": 0.29242,
        "ndcg_at_5": 0.26735,
        "ndcg_at_10": 0.23234,
        "ndcg_at_20": 0.21446,
        "ndcg_at_100": 0.20992,
        "ndcg_at_1000": 0.29834,
        "map_at_1": 0.03587,
        "map_at_3": 0.05709,
        "map_at_5": 0.06656,
        "map_at_10": 0.07547,
        "map_at_20": 0.083,
        "map_at_100": 0.09246,
        "map_at_1000": 0.102,
        "recall_at_1": 0.03587,
        "recall_at_3": 0.06607,
        "recall_at_5": 0.08254,
        "recall_at_10": 0.10298,
        "recall_at_20": 0.13523,
        "recall_at_100": 0.21854,
        "recall_at_1000": 0.52594,
        "precision_at_1": 0.35294,
        "precision_at_3": 0.27451,
        "precision_at_5": 0.22786,
        "precision_at_10": 0.16563,
        "precision_at_20": 0.1226,
        "precision_at_100": 0.05111,
        "precision_at_1000": 0.01698,
        "mrr_at_1": 0.352941,
        "mrr_at_3": 0.417957,
        "mrr_at_5": 0.42709,
        "mrr_at_10": 0.434165,
        "mrr_at_20": 0.438804,
        "mrr_at_100": 0.441624,
        "mrr_at_1000": 0.442283,
        "nauc_ndcg_at_1_max": 0.383852,
        "nauc_ndcg_at_1_std": 0.219586,
        "nauc_ndcg_at_1_diff1": 0.350366,
        "nauc_ndcg_at_3_max": 0.343038,
        "nauc_ndcg_at_3_std": 0.22301,
        "nauc_ndcg_at_3_diff1": 0.229862,
        "nauc_ndcg_at_5_max": 0.357545,
        "nauc_ndcg_at_5_std": 0.219827,
        "nauc_ndcg_at_5_diff1": 0.221678,
        "nauc_ndcg_at_10_max": 0.374861,
        "nauc_ndcg_at_10_std": 0.226231,
        "nauc_ndcg_at_10_diff1": 0.221975,
        "nauc_ndcg_at_20_max": 0.398152,
        "nauc_ndcg_at_20_std": 0.231079,
        "nauc_ndcg_at_20_diff1": 0.224019,
        "nauc_ndcg_at_100_max": 0.448073,
        "nauc_ndcg_at_100_std": 0.2589,
        "nauc_ndcg_at_100_diff1": 0.233867,
        "nauc_ndcg_at_1000_max": 0.528672,
        "nauc_ndcg_at_1000_std": 0.356803,
        "nauc_ndcg_at_1000_diff1": 0.247364,
        "nauc_map_at_1_max": 0.340475,
        "nauc_map_at_1_std": -0.009421,
        "nauc_map_at_1_diff1": 0.515758,
        "nauc_map_at_3_max": 0.363441,
        "nauc_map_at_3_std": 0.008582,
        "nauc_map_at_3_diff1": 0.43356,
        "nauc_map_at_5_max": 0.375339,
        "nauc_map_at_5_std": 0.037623,
        "nauc_map_at_5_diff1": 0.385759,
        "nauc_map_at_10_max": 0.384633,
        "nauc_map_at_10_std": 0.074147,
        "nauc_map_at_10_diff1": 0.34188,
        "nauc_map_at_20_max": 0.401666,
        "nauc_map_at_20_std": 0.102448,
        "nauc_map_at_20_diff1": 0.321129,
        "nauc_map_at_100_max": 0.408701,
        "nauc_map_at_100_std": 0.145213,
        "nauc_map_at_100_diff1": 0.297923,
        "nauc_map_at_1000_max": 0.413538,
        "nauc_map_at_1000_std": 0.173618,
        "nauc_map_at_1000_diff1": 0.283525,
        "nauc_recall_at_1_max": 0.340475,
        "nauc_recall_at_1_std": -0.009421,
        "nauc_recall_at_1_diff1": 0.515758,
        "nauc_recall_at_3_max": 0.329726,
        "nauc_recall_at_3_std": -0.010886,
        "nauc_recall_at_3_diff1": 0.372717,
        "nauc_recall_at_5_max": 0.321964,
        "nauc_recall_at_5_std": 0.005949,
        "nauc_recall_at_5_diff1": 0.304297,
        "nauc_recall_at_10_max": 0.331975,
        "nauc_recall_at_10_std": 0.053622,
        "nauc_recall_at_10_diff1": 0.257729,
        "nauc_recall_at_20_max": 0.33859,
        "nauc_recall_at_20_std": 0.088393,
        "nauc_recall_at_20_diff1": 0.197178,
        "nauc_recall_at_100_max": 0.290384,
        "nauc_recall_at_100_std": 0.144956,
        "nauc_recall_at_100_diff1": 0.08778,
        "nauc_recall_at_1000_max": 0.321676,
        "nauc_recall_at_1000_std": 0.277281,
        "nauc_recall_at_1000_diff1": 0.110048,
        "nauc_precision_at_1_max": 0.396592,
        "nauc_precision_at_1_std": 0.231593,
        "nauc_precision_at_1_diff1": 0.340959,
        "nauc_precision_at_3_max": 0.318879,
        "nauc_precision_at_3_std": 0.250048,
        "nauc_precision_at_3_diff1": 0.141894,
        "nauc_precision_at_5_max": 0.333176,
        "nauc_precision_at_5_std": 0.270015,
        "nauc_precision_at_5_diff1": 0.108695,
        "nauc_precision_at_10_max": 0.317862,
        "nauc_precision_at_10_std": 0.309944,
        "nauc_precision_at_10_diff1": 0.053702,
        "nauc_precision_at_20_max": 0.290901,
        "nauc_precision_at_20_std": 0.34308,
        "nauc_precision_at_20_diff1": 0.008564,
        "nauc_precision_at_100_max": 0.178091,
        "nauc_precision_at_100_std": 0.335476,
        "nauc_precision_at_100_diff1": -0.07792,
        "nauc_precision_at_1000_max": 0.031816,
        "nauc_precision_at_1000_std": 0.223888,
        "nauc_precision_at_1000_diff1": -0.106025,
        "nauc_mrr_at_1_max": 0.396592,
        "nauc_mrr_at_1_std": 0.231593,
        "nauc_mrr_at_1_diff1": 0.340959,
        "nauc_mrr_at_3_max": 0.411774,
        "nauc_mrr_at_3_std": 0.254862,
        "nauc_mrr_at_3_diff1": 0.316821,
        "nauc_mrr_at_5_max": 0.411401,
        "nauc_mrr_at_5_std": 0.253937,
        "nauc_mrr_at_5_diff1": 0.315559,
        "nauc_mrr_at_10_max": 0.422404,
        "nauc_mrr_at_10_std": 0.263281,
        "nauc_mrr_at_10_diff1": 0.317274,
        "nauc_mrr_at_20_max": 0.42781,
        "nauc_mrr_at_20_std": 0.267439,
        "nauc_mrr_at_20_diff1": 0.314763,
        "nauc_mrr_at_100_max": 0.427412,
        "nauc_mrr_at_100_std": 0.266466,
        "nauc_mrr_at_100_diff1": 0.314862,
        "nauc_mrr_at_1000_max": 0.427302,
        "nauc_mrr_at_1000_std": 0.266756,
        "nauc_mrr_at_1000_diff1": 0.315169,
        "main_score": 0.23234,
        "hf_subset": "default",
        "languages": [
          "eng-Latn"
        ]
      }
    ]
  },
  "evaluation_time": 25.71537470817566,
  "kg_co2_emissions": null
}