{
  "dataset_revision": "ec0fa4fe99da2ff19ca1214b7966684033a58814",
  "task_name": "NFCorpus",
  "mteb_version": "1.39.7",
  "scores": {
    "test": [
      {
        "ndcg_at_1": 0.32043,
        "ndcg_at_3": 0.28132,
        "ndcg_at_5": 0.26312,
        "ndcg_at_10": 0.2352,
        "ndcg_at_20": 0.21499,
        "ndcg_at_100": 0.20969,
        "ndcg_at_1000": 0.2999,
        "map_at_1": 0.04082,
        "map_at_3": 0.06123,
        "map_at_5": 0.06996,
        "map_at_10": 0.08062,
        "map_at_20": 0.08748,
        "map_at_100": 0.09698,
        "map_at_1000": 0.10649,
        "recall_at_1": 0.04082,
        "recall_at_3": 0.0681,
        "recall_at_5": 0.08314,
        "recall_at_10": 0.10664,
        "recall_at_20": 0.1318,
        "recall_at_100": 0.20535,
        "recall_at_1000": 0.53188,
        "precision_at_1": 0.33127,
        "precision_at_3": 0.26109,
        "precision_at_5": 0.22601,
        "precision_at_10": 0.17121,
        "precision_at_20": 0.1226,
        "precision_at_100": 0.05155,
        "precision_at_1000": 0.01698,
        "mrr_at_1": 0.331269,
        "mrr_at_3": 0.403509,
        "mrr_at_5": 0.414035,
        "mrr_at_10": 0.421898,
        "mrr_at_20": 0.42576,
        "mrr_at_100": 0.428733,
        "mrr_at_1000": 0.429379,
        "nauc_ndcg_at_1_max": 0.392518,
        "nauc_ndcg_at_1_std": 0.266889,
        "nauc_ndcg_at_1_diff1": 0.367047,
        "nauc_ndcg_at_3_max": 0.411621,
        "nauc_ndcg_at_3_std": 0.285719,
        "nauc_ndcg_at_3_diff1": 0.285109,
        "nauc_ndcg_at_5_max": 0.402559,
        "nauc_ndcg_at_5_std": 0.267859,
        "nauc_ndcg_at_5_diff1": 0.263961,
        "nauc_ndcg_at_10_max": 0.398683,
        "nauc_ndcg_at_10_std": 0.25636,
        "nauc_ndcg_at_10_diff1": 0.247163,
        "nauc_ndcg_at_20_max": 0.403689,
        "nauc_ndcg_at_20_std": 0.255785,
        "nauc_ndcg_at_20_diff1": 0.264064,
        "nauc_ndcg_at_100_max": 0.447178,
        "nauc_ndcg_at_100_std": 0.275404,
        "nauc_ndcg_at_100_diff1": 0.29895,
        "nauc_ndcg_at_1000_max": 0.513172,
        "nauc_ndcg_at_1000_std": 0.357147,
        "nauc_ndcg_at_1000_diff1": 0.278863,
        "nauc_map_at_1_max": 0.230269,
        "nauc_map_at_1_std": -0.038814,
        "nauc_map_at_1_diff1": 0.411644,
        "nauc_map_at_3_max": 0.309639,
        "nauc_map_at_3_std": 0.018236,
        "nauc_map_at_3_diff1": 0.392428,
        "nauc_map_at_5_max": 0.324838,
        "nauc_map_at_5_std": 0.042271,
        "nauc_map_at_5_diff1": 0.364911,
        "nauc_map_at_10_max": 0.359063,
        "nauc_map_at_10_std": 0.089609,
        "nauc_map_at_10_diff1": 0.336359,
        "nauc_map_at_20_max": 0.372393,
        "nauc_map_at_20_std": 0.118728,
        "nauc_map_at_20_diff1": 0.334421,
        "nauc_map_at_100_max": 0.385334,
        "nauc_map_at_100_std": 0.157509,
        "nauc_map_at_100_diff1": 0.322428,
        "nauc_map_at_1000_max": 0.390164,
        "nauc_map_at_1000_std": 0.181186,
        "nauc_map_at_1000_diff1": 0.30906,
        "nauc_recall_at_1_max": 0.230269,
        "nauc_recall_at_1_std": -0.038814,
        "nauc_recall_at_1_diff1": 0.411644,
        "nauc_recall_at_3_max": 0.304617,
        "nauc_recall_at_3_std": 0.019693,
        "nauc_recall_at_3_diff1": 0.357611,
        "nauc_recall_at_5_max": 0.300944,
        "nauc_recall_at_5_std": 0.032813,
        "nauc_recall_at_5_diff1": 0.312805,
        "nauc_recall_at_10_max": 0.35134,
        "nauc_recall_at_10_std": 0.094901,
        "nauc_recall_at_10_diff1": 0.274828,
        "nauc_recall_at_20_max": 0.363857,
        "nauc_recall_at_20_std": 0.141848,
        "nauc_recall_at_20_diff1": 0.264239,
        "nauc_recall_at_100_max": 0.379792,
        "nauc_recall_at_100_std": 0.234905,
        "nauc_recall_at_100_diff1": 0.233127,
        "nauc_recall_at_1000_max": 0.301452,
        "nauc_recall_at_1000_std": 0.275399,
        "nauc_recall_at_1000_diff1": 0.069698,
        "nauc_precision_at_1_max": 0.40093,
        "nauc_precision_at_1_std": 0.264314,
        "nauc_precision_at_1_diff1": 0.357907,
        "nauc_precision_at_3_max": 0.427111,
        "nauc_precision_at_3_std": 0.330293,
        "nauc_precision_at_3_diff1": 0.226334,
        "nauc_precision_at_5_max": 0.397519,
        "nauc_precision_at_5_std": 0.32203,
        "nauc_precision_at_5_diff1": 0.165652,
        "nauc_precision_at_10_max": 0.364697,
        "nauc_precision_at_10_std": 0.338139,
        "nauc_precision_at_10_diff1": 0.104829,
        "nauc_precision_at_20_max": 0.30994,
        "nauc_precision_at_20_std": 0.350899,
        "nauc_precision_at_20_diff1": 0.078443,
        "nauc_precision_at_100_max": 0.19704,
        "nauc_precision_at_100_std": 0.331942,
        "nauc_precision_at_100_diff1": -0.011947,
        "nauc_precision_at_1000_max": 0.031568,
        "nauc_precision_at_1000_std": 0.197429,
        "nauc_precision_at_1000_diff1": -0.10834,
        "nauc_mrr_at_1_max": 0.40093,
        "nauc_mrr_at_1_std": 0.264314,
        "nauc_mrr_at_1_diff1": 0.357907,
        "nauc_mrr_at_3_max": 0.420258,
        "nauc_mrr_at_3_std": 0.29232,
        "nauc_mrr_at_3_diff1": 0.341442,
        "nauc_mrr_at_5_max": 0.420704,
        "nauc_mrr_at_5_std": 0.296122,
        "nauc_mrr_at_5_diff1": 0.342301,
        "nauc_mrr_at_10_max": 0.431281,
        "nauc_mrr_at_10_std": 0.306163,
        "nauc_mrr_at_10_diff1": 0.339827,
        "nauc_mrr_at_20_max": 0.435518,
        "nauc_mrr_at_20_std": 0.307477,
        "nauc_mrr_at_20_diff1": 0.338653,
        "nauc_mrr_at_100_max": 0.435735,
        "nauc_mrr_at_100_std": 0.307125,
        "nauc_mrr_at_100_diff1": 0.340561,
        "nauc_mrr_at_1000_max": 0.435352,
        "nauc_mrr_at_1000_std": 0.306837,
        "nauc_mrr_at_1000_diff1": 0.3404,
        "main_score": 0.2352,
        "hf_subset": "default",
        "languages": [
          "eng-Latn"
        ]
      }
    ]
  },
  "evaluation_time": 23.309839248657227,
  "kg_co2_emissions": null
}