{
  "dataset_revision": "27a168819829fe9bcd655c2df245fb19452e8e06",
  "task_name": "FiQA2018",
  "mteb_version": "1.39.7",
  "scores": {
    "test": [
      {
        "ndcg_at_1": 0.01698,
        "ndcg_at_3": 0.02119,
        "ndcg_at_5": 0.02233,
        "ndcg_at_10": 0.02665,
        "ndcg_at_20": 0.03321,
        "ndcg_at_100": 0.0454,
        "ndcg_at_1000": 0.06863,
        "map_at_1": 0.00999,
        "map_at_3": 0.01468,
        "map_at_5": 0.01586,
        "map_at_10": 0.0175,
        "map_at_20": 0.0192,
        "map_at_100": 0.02051,
        "map_at_1000": 0.02123,
        "recall_at_1": 0.00999,
        "recall_at_3": 0.02066,
        "recall_at_5": 0.02587,
        "recall_at_10": 0.03855,
        "recall_at_20": 0.05765,
        "recall_at_100": 0.1123,
        "recall_at_1000": 0.26292,
        "precision_at_1": 0.01698,
        "precision_at_3": 0.0144,
        "precision_at_5": 0.01111,
        "precision_at_10": 0.00833,
        "precision_at_20": 0.00687,
        "precision_at_100": 0.00273,
        "precision_at_1000": 0.00067,
        "mrr_at_1": 0.016975,
        "mrr_at_3": 0.028292,
        "mrr_at_5": 0.030993,
        "mrr_at_10": 0.034286,
        "mrr_at_20": 0.037026,
        "mrr_at_100": 0.039212,
        "mrr_at_1000": 0.039973,
        "nauc_ndcg_at_1_max": 0.211034,
        "nauc_ndcg_at_1_std": 0.099987,
        "nauc_ndcg_at_1_diff1": 0.320567,
        "nauc_ndcg_at_3_max": 0.180048,
        "nauc_ndcg_at_3_std": 0.277755,
        "nauc_ndcg_at_3_diff1": 0.280421,
        "nauc_ndcg_at_5_max": 0.128691,
        "nauc_ndcg_at_5_std": 0.28662,
        "nauc_ndcg_at_5_diff1": 0.239385,
        "nauc_ndcg_at_10_max": 0.088457,
        "nauc_ndcg_at_10_std": 0.29515,
        "nauc_ndcg_at_10_diff1": 0.249056,
        "nauc_ndcg_at_20_max": 0.101345,
        "nauc_ndcg_at_20_std": 0.318591,
        "nauc_ndcg_at_20_diff1": 0.179549,
        "nauc_ndcg_at_100_max": 0.096586,
        "nauc_ndcg_at_100_std": 0.245111,
        "nauc_ndcg_at_100_diff1": 0.122281,
        "nauc_ndcg_at_1000_max": 0.097761,
        "nauc_ndcg_at_1000_std": 0.220599,
        "nauc_ndcg_at_1000_diff1": 0.097098,
        "nauc_map_at_1_max": 0.1915,
        "nauc_map_at_1_std": 0.227492,
        "nauc_map_at_1_diff1": 0.434035,
        "nauc_map_at_3_max": 0.177843,
        "nauc_map_at_3_std": 0.319374,
        "nauc_map_at_3_diff1": 0.362758,
        "nauc_map_at_5_max": 0.14818,
        "nauc_map_at_5_std": 0.305688,
        "nauc_map_at_5_diff1": 0.3205,
        "nauc_map_at_10_max": 0.12293,
        "nauc_map_at_10_std": 0.309955,
        "nauc_map_at_10_diff1": 0.318892,
        "nauc_map_at_20_max": 0.125617,
        "nauc_map_at_20_std": 0.320361,
        "nauc_map_at_20_diff1": 0.27899,
        "nauc_map_at_100_max": 0.124766,
        "nauc_map_at_100_std": 0.306554,
        "nauc_map_at_100_diff1": 0.260441,
        "nauc_map_at_1000_max": 0.125551,
        "nauc_map_at_1000_std": 0.304976,
        "nauc_map_at_1000_diff1": 0.255317,
        "nauc_recall_at_1_max": 0.1915,
        "nauc_recall_at_1_std": 0.227492,
        "nauc_recall_at_1_diff1": 0.434035,
        "nauc_recall_at_3_max": 0.158618,
        "nauc_recall_at_3_std": 0.362631,
        "nauc_recall_at_3_diff1": 0.304319,
        "nauc_recall_at_5_max": 0.081811,
        "nauc_recall_at_5_std": 0.322701,
        "nauc_recall_at_5_diff1": 0.206239,
        "nauc_recall_at_10_max": 0.021803,
        "nauc_recall_at_10_std": 0.314059,
        "nauc_recall_at_10_diff1": 0.22011,
        "nauc_recall_at_20_max": 0.05816,
        "nauc_recall_at_20_std": 0.346231,
        "nauc_recall_at_20_diff1": 0.102412,
        "nauc_recall_at_100_max": 0.051313,
        "nauc_recall_at_100_std": 0.178226,
        "nauc_recall_at_100_diff1": 0.013759,
        "nauc_recall_at_1000_max": 0.035065,
        "nauc_recall_at_1000_std": 0.137781,
        "nauc_recall_at_1000_diff1": -0.002341,
        "nauc_precision_at_1_max": 0.211034,
        "nauc_precision_at_1_std": 0.099987,
        "nauc_precision_at_1_diff1": 0.320567,
        "nauc_precision_at_3_max": 0.17956,
        "nauc_precision_at_3_std": 0.268117,
        "nauc_precision_at_3_diff1": 0.186971,
        "nauc_precision_at_5_max": 0.083726,
        "nauc_precision_at_5_std": 0.275226,
        "nauc_precision_at_5_diff1": 0.114601,
        "nauc_precision_at_10_max": 0.051726,
        "nauc_precision_at_10_std": 0.273591,
        "nauc_precision_at_10_diff1": 0.139786,
        "nauc_precision_at_20_max": 0.101626,
        "nauc_precision_at_20_std": 0.315732,
        "nauc_precision_at_20_diff1": 0.062812,
        "nauc_precision_at_100_max": 0.119571,
        "nauc_precision_at_100_std": 0.174206,
        "nauc_precision_at_100_diff1": 0.012185,
        "nauc_precision_at_1000_max": 0.139657,
        "nauc_precision_at_1000_std": 0.119675,
        "nauc_precision_at_1000_diff1": 0.002726,
        "nauc_mrr_at_1_max": 0.211034,
        "nauc_mrr_at_1_std": 0.099987,
        "nauc_mrr_at_1_diff1": 0.320567,
        "nauc_mrr_at_3_max": 0.195559,
        "nauc_mrr_at_3_std": 0.214175,
        "nauc_mrr_at_3_diff1": 0.243047,
        "nauc_mrr_at_5_max": 0.156486,
        "nauc_mrr_at_5_std": 0.219541,
        "nauc_mrr_at_5_diff1": 0.207815,
        "nauc_mrr_at_10_max": 0.137522,
        "nauc_mrr_at_10_std": 0.22816,
        "nauc_mrr_at_10_diff1": 0.202244,
        "nauc_mrr_at_20_max": 0.140649,
        "nauc_mrr_at_20_std": 0.240548,
        "nauc_mrr_at_20_diff1": 0.182169,
        "nauc_mrr_at_100_max": 0.138353,
        "nauc_mrr_at_100_std": 0.226621,
        "nauc_mrr_at_100_diff1": 0.174166,
        "nauc_mrr_at_1000_max": 0.137849,
        "nauc_mrr_at_1000_std": 0.225309,
        "nauc_mrr_at_1000_diff1": 0.172882,
        "main_score": 0.02665,
        "hf_subset": "default",
        "languages": [
          "eng-Latn"
        ]
      }
    ]
  },
  "evaluation_time": 390.37296319007874,
  "kg_co2_emissions": null
}