{
  "dataset_revision": "bb9466bac8153a0349341eb1b22e06409e78ef4e",
  "task_name": "TRECCOVID",
  "mteb_version": "1.39.7",
  "scores": {
    "test": [
      {
        "ndcg_at_1": 0.8,
        "ndcg_at_3": 0.77704,
        "ndcg_at_5": 0.73409,
        "ndcg_at_10": 0.66699,
        "ndcg_at_20": 0.61908,
        "ndcg_at_100": 0.47911,
        "ndcg_at_1000": 0.41341,
        "map_at_1": 0.00226,
        "map_at_3": 0.00616,
        "map_at_5": 0.00923,
        "map_at_10": 0.0151,
        "map_at_20": 0.02534,
        "map_at_100": 0.0764,
        "map_at_1000": 0.1763,
        "recall_at_1": 0.00226,
        "recall_at_3": 0.00641,
        "recall_at_5": 0.00983,
        "recall_at_10": 0.01711,
        "recall_at_20": 0.03059,
        "recall_at_100": 0.10997,
        "recall_at_1000": 0.38381,
        "precision_at_1": 0.86,
        "precision_at_3": 0.83333,
        "precision_at_5": 0.768,
        "precision_at_10": 0.692,
        "precision_at_20": 0.639,
        "precision_at_100": 0.4854,
        "precision_at_1000": 0.18598,
        "mrr_at_1": 0.86,
        "mrr_at_3": 0.913333,
        "mrr_at_5": 0.913333,
        "mrr_at_10": 0.915833,
        "mrr_at_20": 0.915833,
        "mrr_at_100": 0.915833,
        "mrr_at_1000": 0.915833,
        "nauc_ndcg_at_1_max": 0.155595,
        "nauc_ndcg_at_1_std": 0.137307,
        "nauc_ndcg_at_1_diff1": 0.100473,
        "nauc_ndcg_at_3_max": 0.366209,
        "nauc_ndcg_at_3_std": 0.384576,
        "nauc_ndcg_at_3_diff1": -0.193763,
        "nauc_ndcg_at_5_max": 0.368851,
        "nauc_ndcg_at_5_std": 0.44292,
        "nauc_ndcg_at_5_diff1": -0.167695,
        "nauc_ndcg_at_10_max": 0.45083,
        "nauc_ndcg_at_10_std": 0.573765,
        "nauc_ndcg_at_10_diff1": -0.239519,
        "nauc_ndcg_at_20_max": 0.480708,
        "nauc_ndcg_at_20_std": 0.631868,
        "nauc_ndcg_at_20_diff1": -0.207009,
        "nauc_ndcg_at_100_max": 0.560577,
        "nauc_ndcg_at_100_std": 0.761823,
        "nauc_ndcg_at_100_diff1": -0.195438,
        "nauc_ndcg_at_1000_max": 0.658673,
        "nauc_ndcg_at_1000_std": 0.790245,
        "nauc_ndcg_at_1000_diff1": -0.181248,
        "nauc_map_at_1_max": 0.055425,
        "nauc_map_at_1_std": -0.162113,
        "nauc_map_at_1_diff1": 0.04393,
        "nauc_map_at_3_max": 0.116373,
        "nauc_map_at_3_std": -0.032962,
        "nauc_map_at_3_diff1": -0.145477,
        "nauc_map_at_5_max": 0.166474,
        "nauc_map_at_5_std": 0.026395,
        "nauc_map_at_5_diff1": -0.138761,
        "nauc_map_at_10_max": 0.224255,
        "nauc_map_at_10_std": 0.189831,
        "nauc_map_at_10_diff1": -0.254945,
        "nauc_map_at_20_max": 0.341002,
        "nauc_map_at_20_std": 0.369421,
        "nauc_map_at_20_diff1": -0.269884,
        "nauc_map_at_100_max": 0.625718,
        "nauc_map_at_100_std": 0.737364,
        "nauc_map_at_100_diff1": -0.254969,
        "nauc_map_at_1000_max": 0.686174,
        "nauc_map_at_1000_std": 0.828973,
        "nauc_map_at_1000_diff1": -0.171736,
        "nauc_recall_at_1_max": 0.055425,
        "nauc_recall_at_1_std": -0.162113,
        "nauc_recall_at_1_diff1": 0.04393,
        "nauc_recall_at_3_max": 0.111321,
        "nauc_recall_at_3_std": -0.048248,
        "nauc_recall_at_3_diff1": -0.137348,
        "nauc_recall_at_5_max": 0.175214,
        "nauc_recall_at_5_std": -0.008478,
        "nauc_recall_at_5_diff1": -0.094358,
        "nauc_recall_at_10_max": 0.207347,
        "nauc_recall_at_10_std": 0.116848,
        "nauc_recall_at_10_diff1": -0.206062,
        "nauc_recall_at_20_max": 0.287392,
        "nauc_recall_at_20_std": 0.257728,
        "nauc_recall_at_20_diff1": -0.222874,
        "nauc_recall_at_100_max": 0.515272,
        "nauc_recall_at_100_std": 0.562933,
        "nauc_recall_at_100_diff1": -0.245445,
        "nauc_recall_at_1000_max": 0.636819,
        "nauc_recall_at_1000_std": 0.71295,
        "nauc_recall_at_1000_diff1": -0.14858,
        "nauc_precision_at_1_max": 0.239504,
        "nauc_precision_at_1_std": 0.126923,
        "nauc_precision_at_1_diff1": 0.033186,
        "nauc_precision_at_3_max": 0.427427,
        "nauc_precision_at_3_std": 0.466802,
        "nauc_precision_at_3_diff1": -0.38908,
        "nauc_precision_at_5_max": 0.414091,
        "nauc_precision_at_5_std": 0.498042,
        "nauc_precision_at_5_diff1": -0.251154,
        "nauc_precision_at_10_max": 0.466556,
        "nauc_precision_at_10_std": 0.6217,
        "nauc_precision_at_10_diff1": -0.288059,
        "nauc_precision_at_20_max": 0.52226,
        "nauc_precision_at_20_std": 0.673461,
        "nauc_precision_at_20_diff1": -0.214295,
        "nauc_precision_at_100_max": 0.589886,
        "nauc_precision_at_100_std": 0.786259,
        "nauc_precision_at_100_diff1": -0.189987,
        "nauc_precision_at_1000_max": 0.453494,
        "nauc_precision_at_1000_std": 0.629134,
        "nauc_precision_at_1000_diff1": -0.097476,
        "nauc_mrr_at_1_max": 0.239504,
        "nauc_mrr_at_1_std": 0.126923,
        "nauc_mrr_at_1_diff1": 0.033186,
        "nauc_mrr_at_3_max": 0.372621,
        "nauc_mrr_at_3_std": 0.199807,
        "nauc_mrr_at_3_diff1": 0.074724,
        "nauc_mrr_at_5_max": 0.372621,
        "nauc_mrr_at_5_std": 0.199807,
        "nauc_mrr_at_5_diff1": 0.074724,
        "nauc_mrr_at_10_max": 0.353388,
        "nauc_mrr_at_10_std": 0.183793,
        "nauc_mrr_at_10_diff1": 0.073251,
        "nauc_mrr_at_20_max": 0.353388,
        "nauc_mrr_at_20_std": 0.183793,
        "nauc_mrr_at_20_diff1": 0.073251,
        "nauc_mrr_at_100_max": 0.353388,
        "nauc_mrr_at_100_std": 0.183793,
        "nauc_mrr_at_100_diff1": 0.073251,
        "nauc_mrr_at_1000_max": 0.353388,
        "nauc_mrr_at_1000_std": 0.183793,
        "nauc_mrr_at_1000_diff1": 0.073251,
        "main_score": 0.66699,
        "hf_subset": "default",
        "languages": [
          "eng-Latn"
        ]
      }
    ]
  },
  "evaluation_time": 299.51393699645996,
  "kg_co2_emissions": null
}