{
  "dataset_revision": "c22ab2a51041ffd869aaddef7af8d8215647e41a",
  "task_name": "ArguAna",
  "mteb_version": "1.39.7",
  "scores": {
    "test": [
      {
        "ndcg_at_1": 0.266,
        "ndcg_at_3": 0.40961,
        "ndcg_at_5": 0.45781,
        "ndcg_at_10": 0.50263,
        "ndcg_at_20": 0.52693,
        "ndcg_at_100": 0.54377,
        "ndcg_at_1000": 0.54893,
        "map_at_1": 0.266,
        "map_at_3": 0.37399,
        "map_at_5": 0.40066,
        "map_at_10": 0.41941,
        "map_at_20": 0.42629,
        "map_at_100": 0.42866,
        "map_at_1000": 0.42888,
        "recall_at_1": 0.266,
        "recall_at_3": 0.5128,
        "recall_at_5": 0.63016,
        "recall_at_10": 0.76743,
        "recall_at_20": 0.86202,
        "recall_at_100": 0.95235,
        "recall_at_1000": 0.99147,
        "precision_at_1": 0.266,
        "precision_at_3": 0.17093,
        "precision_at_5": 0.12603,
        "precision_at_10": 0.07674,
        "precision_at_20": 0.0431,
        "precision_at_100": 0.00952,
        "precision_at_1000": 0.00099,
        "mrr_at_1": 0.269559,
        "mrr_at_3": 0.374941,
        "mrr_at_5": 0.401683,
        "mrr_at_10": 0.420476,
        "mrr_at_20": 0.427426,
        "mrr_at_100": 0.429793,
        "mrr_at_1000": 0.430016,
        "nauc_ndcg_at_1_max": -0.046783,
        "nauc_ndcg_at_1_std": -0.08625,
        "nauc_ndcg_at_1_diff1": 0.153429,
        "nauc_ndcg_at_3_max": 0.005843,
        "nauc_ndcg_at_3_std": -0.071216,
        "nauc_ndcg_at_3_diff1": 0.119638,
        "nauc_ndcg_at_5_max": 0.014266,
        "nauc_ndcg_at_5_std": -0.054637,
        "nauc_ndcg_at_5_diff1": 0.112069,
        "nauc_ndcg_at_10_max": 0.015473,
        "nauc_ndcg_at_10_std": -0.057679,
        "nauc_ndcg_at_10_diff1": 0.107019,
        "nauc_ndcg_at_20_max": 0.019369,
        "nauc_ndcg_at_20_std": -0.055218,
        "nauc_ndcg_at_20_diff1": 0.111295,
        "nauc_ndcg_at_100_max": 0.011531,
        "nauc_ndcg_at_100_std": -0.052464,
        "nauc_ndcg_at_100_diff1": 0.118472,
        "nauc_ndcg_at_1000_max": 0.005354,
        "nauc_ndcg_at_1000_std": -0.059586,
        "nauc_ndcg_at_1000_diff1": 0.117442,
        "nauc_map_at_1_max": -0.046783,
        "nauc_map_at_1_std": -0.08625,
        "nauc_map_at_1_diff1": 0.153429,
        "nauc_map_at_3_max": -0.008717,
        "nauc_map_at_3_std": -0.076386,
        "nauc_map_at_3_diff1": 0.126636,
        "nauc_map_at_5_max": -0.004727,
        "nauc_map_at_5_std": -0.068184,
        "nauc_map_at_5_diff1": 0.122934,
        "nauc_map_at_10_max": -0.00518,
        "nauc_map_at_10_std": -0.070245,
        "nauc_map_at_10_diff1": 0.121331,
        "nauc_map_at_20_max": -0.004589,
        "nauc_map_at_20_std": -0.06969,
        "nauc_map_at_20_diff1": 0.122512,
        "nauc_map_at_100_max": -0.005685,
        "nauc_map_at_100_std": -0.069652,
        "nauc_map_at_100_diff1": 0.123556,
        "nauc_map_at_1000_max": -0.005915,
        "nauc_map_at_1000_std": -0.069855,
        "nauc_map_at_1000_diff1": 0.123508,
        "nauc_recall_at_1_max": -0.046783,
        "nauc_recall_at_1_std": -0.08625,
        "nauc_recall_at_1_diff1": 0.153429,
        "nauc_recall_at_3_max": 0.047908,
        "nauc_recall_at_3_std": -0.055933,
        "nauc_recall_at_3_diff1": 0.100218,
        "nauc_recall_at_5_max": 0.077215,
        "nauc_recall_at_5_std": -0.007198,
        "nauc_recall_at_5_diff1": 0.076464,
        "nauc_recall_at_10_max": 0.110127,
        "nauc_recall_at_10_std": 0.002476,
        "nauc_recall_at_10_diff1": 0.040356,
        "nauc_recall_at_20_max": 0.196678,
        "nauc_recall_at_20_std": 0.054421,
        "nauc_recall_at_20_diff1": 0.037995,
        "nauc_recall_at_100_max": 0.288724,
        "nauc_recall_at_100_std": 0.343918,
        "nauc_recall_at_100_diff1": 0.099763,
        "nauc_recall_at_1000_max": 0.169975,
        "nauc_recall_at_1000_std": 0.444894,
        "nauc_recall_at_1000_diff1": -0.186869,
        "nauc_precision_at_1_max": -0.046783,
        "nauc_precision_at_1_std": -0.08625,
        "nauc_precision_at_1_diff1": 0.153429,
        "nauc_precision_at_3_max": 0.047908,
        "nauc_precision_at_3_std": -0.055933,
        "nauc_precision_at_3_diff1": 0.100218,
        "nauc_precision_at_5_max": 0.077215,
        "nauc_precision_at_5_std": -0.007198,
        "nauc_precision_at_5_diff1": 0.076464,
        "nauc_precision_at_10_max": 0.110127,
        "nauc_precision_at_10_std": 0.002476,
        "nauc_precision_at_10_diff1": 0.040356,
        "nauc_precision_at_20_max": 0.196678,
        "nauc_precision_at_20_std": 0.054421,
        "nauc_precision_at_20_diff1": 0.037995,
        "nauc_precision_at_100_max": 0.288724,
        "nauc_precision_at_100_std": 0.343918,
        "nauc_precision_at_100_diff1": 0.099763,
        "nauc_precision_at_1000_max": 0.169975,
        "nauc_precision_at_1000_std": 0.444894,
        "nauc_precision_at_1000_diff1": -0.186869,
        "nauc_mrr_at_1_max": -0.053722,
        "nauc_mrr_at_1_std": -0.084635,
        "nauc_mrr_at_1_diff1": 0.141663,
        "nauc_mrr_at_3_max": -0.018506,
        "nauc_mrr_at_3_std": -0.077377,
        "nauc_mrr_at_3_diff1": 0.11631,
        "nauc_mrr_at_5_max": -0.014652,
        "nauc_mrr_at_5_std": -0.068813,
        "nauc_mrr_at_5_diff1": 0.11188,
        "nauc_mrr_at_10_max": -0.01444,
        "nauc_mrr_at_10_std": -0.069949,
        "nauc_mrr_at_10_diff1": 0.110339,
        "nauc_mrr_at_20_max": -0.013717,
        "nauc_mrr_at_20_std": -0.069296,
        "nauc_mrr_at_20_diff1": 0.111612,
        "nauc_mrr_at_100_max": -0.014889,
        "nauc_mrr_at_100_std": -0.069257,
        "nauc_mrr_at_100_diff1": 0.11256,
        "nauc_mrr_at_1000_max": -0.015126,
        "nauc_mrr_at_1000_std": -0.069459,
        "nauc_mrr_at_1000_diff1": 0.112504,
        "main_score": 0.50263,
        "hf_subset": "default",
        "languages": [
          "eng-Latn"
        ]
      }
    ]
  },
  "evaluation_time": 55.80655384063721,
  "kg_co2_emissions": null
}