{
  "dataset_revision": "c22ab2a51041ffd869aaddef7af8d8215647e41a",
  "task_name": "ArguAna",
  "mteb_version": "1.39.7",
  "scores": {
    "test": [
      {
        "ndcg_at_1": 0.27169,
        "ndcg_at_3": 0.4027,
        "ndcg_at_5": 0.45526,
        "ndcg_at_10": 0.50223,
        "ndcg_at_20": 0.52386,
        "ndcg_at_100": 0.5419,
        "ndcg_at_1000": 0.54675,
        "map_at_1": 0.27169,
        "map_at_3": 0.36925,
        "map_at_5": 0.39848,
        "map_at_10": 0.4179,
        "map_at_20": 0.42396,
        "map_at_100": 0.42643,
        "map_at_1000": 0.42664,
        "recall_at_1": 0.27169,
        "recall_at_3": 0.5,
        "recall_at_5": 0.62731,
        "recall_at_10": 0.7724,
        "recall_at_20": 0.85704,
        "recall_at_100": 0.95448,
        "recall_at_1000": 0.99147,
        "precision_at_1": 0.27169,
        "precision_at_3": 0.16667,
        "precision_at_5": 0.12546,
        "precision_at_10": 0.07724,
        "precision_at_20": 0.04285,
        "precision_at_100": 0.00954,
        "precision_at_1000": 0.00099,
        "mrr_at_1": 0.273826,
        "mrr_at_3": 0.371029,
        "mrr_at_5": 0.399443,
        "mrr_at_10": 0.418977,
        "mrr_at_20": 0.425031,
        "mrr_at_100": 0.427501,
        "mrr_at_1000": 0.427708,
        "nauc_ndcg_at_1_max": -0.078362,
        "nauc_ndcg_at_1_std": -0.067855,
        "nauc_ndcg_at_1_diff1": 0.11261,
        "nauc_ndcg_at_3_max": -0.01602,
        "nauc_ndcg_at_3_std": -0.06641,
        "nauc_ndcg_at_3_diff1": 0.076444,
        "nauc_ndcg_at_5_max": -0.006085,
        "nauc_ndcg_at_5_std": -0.060385,
        "nauc_ndcg_at_5_diff1": 0.087882,
        "nauc_ndcg_at_10_max": -0.004808,
        "nauc_ndcg_at_10_std": -0.051612,
        "nauc_ndcg_at_10_diff1": 0.076807,
        "nauc_ndcg_at_20_max": -0.003665,
        "nauc_ndcg_at_20_std": -0.044449,
        "nauc_ndcg_at_20_diff1": 0.076138,
        "nauc_ndcg_at_100_max": -0.006308,
        "nauc_ndcg_at_100_std": -0.040902,
        "nauc_ndcg_at_100_diff1": 0.084221,
        "nauc_ndcg_at_1000_max": -0.013702,
        "nauc_ndcg_at_1000_std": -0.048921,
        "nauc_ndcg_at_1000_diff1": 0.084062,
        "nauc_map_at_1_max": -0.078362,
        "nauc_map_at_1_std": -0.067855,
        "nauc_map_at_1_diff1": 0.11261,
        "nauc_map_at_3_max": -0.031387,
        "nauc_map_at_3_std": -0.066932,
        "nauc_map_at_3_diff1": 0.085131,
        "nauc_map_at_5_max": -0.026311,
        "nauc_map_at_5_std": -0.063374,
        "nauc_map_at_5_diff1": 0.091435,
        "nauc_map_at_10_max": -0.026441,
        "nauc_map_at_10_std": -0.059878,
        "nauc_map_at_10_diff1": 0.086856,
        "nauc_map_at_20_max": -0.026117,
        "nauc_map_at_20_std": -0.05802,
        "nauc_map_at_20_diff1": 0.086824,
        "nauc_map_at_100_max": -0.026251,
        "nauc_map_at_100_std": -0.057946,
        "nauc_map_at_100_diff1": 0.088115,
        "nauc_map_at_1000_max": -0.026504,
        "nauc_map_at_1000_std": -0.058171,
        "nauc_map_at_1000_diff1": 0.088083,
        "nauc_recall_at_1_max": -0.078362,
        "nauc_recall_at_1_std": -0.067855,
        "nauc_recall_at_1_diff1": 0.11261,
        "nauc_recall_at_3_max": 0.027623,
        "nauc_recall_at_3_std": -0.064864,
        "nauc_recall_at_3_diff1": 0.051861,
        "nauc_recall_at_5_max": 0.0601,
        "nauc_recall_at_5_std": -0.050196,
        "nauc_recall_at_5_diff1": 0.078637,
        "nauc_recall_at_10_max": 0.094174,
        "nauc_recall_at_10_std": -0.009325,
        "nauc_recall_at_10_diff1": 0.029993,
        "nauc_recall_at_20_max": 0.146977,
        "nauc_recall_at_20_std": 0.064721,
        "nauc_recall_at_20_diff1": 0.001475,
        "nauc_recall_at_100_max": 0.335887,
        "nauc_recall_at_100_std": 0.417612,
        "nauc_recall_at_100_diff1": 0.066684,
        "nauc_recall_at_1000_max": 0.111028,
        "nauc_recall_at_1000_std": 0.470208,
        "nauc_recall_at_1000_diff1": 0.008015,
        "nauc_precision_at_1_max": -0.078362,
        "nauc_precision_at_1_std": -0.067855,
        "nauc_precision_at_1_diff1": 0.11261,
        "nauc_precision_at_3_max": 0.027623,
        "nauc_precision_at_3_std": -0.064864,
        "nauc_precision_at_3_diff1": 0.051861,
        "nauc_precision_at_5_max": 0.0601,
        "nauc_precision_at_5_std": -0.050196,
        "nauc_precision_at_5_diff1": 0.078637,
        "nauc_precision_at_10_max": 0.094174,
        "nauc_precision_at_10_std": -0.009325,
        "nauc_precision_at_10_diff1": 0.029993,
        "nauc_precision_at_20_max": 0.146977,
        "nauc_precision_at_20_std": 0.064721,
        "nauc_precision_at_20_diff1": 0.001475,
        "nauc_precision_at_100_max": 0.335887,
        "nauc_precision_at_100_std": 0.417612,
        "nauc_precision_at_100_diff1": 0.066684,
        "nauc_precision_at_1000_max": 0.111028,
        "nauc_precision_at_1000_std": 0.470208,
        "nauc_precision_at_1000_diff1": 0.008015,
        "nauc_mrr_at_1_max": -0.080453,
        "nauc_mrr_at_1_std": -0.068192,
        "nauc_mrr_at_1_diff1": 0.10575,
        "nauc_mrr_at_3_max": -0.036927,
        "nauc_mrr_at_3_std": -0.066871,
        "nauc_mrr_at_3_diff1": 0.077021,
        "nauc_mrr_at_5_max": -0.032302,
        "nauc_mrr_at_5_std": -0.063694,
        "nauc_mrr_at_5_diff1": 0.08221,
        "nauc_mrr_at_10_max": -0.032568,
        "nauc_mrr_at_10_std": -0.060677,
        "nauc_mrr_at_10_diff1": 0.078186,
        "nauc_mrr_at_20_max": -0.031851,
        "nauc_mrr_at_20_std": -0.058761,
        "nauc_mrr_at_20_diff1": 0.078524,
        "nauc_mrr_at_100_max": -0.032044,
        "nauc_mrr_at_100_std": -0.058695,
        "nauc_mrr_at_100_diff1": 0.079732,
        "nauc_mrr_at_1000_max": -0.032301,
        "nauc_mrr_at_1000_std": -0.05892,
        "nauc_mrr_at_1000_diff1": 0.079695,
        "main_score": 0.50223,
        "hf_subset": "default",
        "languages": [
          "eng-Latn"
        ]
      }
    ]
  },
  "evaluation_time": 35.79325771331787,
  "kg_co2_emissions": null
}