{
  "dataset_revision": "ec0fa4fe99da2ff19ca1214b7966684033a58814",
  "task_name": "NFCorpus",
  "mteb_version": "1.39.7",
  "scores": {
    "test": [
      {
        "ndcg_at_1": 0.02167,
        "ndcg_at_3": 0.01063,
        "ndcg_at_5": 0.01116,
        "ndcg_at_10": 0.01216,
        "ndcg_at_20": 0.0123,
        "ndcg_at_100": 0.02021,
        "ndcg_at_1000": 0.0957,
        "map_at_1": 0.00029,
        "map_at_3": 0.00031,
        "map_at_5": 0.00045,
        "map_at_10": 0.00078,
        "map_at_20": 0.00105,
        "map_at_100": 0.00185,
        "map_at_1000": 0.00494,
        "recall_at_1": 0.00029,
        "recall_at_3": 0.00034,
        "recall_at_5": 0.0009,
        "recall_at_10": 0.00325,
        "recall_at_20": 0.00609,
        "recall_at_100": 0.03532,
        "recall_at_1000": 0.29837,
        "precision_at_1": 0.02167,
        "precision_at_3": 0.00826,
        "precision_at_5": 0.00991,
        "precision_at_10": 0.01146,
        "precision_at_20": 0.01068,
        "precision_at_100": 0.01022,
        "precision_at_1000": 0.01069,
        "mrr_at_1": 0.021672,
        "mrr_at_3": 0.02322,
        "mrr_at_5": 0.028328,
        "mrr_at_10": 0.033129,
        "mrr_at_20": 0.037176,
        "mrr_at_100": 0.044174,
        "mrr_at_1000": 0.045808,
        "nauc_ndcg_at_1_max": -0.060432,
        "nauc_ndcg_at_1_std": 0.210057,
        "nauc_ndcg_at_1_diff1": 0.251973,
        "nauc_ndcg_at_3_max": -0.014703,
        "nauc_ndcg_at_3_std": 0.214961,
        "nauc_ndcg_at_3_diff1": 0.223237,
        "nauc_ndcg_at_5_max": -0.076282,
        "nauc_ndcg_at_5_std": 0.20284,
        "nauc_ndcg_at_5_diff1": 0.154018,
        "nauc_ndcg_at_10_max": -0.132361,
        "nauc_ndcg_at_10_std": 0.137945,
        "nauc_ndcg_at_10_diff1": 0.141791,
        "nauc_ndcg_at_20_max": -0.142965,
        "nauc_ndcg_at_20_std": 0.045499,
        "nauc_ndcg_at_20_diff1": 0.142198,
        "nauc_ndcg_at_100_max": 0.006845,
        "nauc_ndcg_at_100_std": 0.036364,
        "nauc_ndcg_at_100_diff1": 0.046234,
        "nauc_ndcg_at_1000_max": -0.010029,
        "nauc_ndcg_at_1000_std": 0.009182,
        "nauc_ndcg_at_1000_diff1": 0.020134,
        "nauc_map_at_1_max": 0.500464,
        "nauc_map_at_1_std": 0.4052,
        "nauc_map_at_1_diff1": -0.049758,
        "nauc_map_at_3_max": 0.542105,
        "nauc_map_at_3_std": 0.398414,
        "nauc_map_at_3_diff1": -0.080154,
        "nauc_map_at_5_max": 0.316313,
        "nauc_map_at_5_std": 0.412824,
        "nauc_map_at_5_diff1": -0.042387,
        "nauc_map_at_10_max": 0.03523,
        "nauc_map_at_10_std": 0.153442,
        "nauc_map_at_10_diff1": 0.027828,
        "nauc_map_at_20_max": -0.030327,
        "nauc_map_at_20_std": 0.039627,
        "nauc_map_at_20_diff1": 0.085876,
        "nauc_map_at_100_max": 0.028689,
        "nauc_map_at_100_std": 0.04381,
        "nauc_map_at_100_diff1": 0.030597,
        "nauc_map_at_1000_max": -0.039388,
        "nauc_map_at_1000_std": 0.034244,
        "nauc_map_at_1000_diff1": 0.057969,
        "nauc_recall_at_1_max": 0.500464,
        "nauc_recall_at_1_std": 0.4052,
        "nauc_recall_at_1_diff1": -0.049758,
        "nauc_recall_at_3_max": 0.577337,
        "nauc_recall_at_3_std": 0.392672,
        "nauc_recall_at_3_diff1": -0.105872,
        "nauc_recall_at_5_max": 0.12455,
        "nauc_recall_at_5_std": 0.44809,
        "nauc_recall_at_5_diff1": -0.036767,
        "nauc_recall_at_10_max": -0.261836,
        "nauc_recall_at_10_std": -0.058787,
        "nauc_recall_at_10_diff1": 0.139495,
        "nauc_recall_at_20_max": -0.2231,
        "nauc_recall_at_20_std": -0.161262,
        "nauc_recall_at_20_diff1": 0.155204,
        "nauc_recall_at_100_max": 0.031053,
        "nauc_recall_at_100_std": -0.033731,
        "nauc_recall_at_100_diff1": 0.047593,
        "nauc_recall_at_1000_max": -0.036017,
        "nauc_recall_at_1000_std": 0.041526,
        "nauc_recall_at_1000_diff1": 0.04211,
        "nauc_precision_at_1_max": -0.060432,
        "nauc_precision_at_1_std": 0.210057,
        "nauc_precision_at_1_diff1": 0.251973,
        "nauc_precision_at_3_max": 0.072122,
        "nauc_precision_at_3_std": 0.224274,
        "nauc_precision_at_3_diff1": 0.168677,
        "nauc_precision_at_5_max": -0.066762,
        "nauc_precision_at_5_std": 0.197393,
        "nauc_precision_at_5_diff1": 0.086036,
        "nauc_precision_at_10_max": -0.154469,
        "nauc_precision_at_10_std": 0.106192,
        "nauc_precision_at_10_diff1": 0.103951,
        "nauc_precision_at_20_max": -0.168597,
        "nauc_precision_at_20_std": 0.004267,
        "nauc_precision_at_20_diff1": 0.129232,
        "nauc_precision_at_100_max": -0.063175,
        "nauc_precision_at_100_std": 0.035088,
        "nauc_precision_at_100_diff1": 0.081499,
        "nauc_precision_at_1000_max": -0.134171,
        "nauc_precision_at_1000_std": 0.012328,
        "nauc_precision_at_1000_diff1": 0.101675,
        "nauc_mrr_at_1_max": -0.060432,
        "nauc_mrr_at_1_std": 0.210057,
        "nauc_mrr_at_1_diff1": 0.251973,
        "nauc_mrr_at_3_max": 0.010264,
        "nauc_mrr_at_3_std": 0.217639,
        "nauc_mrr_at_3_diff1": 0.207549,
        "nauc_mrr_at_5_max": -0.023338,
        "nauc_mrr_at_5_std": 0.226075,
        "nauc_mrr_at_5_diff1": 0.155498,
        "nauc_mrr_at_10_max": -0.058437,
        "nauc_mrr_at_10_std": 0.171309,
        "nauc_mrr_at_10_diff1": 0.133115,
        "nauc_mrr_at_20_max": -0.062604,
        "nauc_mrr_at_20_std": 0.130081,
        "nauc_mrr_at_20_diff1": 0.131741,
        "nauc_mrr_at_100_max": -0.035716,
        "nauc_mrr_at_100_std": 0.120038,
        "nauc_mrr_at_100_diff1": 0.116528,
        "nauc_mrr_at_1000_max": -0.035567,
        "nauc_mrr_at_1000_std": 0.122089,
        "nauc_mrr_at_1000_diff1": 0.116237,
        "main_score": 0.01216,
        "hf_subset": "default",
        "languages": [
          "eng-Latn"
        ]
      }
    ]
  },
  "evaluation_time": 21.678404808044434,
  "kg_co2_emissions": null
}