{
  "map_at_10": 0.00576,
  "mrr_at_10": 0.026328174603174603,
  "ndcg_at_10": 0.01243,
  "recall_at_10": 0.01335,
  "recall_at_100": 0.05795
}
