{
  "map_at_10": 0.00896,
  "mrr_at_10": 0.04015396825396826,
  "ndcg_at_10": 0.01939,
  "recall_at_10": 0.0212,
  "recall_at_100": 0.07872
}
