{
  "map_at_10": 0.00397,
  "mrr_at_10": 0.017238492063492063,
  "ndcg_at_10": 0.00851,
  "recall_at_10": 0.00945,
  "recall_at_100": 0.04365
}
