{
  "map_at_10": 0.01495,
  "mrr_at_10": 0.06194880952380956,
  "ndcg_at_10": 0.03067,
  "recall_at_10": 0.03295,
  "recall_at_100": 0.1017
}
