{
  "map_at_10": 0.00332,
  "mrr_at_10": 0.015092460317460319,
  "ndcg_at_10": 0.00706,
  "recall_at_10": 0.0074,
  "recall_at_100": 0.037
}
