{
  "map_at_10": 0.00369,
  "mrr_at_10": 0.016038888888888887,
  "ndcg_at_10": 0.00759,
  "recall_at_10": 0.0078,
  "recall_at_100": 0.0398
}
