{
  "map_at_10": 0.00491,
  "mrr_at_10": 0.022357142857142857,
  "ndcg_at_10": 0.01062,
  "recall_at_10": 0.0115,
  "recall_at_100": 0.05215
}
