{
  "map_at_10": 0.00645,
  "mrr_at_10": 0.029603174603174597,
  "ndcg_at_10": 0.01371,
  "recall_at_10": 0.01435,
  "recall_at_100": 0.0678
}
