{
  "map_at_10": 0.04203,
  "mrr_at_10": 0.15073809523809517,
  "ndcg_at_10": 0.07833,
  "recall_at_10": 0.08152,
  "recall_at_100": 0.17945
}
