{
  "map_at_10": 0.00436,
  "mrr_at_10": 0.019946428571428573,
  "ndcg_at_10": 0.00962,
  "recall_at_10": 0.0107,
  "recall_at_100": 0.04615
}
