{
  "dataset_revision": "a34f9a33db75fa0cbb21bb5cfc3dae8dc8bec93f",
  "task_name": "Touche2020",
  "mteb_version": "1.39.7",
  "scores": {
    "test": [
      {
        "ndcg_at_1": 0.10204,
        "ndcg_at_3": 0.08848,
        "ndcg_at_5": 0.07207,
        "ndcg_at_10": 0.06614,
        "ndcg_at_20": 0.05898,
        "ndcg_at_100": 0.08189,
        "ndcg_at_1000": 0.13743,
        "map_at_1": 0.00454,
        "map_at_3": 0.01011,
        "map_at_5": 0.01199,
        "map_at_10": 0.01743,
        "map_at_20": 0.01897,
        "map_at_100": 0.02389,
        "map_at_1000": 0.02631,
        "recall_at_1": 0.00454,
        "recall_at_3": 0.01381,
        "recall_at_5": 0.01674,
        "recall_at_10": 0.03622,
        "recall_at_20": 0.04846,
        "recall_at_100": 0.10172,
        "recall_at_1000": 0.2709,
        "precision_at_1": 0.10204,
        "precision_at_3": 0.08163,
        "precision_at_5": 0.06122,
        "precision_at_10": 0.05714,
        "precision_at_20": 0.0398,
        "precision_at_100": 0.01714,
        "precision_at_1000": 0.00529,
        "mrr_at_1": 0.102041,
        "mrr_at_3": 0.136054,
        "mrr_at_5": 0.136054,
        "mrr_at_10": 0.151118,
        "mrr_at_20": 0.160229,
        "mrr_at_100": 0.162256,
        "mrr_at_1000": 0.163808,
        "nauc_ndcg_at_1_max": 0.157995,
        "nauc_ndcg_at_1_std": 0.100808,
        "nauc_ndcg_at_1_diff1": -0.049277,
        "nauc_ndcg_at_3_max": 0.126027,
        "nauc_ndcg_at_3_std": 0.116023,
        "nauc_ndcg_at_3_diff1": 0.002531,
        "nauc_ndcg_at_5_max": 0.126217,
        "nauc_ndcg_at_5_std": 0.082057,
        "nauc_ndcg_at_5_diff1": 0.027665,
        "nauc_ndcg_at_10_max": 0.140112,
        "nauc_ndcg_at_10_std": 0.154314,
        "nauc_ndcg_at_10_diff1": 0.080998,
        "nauc_ndcg_at_20_max": 0.130129,
        "nauc_ndcg_at_20_std": 0.267343,
        "nauc_ndcg_at_20_diff1": 0.062408,
        "nauc_ndcg_at_100_max": 0.198651,
        "nauc_ndcg_at_100_std": 0.40897,
        "nauc_ndcg_at_100_diff1": 0.152512,
        "nauc_ndcg_at_1000_max": 0.297101,
        "nauc_ndcg_at_1000_std": 0.38395,
        "nauc_ndcg_at_1000_diff1": 0.103362,
        "nauc_map_at_1_max": 0.194368,
        "nauc_map_at_1_std": 0.126334,
        "nauc_map_at_1_diff1": -0.046452,
        "nauc_map_at_3_max": 0.120071,
        "nauc_map_at_3_std": 0.21794,
        "nauc_map_at_3_diff1": 0.160632,
        "nauc_map_at_5_max": 0.155098,
        "nauc_map_at_5_std": 0.127085,
        "nauc_map_at_5_diff1": 0.144717,
        "nauc_map_at_10_max": 0.16294,
        "nauc_map_at_10_std": 0.197431,
        "nauc_map_at_10_diff1": 0.180804,
        "nauc_map_at_20_max": 0.162532,
        "nauc_map_at_20_std": 0.235424,
        "nauc_map_at_20_diff1": 0.143469,
        "nauc_map_at_100_max": 0.203227,
        "nauc_map_at_100_std": 0.312321,
        "nauc_map_at_100_diff1": 0.17827,
        "nauc_map_at_1000_max": 0.222262,
        "nauc_map_at_1000_std": 0.317228,
        "nauc_map_at_1000_diff1": 0.168805,
        "nauc_recall_at_1_max": 0.194368,
        "nauc_recall_at_1_std": 0.126334,
        "nauc_recall_at_1_diff1": -0.046452,
        "nauc_recall_at_3_max": 0.081995,
        "nauc_recall_at_3_std": 0.257082,
        "nauc_recall_at_3_diff1": 0.172499,
        "nauc_recall_at_5_max": 0.145021,
        "nauc_recall_at_5_std": 0.137085,
        "nauc_recall_at_5_diff1": 0.134007,
        "nauc_recall_at_10_max": 0.1526,
        "nauc_recall_at_10_std": 0.3197,
        "nauc_recall_at_10_diff1": 0.253787,
        "nauc_recall_at_20_max": 0.107141,
        "nauc_recall_at_20_std": 0.397512,
        "nauc_recall_at_20_diff1": 0.141146,
        "nauc_recall_at_100_max": 0.187282,
        "nauc_recall_at_100_std": 0.558364,
        "nauc_recall_at_100_diff1": 0.279636,
        "nauc_recall_at_1000_max": 0.313027,
        "nauc_recall_at_1000_std": 0.405578,
        "nauc_recall_at_1000_diff1": 0.142155,
        "nauc_precision_at_1_max": 0.157995,
        "nauc_precision_at_1_std": 0.100808,
        "nauc_precision_at_1_diff1": -0.049277,
        "nauc_precision_at_3_max": 0.130317,
        "nauc_precision_at_3_std": 0.090202,
        "nauc_precision_at_3_diff1": -0.015655,
        "nauc_precision_at_5_max": 0.16691,
        "nauc_precision_at_5_std": -0.001645,
        "nauc_precision_at_5_diff1": -0.006382,
        "nauc_precision_at_10_max": 0.215884,
        "nauc_precision_at_10_std": 0.126035,
        "nauc_precision_at_10_diff1": 0.038037,
        "nauc_precision_at_20_max": 0.162113,
        "nauc_precision_at_20_std": 0.24638,
        "nauc_precision_at_20_diff1": -0.059656,
        "nauc_precision_at_100_max": 0.26781,
        "nauc_precision_at_100_std": 0.471694,
        "nauc_precision_at_100_diff1": 0.119661,
        "nauc_precision_at_1000_max": 0.433882,
        "nauc_precision_at_1000_std": 0.255049,
        "nauc_precision_at_1000_diff1": -0.000315,
        "nauc_mrr_at_1_max": 0.157995,
        "nauc_mrr_at_1_std": 0.100808,
        "nauc_mrr_at_1_diff1": -0.049277,
        "nauc_mrr_at_3_max": 0.117436,
        "nauc_mrr_at_3_std": 0.147614,
        "nauc_mrr_at_3_diff1": -0.06228,
        "nauc_mrr_at_5_max": 0.117436,
        "nauc_mrr_at_5_std": 0.147614,
        "nauc_mrr_at_5_diff1": -0.06228,
        "nauc_mrr_at_10_max": 0.123822,
        "nauc_mrr_at_10_std": 0.163299,
        "nauc_mrr_at_10_diff1": -0.039843,
        "nauc_mrr_at_20_max": 0.114829,
        "nauc_mrr_at_20_std": 0.177273,
        "nauc_mrr_at_20_diff1": -0.039646,
        "nauc_mrr_at_100_max": 0.117027,
        "nauc_mrr_at_100_std": 0.183573,
        "nauc_mrr_at_100_diff1": -0.039772,
        "nauc_mrr_at_1000_max": 0.118674,
        "nauc_mrr_at_1000_std": 0.181819,
        "nauc_mrr_at_1000_diff1": -0.038704,
        "main_score": 0.06614,
        "hf_subset": "default",
        "languages": [
          "eng-Latn"
        ]
      }
    ]
  },
  "evaluation_time": 3425.0040645599365,
  "kg_co2_emissions": null
}