{
  "dataset_revision": "bb9466bac8153a0349341eb1b22e06409e78ef4e",
  "task_name": "TRECCOVID",
  "mteb_version": "1.39.7",
  "scores": {
    "test": [
      {
        "ndcg_at_1": 0.0,
        "ndcg_at_3": 0.00469,
        "ndcg_at_5": 0.00339,
        "ndcg_at_10": 0.0022,
        "ndcg_at_20": 0.00278,
        "ndcg_at_100": 0.00237,
        "ndcg_at_1000": 0.00485,
        "map_at_1": 0.0,
        "map_at_3": 1e-05,
        "map_at_5": 1e-05,
        "map_at_10": 1e-05,
        "map_at_20": 1e-05,
        "map_at_100": 3e-05,
        "map_at_1000": 5e-05,
        "recall_at_1": 0.0,
        "recall_at_3": 3e-05,
        "recall_at_5": 3e-05,
        "recall_at_10": 3e-05,
        "recall_at_20": 0.0001,
        "recall_at_100": 0.00061,
        "recall_at_1000": 0.00606,
        "precision_at_1": 0.0,
        "precision_at_3": 0.00667,
        "precision_at_5": 0.004,
        "precision_at_10": 0.002,
        "precision_at_20": 0.003,
        "precision_at_100": 0.003,
        "precision_at_1000": 0.00284,
        "mrr_at_1": 0.0,
        "mrr_at_3": 0.01,
        "mrr_at_5": 0.01,
        "mrr_at_10": 0.01,
        "mrr_at_20": 0.01,
        "mrr_at_100": 0.014331,
        "mrr_at_1000": 0.016699,
        "nauc_ndcg_at_1_max": NaN,
        "nauc_ndcg_at_1_std": NaN,
        "nauc_ndcg_at_1_diff1": NaN,
        "nauc_ndcg_at_3_max": -0.574725,
        "nauc_ndcg_at_3_std": 1.0,
        "nauc_ndcg_at_3_diff1": 0.098471,
        "nauc_ndcg_at_5_max": -0.574725,
        "nauc_ndcg_at_5_std": 1.0,
        "nauc_ndcg_at_5_diff1": 0.098471,
        "nauc_ndcg_at_10_max": -0.574725,
        "nauc_ndcg_at_10_std": 1.0,
        "nauc_ndcg_at_10_diff1": 0.098471,
        "nauc_ndcg_at_20_max": -0.537926,
        "nauc_ndcg_at_20_std": 0.36851,
        "nauc_ndcg_at_20_diff1": -0.231279,
        "nauc_ndcg_at_100_max": -0.179127,
        "nauc_ndcg_at_100_std": 0.175312,
        "nauc_ndcg_at_100_diff1": 0.005876,
        "nauc_ndcg_at_1000_max": -0.123435,
        "nauc_ndcg_at_1000_std": 0.043366,
        "nauc_ndcg_at_1000_diff1": 0.041067,
        "nauc_map_at_1_max": NaN,
        "nauc_map_at_1_std": NaN,
        "nauc_map_at_1_diff1": NaN,
        "nauc_map_at_3_max": -0.574725,
        "nauc_map_at_3_std": 1.0,
        "nauc_map_at_3_diff1": 0.098471,
        "nauc_map_at_5_max": -0.574725,
        "nauc_map_at_5_std": 1.0,
        "nauc_map_at_5_diff1": 0.098471,
        "nauc_map_at_10_max": -0.574725,
        "nauc_map_at_10_std": 1.0,
        "nauc_map_at_10_diff1": 0.098471,
        "nauc_map_at_20_max": -0.548419,
        "nauc_map_at_20_std": 0.560375,
        "nauc_map_at_20_diff1": -0.137251,
        "nauc_map_at_100_max": -0.207881,
        "nauc_map_at_100_std": 0.245048,
        "nauc_map_at_100_diff1": -0.007732,
        "nauc_map_at_1000_max": -0.211046,
        "nauc_map_at_1000_std": 0.169643,
        "nauc_map_at_1000_diff1": 0.035662,
        "nauc_recall_at_1_max": NaN,
        "nauc_recall_at_1_std": NaN,
        "nauc_recall_at_1_diff1": NaN,
        "nauc_recall_at_3_max": -0.574725,
        "nauc_recall_at_3_std": 1.0,
        "nauc_recall_at_3_diff1": 0.098471,
        "nauc_recall_at_5_max": -0.574725,
        "nauc_recall_at_5_std": 1.0,
        "nauc_recall_at_5_diff1": 0.098471,
        "nauc_recall_at_10_max": -0.574725,
        "nauc_recall_at_10_std": 1.0,
        "nauc_recall_at_10_diff1": 0.098471,
        "nauc_recall_at_20_max": -0.51802,
        "nauc_recall_at_20_std": 0.061618,
        "nauc_recall_at_20_diff1": -0.409649,
        "nauc_recall_at_100_max": 0.133167,
        "nauc_recall_at_100_std": 0.083397,
        "nauc_recall_at_100_diff1": 0.173873,
        "nauc_recall_at_1000_max": 0.026592,
        "nauc_recall_at_1000_std": 0.006998,
        "nauc_recall_at_1000_diff1": 0.170079,
        "nauc_precision_at_1_max": NaN,
        "nauc_precision_at_1_std": NaN,
        "nauc_precision_at_1_diff1": NaN,
        "nauc_precision_at_3_max": -0.574725,
        "nauc_precision_at_3_std": 1.0,
        "nauc_precision_at_3_diff1": 0.098471,
        "nauc_precision_at_5_max": -0.574725,
        "nauc_precision_at_5_std": 1.0,
        "nauc_precision_at_5_diff1": 0.098471,
        "nauc_precision_at_10_max": -0.574725,
        "nauc_precision_at_10_std": 1.0,
        "nauc_precision_at_10_diff1": 0.098471,
        "nauc_precision_at_20_max": -0.52464,
        "nauc_precision_at_20_std": 0.143279,
        "nauc_precision_at_20_diff1": -0.350326,
        "nauc_precision_at_100_max": -0.031062,
        "nauc_precision_at_100_std": 0.029659,
        "nauc_precision_at_100_diff1": 0.07247,
        "nauc_precision_at_1000_max": -0.088627,
        "nauc_precision_at_1000_std": -0.06034,
        "nauc_precision_at_1000_diff1": 0.092989,
        "nauc_mrr_at_1_max": NaN,
        "nauc_mrr_at_1_std": NaN,
        "nauc_mrr_at_1_diff1": NaN,
        "nauc_mrr_at_3_max": -0.574725,
        "nauc_mrr_at_3_std": 1.0,
        "nauc_mrr_at_3_diff1": 0.098471,
        "nauc_mrr_at_5_max": -0.574725,
        "nauc_mrr_at_5_std": 1.0,
        "nauc_mrr_at_5_diff1": 0.098471,
        "nauc_mrr_at_10_max": -0.574725,
        "nauc_mrr_at_10_std": 1.0,
        "nauc_mrr_at_10_diff1": 0.098471,
        "nauc_mrr_at_20_max": -0.574725,
        "nauc_mrr_at_20_std": 1.0,
        "nauc_mrr_at_20_diff1": 0.098471,
        "nauc_mrr_at_100_max": -0.412158,
        "nauc_mrr_at_100_std": 0.735699,
        "nauc_mrr_at_100_diff1": 0.044438,
        "nauc_mrr_at_1000_max": -0.404726,
        "nauc_mrr_at_1000_std": 0.75573,
        "nauc_mrr_at_1000_diff1": 0.063674,
        "main_score": 0.0022,
        "hf_subset": "default",
        "languages": [
          "eng-Latn"
        ]
      }
    ]
  },
  "evaluation_time": 1826.7157590389252,
  "kg_co2_emissions": null
}