{
  "map_at_10": 0.01735,
  "mrr_at_10": 0.10216718266253867,
  "ndcg_at_10": 0.04892,
  "recall_at_10": 0.02887,
  "recall_at_100": 0.08914
}
