{
  "map_at_10": 0.01918,
  "mrr_at_10": 0.10943658165020395,
  "ndcg_at_10": 0.05252,
  "recall_at_10": 0.03217,
  "recall_at_100": 0.09121
}
