{
  "map_at_10": 0.02227,
  "mrr_at_10": 0.11172662047275052,
  "ndcg_at_10": 0.05653,
  "recall_at_10": 0.03875,
  "recall_at_100": 0.09509
}
