{
  "map_at_10": 0.0578,
  "mrr_at_10": 0.32018772421249203,
  "ndcg_at_10": 0.16508,
  "recall_at_10": 0.07722,
  "recall_at_100": 0.15841
}
