{
  "map_at_10": 0.01684,
  "mrr_at_10": 0.09260037348272643,
  "ndcg_at_10": 0.04448,
  "recall_at_10": 0.02558,
  "recall_at_100": 0.08106
}
