{
  "map_at_10": 0.02358,
  "mrr_at_10": 0.12054523563811494,
  "ndcg_at_10": 0.06097,
  "recall_at_10": 0.04003,
  "recall_at_100": 0.09888
}
