{
  "map_at_10": 0.03189,
  "mrr_at_10": 0.15261683620816752,
  "ndcg_at_10": 0.07889,
  "recall_at_10": 0.04641,
  "recall_at_100": 0.10312
}
