{
  "map_at_10": 0.02721,
  "mrr_at_10": 0.13824635117204787,
  "ndcg_at_10": 0.06821,
  "recall_at_10": 0.04159,
  "recall_at_100": 0.09987
}
