{
  "map_at_10": 0.03933,
  "mrr_at_10": 0.1962602584893608,
  "ndcg_at_10": 0.1012,
  "recall_at_10": 0.05352,
  "recall_at_100": 0.11952
}
