{
  "map_at_10": 0.01581,
  "mrr_at_10": 0.0947208708044621,
  "ndcg_at_10": 0.04507,
  "recall_at_10": 0.02593,
  "recall_at_100": 0.08328
}
