{
  "dataset_revision": "27a168819829fe9bcd655c2df245fb19452e8e06",
  "task_name": "FiQA2018",
  "mteb_version": "1.39.7",
  "scores": {
    "test": [
      {
        "ndcg_at_1": 0.23457,
        "ndcg_at_3": 0.22817,
        "ndcg_at_5": 0.23679,
        "ndcg_at_10": 0.26009,
        "ndcg_at_20": 0.27803,
        "ndcg_at_100": 0.31717,
        "ndcg_at_1000": 0.35694,
        "map_at_1": 0.11565,
        "map_at_3": 0.16891,
        "map_at_5": 0.18324,
        "map_at_10": 0.19698,
        "map_at_20": 0.20329,
        "map_at_100": 0.21014,
        "map_at_1000": 0.21209,
        "recall_at_1": 0.11565,
        "recall_at_3": 0.20991,
        "recall_at_5": 0.25177,
        "recall_at_10": 0.3231,
        "recall_at_20": 0.37822,
        "recall_at_100": 0.5408,
        "recall_at_1000": 0.7874,
        "precision_at_1": 0.23457,
        "precision_at_3": 0.15844,
        "precision_at_5": 0.11605,
        "precision_at_10": 0.07639,
        "precision_at_20": 0.04552,
        "precision_at_100": 0.01367,
        "precision_at_1000": 0.00204,
        "mrr_at_1": 0.234568,
        "mrr_at_3": 0.297325,
        "mrr_at_5": 0.308205,
        "mrr_at_10": 0.319893,
        "mrr_at_20": 0.324404,
        "mrr_at_100": 0.328008,
        "mrr_at_1000": 0.328801,
        "nauc_ndcg_at_1_max": 0.134337,
        "nauc_ndcg_at_1_std": -0.080622,
        "nauc_ndcg_at_1_diff1": 0.379429,
        "nauc_ndcg_at_3_max": 0.152686,
        "nauc_ndcg_at_3_std": -0.036172,
        "nauc_ndcg_at_3_diff1": 0.338918,
        "nauc_ndcg_at_5_max": 0.147976,
        "nauc_ndcg_at_5_std": -0.044411,
        "nauc_ndcg_at_5_diff1": 0.338192,
        "nauc_ndcg_at_10_max": 0.154252,
        "nauc_ndcg_at_10_std": -0.015131,
        "nauc_ndcg_at_10_diff1": 0.330127,
        "nauc_ndcg_at_20_max": 0.147758,
        "nauc_ndcg_at_20_std": -0.012962,
        "nauc_ndcg_at_20_diff1": 0.32673,
        "nauc_ndcg_at_100_max": 0.166139,
        "nauc_ndcg_at_100_std": 0.025225,
        "nauc_ndcg_at_100_diff1": 0.315458,
        "nauc_ndcg_at_1000_max": 0.184106,
        "nauc_ndcg_at_1000_std": 0.044282,
        "nauc_ndcg_at_1000_diff1": 0.312223,
        "nauc_map_at_1_max": 0.083885,
        "nauc_map_at_1_std": -0.111612,
        "nauc_map_at_1_diff1": 0.417897,
        "nauc_map_at_3_max": 0.121419,
        "nauc_map_at_3_std": -0.056275,
        "nauc_map_at_3_diff1": 0.375571,
        "nauc_map_at_5_max": 0.134854,
        "nauc_map_at_5_std": -0.057604,
        "nauc_map_at_5_diff1": 0.368844,
        "nauc_map_at_10_max": 0.139852,
        "nauc_map_at_10_std": -0.042715,
        "nauc_map_at_10_diff1": 0.358312,
        "nauc_map_at_20_max": 0.139048,
        "nauc_map_at_20_std": -0.040628,
        "nauc_map_at_20_diff1": 0.355964,
        "nauc_map_at_100_max": 0.144557,
        "nauc_map_at_100_std": -0.032309,
        "nauc_map_at_100_diff1": 0.353716,
        "nauc_map_at_1000_max": 0.145586,
        "nauc_map_at_1000_std": -0.030638,
        "nauc_map_at_1000_diff1": 0.353163,
        "nauc_recall_at_1_max": 0.083885,
        "nauc_recall_at_1_std": -0.111612,
        "nauc_recall_at_1_diff1": 0.417897,
        "nauc_recall_at_3_max": 0.105275,
        "nauc_recall_at_3_std": -0.027008,
        "nauc_recall_at_3_diff1": 0.318401,
        "nauc_recall_at_5_max": 0.110124,
        "nauc_recall_at_5_std": -0.04086,
        "nauc_recall_at_5_diff1": 0.287305,
        "nauc_recall_at_10_max": 0.134186,
        "nauc_recall_at_10_std": 0.028299,
        "nauc_recall_at_10_diff1": 0.246075,
        "nauc_recall_at_20_max": 0.110431,
        "nauc_recall_at_20_std": 0.028326,
        "nauc_recall_at_20_diff1": 0.232323,
        "nauc_recall_at_100_max": 0.143694,
        "nauc_recall_at_100_std": 0.165232,
        "nauc_recall_at_100_diff1": 0.169365,
        "nauc_recall_at_1000_max": 0.261211,
        "nauc_recall_at_1000_std": 0.389188,
        "nauc_recall_at_1000_diff1": 0.09109,
        "nauc_precision_at_1_max": 0.134337,
        "nauc_precision_at_1_std": -0.080622,
        "nauc_precision_at_1_diff1": 0.379429,
        "nauc_precision_at_3_max": 0.209056,
        "nauc_precision_at_3_std": 0.00917,
        "nauc_precision_at_3_diff1": 0.269371,
        "nauc_precision_at_5_max": 0.223621,
        "nauc_precision_at_5_std": 0.018615,
        "nauc_precision_at_5_diff1": 0.236381,
        "nauc_precision_at_10_max": 0.22893,
        "nauc_precision_at_10_std": 0.082702,
        "nauc_precision_at_10_diff1": 0.171661,
        "nauc_precision_at_20_max": 0.21228,
        "nauc_precision_at_20_std": 0.107276,
        "nauc_precision_at_20_diff1": 0.137777,
        "nauc_precision_at_100_max": 0.238032,
        "nauc_precision_at_100_std": 0.198715,
        "nauc_precision_at_100_diff1": 0.050618,
        "nauc_precision_at_1000_max": 0.264533,
        "nauc_precision_at_1000_std": 0.226693,
        "nauc_precision_at_1000_diff1": -0.010729,
        "nauc_mrr_at_1_max": 0.134337,
        "nauc_mrr_at_1_std": -0.080622,
        "nauc_mrr_at_1_diff1": 0.379429,
        "nauc_mrr_at_3_max": 0.155846,
        "nauc_mrr_at_3_std": -0.040766,
        "nauc_mrr_at_3_diff1": 0.3484,
        "nauc_mrr_at_5_max": 0.154396,
        "nauc_mrr_at_5_std": -0.045283,
        "nauc_mrr_at_5_diff1": 0.340306,
        "nauc_mrr_at_10_max": 0.159832,
        "nauc_mrr_at_10_std": -0.033457,
        "nauc_mrr_at_10_diff1": 0.336214,
        "nauc_mrr_at_20_max": 0.158668,
        "nauc_mrr_at_20_std": -0.033628,
        "nauc_mrr_at_20_diff1": 0.334635,
        "nauc_mrr_at_100_max": 0.160377,
        "nauc_mrr_at_100_std": -0.031322,
        "nauc_mrr_at_100_diff1": 0.33482,
        "nauc_mrr_at_1000_max": 0.160454,
        "nauc_mrr_at_1000_std": -0.031245,
        "nauc_mrr_at_1000_diff1": 0.335028,
        "main_score": 0.26009,
        "hf_subset": "default",
        "languages": [
          "eng-Latn"
        ]
      }
    ]
  },
  "evaluation_time": 206.30127024650574,
  "kg_co2_emissions": null
}