{
  "dataset_revision": "c22ab2a51041ffd869aaddef7af8d8215647e41a",
  "task_name": "ArguAna",
  "mteb_version": "1.39.7",
  "scores": {
    "test": [
      {
        "ndcg_at_1": 0.0192,
        "ndcg_at_3": 0.03942,
        "ndcg_at_5": 0.04674,
        "ndcg_at_10": 0.06229,
        "ndcg_at_20": 0.07521,
        "ndcg_at_100": 0.10344,
        "ndcg_at_1000": 0.1425,
        "map_at_1": 0.0192,
        "map_at_3": 0.03438,
        "map_at_5": 0.03843,
        "map_at_10": 0.0448,
        "map_at_20": 0.04823,
        "map_at_100": 0.05193,
        "map_at_1000": 0.05308,
        "recall_at_1": 0.0192,
        "recall_at_3": 0.05405,
        "recall_at_5": 0.07183,
        "recall_at_10": 0.1202,
        "recall_at_20": 0.17212,
        "recall_at_100": 0.32717,
        "recall_at_1000": 0.65363,
        "precision_at_1": 0.0192,
        "precision_at_3": 0.01802,
        "precision_at_5": 0.01437,
        "precision_at_10": 0.01202,
        "precision_at_20": 0.00861,
        "precision_at_100": 0.00327,
        "precision_at_1000": 0.00065,
        "mrr_at_1": 0.019203,
        "mrr_at_3": 0.034376,
        "mrr_at_5": 0.038431,
        "mrr_at_10": 0.044797,
        "mrr_at_20": 0.048234,
        "mrr_at_100": 0.051929,
        "mrr_at_1000": 0.05308,
        "nauc_ndcg_at_1_max": 0.225997,
        "nauc_ndcg_at_1_std": 0.024855,
        "nauc_ndcg_at_1_diff1": -0.066498,
        "nauc_ndcg_at_3_max": 0.293459,
        "nauc_ndcg_at_3_std": 0.102395,
        "nauc_ndcg_at_3_diff1": -0.024011,
        "nauc_ndcg_at_5_max": 0.280819,
        "nauc_ndcg_at_5_std": 0.100237,
        "nauc_ndcg_at_5_diff1": -0.022546,
        "nauc_ndcg_at_10_max": 0.297132,
        "nauc_ndcg_at_10_std": 0.15141,
        "nauc_ndcg_at_10_diff1": -0.0035,
        "nauc_ndcg_at_20_max": 0.282858,
        "nauc_ndcg_at_20_std": 0.168059,
        "nauc_ndcg_at_20_diff1": 0.003077,
        "nauc_ndcg_at_100_max": 0.260689,
        "nauc_ndcg_at_100_std": 0.183619,
        "nauc_ndcg_at_100_diff1": 0.038935,
        "nauc_ndcg_at_1000_max": 0.26199,
        "nauc_ndcg_at_1000_std": 0.182159,
        "nauc_ndcg_at_1000_diff1": 0.032968,
        "nauc_map_at_1_max": 0.225997,
        "nauc_map_at_1_std": 0.024855,
        "nauc_map_at_1_diff1": -0.066498,
        "nauc_map_at_3_max": 0.285716,
        "nauc_map_at_3_std": 0.091678,
        "nauc_map_at_3_diff1": -0.028536,
        "nauc_map_at_5_max": 0.276774,
        "nauc_map_at_5_std": 0.090562,
        "nauc_map_at_5_diff1": -0.027692,
        "nauc_map_at_10_max": 0.284712,
        "nauc_map_at_10_std": 0.118415,
        "nauc_map_at_10_diff1": -0.01638,
        "nauc_map_at_20_max": 0.28029,
        "nauc_map_at_20_std": 0.126338,
        "nauc_map_at_20_diff1": -0.012985,
        "nauc_map_at_100_max": 0.275149,
        "nauc_map_at_100_std": 0.130761,
        "nauc_map_at_100_diff1": -0.006051,
        "nauc_map_at_1000_max": 0.275496,
        "nauc_map_at_1000_std": 0.130919,
        "nauc_map_at_1000_diff1": -0.006841,
        "nauc_recall_at_1_max": 0.225997,
        "nauc_recall_at_1_std": 0.024855,
        "nauc_recall_at_1_diff1": -0.066498,
        "nauc_recall_at_3_max": 0.307316,
        "nauc_recall_at_3_std": 0.122135,
        "nauc_recall_at_3_diff1": -0.016023,
        "nauc_recall_at_5_max": 0.286644,
        "nauc_recall_at_5_std": 0.115591,
        "nauc_recall_at_5_diff1": -0.014306,
        "nauc_recall_at_10_max": 0.315123,
        "nauc_recall_at_10_std": 0.198891,
        "nauc_recall_at_10_diff1": 0.014194,
        "nauc_recall_at_20_max": 0.282734,
        "nauc_recall_at_20_std": 0.219579,
        "nauc_recall_at_20_diff1": 0.021968,
        "nauc_recall_at_100_max": 0.236588,
        "nauc_recall_at_100_std": 0.240388,
        "nauc_recall_at_100_diff1": 0.09915,
        "nauc_recall_at_1000_max": 0.229825,
        "nauc_recall_at_1000_std": 0.24319,
        "nauc_recall_at_1000_diff1": 0.09833,
        "nauc_precision_at_1_max": 0.225997,
        "nauc_precision_at_1_std": 0.024855,
        "nauc_precision_at_1_diff1": -0.066498,
        "nauc_precision_at_3_max": 0.307316,
        "nauc_precision_at_3_std": 0.122135,
        "nauc_precision_at_3_diff1": -0.016023,
        "nauc_precision_at_5_max": 0.286644,
        "nauc_precision_at_5_std": 0.115591,
        "nauc_precision_at_5_diff1": -0.014306,
        "nauc_precision_at_10_max": 0.315123,
        "nauc_precision_at_10_std": 0.198891,
        "nauc_precision_at_10_diff1": 0.014194,
        "nauc_precision_at_20_max": 0.282734,
        "nauc_precision_at_20_std": 0.219579,
        "nauc_precision_at_20_diff1": 0.021968,
        "nauc_precision_at_100_max": 0.236588,
        "nauc_precision_at_100_std": 0.240388,
        "nauc_precision_at_100_diff1": 0.09915,
        "nauc_precision_at_1000_max": 0.229825,
        "nauc_precision_at_1000_std": 0.24319,
        "nauc_precision_at_1000_diff1": 0.09833,
        "nauc_mrr_at_1_max": 0.225997,
        "nauc_mrr_at_1_std": 0.024855,
        "nauc_mrr_at_1_diff1": -0.066498,
        "nauc_mrr_at_3_max": 0.285716,
        "nauc_mrr_at_3_std": 0.091678,
        "nauc_mrr_at_3_diff1": -0.028536,
        "nauc_mrr_at_5_max": 0.276774,
        "nauc_mrr_at_5_std": 0.090562,
        "nauc_mrr_at_5_diff1": -0.027692,
        "nauc_mrr_at_10_max": 0.284712,
        "nauc_mrr_at_10_std": 0.118415,
        "nauc_mrr_at_10_diff1": -0.01638,
        "nauc_mrr_at_20_max": 0.28029,
        "nauc_mrr_at_20_std": 0.126338,
        "nauc_mrr_at_20_diff1": -0.012985,
        "nauc_mrr_at_100_max": 0.275152,
        "nauc_mrr_at_100_std": 0.130774,
        "nauc_mrr_at_100_diff1": -0.006033,
        "nauc_mrr_at_1000_max": 0.275499,
        "nauc_mrr_at_1000_std": 0.130932,
        "nauc_mrr_at_1000_diff1": -0.006824,
        "main_score": 0.06229,
        "hf_subset": "default",
        "languages": [
          "eng-Latn"
        ]
      }
    ]
  },
  "evaluation_time": 133.4046492576599,
  "kg_co2_emissions": null
}