{
  "dataset_revision": "ec0fa4fe99da2ff19ca1214b7966684033a58814",
  "task_name": "NFCorpus",
  "mteb_version": "1.39.7",
  "scores": {
    "test": [
      {
        "ndcg_at_1": 0.00464,
        "ndcg_at_3": 0.00561,
        "ndcg_at_5": 0.00667,
        "ndcg_at_10": 0.00766,
        "ndcg_at_20": 0.00881,
        "ndcg_at_100": 0.017,
        "ndcg_at_1000": 0.08914,
        "map_at_1": 6e-05,
        "map_at_3": 0.00038,
        "map_at_5": 0.00054,
        "map_at_10": 0.00066,
        "map_at_20": 0.00078,
        "map_at_100": 0.00144,
        "map_at_1000": 0.00464,
        "recall_at_1": 6e-05,
        "recall_at_3": 0.00082,
        "recall_at_5": 0.00148,
        "recall_at_10": 0.0024,
        "recall_at_20": 0.00384,
        "recall_at_100": 0.02611,
        "recall_at_1000": 0.27148,
        "precision_at_1": 0.00619,
        "precision_at_3": 0.00722,
        "precision_at_5": 0.00805,
        "precision_at_10": 0.00867,
        "precision_at_20": 0.00929,
        "precision_at_100": 0.01019,
        "precision_at_1000": 0.01052,
        "mrr_at_1": 0.009288,
        "mrr_at_3": 0.019092,
        "mrr_at_5": 0.023271,
        "mrr_at_10": 0.028259,
        "mrr_at_20": 0.032099,
        "mrr_at_100": 0.038137,
        "mrr_at_1000": 0.039926,
        "nauc_ndcg_at_1_max": -0.280439,
        "nauc_ndcg_at_1_std": -0.275134,
        "nauc_ndcg_at_1_diff1": -0.224681,
        "nauc_ndcg_at_3_max": -0.047364,
        "nauc_ndcg_at_3_std": -0.274464,
        "nauc_ndcg_at_3_diff1": -0.165955,
        "nauc_ndcg_at_5_max": -0.104657,
        "nauc_ndcg_at_5_std": -0.162544,
        "nauc_ndcg_at_5_diff1": -0.2109,
        "nauc_ndcg_at_10_max": -0.098652,
        "nauc_ndcg_at_10_std": -0.125112,
        "nauc_ndcg_at_10_diff1": -0.173915,
        "nauc_ndcg_at_20_max": -0.123381,
        "nauc_ndcg_at_20_std": -0.145591,
        "nauc_ndcg_at_20_diff1": -0.195965,
        "nauc_ndcg_at_100_max": -0.10224,
        "nauc_ndcg_at_100_std": -0.063793,
        "nauc_ndcg_at_100_diff1": -0.161217,
        "nauc_ndcg_at_1000_max": -0.054558,
        "nauc_ndcg_at_1000_std": -0.024049,
        "nauc_ndcg_at_1000_diff1": -0.038095,
        "nauc_map_at_1_max": -0.21944,
        "nauc_map_at_1_std": -0.388497,
        "nauc_map_at_1_diff1": 0.221789,
        "nauc_map_at_3_max": 0.461473,
        "nauc_map_at_3_std": -0.231143,
        "nauc_map_at_3_diff1": 0.157933,
        "nauc_map_at_5_max": 0.246244,
        "nauc_map_at_5_std": -0.088212,
        "nauc_map_at_5_diff1": 0.107516,
        "nauc_map_at_10_max": 0.227764,
        "nauc_map_at_10_std": -0.032317,
        "nauc_map_at_10_diff1": 0.162457,
        "nauc_map_at_20_max": 0.166305,
        "nauc_map_at_20_std": -0.047079,
        "nauc_map_at_20_diff1": 0.100666,
        "nauc_map_at_100_max": 0.040176,
        "nauc_map_at_100_std": -0.074625,
        "nauc_map_at_100_diff1": -0.031064,
        "nauc_map_at_1000_max": -0.066453,
        "nauc_map_at_1000_std": -0.029113,
        "nauc_map_at_1000_diff1": -0.099995,
        "nauc_recall_at_1_max": -0.21944,
        "nauc_recall_at_1_std": -0.388497,
        "nauc_recall_at_1_diff1": 0.221789,
        "nauc_recall_at_3_max": 0.56584,
        "nauc_recall_at_3_std": -0.234295,
        "nauc_recall_at_3_diff1": 0.255288,
        "nauc_recall_at_5_max": 0.200594,
        "nauc_recall_at_5_std": -0.020255,
        "nauc_recall_at_5_diff1": 0.129376,
        "nauc_recall_at_10_max": 0.18505,
        "nauc_recall_at_10_std": 0.102965,
        "nauc_recall_at_10_diff1": 0.271743,
        "nauc_recall_at_20_max": 0.069703,
        "nauc_recall_at_20_std": 0.038391,
        "nauc_recall_at_20_diff1": 0.103956,
        "nauc_recall_at_100_max": -0.107933,
        "nauc_recall_at_100_std": -0.066614,
        "nauc_recall_at_100_diff1": -0.1667,
        "nauc_recall_at_1000_max": -0.043241,
        "nauc_recall_at_1000_std": -0.027441,
        "nauc_recall_at_1000_diff1": -0.072484,
        "nauc_precision_at_1_max": -0.261705,
        "nauc_precision_at_1_std": -0.30995,
        "nauc_precision_at_1_diff1": -0.087563,
        "nauc_precision_at_3_max": 0.028331,
        "nauc_precision_at_3_std": -0.227753,
        "nauc_precision_at_3_diff1": -0.026142,
        "nauc_precision_at_5_max": -0.079114,
        "nauc_precision_at_5_std": -0.115217,
        "nauc_precision_at_5_diff1": -0.158126,
        "nauc_precision_at_10_max": -0.088187,
        "nauc_precision_at_10_std": -0.099618,
        "nauc_precision_at_10_diff1": -0.134861,
        "nauc_precision_at_20_max": -0.159831,
        "nauc_precision_at_20_std": -0.162679,
        "nauc_precision_at_20_diff1": -0.229053,
        "nauc_precision_at_100_max": -0.166869,
        "nauc_precision_at_100_std": -0.089745,
        "nauc_precision_at_100_diff1": -0.173514,
        "nauc_precision_at_1000_max": -0.141652,
        "nauc_precision_at_1000_std": -0.005904,
        "nauc_precision_at_1000_diff1": -0.127701,
        "nauc_mrr_at_1_max": 0.241479,
        "nauc_mrr_at_1_std": -0.372939,
        "nauc_mrr_at_1_diff1": -0.189323,
        "nauc_mrr_at_3_max": -0.035142,
        "nauc_mrr_at_3_std": -0.140621,
        "nauc_mrr_at_3_diff1": -0.225403,
        "nauc_mrr_at_5_max": -0.05717,
        "nauc_mrr_at_5_std": -0.143988,
        "nauc_mrr_at_5_diff1": -0.20728,
        "nauc_mrr_at_10_max": -0.042541,
        "nauc_mrr_at_10_std": -0.131191,
        "nauc_mrr_at_10_diff1": -0.137563,
        "nauc_mrr_at_20_max": -0.053835,
        "nauc_mrr_at_20_std": -0.118682,
        "nauc_mrr_at_20_diff1": -0.12689,
        "nauc_mrr_at_100_max": -0.044775,
        "nauc_mrr_at_100_std": -0.107563,
        "nauc_mrr_at_100_diff1": -0.126459,
        "nauc_mrr_at_1000_max": -0.048276,
        "nauc_mrr_at_1000_std": -0.110552,
        "nauc_mrr_at_1000_diff1": -0.127034,
        "main_score": 0.00766,
        "hf_subset": "default",
        "languages": [
          "eng-Latn"
        ]
      }
    ]
  },
  "evaluation_time": 56.10370182991028,
  "kg_co2_emissions": null
}