{
  "dataset_revision": "c22ab2a51041ffd869aaddef7af8d8215647e41a",
  "task_name": "ArguAna",
  "mteb_version": "1.39.7",
  "scores": {
    "test": [
      {
        "ndcg_at_1": 0.0,
        "ndcg_at_3": 0.00036,
        "ndcg_at_5": 0.00066,
        "ndcg_at_10": 0.00109,
        "ndcg_at_20": 0.00147,
        "ndcg_at_100": 0.00302,
        "ndcg_at_1000": 0.01751,
        "map_at_1": 0.0,
        "map_at_3": 0.00024,
        "map_at_5": 0.00041,
        "map_at_10": 0.00057,
        "map_at_20": 0.00068,
        "map_at_100": 0.00089,
        "map_at_1000": 0.00122,
        "recall_at_1": 0.0,
        "recall_at_3": 0.00071,
        "recall_at_5": 0.00142,
        "recall_at_10": 0.00284,
        "recall_at_20": 0.00427,
        "recall_at_100": 0.0128,
        "recall_at_1000": 0.14083,
        "precision_at_1": 0.0,
        "precision_at_3": 0.00024,
        "precision_at_5": 0.00028,
        "precision_at_10": 0.00028,
        "precision_at_20": 0.00021,
        "precision_at_100": 0.00013,
        "precision_at_1000": 0.00014,
        "mrr_at_1": 0.000711,
        "mrr_at_3": 0.001067,
        "mrr_at_5": 0.001209,
        "mrr_at_10": 0.0014,
        "mrr_at_20": 0.001464,
        "mrr_at_100": 0.001775,
        "mrr_at_1000": 0.002086,
        "nauc_ndcg_at_1_max": NaN,
        "nauc_ndcg_at_1_std": NaN,
        "nauc_ndcg_at_1_diff1": NaN,
        "nauc_ndcg_at_3_max": 0.324078,
        "nauc_ndcg_at_3_std": -0.205971,
        "nauc_ndcg_at_3_diff1": -0.575145,
        "nauc_ndcg_at_5_max": 0.026633,
        "nauc_ndcg_at_5_std": -0.205971,
        "nauc_ndcg_at_5_diff1": -0.159024,
        "nauc_ndcg_at_10_max": 0.086251,
        "nauc_ndcg_at_10_std": 0.067321,
        "nauc_ndcg_at_10_diff1": 0.158481,
        "nauc_ndcg_at_20_max": 0.010943,
        "nauc_ndcg_at_20_std": 0.074929,
        "nauc_ndcg_at_20_diff1": 0.176654,
        "nauc_ndcg_at_100_max": 0.053405,
        "nauc_ndcg_at_100_std": 0.092109,
        "nauc_ndcg_at_100_diff1": 0.215909,
        "nauc_ndcg_at_1000_max": 0.02214,
        "nauc_ndcg_at_1000_std": 0.05117,
        "nauc_ndcg_at_1000_diff1": 0.001312,
        "nauc_map_at_1_max": NaN,
        "nauc_map_at_1_std": NaN,
        "nauc_map_at_1_diff1": NaN,
        "nauc_map_at_3_max": 0.324078,
        "nauc_map_at_3_std": -0.205971,
        "nauc_map_at_3_diff1": -0.575145,
        "nauc_map_at_5_max": 0.048606,
        "nauc_map_at_5_std": -0.205971,
        "nauc_map_at_5_diff1": -0.189764,
        "nauc_map_at_10_max": 0.069848,
        "nauc_map_at_10_std": -0.002739,
        "nauc_map_at_10_diff1": 0.036884,
        "nauc_map_at_20_max": 0.022681,
        "nauc_map_at_20_std": 0.017959,
        "nauc_map_at_20_diff1": 0.061864,
        "nauc_map_at_100_max": 0.02543,
        "nauc_map_at_100_std": 0.044441,
        "nauc_map_at_100_diff1": 0.092422,
        "nauc_map_at_1000_max": 0.016394,
        "nauc_map_at_1000_std": 0.060094,
        "nauc_map_at_1000_diff1": 0.058772,
        "nauc_recall_at_1_max": NaN,
        "nauc_recall_at_1_std": NaN,
        "nauc_recall_at_1_diff1": NaN,
        "nauc_recall_at_3_max": 0.324078,
        "nauc_recall_at_3_std": -0.205971,
        "nauc_recall_at_3_diff1": -0.575145,
        "nauc_recall_at_5_max": 0.002693,
        "nauc_recall_at_5_std": -0.205971,
        "nauc_recall_at_5_diff1": -0.125533,
        "nauc_recall_at_10_max": 0.107561,
        "nauc_recall_at_10_std": 0.129354,
        "nauc_recall_at_10_diff1": 0.268253,
        "nauc_recall_at_20_max": 0.004824,
        "nauc_recall_at_20_std": 0.113353,
        "nauc_recall_at_20_diff1": 0.262179,
        "nauc_recall_at_100_max": 0.077511,
        "nauc_recall_at_100_std": 0.104334,
        "nauc_recall_at_100_diff1": 0.271642,
        "nauc_recall_at_1000_max": 0.026798,
        "nauc_recall_at_1000_std": 0.036643,
        "nauc_recall_at_1000_diff1": -0.01753,
        "nauc_precision_at_1_max": NaN,
        "nauc_precision_at_1_std": NaN,
        "nauc_precision_at_1_diff1": NaN,
        "nauc_precision_at_3_max": 0.324078,
        "nauc_precision_at_3_std": -0.205971,
        "nauc_precision_at_3_diff1": -0.575145,
        "nauc_precision_at_5_max": 0.002693,
        "nauc_precision_at_5_std": -0.205971,
        "nauc_precision_at_5_diff1": -0.125533,
        "nauc_precision_at_10_max": 0.107561,
        "nauc_precision_at_10_std": 0.129354,
        "nauc_precision_at_10_diff1": 0.268253,
        "nauc_precision_at_20_max": 0.004824,
        "nauc_precision_at_20_std": 0.113353,
        "nauc_precision_at_20_diff1": 0.262179,
        "nauc_precision_at_100_max": 0.077511,
        "nauc_precision_at_100_std": 0.104334,
        "nauc_precision_at_100_diff1": 0.271642,
        "nauc_precision_at_1000_max": 0.026798,
        "nauc_precision_at_1000_std": 0.036643,
        "nauc_precision_at_1000_diff1": -0.01753,
        "nauc_mrr_at_1_max": 0.324078,
        "nauc_mrr_at_1_std": -0.205971,
        "nauc_mrr_at_1_diff1": -0.575145,
        "nauc_mrr_at_3_max": 0.109822,
        "nauc_mrr_at_3_std": -0.205971,
        "nauc_mrr_at_3_diff1": -0.275404,
        "nauc_mrr_at_5_max": 0.038085,
        "nauc_mrr_at_5_std": -0.103782,
        "nauc_mrr_at_5_diff1": -0.30182,
        "nauc_mrr_at_10_max": 0.054669,
        "nauc_mrr_at_10_std": -0.021547,
        "nauc_mrr_at_10_diff1": -0.17369,
        "nauc_mrr_at_20_max": 0.066566,
        "nauc_mrr_at_20_std": -0.038937,
        "nauc_mrr_at_20_diff1": -0.191417,
        "nauc_mrr_at_100_max": 0.061185,
        "nauc_mrr_at_100_std": -0.019991,
        "nauc_mrr_at_100_diff1": -0.10804,
        "nauc_mrr_at_1000_max": 0.048424,
        "nauc_mrr_at_1000_std": -0.004441,
        "nauc_mrr_at_1000_diff1": -0.094553,
        "main_score": 0.00109,
        "hf_subset": "default",
        "languages": [
          "eng-Latn"
        ]
      }
    ]
  },
  "evaluation_time": 117.09389781951904,
  "kg_co2_emissions": null
}