{
  "dataset_revision": "bb9466bac8153a0349341eb1b22e06409e78ef4e",
  "task_name": "TRECCOVID",
  "mteb_version": "1.39.7",
  "scores": {
    "test": [
      {
        "ndcg_at_1": 0.19,
        "ndcg_at_3": 0.19603,
        "ndcg_at_5": 0.18166,
        "ndcg_at_10": 0.15814,
        "ndcg_at_20": 0.13953,
        "ndcg_at_100": 0.1002,
        "ndcg_at_1000": 0.09595,
        "map_at_1": 0.00057,
        "map_at_3": 0.00146,
        "map_at_5": 0.00198,
        "map_at_10": 0.00274,
        "map_at_20": 0.00402,
        "map_at_100": 0.01029,
        "map_at_1000": 0.02022,
        "recall_at_1": 0.00057,
        "recall_at_3": 0.00172,
        "recall_at_5": 0.00262,
        "recall_at_10": 0.0041,
        "recall_at_20": 0.00681,
        "recall_at_100": 0.02286,
        "recall_at_1000": 0.09042,
        "precision_at_1": 0.22,
        "precision_at_3": 0.22,
        "precision_at_5": 0.196,
        "precision_at_10": 0.156,
        "precision_at_20": 0.135,
        "precision_at_100": 0.098,
        "precision_at_1000": 0.0417,
        "mrr_at_1": 0.22,
        "mrr_at_3": 0.29,
        "mrr_at_5": 0.303,
        "mrr_at_10": 0.318635,
        "mrr_at_20": 0.321175,
        "mrr_at_100": 0.328833,
        "mrr_at_1000": 0.329358,
        "nauc_ndcg_at_1_max": 0.245942,
        "nauc_ndcg_at_1_std": 0.268308,
        "nauc_ndcg_at_1_diff1": 0.055778,
        "nauc_ndcg_at_3_max": 0.330139,
        "nauc_ndcg_at_3_std": 0.253674,
        "nauc_ndcg_at_3_diff1": 0.12997,
        "nauc_ndcg_at_5_max": 0.302648,
        "nauc_ndcg_at_5_std": 0.260146,
        "nauc_ndcg_at_5_diff1": 0.049851,
        "nauc_ndcg_at_10_max": 0.315844,
        "nauc_ndcg_at_10_std": 0.312264,
        "nauc_ndcg_at_10_diff1": 0.03666,
        "nauc_ndcg_at_20_max": 0.346438,
        "nauc_ndcg_at_20_std": 0.328859,
        "nauc_ndcg_at_20_diff1": 0.048343,
        "nauc_ndcg_at_100_max": 0.378691,
        "nauc_ndcg_at_100_std": 0.424567,
        "nauc_ndcg_at_100_diff1": 0.043301,
        "nauc_ndcg_at_1000_max": 0.394192,
        "nauc_ndcg_at_1000_std": 0.360383,
        "nauc_ndcg_at_1000_diff1": 0.01305,
        "nauc_map_at_1_max": 0.189726,
        "nauc_map_at_1_std": 0.360874,
        "nauc_map_at_1_diff1": 0.181327,
        "nauc_map_at_3_max": 0.263219,
        "nauc_map_at_3_std": 0.342747,
        "nauc_map_at_3_diff1": 0.262516,
        "nauc_map_at_5_max": 0.234754,
        "nauc_map_at_5_std": 0.310671,
        "nauc_map_at_5_diff1": 0.138106,
        "nauc_map_at_10_max": 0.233282,
        "nauc_map_at_10_std": 0.346736,
        "nauc_map_at_10_diff1": 0.110281,
        "nauc_map_at_20_max": 0.268043,
        "nauc_map_at_20_std": 0.400818,
        "nauc_map_at_20_diff1": 0.132043,
        "nauc_map_at_100_max": 0.293693,
        "nauc_map_at_100_std": 0.605336,
        "nauc_map_at_100_diff1": 0.195686,
        "nauc_map_at_1000_max": 0.471159,
        "nauc_map_at_1000_std": 0.645472,
        "nauc_map_at_1000_diff1": 0.065515,
        "nauc_recall_at_1_max": 0.189726,
        "nauc_recall_at_1_std": 0.360874,
        "nauc_recall_at_1_diff1": 0.181327,
        "nauc_recall_at_3_max": 0.243735,
        "nauc_recall_at_3_std": 0.260953,
        "nauc_recall_at_3_diff1": 0.254307,
        "nauc_recall_at_5_max": 0.231401,
        "nauc_recall_at_5_std": 0.19933,
        "nauc_recall_at_5_diff1": 0.106113,
        "nauc_recall_at_10_max": 0.221907,
        "nauc_recall_at_10_std": 0.303532,
        "nauc_recall_at_10_diff1": 0.051715,
        "nauc_recall_at_20_max": 0.253014,
        "nauc_recall_at_20_std": 0.339654,
        "nauc_recall_at_20_diff1": 0.073633,
        "nauc_recall_at_100_max": 0.283694,
        "nauc_recall_at_100_std": 0.441778,
        "nauc_recall_at_100_diff1": 0.074008,
        "nauc_recall_at_1000_max": 0.417187,
        "nauc_recall_at_1000_std": 0.314382,
        "nauc_recall_at_1000_diff1": -0.035478,
        "nauc_precision_at_1_max": 0.291792,
        "nauc_precision_at_1_std": 0.344656,
        "nauc_precision_at_1_diff1": 0.060664,
        "nauc_precision_at_3_max": 0.361413,
        "nauc_precision_at_3_std": 0.229085,
        "nauc_precision_at_3_diff1": 0.154808,
        "nauc_precision_at_5_max": 0.341185,
        "nauc_precision_at_5_std": 0.231523,
        "nauc_precision_at_5_diff1": 0.037202,
        "nauc_precision_at_10_max": 0.342326,
        "nauc_precision_at_10_std": 0.319006,
        "nauc_precision_at_10_diff1": 0.018845,
        "nauc_precision_at_20_max": 0.376393,
        "nauc_precision_at_20_std": 0.336547,
        "nauc_precision_at_20_diff1": 0.040293,
        "nauc_precision_at_100_max": 0.400976,
        "nauc_precision_at_100_std": 0.453019,
        "nauc_precision_at_100_diff1": 0.038834,
        "nauc_precision_at_1000_max": 0.500748,
        "nauc_precision_at_1000_std": 0.316479,
        "nauc_precision_at_1000_diff1": -0.078131,
        "nauc_mrr_at_1_max": 0.291792,
        "nauc_mrr_at_1_std": 0.344656,
        "nauc_mrr_at_1_diff1": 0.060664,
        "nauc_mrr_at_3_max": 0.301045,
        "nauc_mrr_at_3_std": 0.214509,
        "nauc_mrr_at_3_diff1": 0.118298,
        "nauc_mrr_at_5_max": 0.314007,
        "nauc_mrr_at_5_std": 0.207758,
        "nauc_mrr_at_5_diff1": 0.11206,
        "nauc_mrr_at_10_max": 0.330982,
        "nauc_mrr_at_10_std": 0.226178,
        "nauc_mrr_at_10_diff1": 0.090149,
        "nauc_mrr_at_20_max": 0.337346,
        "nauc_mrr_at_20_std": 0.22019,
        "nauc_mrr_at_20_diff1": 0.086341,
        "nauc_mrr_at_100_max": 0.329272,
        "nauc_mrr_at_100_std": 0.223914,
        "nauc_mrr_at_100_diff1": 0.087974,
        "nauc_mrr_at_1000_max": 0.329218,
        "nauc_mrr_at_1000_std": 0.223636,
        "nauc_mrr_at_1000_diff1": 0.08838,
        "main_score": 0.15814,
        "hf_subset": "default",
        "languages": [
          "eng-Latn"
        ]
      }
    ]
  },
  "evaluation_time": 911.8484551906586,
  "kg_co2_emissions": null
}