{
  "dataset_revision": "27a168819829fe9bcd655c2df245fb19452e8e06",
  "task_name": "FiQA2018",
  "mteb_version": "1.39.7",
  "scores": {
    "test": [
      {
        "ndcg_at_1": 0.01389,
        "ndcg_at_3": 0.01495,
        "ndcg_at_5": 0.01637,
        "ndcg_at_10": 0.02015,
        "ndcg_at_20": 0.02316,
        "ndcg_at_100": 0.0337,
        "ndcg_at_1000": 0.05675,
        "map_at_1": 0.00636,
        "map_at_3": 0.0098,
        "map_at_5": 0.01104,
        "map_at_10": 0.01246,
        "map_at_20": 0.01316,
        "map_at_100": 0.01443,
        "map_at_1000": 0.01508,
        "recall_at_1": 0.00636,
        "recall_at_3": 0.01353,
        "recall_at_5": 0.01913,
        "recall_at_10": 0.02989,
        "recall_at_20": 0.03858,
        "recall_at_100": 0.08401,
        "recall_at_1000": 0.23715,
        "precision_at_1": 0.01389,
        "precision_at_3": 0.00977,
        "precision_at_5": 0.00864,
        "precision_at_10": 0.0071,
        "precision_at_20": 0.00494,
        "precision_at_100": 0.00215,
        "precision_at_1000": 0.0006,
        "mrr_at_1": 0.013889,
        "mrr_at_3": 0.020833,
        "mrr_at_5": 0.023457,
        "mrr_at_10": 0.02698,
        "mrr_at_20": 0.028279,
        "mrr_at_100": 0.030252,
        "mrr_at_1000": 0.031031,
        "nauc_ndcg_at_1_max": 0.116501,
        "nauc_ndcg_at_1_std": 0.064473,
        "nauc_ndcg_at_1_diff1": 0.026835,
        "nauc_ndcg_at_3_max": 0.104013,
        "nauc_ndcg_at_3_std": 0.315139,
        "nauc_ndcg_at_3_diff1": 0.165634,
        "nauc_ndcg_at_5_max": 0.092339,
        "nauc_ndcg_at_5_std": 0.283083,
        "nauc_ndcg_at_5_diff1": 0.196816,
        "nauc_ndcg_at_10_max": 0.079933,
        "nauc_ndcg_at_10_std": 0.296003,
        "nauc_ndcg_at_10_diff1": 0.198142,
        "nauc_ndcg_at_20_max": 0.066666,
        "nauc_ndcg_at_20_std": 0.302306,
        "nauc_ndcg_at_20_diff1": 0.165133,
        "nauc_ndcg_at_100_max": 0.059663,
        "nauc_ndcg_at_100_std": 0.263731,
        "nauc_ndcg_at_100_diff1": 0.090415,
        "nauc_ndcg_at_1000_max": 0.07558,
        "nauc_ndcg_at_1000_std": 0.186757,
        "nauc_ndcg_at_1000_diff1": 0.078294,
        "nauc_map_at_1_max": 0.127793,
        "nauc_map_at_1_std": 0.228454,
        "nauc_map_at_1_diff1": 0.168951,
        "nauc_map_at_3_max": 0.092575,
        "nauc_map_at_3_std": 0.379425,
        "nauc_map_at_3_diff1": 0.235574,
        "nauc_map_at_5_max": 0.082651,
        "nauc_map_at_5_std": 0.33413,
        "nauc_map_at_5_diff1": 0.233195,
        "nauc_map_at_10_max": 0.072146,
        "nauc_map_at_10_std": 0.336425,
        "nauc_map_at_10_diff1": 0.234403,
        "nauc_map_at_20_max": 0.068156,
        "nauc_map_at_20_std": 0.337407,
        "nauc_map_at_20_diff1": 0.218846,
        "nauc_map_at_100_max": 0.069092,
        "nauc_map_at_100_std": 0.327295,
        "nauc_map_at_100_diff1": 0.193964,
        "nauc_map_at_1000_max": 0.071408,
        "nauc_map_at_1000_std": 0.319552,
        "nauc_map_at_1000_diff1": 0.190281,
        "nauc_recall_at_1_max": 0.127793,
        "nauc_recall_at_1_std": 0.228454,
        "nauc_recall_at_1_diff1": 0.168951,
        "nauc_recall_at_3_max": 0.083893,
        "nauc_recall_at_3_std": 0.45569,
        "nauc_recall_at_3_diff1": 0.255011,
        "nauc_recall_at_5_max": 0.062918,
        "nauc_recall_at_5_std": 0.31268,
        "nauc_recall_at_5_diff1": 0.224735,
        "nauc_recall_at_10_max": 0.058364,
        "nauc_recall_at_10_std": 0.31445,
        "nauc_recall_at_10_diff1": 0.214179,
        "nauc_recall_at_20_max": 0.04996,
        "nauc_recall_at_20_std": 0.322397,
        "nauc_recall_at_20_diff1": 0.152681,
        "nauc_recall_at_100_max": 0.021991,
        "nauc_recall_at_100_std": 0.235474,
        "nauc_recall_at_100_diff1": 0.020781,
        "nauc_recall_at_1000_max": 0.038757,
        "nauc_recall_at_1000_std": 0.096147,
        "nauc_recall_at_1000_diff1": 0.022278,
        "nauc_precision_at_1_max": 0.116501,
        "nauc_precision_at_1_std": 0.064473,
        "nauc_precision_at_1_diff1": 0.026835,
        "nauc_precision_at_3_max": 0.129121,
        "nauc_precision_at_3_std": 0.303664,
        "nauc_precision_at_3_diff1": 0.118712,
        "nauc_precision_at_5_max": 0.121277,
        "nauc_precision_at_5_std": 0.205577,
        "nauc_precision_at_5_diff1": 0.193176,
        "nauc_precision_at_10_max": 0.119802,
        "nauc_precision_at_10_std": 0.227848,
        "nauc_precision_at_10_diff1": 0.140503,
        "nauc_precision_at_20_max": 0.078358,
        "nauc_precision_at_20_std": 0.250999,
        "nauc_precision_at_20_diff1": 0.079867,
        "nauc_precision_at_100_max": 0.106239,
        "nauc_precision_at_100_std": 0.198465,
        "nauc_precision_at_100_diff1": -0.009365,
        "nauc_precision_at_1000_max": 0.14001,
        "nauc_precision_at_1000_std": 0.07887,
        "nauc_precision_at_1000_diff1": 0.007625,
        "nauc_mrr_at_1_max": 0.116501,
        "nauc_mrr_at_1_std": 0.064473,
        "nauc_mrr_at_1_diff1": 0.026835,
        "nauc_mrr_at_3_max": 0.11311,
        "nauc_mrr_at_3_std": 0.222762,
        "nauc_mrr_at_3_diff1": 0.100709,
        "nauc_mrr_at_5_max": 0.113214,
        "nauc_mrr_at_5_std": 0.200523,
        "nauc_mrr_at_5_diff1": 0.120837,
        "nauc_mrr_at_10_max": 0.107911,
        "nauc_mrr_at_10_std": 0.210581,
        "nauc_mrr_at_10_diff1": 0.115123,
        "nauc_mrr_at_20_max": 0.096362,
        "nauc_mrr_at_20_std": 0.21715,
        "nauc_mrr_at_20_diff1": 0.109056,
        "nauc_mrr_at_100_max": 0.091409,
        "nauc_mrr_at_100_std": 0.210466,
        "nauc_mrr_at_100_diff1": 0.097805,
        "nauc_mrr_at_1000_max": 0.092111,
        "nauc_mrr_at_1000_std": 0.205953,
        "nauc_mrr_at_1000_diff1": 0.097883,
        "main_score": 0.02015,
        "hf_subset": "default",
        "languages": [
          "eng-Latn"
        ]
      }
    ]
  },
  "evaluation_time": 545.4359352588654,
  "kg_co2_emissions": null
}