{
  "dataset_revision": "c22ab2a51041ffd869aaddef7af8d8215647e41a",
  "task_name": "ArguAna",
  "mteb_version": "1.39.7",
  "scores": {
    "test": [
      {
        "ndcg_at_1": 0.06117,
        "ndcg_at_3": 0.10419,
        "ndcg_at_5": 0.12255,
        "ndcg_at_10": 0.14239,
        "ndcg_at_20": 0.15761,
        "ndcg_at_100": 0.18627,
        "ndcg_at_1000": 0.20857,
        "map_at_1": 0.06117,
        "map_at_3": 0.09329,
        "map_at_5": 0.10343,
        "map_at_10": 0.11165,
        "map_at_20": 0.11579,
        "map_at_100": 0.11967,
        "map_at_1000": 0.12035,
        "recall_at_1": 0.06117,
        "recall_at_3": 0.13585,
        "recall_at_5": 0.18065,
        "recall_at_10": 0.24182,
        "recall_at_20": 0.30228,
        "recall_at_100": 0.45804,
        "recall_at_1000": 0.64296,
        "precision_at_1": 0.06117,
        "precision_at_3": 0.04528,
        "precision_at_5": 0.03613,
        "precision_at_10": 0.02418,
        "precision_at_20": 0.01511,
        "precision_at_100": 0.00458,
        "precision_at_1000": 0.00064,
        "mrr_at_1": 0.061878,
        "mrr_at_3": 0.093291,
        "mrr_at_5": 0.103781,
        "mrr_at_10": 0.112003,
        "mrr_at_20": 0.116148,
        "mrr_at_100": 0.120031,
        "mrr_at_1000": 0.120706,
        "nauc_ndcg_at_1_max": 0.190764,
        "nauc_ndcg_at_1_std": -0.093532,
        "nauc_ndcg_at_1_diff1": 0.189326,
        "nauc_ndcg_at_3_max": 0.116652,
        "nauc_ndcg_at_3_std": -0.082528,
        "nauc_ndcg_at_3_diff1": 0.107286,
        "nauc_ndcg_at_5_max": 0.114886,
        "nauc_ndcg_at_5_std": -0.081627,
        "nauc_ndcg_at_5_diff1": 0.095779,
        "nauc_ndcg_at_10_max": 0.125652,
        "nauc_ndcg_at_10_std": -0.09497,
        "nauc_ndcg_at_10_diff1": 0.095008,
        "nauc_ndcg_at_20_max": 0.132941,
        "nauc_ndcg_at_20_std": -0.105264,
        "nauc_ndcg_at_20_diff1": 0.093083,
        "nauc_ndcg_at_100_max": 0.144017,
        "nauc_ndcg_at_100_std": -0.133569,
        "nauc_ndcg_at_100_diff1": 0.094156,
        "nauc_ndcg_at_1000_max": 0.134013,
        "nauc_ndcg_at_1000_std": -0.138747,
        "nauc_ndcg_at_1000_diff1": 0.079084,
        "nauc_map_at_1_max": 0.190764,
        "nauc_map_at_1_std": -0.093532,
        "nauc_map_at_1_diff1": 0.189326,
        "nauc_map_at_3_max": 0.127861,
        "nauc_map_at_3_std": -0.084841,
        "nauc_map_at_3_diff1": 0.120578,
        "nauc_map_at_5_max": 0.126008,
        "nauc_map_at_5_std": -0.083867,
        "nauc_map_at_5_diff1": 0.112164,
        "nauc_map_at_10_max": 0.129971,
        "nauc_map_at_10_std": -0.09024,
        "nauc_map_at_10_diff1": 0.110855,
        "nauc_map_at_20_max": 0.132632,
        "nauc_map_at_20_std": -0.093651,
        "nauc_map_at_20_diff1": 0.110357,
        "nauc_map_at_100_max": 0.134344,
        "nauc_map_at_100_std": -0.098419,
        "nauc_map_at_100_diff1": 0.110344,
        "nauc_map_at_1000_max": 0.133984,
        "nauc_map_at_1000_std": -0.098747,
        "nauc_map_at_1000_diff1": 0.109715,
        "nauc_recall_at_1_max": 0.190764,
        "nauc_recall_at_1_std": -0.093532,
        "nauc_recall_at_1_diff1": 0.189326,
        "nauc_recall_at_3_max": 0.09371,
        "nauc_recall_at_3_std": -0.077582,
        "nauc_recall_at_3_diff1": 0.079792,
        "nauc_recall_at_5_max": 0.094914,
        "nauc_recall_at_5_std": -0.077583,
        "nauc_recall_at_5_diff1": 0.065416,
        "nauc_recall_at_10_max": 0.122561,
        "nauc_recall_at_10_std": -0.10585,
        "nauc_recall_at_10_diff1": 0.069244,
        "nauc_recall_at_20_max": 0.139717,
        "nauc_recall_at_20_std": -0.130594,
        "nauc_recall_at_20_diff1": 0.065673,
        "nauc_recall_at_100_max": 0.176488,
        "nauc_recall_at_100_std": -0.224056,
        "nauc_recall_at_100_diff1": 0.070146,
        "nauc_recall_at_1000_max": 0.12325,
        "nauc_recall_at_1000_std": -0.267627,
        "nauc_recall_at_1000_diff1": -0.020732,
        "nauc_precision_at_1_max": 0.190764,
        "nauc_precision_at_1_std": -0.093532,
        "nauc_precision_at_1_diff1": 0.189326,
        "nauc_precision_at_3_max": 0.09371,
        "nauc_precision_at_3_std": -0.077582,
        "nauc_precision_at_3_diff1": 0.079792,
        "nauc_precision_at_5_max": 0.094914,
        "nauc_precision_at_5_std": -0.077583,
        "nauc_precision_at_5_diff1": 0.065416,
        "nauc_precision_at_10_max": 0.122561,
        "nauc_precision_at_10_std": -0.10585,
        "nauc_precision_at_10_diff1": 0.069244,
        "nauc_precision_at_20_max": 0.139717,
        "nauc_precision_at_20_std": -0.130594,
        "nauc_precision_at_20_diff1": 0.065673,
        "nauc_precision_at_100_max": 0.176488,
        "nauc_precision_at_100_std": -0.224056,
        "nauc_precision_at_100_diff1": 0.070146,
        "nauc_precision_at_1000_max": 0.12325,
        "nauc_precision_at_1000_std": -0.267627,
        "nauc_precision_at_1000_diff1": -0.020732,
        "nauc_mrr_at_1_max": 0.182825,
        "nauc_mrr_at_1_std": -0.091324,
        "nauc_mrr_at_1_diff1": 0.180539,
        "nauc_mrr_at_3_max": 0.11886,
        "nauc_mrr_at_3_std": -0.085281,
        "nauc_mrr_at_3_diff1": 0.110942,
        "nauc_mrr_at_5_max": 0.121052,
        "nauc_mrr_at_5_std": -0.083602,
        "nauc_mrr_at_5_diff1": 0.10666,
        "nauc_mrr_at_10_max": 0.125184,
        "nauc_mrr_at_10_std": -0.089963,
        "nauc_mrr_at_10_diff1": 0.10556,
        "nauc_mrr_at_20_max": 0.127922,
        "nauc_mrr_at_20_std": -0.093389,
        "nauc_mrr_at_20_diff1": 0.105101,
        "nauc_mrr_at_100_max": 0.129651,
        "nauc_mrr_at_100_std": -0.098148,
        "nauc_mrr_at_100_diff1": 0.105111,
        "nauc_mrr_at_1000_max": 0.129287,
        "nauc_mrr_at_1000_std": -0.098475,
        "nauc_mrr_at_1000_diff1": 0.104479,
        "main_score": 0.14239,
        "hf_subset": "default",
        "languages": [
          "eng-Latn"
        ]
      }
    ]
  },
  "evaluation_time": 19.13472032546997,
  "kg_co2_emissions": null
}