{
  "dataset_revision": "f8c2fcf00f625baaa80f62ec5bd9e1fff3b8ae88",
  "task_name": "SCIDOCS",
  "mteb_version": "1.39.7",
  "scores": {
    "test": [
      {
        "ndcg_at_1": 0.167,
        "ndcg_at_3": 0.13153,
        "ndcg_at_5": 0.11438,
        "ndcg_at_10": 0.13567,
        "ndcg_at_20": 0.15739,
        "ndcg_at_100": 0.19931,
        "ndcg_at_1000": 0.25056,
        "map_at_1": 0.03375,
        "map_at_3": 0.05671,
        "map_at_5": 0.06769,
        "map_at_10": 0.07687,
        "map_at_20": 0.08398,
        "map_at_100": 0.09132,
        "map_at_1000": 0.09381,
        "recall_at_1": 0.03375,
        "recall_at_3": 0.0737,
        "recall_at_5": 0.1008,
        "recall_at_10": 0.14005,
        "recall_at_20": 0.19135,
        "recall_at_100": 0.3272,
        "recall_at_1000": 0.58038,
        "precision_at_1": 0.167,
        "precision_at_3": 0.12167,
        "precision_at_5": 0.0998,
        "precision_at_10": 0.0693,
        "precision_at_20": 0.04715,
        "precision_at_100": 0.01612,
        "precision_at_1000": 0.00286,
        "mrr_at_1": 0.167,
        "mrr_at_3": 0.223333,
        "mrr_at_5": 0.238233,
        "mrr_at_10": 0.250062,
        "mrr_at_20": 0.256866,
        "mrr_at_100": 0.26176,
        "mrr_at_1000": 0.262556,
        "nauc_ndcg_at_1_max": 0.211543,
        "nauc_ndcg_at_1_std": 0.091074,
        "nauc_ndcg_at_1_diff1": 0.225443,
        "nauc_ndcg_at_3_max": 0.247338,
        "nauc_ndcg_at_3_std": 0.134605,
        "nauc_ndcg_at_3_diff1": 0.197369,
        "nauc_ndcg_at_5_max": 0.244951,
        "nauc_ndcg_at_5_std": 0.148848,
        "nauc_ndcg_at_5_diff1": 0.189378,
        "nauc_ndcg_at_10_max": 0.256517,
        "nauc_ndcg_at_10_std": 0.18273,
        "nauc_ndcg_at_10_diff1": 0.171275,
        "nauc_ndcg_at_20_max": 0.267616,
        "nauc_ndcg_at_20_std": 0.213517,
        "nauc_ndcg_at_20_diff1": 0.163176,
        "nauc_ndcg_at_100_max": 0.281797,
        "nauc_ndcg_at_100_std": 0.269164,
        "nauc_ndcg_at_100_diff1": 0.151954,
        "nauc_ndcg_at_1000_max": 0.299719,
        "nauc_ndcg_at_1000_std": 0.29532,
        "nauc_ndcg_at_1000_diff1": 0.146919,
        "nauc_map_at_1_max": 0.210459,
        "nauc_map_at_1_std": 0.091129,
        "nauc_map_at_1_diff1": 0.222951,
        "nauc_map_at_3_max": 0.247082,
        "nauc_map_at_3_std": 0.120647,
        "nauc_map_at_3_diff1": 0.210768,
        "nauc_map_at_5_max": 0.250704,
        "nauc_map_at_5_std": 0.130684,
        "nauc_map_at_5_diff1": 0.210468,
        "nauc_map_at_10_max": 0.258482,
        "nauc_map_at_10_std": 0.153109,
        "nauc_map_at_10_diff1": 0.196074,
        "nauc_map_at_20_max": 0.267251,
        "nauc_map_at_20_std": 0.173393,
        "nauc_map_at_20_diff1": 0.190958,
        "nauc_map_at_100_max": 0.272339,
        "nauc_map_at_100_std": 0.195837,
        "nauc_map_at_100_diff1": 0.184538,
        "nauc_map_at_1000_max": 0.274076,
        "nauc_map_at_1000_std": 0.200646,
        "nauc_map_at_1000_diff1": 0.18338,
        "nauc_recall_at_1_max": 0.210459,
        "nauc_recall_at_1_std": 0.091129,
        "nauc_recall_at_1_diff1": 0.222951,
        "nauc_recall_at_3_max": 0.253804,
        "nauc_recall_at_3_std": 0.146935,
        "nauc_recall_at_3_diff1": 0.18096,
        "nauc_recall_at_5_max": 0.243587,
        "nauc_recall_at_5_std": 0.164951,
        "nauc_recall_at_5_diff1": 0.167965,
        "nauc_recall_at_10_max": 0.255484,
        "nauc_recall_at_10_std": 0.222225,
        "nauc_recall_at_10_diff1": 0.12942,
        "nauc_recall_at_20_max": 0.260241,
        "nauc_recall_at_20_std": 0.267292,
        "nauc_recall_at_20_diff1": 0.10867,
        "nauc_recall_at_100_max": 0.266415,
        "nauc_recall_at_100_std": 0.36713,
        "nauc_recall_at_100_diff1": 0.076115,
        "nauc_recall_at_1000_max": 0.290881,
        "nauc_recall_at_1000_std": 0.41159,
        "nauc_recall_at_1000_diff1": 0.039124,
        "nauc_precision_at_1_max": 0.211543,
        "nauc_precision_at_1_std": 0.091074,
        "nauc_precision_at_1_diff1": 0.225443,
        "nauc_precision_at_3_max": 0.25608,
        "nauc_precision_at_3_std": 0.146921,
        "nauc_precision_at_3_diff1": 0.184081,
        "nauc_precision_at_5_max": 0.245802,
        "nauc_precision_at_5_std": 0.16529,
        "nauc_precision_at_5_diff1": 0.170402,
        "nauc_precision_at_10_max": 0.258763,
        "nauc_precision_at_10_std": 0.223766,
        "nauc_precision_at_10_diff1": 0.13242,
        "nauc_precision_at_20_max": 0.264397,
        "nauc_precision_at_20_std": 0.267641,
        "nauc_precision_at_20_diff1": 0.111698,
        "nauc_precision_at_100_max": 0.269082,
        "nauc_precision_at_100_std": 0.361918,
        "nauc_precision_at_100_diff1": 0.079371,
        "nauc_precision_at_1000_max": 0.292703,
        "nauc_precision_at_1000_std": 0.402633,
        "nauc_precision_at_1000_diff1": 0.043136,
        "nauc_mrr_at_1_max": 0.211543,
        "nauc_mrr_at_1_std": 0.091074,
        "nauc_mrr_at_1_diff1": 0.225443,
        "nauc_mrr_at_3_max": 0.235343,
        "nauc_mrr_at_3_std": 0.139288,
        "nauc_mrr_at_3_diff1": 0.19261,
        "nauc_mrr_at_5_max": 0.232214,
        "nauc_mrr_at_5_std": 0.149042,
        "nauc_mrr_at_5_diff1": 0.185954,
        "nauc_mrr_at_10_max": 0.23603,
        "nauc_mrr_at_10_std": 0.157591,
        "nauc_mrr_at_10_diff1": 0.182923,
        "nauc_mrr_at_20_max": 0.237649,
        "nauc_mrr_at_20_std": 0.161734,
        "nauc_mrr_at_20_diff1": 0.182541,
        "nauc_mrr_at_100_max": 0.238545,
        "nauc_mrr_at_100_std": 0.162243,
        "nauc_mrr_at_100_diff1": 0.18382,
        "nauc_mrr_at_1000_max": 0.238549,
        "nauc_mrr_at_1000_std": 0.162007,
        "nauc_mrr_at_1000_diff1": 0.184051,
        "main_score": 0.13567,
        "hf_subset": "default",
        "languages": [
          "eng-Latn"
        ]
      }
    ]
  },
  "evaluation_time": 106.26114463806152,
  "kg_co2_emissions": null
}