{
  "dataset_revision": "bb9466bac8153a0349341eb1b22e06409e78ef4e",
  "task_name": "TRECCOVID",
  "mteb_version": "1.39.7",
  "scores": {
    "test": [
      {
        "ndcg_at_1": 0.82,
        "ndcg_at_3": 0.77581,
        "ndcg_at_5": 0.73729,
        "ndcg_at_10": 0.66877,
        "ndcg_at_20": 0.62292,
        "ndcg_at_100": 0.48146,
        "ndcg_at_1000": 0.41447,
        "map_at_1": 0.00226,
        "map_at_3": 0.00615,
        "map_at_5": 0.0093,
        "map_at_10": 0.01511,
        "map_at_20": 0.02551,
        "map_at_100": 0.07685,
        "map_at_1000": 0.17697,
        "recall_at_1": 0.00226,
        "recall_at_3": 0.00637,
        "recall_at_5": 0.00992,
        "recall_at_10": 0.01706,
        "recall_at_20": 0.03097,
        "recall_at_100": 0.11065,
        "recall_at_1000": 0.38453,
        "precision_at_1": 0.86,
        "precision_at_3": 0.82667,
        "precision_at_5": 0.772,
        "precision_at_10": 0.692,
        "precision_at_20": 0.644,
        "precision_at_100": 0.488,
        "precision_at_1000": 0.18638,
        "mrr_at_1": 0.86,
        "mrr_at_3": 0.906667,
        "mrr_at_5": 0.911667,
        "mrr_at_10": 0.914524,
        "mrr_at_20": 0.914524,
        "mrr_at_100": 0.914524,
        "mrr_at_1000": 0.914524,
        "nauc_ndcg_at_1_max": 0.286186,
        "nauc_ndcg_at_1_std": 0.184662,
        "nauc_ndcg_at_1_diff1": 0.075581,
        "nauc_ndcg_at_3_max": 0.366314,
        "nauc_ndcg_at_3_std": 0.346936,
        "nauc_ndcg_at_3_diff1": -0.200357,
        "nauc_ndcg_at_5_max": 0.37125,
        "nauc_ndcg_at_5_std": 0.435487,
        "nauc_ndcg_at_5_diff1": -0.160775,
        "nauc_ndcg_at_10_max": 0.458856,
        "nauc_ndcg_at_10_std": 0.566406,
        "nauc_ndcg_at_10_diff1": -0.237952,
        "nauc_ndcg_at_20_max": 0.48177,
        "nauc_ndcg_at_20_std": 0.63252,
        "nauc_ndcg_at_20_diff1": -0.204944,
        "nauc_ndcg_at_100_max": 0.570546,
        "nauc_ndcg_at_100_std": 0.764169,
        "nauc_ndcg_at_100_diff1": -0.188213,
        "nauc_ndcg_at_1000_max": 0.662922,
        "nauc_ndcg_at_1000_std": 0.792481,
        "nauc_ndcg_at_1000_diff1": -0.200213,
        "nauc_map_at_1_max": 0.067102,
        "nauc_map_at_1_std": -0.162113,
        "nauc_map_at_1_diff1": 0.019213,
        "nauc_map_at_3_max": 0.122526,
        "nauc_map_at_3_std": -0.035193,
        "nauc_map_at_3_diff1": -0.161646,
        "nauc_map_at_5_max": 0.156802,
        "nauc_map_at_5_std": 0.01271,
        "nauc_map_at_5_diff1": -0.155699,
        "nauc_map_at_10_max": 0.226955,
        "nauc_map_at_10_std": 0.186476,
        "nauc_map_at_10_diff1": -0.266049,
        "nauc_map_at_20_max": 0.333308,
        "nauc_map_at_20_std": 0.358417,
        "nauc_map_at_20_diff1": -0.283633,
        "nauc_map_at_100_max": 0.629223,
        "nauc_map_at_100_std": 0.734013,
        "nauc_map_at_100_diff1": -0.260504,
        "nauc_map_at_1000_max": 0.687547,
        "nauc_map_at_1000_std": 0.828459,
        "nauc_map_at_1000_diff1": -0.186766,
        "nauc_recall_at_1_max": 0.067102,
        "nauc_recall_at_1_std": -0.162113,
        "nauc_recall_at_1_diff1": 0.019213,
        "nauc_recall_at_3_max": 0.11941,
        "nauc_recall_at_3_std": -0.055008,
        "nauc_recall_at_3_diff1": -0.154665,
        "nauc_recall_at_5_max": 0.160178,
        "nauc_recall_at_5_std": -0.023389,
        "nauc_recall_at_5_diff1": -0.114575,
        "nauc_recall_at_10_max": 0.214504,
        "nauc_recall_at_10_std": 0.11954,
        "nauc_recall_at_10_diff1": -0.236998,
        "nauc_recall_at_20_max": 0.267644,
        "nauc_recall_at_20_std": 0.238999,
        "nauc_recall_at_20_diff1": -0.254732,
        "nauc_recall_at_100_max": 0.52487,
        "nauc_recall_at_100_std": 0.557335,
        "nauc_recall_at_100_diff1": -0.25937,
        "nauc_recall_at_1000_max": 0.640928,
        "nauc_recall_at_1000_std": 0.714632,
        "nauc_recall_at_1000_diff1": -0.180871,
        "nauc_precision_at_1_max": 0.283151,
        "nauc_precision_at_1_std": 0.126923,
        "nauc_precision_at_1_diff1": 0.043162,
        "nauc_precision_at_3_max": 0.432985,
        "nauc_precision_at_3_std": 0.421623,
        "nauc_precision_at_3_diff1": -0.377505,
        "nauc_precision_at_5_max": 0.391227,
        "nauc_precision_at_5_std": 0.47638,
        "nauc_precision_at_5_diff1": -0.25728,
        "nauc_precision_at_10_max": 0.464746,
        "nauc_precision_at_10_std": 0.610694,
        "nauc_precision_at_10_diff1": -0.30759,
        "nauc_precision_at_20_max": 0.508622,
        "nauc_precision_at_20_std": 0.671205,
        "nauc_precision_at_20_diff1": -0.232836,
        "nauc_precision_at_100_max": 0.599744,
        "nauc_precision_at_100_std": 0.785687,
        "nauc_precision_at_100_diff1": -0.190651,
        "nauc_precision_at_1000_max": 0.451236,
        "nauc_precision_at_1000_std": 0.627758,
        "nauc_precision_at_1000_diff1": -0.10498,
        "nauc_mrr_at_1_max": 0.283151,
        "nauc_mrr_at_1_std": 0.126923,
        "nauc_mrr_at_1_diff1": 0.043162,
        "nauc_mrr_at_3_max": 0.418382,
        "nauc_mrr_at_3_std": 0.143715,
        "nauc_mrr_at_3_diff1": 0.04707,
        "nauc_mrr_at_5_max": 0.410462,
        "nauc_mrr_at_5_std": 0.184966,
        "nauc_mrr_at_5_diff1": 0.05981,
        "nauc_mrr_at_10_max": 0.390135,
        "nauc_mrr_at_10_std": 0.166441,
        "nauc_mrr_at_10_diff1": 0.057638,
        "nauc_mrr_at_20_max": 0.390135,
        "nauc_mrr_at_20_std": 0.166441,
        "nauc_mrr_at_20_diff1": 0.057638,
        "nauc_mrr_at_100_max": 0.390135,
        "nauc_mrr_at_100_std": 0.166441,
        "nauc_mrr_at_100_diff1": 0.057638,
        "nauc_mrr_at_1000_max": 0.390135,
        "nauc_mrr_at_1000_std": 0.166441,
        "nauc_mrr_at_1000_diff1": 0.057638,
        "main_score": 0.66877,
        "hf_subset": "default",
        "languages": [
          "eng-Latn"
        ]
      }
    ]
  },
  "evaluation_time": 199.00050687789917,
  "kg_co2_emissions": null
}