{
  "map_at_10": 0.05382,
  "mrr_at_10": 0.2734531908001296,
  "ndcg_at_10": 0.14129,
  "recall_at_10": 0.10523,
  "recall_at_100": 0.32537
}
