{
  "map_at_10": 0.01252,
  "mrr_at_10": 0.13256397797214126,
  "ndcg_at_10": 0.05646,
  "recall_at_10": 0.03521,
  "recall_at_100": 0.12418
}
