{
  "map_at_10": 0.00719,
  "mrr_at_10": 0.08469387755102041,
  "ndcg_at_10": 0.02985,
  "recall_at_10": 0.01768,
  "recall_at_100": 0.0828
}
