{
  "map_at_10": 0.00992,
  "mrr_at_10": 0.11401846452866864,
  "ndcg_at_10": 0.04622,
  "recall_at_10": 0.02829,
  "recall_at_100": 0.10574
}
