{
  "map_at_10": 0.02821,
  "mrr_at_10": 0.20238095238095233,
  "ndcg_at_10": 0.09128,
  "recall_at_10": 0.05351,
  "recall_at_100": 0.17138
}
