{
  "map_at_10": 0.00637,
  "mrr_at_10": 0.0891156462585034,
  "ndcg_at_10": 0.02848,
  "recall_at_10": 0.01481,
  "recall_at_100": 0.07013
}
