{
  "map_at_10": 0.02791,
  "mrr_at_10": 0.1858762552640104,
  "ndcg_at_10": 0.09251,
  "recall_at_10": 0.06504,
  "recall_at_100": 0.2184
}
