{
  "map_at_10": 0.00607,
  "mrr_at_10": 0.08061224489795919,
  "ndcg_at_10": 0.02699,
  "recall_at_10": 0.01481,
  "recall_at_100": 0.06483
}
