{
  "map_at_10": 0.01917,
  "mrr_at_10": 0.18248299319727887,
  "ndcg_at_10": 0.07461,
  "recall_at_10": 0.04251,
  "recall_at_100": 0.14638
}
