{
  "dataset_revision": "ec0fa4fe99da2ff19ca1214b7966684033a58814",
  "task_name": "NFCorpus",
  "mteb_version": "1.39.7",
  "scores": {
    "test": [
      {
        "ndcg_at_1": 0.01858,
        "ndcg_at_3": 0.01394,
        "ndcg_at_5": 0.01223,
        "ndcg_at_10": 0.01119,
        "ndcg_at_20": 0.0109,
        "ndcg_at_100": 0.01784,
        "ndcg_at_1000": 0.09047,
        "map_at_1": 0.00061,
        "map_at_3": 0.00083,
        "map_at_5": 0.00094,
        "map_at_10": 0.00103,
        "map_at_20": 0.00116,
        "map_at_100": 0.00176,
        "map_at_1000": 0.00503,
        "recall_at_1": 0.00061,
        "recall_at_3": 0.00113,
        "recall_at_5": 0.0016,
        "recall_at_10": 0.00236,
        "recall_at_20": 0.00425,
        "recall_at_100": 0.02353,
        "recall_at_1000": 0.26905,
        "precision_at_1": 0.02167,
        "precision_at_3": 0.01548,
        "precision_at_5": 0.013,
        "precision_at_10": 0.01146,
        "precision_at_20": 0.01037,
        "precision_at_100": 0.01105,
        "precision_at_1000": 0.01061,
        "mrr_at_1": 0.018576,
        "mrr_at_3": 0.026832,
        "mrr_at_5": 0.030547,
        "mrr_at_10": 0.036569,
        "mrr_at_20": 0.041121,
        "mrr_at_100": 0.046564,
        "mrr_at_1000": 0.04851,
        "nauc_ndcg_at_1_max": -0.109045,
        "nauc_ndcg_at_1_std": 0.031325,
        "nauc_ndcg_at_1_diff1": -0.113957,
        "nauc_ndcg_at_3_max": -0.103388,
        "nauc_ndcg_at_3_std": 0.087131,
        "nauc_ndcg_at_3_diff1": -0.004974,
        "nauc_ndcg_at_5_max": -0.103726,
        "nauc_ndcg_at_5_std": 0.123372,
        "nauc_ndcg_at_5_diff1": -0.003477,
        "nauc_ndcg_at_10_max": -0.04998,
        "nauc_ndcg_at_10_std": 0.066901,
        "nauc_ndcg_at_10_diff1": -0.024403,
        "nauc_ndcg_at_20_max": -0.07222,
        "nauc_ndcg_at_20_std": 0.082751,
        "nauc_ndcg_at_20_diff1": 0.001185,
        "nauc_ndcg_at_100_max": 0.018397,
        "nauc_ndcg_at_100_std": -0.029181,
        "nauc_ndcg_at_100_diff1": -0.021188,
        "nauc_ndcg_at_1000_max": 0.045786,
        "nauc_ndcg_at_1000_std": -0.011528,
        "nauc_ndcg_at_1000_diff1": 0.024768,
        "nauc_map_at_1_max": -0.125209,
        "nauc_map_at_1_std": 0.349453,
        "nauc_map_at_1_diff1": 0.314375,
        "nauc_map_at_3_max": -0.185695,
        "nauc_map_at_3_std": 0.402858,
        "nauc_map_at_3_diff1": 0.382611,
        "nauc_map_at_5_max": -0.174538,
        "nauc_map_at_5_std": 0.394206,
        "nauc_map_at_5_diff1": 0.352067,
        "nauc_map_at_10_max": -0.159813,
        "nauc_map_at_10_std": 0.364602,
        "nauc_map_at_10_diff1": 0.313817,
        "nauc_map_at_20_max": -0.155864,
        "nauc_map_at_20_std": 0.332601,
        "nauc_map_at_20_diff1": 0.280636,
        "nauc_map_at_100_max": -0.085848,
        "nauc_map_at_100_std": 0.191359,
        "nauc_map_at_100_diff1": 0.175835,
        "nauc_map_at_1000_max": 0.008087,
        "nauc_map_at_1000_std": 0.061086,
        "nauc_map_at_1000_diff1": 0.062515,
        "nauc_recall_at_1_max": -0.125209,
        "nauc_recall_at_1_std": 0.349453,
        "nauc_recall_at_1_diff1": 0.314375,
        "nauc_recall_at_3_max": -0.202033,
        "nauc_recall_at_3_std": 0.389288,
        "nauc_recall_at_3_diff1": 0.3847,
        "nauc_recall_at_5_max": -0.164196,
        "nauc_recall_at_5_std": 0.369792,
        "nauc_recall_at_5_diff1": 0.308372,
        "nauc_recall_at_10_max": -0.118612,
        "nauc_recall_at_10_std": 0.275315,
        "nauc_recall_at_10_diff1": 0.190859,
        "nauc_recall_at_20_max": -0.106758,
        "nauc_recall_at_20_std": 0.143656,
        "nauc_recall_at_20_diff1": 0.082459,
        "nauc_recall_at_100_max": 0.052468,
        "nauc_recall_at_100_std": -0.127889,
        "nauc_recall_at_100_diff1": -0.057543,
        "nauc_recall_at_1000_max": 0.047306,
        "nauc_recall_at_1000_std": -0.03839,
        "nauc_recall_at_1000_diff1": -0.011898,
        "nauc_precision_at_1_max": -0.05138,
        "nauc_precision_at_1_std": -0.036847,
        "nauc_precision_at_1_diff1": -0.126245,
        "nauc_precision_at_3_max": -0.052167,
        "nauc_precision_at_3_std": 0.030101,
        "nauc_precision_at_3_diff1": 0.005222,
        "nauc_precision_at_5_max": -0.050233,
        "nauc_precision_at_5_std": 0.101583,
        "nauc_precision_at_5_diff1": 0.010598,
        "nauc_precision_at_10_max": -0.014184,
        "nauc_precision_at_10_std": 0.059895,
        "nauc_precision_at_10_diff1": -0.01552,
        "nauc_precision_at_20_max": -0.057413,
        "nauc_precision_at_20_std": 0.058769,
        "nauc_precision_at_20_diff1": -0.026225,
        "nauc_precision_at_100_max": 0.070708,
        "nauc_precision_at_100_std": -0.103705,
        "nauc_precision_at_100_diff1": -0.092091,
        "nauc_precision_at_1000_max": 0.079799,
        "nauc_precision_at_1000_std": -0.047979,
        "nauc_precision_at_1000_diff1": -0.021002,
        "nauc_mrr_at_1_max": -0.169822,
        "nauc_mrr_at_1_std": 0.026078,
        "nauc_mrr_at_1_diff1": -0.064132,
        "nauc_mrr_at_3_max": -0.150959,
        "nauc_mrr_at_3_std": 0.098754,
        "nauc_mrr_at_3_diff1": 0.026028,
        "nauc_mrr_at_5_max": -0.111784,
        "nauc_mrr_at_5_std": 0.109308,
        "nauc_mrr_at_5_diff1": 0.013868,
        "nauc_mrr_at_10_max": -0.091879,
        "nauc_mrr_at_10_std": 0.105378,
        "nauc_mrr_at_10_diff1": 0.012082,
        "nauc_mrr_at_20_max": -0.082396,
        "nauc_mrr_at_20_std": 0.094238,
        "nauc_mrr_at_20_diff1": 0.003231,
        "nauc_mrr_at_100_max": -0.078828,
        "nauc_mrr_at_100_std": 0.084573,
        "nauc_mrr_at_100_diff1": 0.009184,
        "nauc_mrr_at_1000_max": -0.079033,
        "nauc_mrr_at_1000_std": 0.085043,
        "nauc_mrr_at_1000_diff1": 0.009483,
        "main_score": 0.01119,
        "hf_subset": "default",
        "languages": [
          "eng-Latn"
        ]
      }
    ]
  },
  "evaluation_time": 50.6393826007843,
  "kg_co2_emissions": null
}