{
  "dataset_revision": "27a168819829fe9bcd655c2df245fb19452e8e06",
  "task_name": "FiQA2018",
  "mteb_version": "1.39.7",
  "scores": {
    "test": [
      {
        "ndcg_at_1": 0.01698,
        "ndcg_at_3": 0.01896,
        "ndcg_at_5": 0.01989,
        "ndcg_at_10": 0.02407,
        "ndcg_at_20": 0.0275,
        "ndcg_at_100": 0.03942,
        "ndcg_at_1000": 0.06344,
        "map_at_1": 0.00999,
        "map_at_3": 0.01351,
        "map_at_5": 0.01454,
        "map_at_10": 0.01607,
        "map_at_20": 0.0169,
        "map_at_100": 0.0184,
        "map_at_1000": 0.01913,
        "recall_at_1": 0.00999,
        "recall_at_3": 0.01802,
        "recall_at_5": 0.02233,
        "recall_at_10": 0.0334,
        "recall_at_20": 0.04347,
        "recall_at_100": 0.09353,
        "recall_at_1000": 0.25152,
        "precision_at_1": 0.01698,
        "precision_at_3": 0.01235,
        "precision_at_5": 0.00957,
        "precision_at_10": 0.00772,
        "precision_at_20": 0.00532,
        "precision_at_100": 0.00238,
        "precision_at_1000": 0.00064,
        "mrr_at_1": 0.016975,
        "mrr_at_3": 0.025206,
        "mrr_at_5": 0.027289,
        "mrr_at_10": 0.031221,
        "mrr_at_20": 0.032796,
        "mrr_at_100": 0.035182,
        "mrr_at_1000": 0.035966,
        "nauc_ndcg_at_1_max": 0.066674,
        "nauc_ndcg_at_1_std": 0.020181,
        "nauc_ndcg_at_1_diff1": 0.056702,
        "nauc_ndcg_at_3_max": 0.072142,
        "nauc_ndcg_at_3_std": 0.234088,
        "nauc_ndcg_at_3_diff1": 0.189118,
        "nauc_ndcg_at_5_max": 0.042221,
        "nauc_ndcg_at_5_std": 0.2596,
        "nauc_ndcg_at_5_diff1": 0.195094,
        "nauc_ndcg_at_10_max": 0.03198,
        "nauc_ndcg_at_10_std": 0.276541,
        "nauc_ndcg_at_10_diff1": 0.177822,
        "nauc_ndcg_at_20_max": 0.066164,
        "nauc_ndcg_at_20_std": 0.271625,
        "nauc_ndcg_at_20_diff1": 0.163307,
        "nauc_ndcg_at_100_max": 0.045252,
        "nauc_ndcg_at_100_std": 0.23628,
        "nauc_ndcg_at_100_diff1": 0.089307,
        "nauc_ndcg_at_1000_max": 0.063655,
        "nauc_ndcg_at_1000_std": 0.187758,
        "nauc_ndcg_at_1000_diff1": 0.072355,
        "nauc_map_at_1_max": 0.038518,
        "nauc_map_at_1_std": 0.14887,
        "nauc_map_at_1_diff1": 0.115455,
        "nauc_map_at_3_max": 0.047686,
        "nauc_map_at_3_std": 0.274978,
        "nauc_map_at_3_diff1": 0.214351,
        "nauc_map_at_5_max": 0.034716,
        "nauc_map_at_5_std": 0.269733,
        "nauc_map_at_5_diff1": 0.212162,
        "nauc_map_at_10_max": 0.029636,
        "nauc_map_at_10_std": 0.276703,
        "nauc_map_at_10_diff1": 0.202782,
        "nauc_map_at_20_max": 0.043061,
        "nauc_map_at_20_std": 0.275416,
        "nauc_map_at_20_diff1": 0.196601,
        "nauc_map_at_100_max": 0.039288,
        "nauc_map_at_100_std": 0.270062,
        "nauc_map_at_100_diff1": 0.171789,
        "nauc_map_at_1000_max": 0.042312,
        "nauc_map_at_1000_std": 0.265666,
        "nauc_map_at_1000_diff1": 0.168374,
        "nauc_recall_at_1_max": 0.038518,
        "nauc_recall_at_1_std": 0.14887,
        "nauc_recall_at_1_diff1": 0.115455,
        "nauc_recall_at_3_max": 0.043645,
        "nauc_recall_at_3_std": 0.346925,
        "nauc_recall_at_3_diff1": 0.240007,
        "nauc_recall_at_5_max": 0.007198,
        "nauc_recall_at_5_std": 0.321824,
        "nauc_recall_at_5_diff1": 0.222144,
        "nauc_recall_at_10_max": 0.006001,
        "nauc_recall_at_10_std": 0.332088,
        "nauc_recall_at_10_diff1": 0.177934,
        "nauc_recall_at_20_max": 0.085628,
        "nauc_recall_at_20_std": 0.303602,
        "nauc_recall_at_20_diff1": 0.144092,
        "nauc_recall_at_100_max": 0.01287,
        "nauc_recall_at_100_std": 0.212589,
        "nauc_recall_at_100_diff1": 0.010282,
        "nauc_recall_at_1000_max": 0.030152,
        "nauc_recall_at_1000_std": 0.118796,
        "nauc_recall_at_1000_diff1": 0.004777,
        "nauc_precision_at_1_max": 0.066674,
        "nauc_precision_at_1_std": 0.020181,
        "nauc_precision_at_1_diff1": 0.056702,
        "nauc_precision_at_3_max": 0.105044,
        "nauc_precision_at_3_std": 0.230445,
        "nauc_precision_at_3_diff1": 0.164967,
        "nauc_precision_at_5_max": 0.050163,
        "nauc_precision_at_5_std": 0.258138,
        "nauc_precision_at_5_diff1": 0.183037,
        "nauc_precision_at_10_max": 0.046134,
        "nauc_precision_at_10_std": 0.262483,
        "nauc_precision_at_10_diff1": 0.121189,
        "nauc_precision_at_20_max": 0.103998,
        "nauc_precision_at_20_std": 0.264088,
        "nauc_precision_at_20_diff1": 0.110671,
        "nauc_precision_at_100_max": 0.107592,
        "nauc_precision_at_100_std": 0.185539,
        "nauc_precision_at_100_diff1": 0.022296,
        "nauc_precision_at_1000_max": 0.141396,
        "nauc_precision_at_1000_std": 0.094648,
        "nauc_precision_at_1000_diff1": 0.014373,
        "nauc_mrr_at_1_max": 0.066674,
        "nauc_mrr_at_1_std": 0.020181,
        "nauc_mrr_at_1_diff1": 0.056702,
        "nauc_mrr_at_3_max": 0.095843,
        "nauc_mrr_at_3_std": 0.159589,
        "nauc_mrr_at_3_diff1": 0.157149,
        "nauc_mrr_at_5_max": 0.075502,
        "nauc_mrr_at_5_std": 0.178361,
        "nauc_mrr_at_5_diff1": 0.154262,
        "nauc_mrr_at_10_max": 0.069437,
        "nauc_mrr_at_10_std": 0.187734,
        "nauc_mrr_at_10_diff1": 0.138313,
        "nauc_mrr_at_20_max": 0.080697,
        "nauc_mrr_at_20_std": 0.187081,
        "nauc_mrr_at_20_diff1": 0.134347,
        "nauc_mrr_at_100_max": 0.074906,
        "nauc_mrr_at_100_std": 0.182011,
        "nauc_mrr_at_100_diff1": 0.121245,
        "nauc_mrr_at_1000_max": 0.075684,
        "nauc_mrr_at_1000_std": 0.17938,
        "nauc_mrr_at_1000_diff1": 0.120785,
        "main_score": 0.02407,
        "hf_subset": "default",
        "languages": [
          "eng-Latn"
        ]
      }
    ]
  },
  "evaluation_time": 467.8302595615387,
  "kg_co2_emissions": null
}