{
  "dataset_revision": "bb9466bac8153a0349341eb1b22e06409e78ef4e",
  "task_name": "TRECCOVID",
  "mteb_version": "1.39.7",
  "scores": {
    "test": [
      {
        "ndcg_at_1": 0.69,
        "ndcg_at_3": 0.71827,
        "ndcg_at_5": 0.70241,
        "ndcg_at_10": 0.66504,
        "ndcg_at_20": 0.62549,
        "ndcg_at_100": 0.4845,
        "ndcg_at_1000": 0.4132,
        "map_at_1": 0.00196,
        "map_at_3": 0.00548,
        "map_at_5": 0.00853,
        "map_at_10": 0.01477,
        "map_at_20": 0.02562,
        "map_at_100": 0.07758,
        "map_at_1000": 0.17712,
        "recall_at_1": 0.00196,
        "recall_at_3": 0.00593,
        "recall_at_5": 0.00964,
        "recall_at_10": 0.01757,
        "recall_at_20": 0.0317,
        "recall_at_100": 0.11138,
        "recall_at_1000": 0.38303,
        "precision_at_1": 0.76,
        "precision_at_3": 0.78,
        "precision_at_5": 0.768,
        "precision_at_10": 0.71,
        "precision_at_20": 0.661,
        "precision_at_100": 0.494,
        "precision_at_1000": 0.18638,
        "mrr_at_1": 0.76,
        "mrr_at_3": 0.846667,
        "mrr_at_5": 0.860667,
        "mrr_at_10": 0.860667,
        "mrr_at_20": 0.860667,
        "mrr_at_100": 0.860667,
        "mrr_at_1000": 0.860667,
        "nauc_ndcg_at_1_max": 0.247478,
        "nauc_ndcg_at_1_std": 0.23002,
        "nauc_ndcg_at_1_diff1": 0.276642,
        "nauc_ndcg_at_3_max": 0.387181,
        "nauc_ndcg_at_3_std": 0.436807,
        "nauc_ndcg_at_3_diff1": 0.058567,
        "nauc_ndcg_at_5_max": 0.378277,
        "nauc_ndcg_at_5_std": 0.498884,
        "nauc_ndcg_at_5_diff1": 0.057331,
        "nauc_ndcg_at_10_max": 0.401848,
        "nauc_ndcg_at_10_std": 0.590804,
        "nauc_ndcg_at_10_diff1": -0.003187,
        "nauc_ndcg_at_20_max": 0.40141,
        "nauc_ndcg_at_20_std": 0.632822,
        "nauc_ndcg_at_20_diff1": -0.033207,
        "nauc_ndcg_at_100_max": 0.510288,
        "nauc_ndcg_at_100_std": 0.795729,
        "nauc_ndcg_at_100_diff1": -0.103496,
        "nauc_ndcg_at_1000_max": 0.593372,
        "nauc_ndcg_at_1000_std": 0.829574,
        "nauc_ndcg_at_1000_diff1": -0.170513,
        "nauc_map_at_1_max": 0.096166,
        "nauc_map_at_1_std": -0.080765,
        "nauc_map_at_1_diff1": 0.17186,
        "nauc_map_at_3_max": 0.133471,
        "nauc_map_at_3_std": 0.03119,
        "nauc_map_at_3_diff1": -0.02499,
        "nauc_map_at_5_max": 0.06433,
        "nauc_map_at_5_std": 0.079414,
        "nauc_map_at_5_diff1": -0.038635,
        "nauc_map_at_10_max": 0.138874,
        "nauc_map_at_10_std": 0.221181,
        "nauc_map_at_10_diff1": -0.106879,
        "nauc_map_at_20_max": 0.218823,
        "nauc_map_at_20_std": 0.349738,
        "nauc_map_at_20_diff1": -0.127746,
        "nauc_map_at_100_max": 0.528343,
        "nauc_map_at_100_std": 0.7687,
        "nauc_map_at_100_diff1": -0.118429,
        "nauc_map_at_1000_max": 0.60559,
        "nauc_map_at_1000_std": 0.871893,
        "nauc_map_at_1000_diff1": -0.143324,
        "nauc_recall_at_1_max": 0.096166,
        "nauc_recall_at_1_std": -0.080765,
        "nauc_recall_at_1_diff1": 0.17186,
        "nauc_recall_at_3_max": 0.107379,
        "nauc_recall_at_3_std": -0.004949,
        "nauc_recall_at_3_diff1": -0.025986,
        "nauc_recall_at_5_max": -0.005144,
        "nauc_recall_at_5_std": -0.010631,
        "nauc_recall_at_5_diff1": -0.045775,
        "nauc_recall_at_10_max": 0.073629,
        "nauc_recall_at_10_std": 0.104397,
        "nauc_recall_at_10_diff1": -0.121803,
        "nauc_recall_at_20_max": 0.159075,
        "nauc_recall_at_20_std": 0.217592,
        "nauc_recall_at_20_diff1": -0.124432,
        "nauc_recall_at_100_max": 0.46936,
        "nauc_recall_at_100_std": 0.615308,
        "nauc_recall_at_100_diff1": -0.139624,
        "nauc_recall_at_1000_max": 0.574409,
        "nauc_recall_at_1000_std": 0.739551,
        "nauc_recall_at_1000_diff1": -0.177797,
        "nauc_precision_at_1_max": 0.250454,
        "nauc_precision_at_1_std": 0.258198,
        "nauc_precision_at_1_diff1": 0.340876,
        "nauc_precision_at_3_max": 0.44901,
        "nauc_precision_at_3_std": 0.51742,
        "nauc_precision_at_3_diff1": 0.06653,
        "nauc_precision_at_5_max": 0.29728,
        "nauc_precision_at_5_std": 0.507668,
        "nauc_precision_at_5_diff1": 0.054686,
        "nauc_precision_at_10_max": 0.425009,
        "nauc_precision_at_10_std": 0.67291,
        "nauc_precision_at_10_diff1": -0.044257,
        "nauc_precision_at_20_max": 0.411436,
        "nauc_precision_at_20_std": 0.671597,
        "nauc_precision_at_20_diff1": -0.064325,
        "nauc_precision_at_100_max": 0.541562,
        "nauc_precision_at_100_std": 0.826119,
        "nauc_precision_at_100_diff1": -0.088886,
        "nauc_precision_at_1000_max": 0.429163,
        "nauc_precision_at_1000_std": 0.662572,
        "nauc_precision_at_1000_diff1": -0.096706,
        "nauc_mrr_at_1_max": 0.250454,
        "nauc_mrr_at_1_std": 0.258198,
        "nauc_mrr_at_1_diff1": 0.340876,
        "nauc_mrr_at_3_max": 0.372645,
        "nauc_mrr_at_3_std": 0.37151,
        "nauc_mrr_at_3_diff1": 0.331615,
        "nauc_mrr_at_5_max": 0.33398,
        "nauc_mrr_at_5_std": 0.330794,
        "nauc_mrr_at_5_diff1": 0.336815,
        "nauc_mrr_at_10_max": 0.33398,
        "nauc_mrr_at_10_std": 0.330794,
        "nauc_mrr_at_10_diff1": 0.336815,
        "nauc_mrr_at_20_max": 0.33398,
        "nauc_mrr_at_20_std": 0.330794,
        "nauc_mrr_at_20_diff1": 0.336815,
        "nauc_mrr_at_100_max": 0.33398,
        "nauc_mrr_at_100_std": 0.330794,
        "nauc_mrr_at_100_diff1": 0.336815,
        "nauc_mrr_at_1000_max": 0.33398,
        "nauc_mrr_at_1000_std": 0.330794,
        "nauc_mrr_at_1000_diff1": 0.336815,
        "main_score": 0.66504,
        "hf_subset": "default",
        "languages": [
          "eng-Latn"
        ]
      }
    ]
  },
  "evaluation_time": 893.1652841567993,
  "kg_co2_emissions": null
}