{
  "dataset_revision": "c22ab2a51041ffd869aaddef7af8d8215647e41a",
  "task_name": "ArguAna",
  "mteb_version": "1.39.7",
  "scores": {
    "test": [
      {
        "ndcg_at_1": 0.01422,
        "ndcg_at_3": 0.03248,
        "ndcg_at_5": 0.03955,
        "ndcg_at_10": 0.05082,
        "ndcg_at_20": 0.0605,
        "ndcg_at_100": 0.08773,
        "ndcg_at_1000": 0.12652,
        "map_at_1": 0.01422,
        "map_at_3": 0.02798,
        "map_at_5": 0.03192,
        "map_at_10": 0.03657,
        "map_at_20": 0.03921,
        "map_at_100": 0.04265,
        "map_at_1000": 0.04381,
        "recall_at_1": 0.01422,
        "recall_at_3": 0.04552,
        "recall_at_5": 0.06259,
        "recall_at_10": 0.09744,
        "recall_at_20": 0.13585,
        "recall_at_100": 0.28734,
        "recall_at_1000": 0.61024,
        "precision_at_1": 0.01422,
        "precision_at_3": 0.01517,
        "precision_at_5": 0.01252,
        "precision_at_10": 0.00974,
        "precision_at_20": 0.00679,
        "precision_at_100": 0.00287,
        "precision_at_1000": 0.00061,
        "mrr_at_1": 0.015647,
        "mrr_at_3": 0.02845,
        "mrr_at_5": 0.032397,
        "mrr_at_10": 0.037049,
        "mrr_at_20": 0.039687,
        "mrr_at_100": 0.043125,
        "mrr_at_1000": 0.044287,
        "nauc_ndcg_at_1_max": 0.290673,
        "nauc_ndcg_at_1_std": -0.080039,
        "nauc_ndcg_at_1_diff1": -0.094427,
        "nauc_ndcg_at_3_max": 0.374451,
        "nauc_ndcg_at_3_std": 0.014249,
        "nauc_ndcg_at_3_diff1": -0.0457,
        "nauc_ndcg_at_5_max": 0.32924,
        "nauc_ndcg_at_5_std": 0.041684,
        "nauc_ndcg_at_5_diff1": -0.019852,
        "nauc_ndcg_at_10_max": 0.35272,
        "nauc_ndcg_at_10_std": 0.108622,
        "nauc_ndcg_at_10_diff1": -0.014603,
        "nauc_ndcg_at_20_max": 0.321104,
        "nauc_ndcg_at_20_std": 0.128361,
        "nauc_ndcg_at_20_diff1": -0.005094,
        "nauc_ndcg_at_100_max": 0.283616,
        "nauc_ndcg_at_100_std": 0.14613,
        "nauc_ndcg_at_100_diff1": 0.016026,
        "nauc_ndcg_at_1000_max": 0.281409,
        "nauc_ndcg_at_1000_std": 0.147908,
        "nauc_ndcg_at_1000_diff1": 0.024385,
        "nauc_map_at_1_max": 0.290673,
        "nauc_map_at_1_std": -0.080039,
        "nauc_map_at_1_diff1": -0.094427,
        "nauc_map_at_3_max": 0.366137,
        "nauc_map_at_3_std": 0.006186,
        "nauc_map_at_3_diff1": -0.051642,
        "nauc_map_at_5_max": 0.335926,
        "nauc_map_at_5_std": 0.025725,
        "nauc_map_at_5_diff1": -0.032065,
        "nauc_map_at_10_max": 0.348441,
        "nauc_map_at_10_std": 0.066198,
        "nauc_map_at_10_diff1": -0.026057,
        "nauc_map_at_20_max": 0.335198,
        "nauc_map_at_20_std": 0.07576,
        "nauc_map_at_20_diff1": -0.02195,
        "nauc_map_at_100_max": 0.323524,
        "nauc_map_at_100_std": 0.08124,
        "nauc_map_at_100_diff1": -0.016972,
        "nauc_map_at_1000_max": 0.323034,
        "nauc_map_at_1000_std": 0.081669,
        "nauc_map_at_1000_diff1": -0.01535,
        "nauc_recall_at_1_max": 0.290673,
        "nauc_recall_at_1_std": -0.080039,
        "nauc_recall_at_1_diff1": -0.094427,
        "nauc_recall_at_3_max": 0.388699,
        "nauc_recall_at_3_std": 0.027663,
        "nauc_recall_at_3_diff1": -0.03517,
        "nauc_recall_at_5_max": 0.31578,
        "nauc_recall_at_5_std": 0.066769,
        "nauc_recall_at_5_diff1": -0.000648,
        "nauc_recall_at_10_max": 0.358738,
        "nauc_recall_at_10_std": 0.165773,
        "nauc_recall_at_10_diff1": -0.002095,
        "nauc_recall_at_20_max": 0.300431,
        "nauc_recall_at_20_std": 0.191009,
        "nauc_recall_at_20_diff1": 0.013546,
        "nauc_recall_at_100_max": 0.240805,
        "nauc_recall_at_100_std": 0.207208,
        "nauc_recall_at_100_diff1": 0.051111,
        "nauc_recall_at_1000_max": 0.233412,
        "nauc_recall_at_1000_std": 0.216095,
        "nauc_recall_at_1000_diff1": 0.066314,
        "nauc_precision_at_1_max": 0.290673,
        "nauc_precision_at_1_std": -0.080039,
        "nauc_precision_at_1_diff1": -0.094427,
        "nauc_precision_at_3_max": 0.388699,
        "nauc_precision_at_3_std": 0.027663,
        "nauc_precision_at_3_diff1": -0.03517,
        "nauc_precision_at_5_max": 0.31578,
        "nauc_precision_at_5_std": 0.066769,
        "nauc_precision_at_5_diff1": -0.000648,
        "nauc_precision_at_10_max": 0.358738,
        "nauc_precision_at_10_std": 0.165773,
        "nauc_precision_at_10_diff1": -0.002095,
        "nauc_precision_at_20_max": 0.300431,
        "nauc_precision_at_20_std": 0.191009,
        "nauc_precision_at_20_diff1": 0.013546,
        "nauc_precision_at_100_max": 0.240805,
        "nauc_precision_at_100_std": 0.207208,
        "nauc_precision_at_100_diff1": 0.051111,
        "nauc_precision_at_1000_max": 0.233412,
        "nauc_precision_at_1000_std": 0.216095,
        "nauc_precision_at_1000_diff1": 0.066314,
        "nauc_mrr_at_1_max": 0.309099,
        "nauc_mrr_at_1_std": -0.082765,
        "nauc_mrr_at_1_diff1": -0.138129,
        "nauc_mrr_at_3_max": 0.365441,
        "nauc_mrr_at_3_std": 0.004249,
        "nauc_mrr_at_3_diff1": -0.067998,
        "nauc_mrr_at_5_max": 0.335757,
        "nauc_mrr_at_5_std": 0.023739,
        "nauc_mrr_at_5_diff1": -0.046716,
        "nauc_mrr_at_10_max": 0.348133,
        "nauc_mrr_at_10_std": 0.063943,
        "nauc_mrr_at_10_diff1": -0.038944,
        "nauc_mrr_at_20_max": 0.335066,
        "nauc_mrr_at_20_std": 0.073494,
        "nauc_mrr_at_20_diff1": -0.034279,
        "nauc_mrr_at_100_max": 0.323529,
        "nauc_mrr_at_100_std": 0.079012,
        "nauc_mrr_at_100_diff1": -0.028813,
        "nauc_mrr_at_1000_max": 0.323045,
        "nauc_mrr_at_1000_std": 0.079439,
        "nauc_mrr_at_1000_diff1": -0.027198,
        "main_score": 0.05082,
        "hf_subset": "default",
        "languages": [
          "eng-Latn"
        ]
      }
    ]
  },
  "evaluation_time": 166.00746178627014,
  "kg_co2_emissions": null
}