{
  "dataset_revision": "ec0fa4fe99da2ff19ca1214b7966684033a58814",
  "task_name": "NFCorpus",
  "mteb_version": "1.39.7",
  "scores": {
    "test": [
      {
        "ndcg_at_1": 0.33127,
        "ndcg_at_3": 0.2888,
        "ndcg_at_5": 0.26304,
        "ndcg_at_10": 0.23035,
        "ndcg_at_20": 0.21183,
        "ndcg_at_100": 0.20642,
        "ndcg_at_1000": 0.29666,
        "map_at_1": 0.03491,
        "map_at_3": 0.05755,
        "map_at_5": 0.06566,
        "map_at_10": 0.07516,
        "map_at_20": 0.08238,
        "map_at_100": 0.0917,
        "map_at_1000": 0.10121,
        "recall_at_1": 0.03491,
        "recall_at_3": 0.06803,
        "recall_at_5": 0.08019,
        "recall_at_10": 0.10498,
        "recall_at_20": 0.13402,
        "recall_at_100": 0.20987,
        "recall_at_1000": 0.52667,
        "precision_at_1": 0.34365,
        "precision_at_3": 0.26935,
        "precision_at_5": 0.22415,
        "precision_at_10": 0.1644,
        "precision_at_20": 0.12028,
        "precision_at_100": 0.05,
        "precision_at_1000": 0.01685,
        "mrr_at_1": 0.343653,
        "mrr_at_3": 0.408153,
        "mrr_at_5": 0.417286,
        "mrr_at_10": 0.42566,
        "mrr_at_20": 0.429804,
        "mrr_at_100": 0.432736,
        "mrr_at_1000": 0.433575,
        "nauc_ndcg_at_1_max": 0.386709,
        "nauc_ndcg_at_1_std": 0.226117,
        "nauc_ndcg_at_1_diff1": 0.344477,
        "nauc_ndcg_at_3_max": 0.355045,
        "nauc_ndcg_at_3_std": 0.245352,
        "nauc_ndcg_at_3_diff1": 0.22332,
        "nauc_ndcg_at_5_max": 0.359615,
        "nauc_ndcg_at_5_std": 0.248094,
        "nauc_ndcg_at_5_diff1": 0.209239,
        "nauc_ndcg_at_10_max": 0.372974,
        "nauc_ndcg_at_10_std": 0.234755,
        "nauc_ndcg_at_10_diff1": 0.194444,
        "nauc_ndcg_at_20_max": 0.394043,
        "nauc_ndcg_at_20_std": 0.241632,
        "nauc_ndcg_at_20_diff1": 0.199314,
        "nauc_ndcg_at_100_max": 0.444994,
        "nauc_ndcg_at_100_std": 0.272013,
        "nauc_ndcg_at_100_diff1": 0.217777,
        "nauc_ndcg_at_1000_max": 0.526015,
        "nauc_ndcg_at_1000_std": 0.356938,
        "nauc_ndcg_at_1000_diff1": 0.230257,
        "nauc_map_at_1_max": 0.354752,
        "nauc_map_at_1_std": -0.002027,
        "nauc_map_at_1_diff1": 0.506447,
        "nauc_map_at_3_max": 0.354228,
        "nauc_map_at_3_std": 0.031094,
        "nauc_map_at_3_diff1": 0.406826,
        "nauc_map_at_5_max": 0.370571,
        "nauc_map_at_5_std": 0.068545,
        "nauc_map_at_5_diff1": 0.368447,
        "nauc_map_at_10_max": 0.376875,
        "nauc_map_at_10_std": 0.093175,
        "nauc_map_at_10_diff1": 0.310162,
        "nauc_map_at_20_max": 0.386891,
        "nauc_map_at_20_std": 0.12168,
        "nauc_map_at_20_diff1": 0.293029,
        "nauc_map_at_100_max": 0.396908,
        "nauc_map_at_100_std": 0.162235,
        "nauc_map_at_100_diff1": 0.27374,
        "nauc_map_at_1000_max": 0.402605,
        "nauc_map_at_1000_std": 0.189142,
        "nauc_map_at_1000_diff1": 0.259775,
        "nauc_recall_at_1_max": 0.354752,
        "nauc_recall_at_1_std": -0.002027,
        "nauc_recall_at_1_diff1": 0.506447,
        "nauc_recall_at_3_max": 0.305427,
        "nauc_recall_at_3_std": 0.012431,
        "nauc_recall_at_3_diff1": 0.330439,
        "nauc_recall_at_5_max": 0.324493,
        "nauc_recall_at_5_std": 0.050456,
        "nauc_recall_at_5_diff1": 0.299002,
        "nauc_recall_at_10_max": 0.309509,
        "nauc_recall_at_10_std": 0.059164,
        "nauc_recall_at_10_diff1": 0.199007,
        "nauc_recall_at_20_max": 0.316992,
        "nauc_recall_at_20_std": 0.094338,
        "nauc_recall_at_20_diff1": 0.170663,
        "nauc_recall_at_100_max": 0.329043,
        "nauc_recall_at_100_std": 0.187062,
        "nauc_recall_at_100_diff1": 0.102737,
        "nauc_recall_at_1000_max": 0.311629,
        "nauc_recall_at_1000_std": 0.242945,
        "nauc_recall_at_1000_diff1": 0.08932,
        "nauc_precision_at_1_max": 0.396571,
        "nauc_precision_at_1_std": 0.236978,
        "nauc_precision_at_1_diff1": 0.338119,
        "nauc_precision_at_3_max": 0.337306,
        "nauc_precision_at_3_std": 0.277522,
        "nauc_precision_at_3_diff1": 0.137153,
        "nauc_precision_at_5_max": 0.328944,
        "nauc_precision_at_5_std": 0.299718,
        "nauc_precision_at_5_diff1": 0.091663,
        "nauc_precision_at_10_max": 0.311729,
        "nauc_precision_at_10_std": 0.31381,
        "nauc_precision_at_10_diff1": 0.018837,
        "nauc_precision_at_20_max": 0.28543,
        "nauc_precision_at_20_std": 0.350379,
        "nauc_precision_at_20_diff1": -0.019591,
        "nauc_precision_at_100_max": 0.180048,
        "nauc_precision_at_100_std": 0.333463,
        "nauc_precision_at_100_diff1": -0.075175,
        "nauc_precision_at_1000_max": 0.03946,
        "nauc_precision_at_1000_std": 0.223041,
        "nauc_precision_at_1000_diff1": -0.104124,
        "nauc_mrr_at_1_max": 0.396571,
        "nauc_mrr_at_1_std": 0.236978,
        "nauc_mrr_at_1_diff1": 0.338119,
        "nauc_mrr_at_3_max": 0.425685,
        "nauc_mrr_at_3_std": 0.274803,
        "nauc_mrr_at_3_diff1": 0.308393,
        "nauc_mrr_at_5_max": 0.424922,
        "nauc_mrr_at_5_std": 0.27629,
        "nauc_mrr_at_5_diff1": 0.30748,
        "nauc_mrr_at_10_max": 0.431475,
        "nauc_mrr_at_10_std": 0.279481,
        "nauc_mrr_at_10_diff1": 0.304552,
        "nauc_mrr_at_20_max": 0.437544,
        "nauc_mrr_at_20_std": 0.285192,
        "nauc_mrr_at_20_diff1": 0.303991,
        "nauc_mrr_at_100_max": 0.437731,
        "nauc_mrr_at_100_std": 0.284874,
        "nauc_mrr_at_100_diff1": 0.30421,
        "nauc_mrr_at_1000_max": 0.437334,
        "nauc_mrr_at_1000_std": 0.284687,
        "nauc_mrr_at_1000_diff1": 0.304495,
        "main_score": 0.23035,
        "hf_subset": "default",
        "languages": [
          "eng-Latn"
        ]
      }
    ]
  },
  "evaluation_time": 2.961888313293457,
  "kg_co2_emissions": null
}