{
  "dataset_revision": "0228b52cf27578f30900b9e5271d331663a030d7",
  "task_name": "SciFact",
  "mteb_version": "1.39.7",
  "scores": {
    "test": [
      {
        "ndcg_at_1": 0.40667,
        "ndcg_at_3": 0.47769,
        "ndcg_at_5": 0.50848,
        "ndcg_at_10": 0.53259,
        "ndcg_at_20": 0.54837,
        "ndcg_at_100": 0.57072,
        "ndcg_at_1000": 0.5867,
        "map_at_1": 0.384,
        "map_at_3": 0.45131,
        "map_at_5": 0.46986,
        "map_at_10": 0.48064,
        "map_at_20": 0.48578,
        "map_at_100": 0.48906,
        "map_at_1000": 0.48965,
        "recall_at_1": 0.384,
        "recall_at_3": 0.528,
        "recall_at_5": 0.60461,
        "recall_at_10": 0.67389,
        "recall_at_20": 0.73272,
        "recall_at_100": 0.85189,
        "recall_at_1000": 0.97667,
        "precision_at_1": 0.40667,
        "precision_at_3": 0.19222,
        "precision_at_5": 0.13333,
        "precision_at_10": 0.075,
        "precision_at_20": 0.0415,
        "precision_at_100": 0.00963,
        "precision_at_1000": 0.00111,
        "mrr_at_1": 0.406667,
        "mrr_at_3": 0.471667,
        "mrr_at_5": 0.488333,
        "mrr_at_10": 0.498898,
        "mrr_at_20": 0.502277,
        "mrr_at_100": 0.504793,
        "mrr_at_1000": 0.505329,
        "nauc_ndcg_at_1_max": 0.457409,
        "nauc_ndcg_at_1_std": 0.032759,
        "nauc_ndcg_at_1_diff1": 0.733917,
        "nauc_ndcg_at_3_max": 0.488461,
        "nauc_ndcg_at_3_std": 0.054558,
        "nauc_ndcg_at_3_diff1": 0.644498,
        "nauc_ndcg_at_5_max": 0.503024,
        "nauc_ndcg_at_5_std": 0.077815,
        "nauc_ndcg_at_5_diff1": 0.639302,
        "nauc_ndcg_at_10_max": 0.512466,
        "nauc_ndcg_at_10_std": 0.08241,
        "nauc_ndcg_at_10_diff1": 0.637771,
        "nauc_ndcg_at_20_max": 0.515726,
        "nauc_ndcg_at_20_std": 0.095367,
        "nauc_ndcg_at_20_diff1": 0.632286,
        "nauc_ndcg_at_100_max": 0.508194,
        "nauc_ndcg_at_100_std": 0.084515,
        "nauc_ndcg_at_100_diff1": 0.631727,
        "nauc_ndcg_at_1000_max": 0.500874,
        "nauc_ndcg_at_1000_std": 0.081996,
        "nauc_ndcg_at_1000_diff1": 0.639107,
        "nauc_map_at_1_max": 0.423037,
        "nauc_map_at_1_std": -0.00585,
        "nauc_map_at_1_diff1": 0.712955,
        "nauc_map_at_3_max": 0.466397,
        "nauc_map_at_3_std": 0.02891,
        "nauc_map_at_3_diff1": 0.659463,
        "nauc_map_at_5_max": 0.477623,
        "nauc_map_at_5_std": 0.046818,
        "nauc_map_at_5_diff1": 0.65627,
        "nauc_map_at_10_max": 0.482453,
        "nauc_map_at_10_std": 0.050253,
        "nauc_map_at_10_diff1": 0.655293,
        "nauc_map_at_20_max": 0.485567,
        "nauc_map_at_20_std": 0.056131,
        "nauc_map_at_20_diff1": 0.65384,
        "nauc_map_at_100_max": 0.484811,
        "nauc_map_at_100_std": 0.055405,
        "nauc_map_at_100_diff1": 0.654095,
        "nauc_map_at_1000_max": 0.484493,
        "nauc_map_at_1000_std": 0.055242,
        "nauc_map_at_1000_diff1": 0.654275,
        "nauc_recall_at_1_max": 0.423037,
        "nauc_recall_at_1_std": -0.00585,
        "nauc_recall_at_1_diff1": 0.712955,
        "nauc_recall_at_3_max": 0.504325,
        "nauc_recall_at_3_std": 0.064323,
        "nauc_recall_at_3_diff1": 0.574945,
        "nauc_recall_at_5_max": 0.546642,
        "nauc_recall_at_5_std": 0.127445,
        "nauc_recall_at_5_diff1": 0.553748,
        "nauc_recall_at_10_max": 0.573145,
        "nauc_recall_at_10_std": 0.138219,
        "nauc_recall_at_10_diff1": 0.533429,
        "nauc_recall_at_20_max": 0.591451,
        "nauc_recall_at_20_std": 0.19836,
        "nauc_recall_at_20_diff1": 0.492434,
        "nauc_recall_at_100_max": 0.569854,
        "nauc_recall_at_100_std": 0.130156,
        "nauc_recall_at_100_diff1": 0.411412,
        "nauc_recall_at_1000_max": 0.244564,
        "nauc_recall_at_1000_std": 0.116847,
        "nauc_recall_at_1000_diff1": 0.071162,
        "nauc_precision_at_1_max": 0.457409,
        "nauc_precision_at_1_std": 0.032759,
        "nauc_precision_at_1_diff1": 0.733917,
        "nauc_precision_at_3_max": 0.541958,
        "nauc_precision_at_3_std": 0.179598,
        "nauc_precision_at_3_diff1": 0.541874,
        "nauc_precision_at_5_max": 0.557046,
        "nauc_precision_at_5_std": 0.268111,
        "nauc_precision_at_5_diff1": 0.46687,
        "nauc_precision_at_10_max": 0.579207,
        "nauc_precision_at_10_std": 0.316452,
        "nauc_precision_at_10_diff1": 0.409765,
        "nauc_precision_at_20_max": 0.534955,
        "nauc_precision_at_20_std": 0.390453,
        "nauc_precision_at_20_diff1": 0.306685,
        "nauc_precision_at_100_max": 0.429187,
        "nauc_precision_at_100_std": 0.376421,
        "nauc_precision_at_100_diff1": 0.180922,
        "nauc_precision_at_1000_max": 0.248561,
        "nauc_precision_at_1000_std": 0.442384,
        "nauc_precision_at_1000_diff1": 0.021404,
        "nauc_mrr_at_1_max": 0.457409,
        "nauc_mrr_at_1_std": 0.032759,
        "nauc_mrr_at_1_diff1": 0.733917,
        "nauc_mrr_at_3_max": 0.486929,
        "nauc_mrr_at_3_std": 0.070601,
        "nauc_mrr_at_3_diff1": 0.672972,
        "nauc_mrr_at_5_max": 0.495096,
        "nauc_mrr_at_5_std": 0.082866,
        "nauc_mrr_at_5_diff1": 0.6714,
        "nauc_mrr_at_10_max": 0.500173,
        "nauc_mrr_at_10_std": 0.084892,
        "nauc_mrr_at_10_diff1": 0.673493,
        "nauc_mrr_at_20_max": 0.498848,
        "nauc_mrr_at_20_std": 0.084701,
        "nauc_mrr_at_20_diff1": 0.672283,
        "nauc_mrr_at_100_max": 0.497423,
        "nauc_mrr_at_100_std": 0.082772,
        "nauc_mrr_at_100_diff1": 0.671789,
        "nauc_mrr_at_1000_max": 0.497144,
        "nauc_mrr_at_1000_std": 0.082598,
        "nauc_mrr_at_1000_diff1": 0.671951,
        "main_score": 0.53259,
        "hf_subset": "default",
        "languages": [
          "eng-Latn"
        ]
      }
    ]
  },
  "evaluation_time": 14.759719610214233,
  "kg_co2_emissions": null
}