{
  "dataset_revision": "a34f9a33db75fa0cbb21bb5cfc3dae8dc8bec93f",
  "task_name": "Touche2020",
  "mteb_version": "1.39.7",
  "scores": {
    "test": [
      {
        "ndcg_at_1": 0.13265,
        "ndcg_at_3": 0.18194,
        "ndcg_at_5": 0.19324,
        "ndcg_at_10": 0.19731,
        "ndcg_at_20": 0.21673,
        "ndcg_at_100": 0.319,
        "ndcg_at_1000": 0.4188,
        "map_at_1": 0.01119,
        "map_at_3": 0.03327,
        "map_at_5": 0.05158,
        "map_at_10": 0.07948,
        "map_at_20": 0.1013,
        "map_at_100": 0.1344,
        "map_at_1000": 0.14731,
        "recall_at_1": 0.01119,
        "recall_at_3": 0.04823,
        "recall_at_5": 0.086,
        "recall_at_10": 0.14672,
        "recall_at_20": 0.22168,
        "recall_at_100": 0.44338,
        "recall_at_1000": 0.74334,
        "precision_at_1": 0.14286,
        "precision_at_3": 0.21088,
        "precision_at_5": 0.22449,
        "precision_at_10": 0.19388,
        "precision_at_20": 0.15816,
        "precision_at_100": 0.07184,
        "precision_at_1000": 0.01382,
        "mrr_at_1": 0.142857,
        "mrr_at_3": 0.292517,
        "mrr_at_5": 0.322109,
        "mrr_at_10": 0.335714,
        "mrr_at_20": 0.341886,
        "mrr_at_100": 0.348421,
        "mrr_at_1000": 0.348421,
        "nauc_ndcg_at_1_max": -0.15635,
        "nauc_ndcg_at_1_std": -0.080358,
        "nauc_ndcg_at_1_diff1": 0.041335,
        "nauc_ndcg_at_3_max": -0.214565,
        "nauc_ndcg_at_3_std": -0.1263,
        "nauc_ndcg_at_3_diff1": 0.185065,
        "nauc_ndcg_at_5_max": -0.269727,
        "nauc_ndcg_at_5_std": -0.114061,
        "nauc_ndcg_at_5_diff1": 0.072012,
        "nauc_ndcg_at_10_max": -0.236954,
        "nauc_ndcg_at_10_std": -0.145778,
        "nauc_ndcg_at_10_diff1": 0.053521,
        "nauc_ndcg_at_20_max": -0.281903,
        "nauc_ndcg_at_20_std": -0.143592,
        "nauc_ndcg_at_20_diff1": 0.001466,
        "nauc_ndcg_at_100_max": -0.236512,
        "nauc_ndcg_at_100_std": 0.084611,
        "nauc_ndcg_at_100_diff1": -0.030648,
        "nauc_ndcg_at_1000_max": -0.155201,
        "nauc_ndcg_at_1000_std": 0.234364,
        "nauc_ndcg_at_1000_diff1": -0.079976,
        "nauc_map_at_1_max": -0.144153,
        "nauc_map_at_1_std": -0.24366,
        "nauc_map_at_1_diff1": 0.005103,
        "nauc_map_at_3_max": -0.159601,
        "nauc_map_at_3_std": -0.279835,
        "nauc_map_at_3_diff1": 0.099278,
        "nauc_map_at_5_max": -0.172052,
        "nauc_map_at_5_std": -0.259169,
        "nauc_map_at_5_diff1": 0.050138,
        "nauc_map_at_10_max": -0.151527,
        "nauc_map_at_10_std": -0.279864,
        "nauc_map_at_10_diff1": 0.059106,
        "nauc_map_at_20_max": -0.185224,
        "nauc_map_at_20_std": -0.238109,
        "nauc_map_at_20_diff1": 0.035692,
        "nauc_map_at_100_max": -0.175677,
        "nauc_map_at_100_std": -0.107419,
        "nauc_map_at_100_diff1": 0.031792,
        "nauc_map_at_1000_max": -0.173299,
        "nauc_map_at_1000_std": -0.067876,
        "nauc_map_at_1000_diff1": 0.015608,
        "nauc_recall_at_1_max": -0.144153,
        "nauc_recall_at_1_std": -0.24366,
        "nauc_recall_at_1_diff1": 0.005103,
        "nauc_recall_at_3_max": -0.212723,
        "nauc_recall_at_3_std": -0.290029,
        "nauc_recall_at_3_diff1": 0.157654,
        "nauc_recall_at_5_max": -0.25766,
        "nauc_recall_at_5_std": -0.267541,
        "nauc_recall_at_5_diff1": 0.034219,
        "nauc_recall_at_10_max": -0.243482,
        "nauc_recall_at_10_std": -0.253954,
        "nauc_recall_at_10_diff1": 0.013567,
        "nauc_recall_at_20_max": -0.296425,
        "nauc_recall_at_20_std": -0.171633,
        "nauc_recall_at_20_diff1": -0.042206,
        "nauc_recall_at_100_max": -0.246352,
        "nauc_recall_at_100_std": 0.182755,
        "nauc_recall_at_100_diff1": -0.102561,
        "nauc_recall_at_1000_max": -0.001245,
        "nauc_recall_at_1000_std": 0.617638,
        "nauc_recall_at_1000_diff1": -0.287617,
        "nauc_precision_at_1_max": -0.140465,
        "nauc_precision_at_1_std": -0.109636,
        "nauc_precision_at_1_diff1": 0.064721,
        "nauc_precision_at_3_max": -0.224217,
        "nauc_precision_at_3_std": -0.156564,
        "nauc_precision_at_3_diff1": 0.238089,
        "nauc_precision_at_5_max": -0.283837,
        "nauc_precision_at_5_std": -0.110778,
        "nauc_precision_at_5_diff1": 0.0313,
        "nauc_precision_at_10_max": -0.218823,
        "nauc_precision_at_10_std": -0.080533,
        "nauc_precision_at_10_diff1": 0.024265,
        "nauc_precision_at_20_max": -0.240123,
        "nauc_precision_at_20_std": 0.064611,
        "nauc_precision_at_20_diff1": -0.030727,
        "nauc_precision_at_100_max": -0.035899,
        "nauc_precision_at_100_std": 0.563108,
        "nauc_precision_at_100_diff1": -0.082957,
        "nauc_precision_at_1000_max": 0.397524,
        "nauc_precision_at_1000_std": 0.570659,
        "nauc_precision_at_1000_diff1": -0.08412,
        "nauc_mrr_at_1_max": -0.140465,
        "nauc_mrr_at_1_std": -0.109636,
        "nauc_mrr_at_1_diff1": 0.064721,
        "nauc_mrr_at_3_max": -0.259474,
        "nauc_mrr_at_3_std": -0.161924,
        "nauc_mrr_at_3_diff1": 0.193275,
        "nauc_mrr_at_5_max": -0.34187,
        "nauc_mrr_at_5_std": -0.175934,
        "nauc_mrr_at_5_diff1": 0.122156,
        "nauc_mrr_at_10_max": -0.317715,
        "nauc_mrr_at_10_std": -0.116392,
        "nauc_mrr_at_10_diff1": 0.10519,
        "nauc_mrr_at_20_max": -0.315913,
        "nauc_mrr_at_20_std": -0.109483,
        "nauc_mrr_at_20_diff1": 0.095842,
        "nauc_mrr_at_100_max": -0.311976,
        "nauc_mrr_at_100_std": -0.117108,
        "nauc_mrr_at_100_diff1": 0.100665,
        "nauc_mrr_at_1000_max": -0.311976,
        "nauc_mrr_at_1000_std": -0.117108,
        "nauc_mrr_at_1000_diff1": 0.100665,
        "main_score": 0.19731,
        "hf_subset": "default",
        "languages": [
          "eng-Latn"
        ]
      }
    ]
  },
  "evaluation_time": 1333.4886565208435,
  "kg_co2_emissions": null
}