{
  "dataset_revision": "27a168819829fe9bcd655c2df245fb19452e8e06",
  "task_name": "FiQA2018",
  "mteb_version": "1.39.7",
  "scores": {
    "test": [
      {
        "ndcg_at_1": 0.0108,
        "ndcg_at_3": 0.01178,
        "ndcg_at_5": 0.01269,
        "ndcg_at_10": 0.01466,
        "ndcg_at_20": 0.01846,
        "ndcg_at_100": 0.02975,
        "ndcg_at_1000": 0.04835,
        "map_at_1": 0.00611,
        "map_at_3": 0.00834,
        "map_at_5": 0.00901,
        "map_at_10": 0.00989,
        "map_at_20": 0.01085,
        "map_at_100": 0.01209,
        "map_at_1000": 0.01258,
        "recall_at_1": 0.00611,
        "recall_at_3": 0.01093,
        "recall_at_5": 0.01367,
        "recall_at_10": 0.0189,
        "recall_at_20": 0.03111,
        "recall_at_100": 0.08311,
        "recall_at_1000": 0.20347,
        "precision_at_1": 0.0108,
        "precision_at_3": 0.00823,
        "precision_at_5": 0.00679,
        "precision_at_10": 0.00478,
        "precision_at_20": 0.0037,
        "precision_at_100": 0.0019,
        "precision_at_1000": 0.00052,
        "mrr_at_1": 0.010802,
        "mrr_at_3": 0.015947,
        "mrr_at_5": 0.017644,
        "mrr_at_10": 0.019527,
        "mrr_at_20": 0.02117,
        "mrr_at_100": 0.023273,
        "mrr_at_1000": 0.023957,
        "nauc_ndcg_at_1_max": 0.207164,
        "nauc_ndcg_at_1_std": 0.300308,
        "nauc_ndcg_at_1_diff1": 0.211833,
        "nauc_ndcg_at_3_max": 0.25516,
        "nauc_ndcg_at_3_std": 0.13697,
        "nauc_ndcg_at_3_diff1": 0.228862,
        "nauc_ndcg_at_5_max": 0.206899,
        "nauc_ndcg_at_5_std": 0.1594,
        "nauc_ndcg_at_5_diff1": 0.257489,
        "nauc_ndcg_at_10_max": 0.216185,
        "nauc_ndcg_at_10_std": 0.218433,
        "nauc_ndcg_at_10_diff1": 0.242716,
        "nauc_ndcg_at_20_max": 0.206673,
        "nauc_ndcg_at_20_std": 0.174728,
        "nauc_ndcg_at_20_diff1": 0.211693,
        "nauc_ndcg_at_100_max": 0.150138,
        "nauc_ndcg_at_100_std": 0.144743,
        "nauc_ndcg_at_100_diff1": 0.112557,
        "nauc_ndcg_at_1000_max": 0.153942,
        "nauc_ndcg_at_1000_std": 0.115755,
        "nauc_ndcg_at_1000_diff1": 0.043151,
        "nauc_map_at_1_max": 0.28789,
        "nauc_map_at_1_std": 0.127251,
        "nauc_map_at_1_diff1": 0.26573,
        "nauc_map_at_3_max": 0.292406,
        "nauc_map_at_3_std": 0.099421,
        "nauc_map_at_3_diff1": 0.282218,
        "nauc_map_at_5_max": 0.252818,
        "nauc_map_at_5_std": 0.127379,
        "nauc_map_at_5_diff1": 0.294458,
        "nauc_map_at_10_max": 0.254,
        "nauc_map_at_10_std": 0.157034,
        "nauc_map_at_10_diff1": 0.277433,
        "nauc_map_at_20_max": 0.250498,
        "nauc_map_at_20_std": 0.147108,
        "nauc_map_at_20_diff1": 0.265006,
        "nauc_map_at_100_max": 0.232914,
        "nauc_map_at_100_std": 0.144315,
        "nauc_map_at_100_diff1": 0.231942,
        "nauc_map_at_1000_max": 0.230701,
        "nauc_map_at_1000_std": 0.142093,
        "nauc_map_at_1000_diff1": 0.222832,
        "nauc_recall_at_1_max": 0.28789,
        "nauc_recall_at_1_std": 0.127251,
        "nauc_recall_at_1_diff1": 0.26573,
        "nauc_recall_at_3_max": 0.296167,
        "nauc_recall_at_3_std": 0.09797,
        "nauc_recall_at_3_diff1": 0.280744,
        "nauc_recall_at_5_max": 0.185296,
        "nauc_recall_at_5_std": 0.157591,
        "nauc_recall_at_5_diff1": 0.309046,
        "nauc_recall_at_10_max": 0.199728,
        "nauc_recall_at_10_std": 0.239946,
        "nauc_recall_at_10_diff1": 0.239577,
        "nauc_recall_at_20_max": 0.207101,
        "nauc_recall_at_20_std": 0.148386,
        "nauc_recall_at_20_diff1": 0.179876,
        "nauc_recall_at_100_max": 0.102142,
        "nauc_recall_at_100_std": 0.105292,
        "nauc_recall_at_100_diff1": 0.024947,
        "nauc_recall_at_1000_max": 0.130658,
        "nauc_recall_at_1000_std": 0.062001,
        "nauc_recall_at_1000_diff1": -0.05577,
        "nauc_precision_at_1_max": 0.207164,
        "nauc_precision_at_1_std": 0.300308,
        "nauc_precision_at_1_diff1": 0.211833,
        "nauc_precision_at_3_max": 0.223464,
        "nauc_precision_at_3_std": 0.189707,
        "nauc_precision_at_3_diff1": 0.138786,
        "nauc_precision_at_5_max": 0.121882,
        "nauc_precision_at_5_std": 0.206085,
        "nauc_precision_at_5_diff1": 0.213856,
        "nauc_precision_at_10_max": 0.162074,
        "nauc_precision_at_10_std": 0.30763,
        "nauc_precision_at_10_diff1": 0.21869,
        "nauc_precision_at_20_max": 0.129059,
        "nauc_precision_at_20_std": 0.205862,
        "nauc_precision_at_20_diff1": 0.168671,
        "nauc_precision_at_100_max": 0.098316,
        "nauc_precision_at_100_std": 0.129441,
        "nauc_precision_at_100_diff1": 0.038008,
        "nauc_precision_at_1000_max": 0.098548,
        "nauc_precision_at_1000_std": 0.087964,
        "nauc_precision_at_1000_diff1": -0.050398,
        "nauc_mrr_at_1_max": 0.207164,
        "nauc_mrr_at_1_std": 0.300308,
        "nauc_mrr_at_1_diff1": 0.211833,
        "nauc_mrr_at_3_max": 0.241004,
        "nauc_mrr_at_3_std": 0.234193,
        "nauc_mrr_at_3_diff1": 0.193036,
        "nauc_mrr_at_5_max": 0.196076,
        "nauc_mrr_at_5_std": 0.2247,
        "nauc_mrr_at_5_diff1": 0.199217,
        "nauc_mrr_at_10_max": 0.197935,
        "nauc_mrr_at_10_std": 0.254864,
        "nauc_mrr_at_10_diff1": 0.197392,
        "nauc_mrr_at_20_max": 0.190394,
        "nauc_mrr_at_20_std": 0.229727,
        "nauc_mrr_at_20_diff1": 0.185067,
        "nauc_mrr_at_100_max": 0.175757,
        "nauc_mrr_at_100_std": 0.222453,
        "nauc_mrr_at_100_diff1": 0.165827,
        "nauc_mrr_at_1000_max": 0.17518,
        "nauc_mrr_at_1000_std": 0.217985,
        "nauc_mrr_at_1000_diff1": 0.160941,
        "main_score": 0.01466,
        "hf_subset": "default",
        "languages": [
          "eng-Latn"
        ]
      }
    ]
  },
  "evaluation_time": 791.3316941261292,
  "kg_co2_emissions": null
}