{
  "dataset_revision": "bb9466bac8153a0349341eb1b22e06409e78ef4e",
  "task_name": "TRECCOVID",
  "mteb_version": "1.39.7",
  "scores": {
    "test": [
      {
        "ndcg_at_1": 0.14,
        "ndcg_at_3": 0.15542,
        "ndcg_at_5": 0.15493,
        "ndcg_at_10": 0.13931,
        "ndcg_at_20": 0.12913,
        "ndcg_at_100": 0.08713,
        "ndcg_at_1000": 0.08313,
        "map_at_1": 0.00045,
        "map_at_3": 0.00107,
        "map_at_5": 0.00165,
        "map_at_10": 0.00239,
        "map_at_20": 0.00375,
        "map_at_100": 0.00879,
        "map_at_1000": 0.01745,
        "recall_at_1": 0.00045,
        "recall_at_3": 0.00131,
        "recall_at_5": 0.00217,
        "recall_at_10": 0.00352,
        "recall_at_20": 0.00636,
        "recall_at_100": 0.02,
        "recall_at_1000": 0.079,
        "precision_at_1": 0.16,
        "precision_at_3": 0.16667,
        "precision_at_5": 0.168,
        "precision_at_10": 0.144,
        "precision_at_20": 0.134,
        "precision_at_100": 0.0844,
        "precision_at_1000": 0.03584,
        "mrr_at_1": 0.16,
        "mrr_at_3": 0.223333,
        "mrr_at_5": 0.232333,
        "mrr_at_10": 0.246357,
        "mrr_at_20": 0.254891,
        "mrr_at_100": 0.260953,
        "mrr_at_1000": 0.261962,
        "nauc_ndcg_at_1_max": -0.102423,
        "nauc_ndcg_at_1_std": 0.501931,
        "nauc_ndcg_at_1_diff1": 0.071789,
        "nauc_ndcg_at_3_max": 0.032865,
        "nauc_ndcg_at_3_std": 0.40981,
        "nauc_ndcg_at_3_diff1": 0.146167,
        "nauc_ndcg_at_5_max": 0.03705,
        "nauc_ndcg_at_5_std": 0.421262,
        "nauc_ndcg_at_5_diff1": 0.071042,
        "nauc_ndcg_at_10_max": 0.114662,
        "nauc_ndcg_at_10_std": 0.372621,
        "nauc_ndcg_at_10_diff1": 0.000163,
        "nauc_ndcg_at_20_max": 0.175593,
        "nauc_ndcg_at_20_std": 0.341137,
        "nauc_ndcg_at_20_diff1": -0.025321,
        "nauc_ndcg_at_100_max": 0.213841,
        "nauc_ndcg_at_100_std": 0.321599,
        "nauc_ndcg_at_100_diff1": -0.116744,
        "nauc_ndcg_at_1000_max": 0.278381,
        "nauc_ndcg_at_1000_std": 0.235688,
        "nauc_ndcg_at_1000_diff1": -0.121233,
        "nauc_map_at_1_max": -0.137914,
        "nauc_map_at_1_std": 0.404699,
        "nauc_map_at_1_diff1": 0.09723,
        "nauc_map_at_3_max": -0.032553,
        "nauc_map_at_3_std": 0.378892,
        "nauc_map_at_3_diff1": 0.119344,
        "nauc_map_at_5_max": -0.036316,
        "nauc_map_at_5_std": 0.399937,
        "nauc_map_at_5_diff1": 0.000854,
        "nauc_map_at_10_max": 0.029321,
        "nauc_map_at_10_std": 0.361824,
        "nauc_map_at_10_diff1": -0.098243,
        "nauc_map_at_20_max": 0.094695,
        "nauc_map_at_20_std": 0.337252,
        "nauc_map_at_20_diff1": -0.153555,
        "nauc_map_at_100_max": 0.137034,
        "nauc_map_at_100_std": 0.353897,
        "nauc_map_at_100_diff1": -0.24078,
        "nauc_map_at_1000_max": 0.313063,
        "nauc_map_at_1000_std": 0.320855,
        "nauc_map_at_1000_diff1": -0.23544,
        "nauc_recall_at_1_max": -0.137914,
        "nauc_recall_at_1_std": 0.404699,
        "nauc_recall_at_1_diff1": 0.09723,
        "nauc_recall_at_3_max": 0.03858,
        "nauc_recall_at_3_std": 0.324666,
        "nauc_recall_at_3_diff1": 0.187229,
        "nauc_recall_at_5_max": 0.03162,
        "nauc_recall_at_5_std": 0.345823,
        "nauc_recall_at_5_diff1": 0.044218,
        "nauc_recall_at_10_max": 0.130012,
        "nauc_recall_at_10_std": 0.263161,
        "nauc_recall_at_10_diff1": -0.078623,
        "nauc_recall_at_20_max": 0.176202,
        "nauc_recall_at_20_std": 0.243934,
        "nauc_recall_at_20_diff1": -0.085134,
        "nauc_recall_at_100_max": 0.18222,
        "nauc_recall_at_100_std": 0.247048,
        "nauc_recall_at_100_diff1": -0.184224,
        "nauc_recall_at_1000_max": 0.323718,
        "nauc_recall_at_1000_std": 0.17495,
        "nauc_recall_at_1000_diff1": -0.110687,
        "nauc_precision_at_1_max": -0.100399,
        "nauc_precision_at_1_std": 0.520894,
        "nauc_precision_at_1_diff1": 0.066984,
        "nauc_precision_at_3_max": 0.046277,
        "nauc_precision_at_3_std": 0.40637,
        "nauc_precision_at_3_diff1": 0.15355,
        "nauc_precision_at_5_max": 0.042658,
        "nauc_precision_at_5_std": 0.418401,
        "nauc_precision_at_5_diff1": 0.057162,
        "nauc_precision_at_10_max": 0.136789,
        "nauc_precision_at_10_std": 0.343373,
        "nauc_precision_at_10_diff1": -0.061413,
        "nauc_precision_at_20_max": 0.1993,
        "nauc_precision_at_20_std": 0.315935,
        "nauc_precision_at_20_diff1": -0.084181,
        "nauc_precision_at_100_max": 0.213537,
        "nauc_precision_at_100_std": 0.322471,
        "nauc_precision_at_100_diff1": -0.181027,
        "nauc_precision_at_1000_max": 0.345655,
        "nauc_precision_at_1000_std": 0.23518,
        "nauc_precision_at_1000_diff1": -0.133956,
        "nauc_mrr_at_1_max": -0.100399,
        "nauc_mrr_at_1_std": 0.520894,
        "nauc_mrr_at_1_diff1": 0.066984,
        "nauc_mrr_at_3_max": 0.009598,
        "nauc_mrr_at_3_std": 0.44444,
        "nauc_mrr_at_3_diff1": 0.122635,
        "nauc_mrr_at_5_max": 0.007576,
        "nauc_mrr_at_5_std": 0.427705,
        "nauc_mrr_at_5_diff1": 0.138077,
        "nauc_mrr_at_10_max": 0.014367,
        "nauc_mrr_at_10_std": 0.413782,
        "nauc_mrr_at_10_diff1": 0.133327,
        "nauc_mrr_at_20_max": 0.009174,
        "nauc_mrr_at_20_std": 0.406614,
        "nauc_mrr_at_20_diff1": 0.134908,
        "nauc_mrr_at_100_max": 0.006969,
        "nauc_mrr_at_100_std": 0.409633,
        "nauc_mrr_at_100_diff1": 0.13442,
        "nauc_mrr_at_1000_max": 0.00683,
        "nauc_mrr_at_1000_std": 0.410175,
        "nauc_mrr_at_1000_diff1": 0.134509,
        "main_score": 0.13931,
        "hf_subset": "default",
        "languages": [
          "eng-Latn"
        ]
      }
    ]
  },
  "evaluation_time": 1341.3607213497162,
  "kg_co2_emissions": null
}