{
  "map_at_10": 0.03657,
  "mrr_at_10": 0.03704898507530092,
  "ndcg_at_10": 0.05082,
  "recall_at_10": 0.09744,
  "recall_at_100": 0.28734
}
