{
  "map_at_10": 0.04825,
  "mrr_at_10": 0.048323511481406296,
  "ndcg_at_10": 0.06804,
  "recall_at_10": 0.13371,
  "recall_at_100": 0.34566
}
