{
  "map_at_10": 0.09876,
  "mrr_at_10": 0.0989718101560206,
  "ndcg_at_10": 0.13254,
  "recall_at_10": 0.24395,
  "recall_at_100": 0.46799
}
