{
  "map_at_10": 0.05801,
  "mrr_at_10": 0.05819193253403785,
  "ndcg_at_10": 0.0798,
  "recall_at_10": 0.1522,
  "recall_at_100": 0.36913
}
