{
  "map_at_10": 0.03945,
  "mrr_at_10": 0.039688184425026585,
  "ndcg_at_10": 0.05543,
  "recall_at_10": 0.10811,
  "recall_at_100": 0.30654
}
