{
  "map_at_10": 0.07811,
  "mrr_at_10": 0.0781946420104315,
  "ndcg_at_10": 0.10784,
  "recall_at_10": 0.20626,
  "recall_at_100": 0.42461
}
