{
  "map_at_10": 0.0448,
  "mrr_at_10": 0.04479695861274814,
  "ndcg_at_10": 0.06229,
  "recall_at_10": 0.1202,
  "recall_at_100": 0.32717
}
