{
  "map_at_10": 0.06738,
  "mrr_at_10": 0.06757377678430317,
  "ndcg_at_10": 0.09273,
  "recall_at_10": 0.1771,
  "recall_at_100": 0.3926
}
