{
  "map_at_10": 0.24749,
  "mrr_at_10": 0.24797635981846503,
  "ndcg_at_10": 0.3143,
  "recall_at_10": 0.53058,
  "recall_at_100": 0.8101
}
