{
  "map_at_10": 0.13686,
  "mrr_at_10": 0.137682325182325,
  "ndcg_at_10": 0.18121,
  "recall_at_10": 0.32646,
  "recall_at_100": 0.58393
}
