{
  "dataset_revision": "ec0fa4fe99da2ff19ca1214b7966684033a58814",
  "task_name": "NFCorpus",
  "mteb_version": "1.39.7",
  "scores": {
    "test": [
      {
        "ndcg_at_1": 0.34211,
        "ndcg_at_3": 0.29166,
        "ndcg_at_5": 0.2667,
        "ndcg_at_10": 0.23189,
        "ndcg_at_20": 0.21344,
        "ndcg_at_100": 0.21022,
        "ndcg_at_1000": 0.29836,
        "map_at_1": 0.03622,
        "map_at_3": 0.0569,
        "map_at_5": 0.06603,
        "map_at_10": 0.0754,
        "map_at_20": 0.0828,
        "map_at_100": 0.09238,
        "map_at_1000": 0.1019,
        "recall_at_1": 0.03622,
        "recall_at_3": 0.06577,
        "recall_at_5": 0.08117,
        "recall_at_10": 0.10289,
        "recall_at_20": 0.1334,
        "recall_at_100": 0.21995,
        "recall_at_1000": 0.5257,
        "precision_at_1": 0.35604,
        "precision_at_3": 0.27348,
        "precision_at_5": 0.22724,
        "precision_at_10": 0.16502,
        "precision_at_20": 0.12183,
        "precision_at_100": 0.05118,
        "precision_at_1000": 0.01695,
        "mrr_at_1": 0.356037,
        "mrr_at_3": 0.418989,
        "mrr_at_5": 0.428122,
        "mrr_at_10": 0.434832,
        "mrr_at_20": 0.439398,
        "mrr_at_100": 0.442584,
        "mrr_at_1000": 0.443158,
        "nauc_ndcg_at_1_max": 0.384967,
        "nauc_ndcg_at_1_std": 0.230361,
        "nauc_ndcg_at_1_diff1": 0.328193,
        "nauc_ndcg_at_3_max": 0.349185,
        "nauc_ndcg_at_3_std": 0.227087,
        "nauc_ndcg_at_3_diff1": 0.227226,
        "nauc_ndcg_at_5_max": 0.357438,
        "nauc_ndcg_at_5_std": 0.223591,
        "nauc_ndcg_at_5_diff1": 0.221625,
        "nauc_ndcg_at_10_max": 0.374295,
        "nauc_ndcg_at_10_std": 0.227876,
        "nauc_ndcg_at_10_diff1": 0.216606,
        "nauc_ndcg_at_20_max": 0.402753,
        "nauc_ndcg_at_20_std": 0.232109,
        "nauc_ndcg_at_20_diff1": 0.226539,
        "nauc_ndcg_at_100_max": 0.44889,
        "nauc_ndcg_at_100_std": 0.262052,
        "nauc_ndcg_at_100_diff1": 0.238686,
        "nauc_ndcg_at_1000_max": 0.529426,
        "nauc_ndcg_at_1000_std": 0.355661,
        "nauc_ndcg_at_1000_diff1": 0.249501,
        "nauc_map_at_1_max": 0.336258,
        "nauc_map_at_1_std": -0.015609,
        "nauc_map_at_1_diff1": 0.502808,
        "nauc_map_at_3_max": 0.369796,
        "nauc_map_at_3_std": 0.006395,
        "nauc_map_at_3_diff1": 0.440738,
        "nauc_map_at_5_max": 0.374469,
        "nauc_map_at_5_std": 0.035957,
        "nauc_map_at_5_diff1": 0.395616,
        "nauc_map_at_10_max": 0.384296,
        "nauc_map_at_10_std": 0.070637,
        "nauc_map_at_10_diff1": 0.34432,
        "nauc_map_at_20_max": 0.402199,
        "nauc_map_at_20_std": 0.099528,
        "nauc_map_at_20_diff1": 0.325057,
        "nauc_map_at_100_max": 0.408967,
        "nauc_map_at_100_std": 0.144861,
        "nauc_map_at_100_diff1": 0.301844,
        "nauc_map_at_1000_max": 0.414094,
        "nauc_map_at_1000_std": 0.174127,
        "nauc_map_at_1000_diff1": 0.287052,
        "nauc_recall_at_1_max": 0.336258,
        "nauc_recall_at_1_std": -0.015609,
        "nauc_recall_at_1_diff1": 0.502808,
        "nauc_recall_at_3_max": 0.340236,
        "nauc_recall_at_3_std": -0.012166,
        "nauc_recall_at_3_diff1": 0.393628,
        "nauc_recall_at_5_max": 0.316002,
        "nauc_recall_at_5_std": 0.005593,
        "nauc_recall_at_5_diff1": 0.326898,
        "nauc_recall_at_10_max": 0.331435,
        "nauc_recall_at_10_std": 0.049878,
        "nauc_recall_at_10_diff1": 0.264201,
        "nauc_recall_at_20_max": 0.354005,
        "nauc_recall_at_20_std": 0.087129,
        "nauc_recall_at_20_diff1": 0.218114,
        "nauc_recall_at_100_max": 0.290945,
        "nauc_recall_at_100_std": 0.152973,
        "nauc_recall_at_100_diff1": 0.099455,
        "nauc_recall_at_1000_max": 0.320372,
        "nauc_recall_at_1000_std": 0.271271,
        "nauc_recall_at_1000_diff1": 0.108937,
        "nauc_precision_at_1_max": 0.39768,
        "nauc_precision_at_1_std": 0.242277,
        "nauc_precision_at_1_diff1": 0.31895,
        "nauc_precision_at_3_max": 0.329134,
        "nauc_precision_at_3_std": 0.255133,
        "nauc_precision_at_3_diff1": 0.146934,
        "nauc_precision_at_5_max": 0.333124,
        "nauc_precision_at_5_std": 0.27409,
        "nauc_precision_at_5_diff1": 0.115537,
        "nauc_precision_at_10_max": 0.313186,
        "nauc_precision_at_10_std": 0.312675,
        "nauc_precision_at_10_diff1": 0.045111,
        "nauc_precision_at_20_max": 0.296392,
        "nauc_precision_at_20_std": 0.350172,
        "nauc_precision_at_20_diff1": 0.00891,
        "nauc_precision_at_100_max": 0.177242,
        "nauc_precision_at_100_std": 0.349861,
        "nauc_precision_at_100_diff1": -0.082864,
        "nauc_precision_at_1000_max": 0.033311,
        "nauc_precision_at_1000_std": 0.241692,
        "nauc_precision_at_1000_diff1": -0.108756,
        "nauc_mrr_at_1_max": 0.39768,
        "nauc_mrr_at_1_std": 0.242277,
        "nauc_mrr_at_1_diff1": 0.31895,
        "nauc_mrr_at_3_max": 0.414021,
        "nauc_mrr_at_3_std": 0.25709,
        "nauc_mrr_at_3_diff1": 0.31076,
        "nauc_mrr_at_5_max": 0.411543,
        "nauc_mrr_at_5_std": 0.255976,
        "nauc_mrr_at_5_diff1": 0.305,
        "nauc_mrr_at_10_max": 0.420647,
        "nauc_mrr_at_10_std": 0.264797,
        "nauc_mrr_at_10_diff1": 0.306513,
        "nauc_mrr_at_20_max": 0.428131,
        "nauc_mrr_at_20_std": 0.269226,
        "nauc_mrr_at_20_diff1": 0.305902,
        "nauc_mrr_at_100_max": 0.427337,
        "nauc_mrr_at_100_std": 0.268556,
        "nauc_mrr_at_100_diff1": 0.305657,
        "nauc_mrr_at_1000_max": 0.42713,
        "nauc_mrr_at_1000_std": 0.268627,
        "nauc_mrr_at_1000_diff1": 0.305824,
        "main_score": 0.23189,
        "hf_subset": "default",
        "languages": [
          "eng-Latn"
        ]
      }
    ]
  },
  "evaluation_time": 8.006175994873047,
  "kg_co2_emissions": null
}