{
  "dataset_revision": "c22ab2a51041ffd869aaddef7af8d8215647e41a",
  "task_name": "ArguAna",
  "mteb_version": "1.39.7",
  "scores": {
    "test": [
      {
        "ndcg_at_1": 0.27169,
        "ndcg_at_3": 0.40377,
        "ndcg_at_5": 0.45608,
        "ndcg_at_10": 0.50209,
        "ndcg_at_20": 0.5241,
        "ndcg_at_100": 0.54214,
        "ndcg_at_1000": 0.547,
        "map_at_1": 0.27169,
        "map_at_3": 0.36996,
        "map_at_5": 0.39909,
        "map_at_10": 0.41808,
        "map_at_20": 0.42426,
        "map_at_100": 0.42673,
        "map_at_1000": 0.42694,
        "recall_at_1": 0.27169,
        "recall_at_3": 0.50213,
        "recall_at_5": 0.62873,
        "recall_at_10": 0.77098,
        "recall_at_20": 0.85704,
        "recall_at_100": 0.95448,
        "recall_at_1000": 0.99147,
        "precision_at_1": 0.27169,
        "precision_at_3": 0.16738,
        "precision_at_5": 0.12575,
        "precision_at_10": 0.0771,
        "precision_at_20": 0.04285,
        "precision_at_100": 0.00954,
        "precision_at_1000": 0.00099,
        "mrr_at_1": 0.274538,
        "mrr_at_3": 0.371503,
        "mrr_at_5": 0.400344,
        "mrr_at_10": 0.419206,
        "mrr_at_20": 0.425513,
        "mrr_at_100": 0.427985,
        "mrr_at_1000": 0.428193,
        "nauc_ndcg_at_1_max": -0.081954,
        "nauc_ndcg_at_1_std": -0.069149,
        "nauc_ndcg_at_1_diff1": 0.116227,
        "nauc_ndcg_at_3_max": -0.02068,
        "nauc_ndcg_at_3_std": -0.069154,
        "nauc_ndcg_at_3_diff1": 0.079298,
        "nauc_ndcg_at_5_max": -0.008512,
        "nauc_ndcg_at_5_std": -0.061024,
        "nauc_ndcg_at_5_diff1": 0.089969,
        "nauc_ndcg_at_10_max": -0.007334,
        "nauc_ndcg_at_10_std": -0.052992,
        "nauc_ndcg_at_10_diff1": 0.079793,
        "nauc_ndcg_at_20_max": -0.005482,
        "nauc_ndcg_at_20_std": -0.04537,
        "nauc_ndcg_at_20_diff1": 0.080628,
        "nauc_ndcg_at_100_max": -0.008507,
        "nauc_ndcg_at_100_std": -0.041843,
        "nauc_ndcg_at_100_diff1": 0.088194,
        "nauc_ndcg_at_1000_max": -0.015944,
        "nauc_ndcg_at_1000_std": -0.049889,
        "nauc_ndcg_at_1000_diff1": 0.087913,
        "nauc_map_at_1_max": -0.081954,
        "nauc_map_at_1_std": -0.069149,
        "nauc_map_at_1_diff1": 0.116227,
        "nauc_map_at_3_max": -0.035649,
        "nauc_map_at_3_std": -0.069335,
        "nauc_map_at_3_diff1": 0.088235,
        "nauc_map_at_5_max": -0.029166,
        "nauc_map_at_5_std": -0.064356,
        "nauc_map_at_5_diff1": 0.094269,
        "nauc_map_at_10_max": -0.029199,
        "nauc_map_at_10_std": -0.061042,
        "nauc_map_at_10_diff1": 0.090261,
        "nauc_map_at_20_max": -0.028657,
        "nauc_map_at_20_std": -0.059104,
        "nauc_map_at_20_diff1": 0.090689,
        "nauc_map_at_100_max": -0.028832,
        "nauc_map_at_100_std": -0.059018,
        "nauc_map_at_100_diff1": 0.091918,
        "nauc_map_at_1000_max": -0.029086,
        "nauc_map_at_1000_std": -0.059246,
        "nauc_map_at_1000_diff1": 0.091881,
        "nauc_recall_at_1_max": -0.081954,
        "nauc_recall_at_1_std": -0.069149,
        "nauc_recall_at_1_diff1": 0.116227,
        "nauc_recall_at_3_max": 0.021837,
        "nauc_recall_at_3_std": -0.06857,
        "nauc_recall_at_3_diff1": 0.053948,
        "nauc_recall_at_5_max": 0.059198,
        "nauc_recall_at_5_std": -0.049744,
        "nauc_recall_at_5_diff1": 0.077966,
        "nauc_recall_at_10_max": 0.091684,
        "nauc_recall_at_10_std": -0.012756,
        "nauc_recall_at_10_diff1": 0.030668,
        "nauc_recall_at_20_max": 0.149939,
        "nauc_recall_at_20_std": 0.064721,
        "nauc_recall_at_20_diff1": 0.011103,
        "nauc_recall_at_100_max": 0.335887,
        "nauc_recall_at_100_std": 0.417612,
        "nauc_recall_at_100_diff1": 0.070036,
        "nauc_recall_at_1000_max": 0.111028,
        "nauc_recall_at_1000_std": 0.470208,
        "nauc_recall_at_1000_diff1": -0.018246,
        "nauc_precision_at_1_max": -0.081954,
        "nauc_precision_at_1_std": -0.069149,
        "nauc_precision_at_1_diff1": 0.116227,
        "nauc_precision_at_3_max": 0.021837,
        "nauc_precision_at_3_std": -0.06857,
        "nauc_precision_at_3_diff1": 0.053948,
        "nauc_precision_at_5_max": 0.059198,
        "nauc_precision_at_5_std": -0.049744,
        "nauc_precision_at_5_diff1": 0.077966,
        "nauc_precision_at_10_max": 0.091684,
        "nauc_precision_at_10_std": -0.012756,
        "nauc_precision_at_10_diff1": 0.030668,
        "nauc_precision_at_20_max": 0.149939,
        "nauc_precision_at_20_std": 0.064721,
        "nauc_precision_at_20_diff1": 0.011103,
        "nauc_precision_at_100_max": 0.335887,
        "nauc_precision_at_100_std": 0.417612,
        "nauc_precision_at_100_diff1": 0.070036,
        "nauc_precision_at_1000_max": 0.111028,
        "nauc_precision_at_1000_std": 0.470208,
        "nauc_precision_at_1000_diff1": -0.018246,
        "nauc_mrr_at_1_max": -0.085481,
        "nauc_mrr_at_1_std": -0.065996,
        "nauc_mrr_at_1_diff1": 0.107074,
        "nauc_mrr_at_3_max": -0.042608,
        "nauc_mrr_at_3_std": -0.066506,
        "nauc_mrr_at_3_diff1": 0.077905,
        "nauc_mrr_at_5_max": -0.036231,
        "nauc_mrr_at_5_std": -0.063907,
        "nauc_mrr_at_5_diff1": 0.083844,
        "nauc_mrr_at_10_max": -0.037073,
        "nauc_mrr_at_10_std": -0.060607,
        "nauc_mrr_at_10_diff1": 0.079555,
        "nauc_mrr_at_20_max": -0.035971,
        "nauc_mrr_at_20_std": -0.058717,
        "nauc_mrr_at_20_diff1": 0.080524,
        "nauc_mrr_at_100_max": -0.036214,
        "nauc_mrr_at_100_std": -0.05863,
        "nauc_mrr_at_100_diff1": 0.081656,
        "nauc_mrr_at_1000_max": -0.036473,
        "nauc_mrr_at_1000_std": -0.058856,
        "nauc_mrr_at_1000_diff1": 0.081613,
        "main_score": 0.50209,
        "hf_subset": "default",
        "languages": [
          "eng-Latn"
        ]
      }
    ]
  },
  "evaluation_time": 69.89412999153137,
  "kg_co2_emissions": null
}