{
  "dataset_revision": "c22ab2a51041ffd869aaddef7af8d8215647e41a",
  "task_name": "ArguAna",
  "mteb_version": "1.39.7",
  "scores": {
    "test": [
      {
        "ndcg_at_1": 0.0,
        "ndcg_at_3": 0.0008,
        "ndcg_at_5": 0.0008,
        "ndcg_at_10": 0.00149,
        "ndcg_at_20": 0.00241,
        "ndcg_at_100": 0.00613,
        "ndcg_at_1000": 0.02148,
        "map_at_1": 0.0,
        "map_at_3": 0.00059,
        "map_at_5": 0.00059,
        "map_at_10": 0.00087,
        "map_at_20": 0.00114,
        "map_at_100": 0.00152,
        "map_at_1000": 0.00188,
        "recall_at_1": 0.0,
        "recall_at_3": 0.00142,
        "recall_at_5": 0.00142,
        "recall_at_10": 0.00356,
        "recall_at_20": 0.00711,
        "recall_at_100": 0.02916,
        "recall_at_1000": 0.16287,
        "precision_at_1": 0.0,
        "precision_at_3": 0.00047,
        "precision_at_5": 0.00028,
        "precision_at_10": 0.00036,
        "precision_at_20": 0.00036,
        "precision_at_100": 0.00029,
        "precision_at_1000": 0.00016,
        "mrr_at_1": 0.0,
        "mrr_at_3": 0.000593,
        "mrr_at_5": 0.000593,
        "mrr_at_10": 0.000872,
        "mrr_at_20": 0.001139,
        "mrr_at_100": 0.001517,
        "mrr_at_1000": 0.001883,
        "nauc_ndcg_at_1_max": NaN,
        "nauc_ndcg_at_1_std": NaN,
        "nauc_ndcg_at_1_diff1": NaN,
        "nauc_ndcg_at_3_max": 0.210383,
        "nauc_ndcg_at_3_std": -0.260441,
        "nauc_ndcg_at_3_diff1": -0.461763,
        "nauc_ndcg_at_5_max": 0.210383,
        "nauc_ndcg_at_5_std": -0.260441,
        "nauc_ndcg_at_5_diff1": -0.461763,
        "nauc_ndcg_at_10_max": 0.522991,
        "nauc_ndcg_at_10_std": -0.331745,
        "nauc_ndcg_at_10_diff1": -0.458359,
        "nauc_ndcg_at_20_max": 0.386876,
        "nauc_ndcg_at_20_std": -0.299877,
        "nauc_ndcg_at_20_diff1": -0.432389,
        "nauc_ndcg_at_100_max": 0.285889,
        "nauc_ndcg_at_100_std": -0.19785,
        "nauc_ndcg_at_100_diff1": -0.248135,
        "nauc_ndcg_at_1000_max": 0.149147,
        "nauc_ndcg_at_1000_std": -0.082119,
        "nauc_ndcg_at_1000_diff1": -0.074765,
        "nauc_map_at_1_max": NaN,
        "nauc_map_at_1_std": NaN,
        "nauc_map_at_1_diff1": NaN,
        "nauc_map_at_3_max": 0.150776,
        "nauc_map_at_3_std": -0.242361,
        "nauc_map_at_3_diff1": -0.472563,
        "nauc_map_at_5_max": 0.150776,
        "nauc_map_at_5_std": -0.242361,
        "nauc_map_at_5_diff1": -0.472563,
        "nauc_map_at_10_max": 0.388466,
        "nauc_map_at_10_std": -0.297792,
        "nauc_map_at_10_diff1": -0.467795,
        "nauc_map_at_20_max": 0.341253,
        "nauc_map_at_20_std": -0.289301,
        "nauc_map_at_20_diff1": -0.447565,
        "nauc_map_at_100_max": 0.29864,
        "nauc_map_at_100_std": -0.236684,
        "nauc_map_at_100_diff1": -0.36207,
        "nauc_map_at_1000_max": 0.261627,
        "nauc_map_at_1000_std": -0.19975,
        "nauc_map_at_1000_diff1": -0.290274,
        "nauc_recall_at_1_max": NaN,
        "nauc_recall_at_1_std": NaN,
        "nauc_recall_at_1_diff1": NaN,
        "nauc_recall_at_3_max": 0.292313,
        "nauc_recall_at_3_std": -0.285291,
        "nauc_recall_at_3_diff1": -0.446918,
        "nauc_recall_at_5_max": 0.292313,
        "nauc_recall_at_5_std": -0.285291,
        "nauc_recall_at_5_diff1": -0.446918,
        "nauc_recall_at_10_max": 0.649453,
        "nauc_recall_at_10_std": -0.36334,
        "nauc_recall_at_10_diff1": -0.450019,
        "nauc_recall_at_20_max": 0.40326,
        "nauc_recall_at_20_std": -0.302532,
        "nauc_recall_at_20_diff1": -0.422657,
        "nauc_recall_at_100_max": 0.275656,
        "nauc_recall_at_100_std": -0.184739,
        "nauc_recall_at_100_diff1": -0.20557,
        "nauc_recall_at_1000_max": 0.123107,
        "nauc_recall_at_1000_std": -0.058787,
        "nauc_recall_at_1000_diff1": -0.040809,
        "nauc_precision_at_1_max": NaN,
        "nauc_precision_at_1_std": NaN,
        "nauc_precision_at_1_diff1": NaN,
        "nauc_precision_at_3_max": 0.292313,
        "nauc_precision_at_3_std": -0.285291,
        "nauc_precision_at_3_diff1": -0.446918,
        "nauc_precision_at_5_max": 0.292313,
        "nauc_precision_at_5_std": -0.285291,
        "nauc_precision_at_5_diff1": -0.446918,
        "nauc_precision_at_10_max": 0.649453,
        "nauc_precision_at_10_std": -0.36334,
        "nauc_precision_at_10_diff1": -0.450019,
        "nauc_precision_at_20_max": 0.40326,
        "nauc_precision_at_20_std": -0.302532,
        "nauc_precision_at_20_diff1": -0.422657,
        "nauc_precision_at_100_max": 0.275656,
        "nauc_precision_at_100_std": -0.184739,
        "nauc_precision_at_100_diff1": -0.20557,
        "nauc_precision_at_1000_max": 0.123107,
        "nauc_precision_at_1000_std": -0.058787,
        "nauc_precision_at_1000_diff1": -0.040809,
        "nauc_mrr_at_1_max": NaN,
        "nauc_mrr_at_1_std": NaN,
        "nauc_mrr_at_1_diff1": NaN,
        "nauc_mrr_at_3_max": 0.150776,
        "nauc_mrr_at_3_std": -0.242361,
        "nauc_mrr_at_3_diff1": -0.472563,
        "nauc_mrr_at_5_max": 0.150776,
        "nauc_mrr_at_5_std": -0.242361,
        "nauc_mrr_at_5_diff1": -0.472563,
        "nauc_mrr_at_10_max": 0.388466,
        "nauc_mrr_at_10_std": -0.297792,
        "nauc_mrr_at_10_diff1": -0.467795,
        "nauc_mrr_at_20_max": 0.341253,
        "nauc_mrr_at_20_std": -0.289301,
        "nauc_mrr_at_20_diff1": -0.447565,
        "nauc_mrr_at_100_max": 0.29864,
        "nauc_mrr_at_100_std": -0.236684,
        "nauc_mrr_at_100_diff1": -0.36207,
        "nauc_mrr_at_1000_max": 0.261628,
        "nauc_mrr_at_1000_std": -0.199753,
        "nauc_mrr_at_1000_diff1": -0.290275,
        "main_score": 0.00149,
        "hf_subset": "default",
        "languages": [
          "eng-Latn"
        ]
      }
    ]
  },
  "evaluation_time": 75.53520846366882,
  "kg_co2_emissions": null
}