{
  "dataset_revision": "ec0fa4fe99da2ff19ca1214b7966684033a58814",
  "task_name": "NFCorpus",
  "mteb_version": "1.39.7",
  "scores": {
    "test": [
      {
        "ndcg_at_1": 0.00619,
        "ndcg_at_3": 0.00774,
        "ndcg_at_5": 0.00873,
        "ndcg_at_10": 0.00979,
        "ndcg_at_20": 0.01193,
        "ndcg_at_100": 0.01876,
        "ndcg_at_1000": 0.08891,
        "map_at_1": 0.00065,
        "map_at_3": 0.00097,
        "map_at_5": 0.00102,
        "map_at_10": 0.0012,
        "map_at_20": 0.00153,
        "map_at_100": 0.00215,
        "map_at_1000": 0.00524,
        "recall_at_1": 0.00065,
        "recall_at_3": 0.00156,
        "recall_at_5": 0.0018,
        "recall_at_10": 0.00319,
        "recall_at_20": 0.00787,
        "recall_at_100": 0.02783,
        "recall_at_1000": 0.2591,
        "precision_at_1": 0.00619,
        "precision_at_3": 0.01032,
        "precision_at_5": 0.01053,
        "precision_at_10": 0.01084,
        "precision_at_20": 0.01146,
        "precision_at_100": 0.0104,
        "precision_at_1000": 0.01049,
        "mrr_at_1": 0.021672,
        "mrr_at_3": 0.026832,
        "mrr_at_5": 0.031166,
        "mrr_at_10": 0.03719,
        "mrr_at_20": 0.041929,
        "mrr_at_100": 0.047383,
        "mrr_at_1000": 0.049036,
        "nauc_ndcg_at_1_max": -0.321957,
        "nauc_ndcg_at_1_std": 0.549491,
        "nauc_ndcg_at_1_diff1": -0.137781,
        "nauc_ndcg_at_3_max": -0.226435,
        "nauc_ndcg_at_3_std": 0.265113,
        "nauc_ndcg_at_3_diff1": -0.288966,
        "nauc_ndcg_at_5_max": -0.108371,
        "nauc_ndcg_at_5_std": 0.131287,
        "nauc_ndcg_at_5_diff1": -0.206439,
        "nauc_ndcg_at_10_max": -0.104215,
        "nauc_ndcg_at_10_std": 0.142874,
        "nauc_ndcg_at_10_diff1": -0.170006,
        "nauc_ndcg_at_20_max": 0.000388,
        "nauc_ndcg_at_20_std": 0.05534,
        "nauc_ndcg_at_20_diff1": -0.133058,
        "nauc_ndcg_at_100_max": 0.012326,
        "nauc_ndcg_at_100_std": 0.033815,
        "nauc_ndcg_at_100_diff1": -0.088026,
        "nauc_ndcg_at_1000_max": 0.087406,
        "nauc_ndcg_at_1000_std": 0.009441,
        "nauc_ndcg_at_1000_diff1": 0.047093,
        "nauc_map_at_1_max": -0.547885,
        "nauc_map_at_1_std": 0.953556,
        "nauc_map_at_1_diff1": -0.198522,
        "nauc_map_at_3_max": -0.461299,
        "nauc_map_at_3_std": 0.747361,
        "nauc_map_at_3_diff1": -0.200191,
        "nauc_map_at_5_max": -0.448149,
        "nauc_map_at_5_std": 0.69674,
        "nauc_map_at_5_diff1": -0.200916,
        "nauc_map_at_10_max": -0.357818,
        "nauc_map_at_10_std": 0.603268,
        "nauc_map_at_10_diff1": -0.163427,
        "nauc_map_at_20_max": -0.215803,
        "nauc_map_at_20_std": 0.412219,
        "nauc_map_at_20_diff1": -0.160925,
        "nauc_map_at_100_max": -0.154264,
        "nauc_map_at_100_std": 0.305217,
        "nauc_map_at_100_diff1": -0.13912,
        "nauc_map_at_1000_max": -0.071293,
        "nauc_map_at_1000_std": 0.142359,
        "nauc_map_at_1000_diff1": -0.090318,
        "nauc_recall_at_1_max": -0.547885,
        "nauc_recall_at_1_std": 0.953556,
        "nauc_recall_at_1_diff1": -0.198522,
        "nauc_recall_at_3_max": -0.392476,
        "nauc_recall_at_3_std": 0.578579,
        "nauc_recall_at_3_diff1": -0.196534,
        "nauc_recall_at_5_max": -0.368678,
        "nauc_recall_at_5_std": 0.469391,
        "nauc_recall_at_5_diff1": -0.198533,
        "nauc_recall_at_10_max": -0.10785,
        "nauc_recall_at_10_std": 0.286428,
        "nauc_recall_at_10_diff1": -0.062867,
        "nauc_recall_at_20_max": 0.180607,
        "nauc_recall_at_20_std": -0.069481,
        "nauc_recall_at_20_diff1": -0.107181,
        "nauc_recall_at_100_max": 0.148365,
        "nauc_recall_at_100_std": -0.077389,
        "nauc_recall_at_100_diff1": -0.056773,
        "nauc_recall_at_1000_max": 0.133676,
        "nauc_recall_at_1000_std": -0.028374,
        "nauc_recall_at_1000_diff1": 0.083041,
        "nauc_precision_at_1_max": -0.321957,
        "nauc_precision_at_1_std": 0.549491,
        "nauc_precision_at_1_diff1": -0.137781,
        "nauc_precision_at_3_max": -0.139364,
        "nauc_precision_at_3_std": 0.162795,
        "nauc_precision_at_3_diff1": -0.314752,
        "nauc_precision_at_5_max": -0.031438,
        "nauc_precision_at_5_std": 0.040711,
        "nauc_precision_at_5_diff1": -0.206369,
        "nauc_precision_at_10_max": -0.043126,
        "nauc_precision_at_10_std": 0.055093,
        "nauc_precision_at_10_diff1": -0.163557,
        "nauc_precision_at_20_max": 0.049542,
        "nauc_precision_at_20_std": -0.034997,
        "nauc_precision_at_20_diff1": -0.108043,
        "nauc_precision_at_100_max": 0.003258,
        "nauc_precision_at_100_std": -0.037532,
        "nauc_precision_at_100_diff1": -0.073419,
        "nauc_precision_at_1000_max": 0.005404,
        "nauc_precision_at_1000_std": -0.046512,
        "nauc_precision_at_1000_diff1": -0.050914,
        "nauc_mrr_at_1_max": -0.190064,
        "nauc_mrr_at_1_std": -0.081074,
        "nauc_mrr_at_1_diff1": -0.433544,
        "nauc_mrr_at_3_max": -0.154046,
        "nauc_mrr_at_3_std": -0.046131,
        "nauc_mrr_at_3_diff1": -0.377979,
        "nauc_mrr_at_5_max": -0.143664,
        "nauc_mrr_at_5_std": -0.041315,
        "nauc_mrr_at_5_diff1": -0.337157,
        "nauc_mrr_at_10_max": -0.093498,
        "nauc_mrr_at_10_std": -0.02185,
        "nauc_mrr_at_10_diff1": -0.287553,
        "nauc_mrr_at_20_max": -0.080966,
        "nauc_mrr_at_20_std": -0.008084,
        "nauc_mrr_at_20_diff1": -0.263897,
        "nauc_mrr_at_100_max": -0.072423,
        "nauc_mrr_at_100_std": -0.007144,
        "nauc_mrr_at_100_diff1": -0.239663,
        "nauc_mrr_at_1000_max": -0.071269,
        "nauc_mrr_at_1000_std": -0.009289,
        "nauc_mrr_at_1000_diff1": -0.240903,
        "main_score": 0.00979,
        "hf_subset": "default",
        "languages": [
          "eng-Latn"
        ]
      }
    ]
  },
  "evaluation_time": 63.137418270111084,
  "kg_co2_emissions": null
}