{
  "dataset_revision": "ec0fa4fe99da2ff19ca1214b7966684033a58814",
  "task_name": "NFCorpus",
  "mteb_version": "1.39.7",
  "scores": {
    "test": [
      {
        "ndcg_at_1": 0.00464,
        "ndcg_at_3": 0.00927,
        "ndcg_at_5": 0.00981,
        "ndcg_at_10": 0.01002,
        "ndcg_at_20": 0.01166,
        "ndcg_at_100": 0.01914,
        "ndcg_at_1000": 0.09141,
        "map_at_1": 0.00053,
        "map_at_3": 0.00075,
        "map_at_5": 0.00095,
        "map_at_10": 0.00115,
        "map_at_20": 0.00134,
        "map_at_100": 0.00195,
        "map_at_1000": 0.00517,
        "recall_at_1": 0.00053,
        "recall_at_3": 0.001,
        "recall_at_5": 0.00192,
        "recall_at_10": 0.00352,
        "recall_at_20": 0.0059,
        "recall_at_100": 0.0269,
        "recall_at_1000": 0.27854,
        "precision_at_1": 0.00619,
        "precision_at_3": 0.01135,
        "precision_at_5": 0.01176,
        "precision_at_10": 0.01115,
        "precision_at_20": 0.01192,
        "precision_at_100": 0.01121,
        "precision_at_1000": 0.01058,
        "mrr_at_1": 0.006192,
        "mrr_at_3": 0.017544,
        "mrr_at_5": 0.022497,
        "mrr_at_10": 0.027372,
        "mrr_at_20": 0.032862,
        "mrr_at_100": 0.038639,
        "mrr_at_1000": 0.040281,
        "nauc_ndcg_at_1_max": -0.049236,
        "nauc_ndcg_at_1_std": 0.528535,
        "nauc_ndcg_at_1_diff1": 0.475382,
        "nauc_ndcg_at_3_max": -0.171899,
        "nauc_ndcg_at_3_std": 0.123601,
        "nauc_ndcg_at_3_diff1": 0.190417,
        "nauc_ndcg_at_5_max": -0.071367,
        "nauc_ndcg_at_5_std": 0.06341,
        "nauc_ndcg_at_5_diff1": 0.086463,
        "nauc_ndcg_at_10_max": -0.06693,
        "nauc_ndcg_at_10_std": 0.002994,
        "nauc_ndcg_at_10_diff1": -0.006056,
        "nauc_ndcg_at_20_max": -0.068544,
        "nauc_ndcg_at_20_std": 0.018443,
        "nauc_ndcg_at_20_diff1": 0.01997,
        "nauc_ndcg_at_100_max": 0.033415,
        "nauc_ndcg_at_100_std": -0.077657,
        "nauc_ndcg_at_100_diff1": -0.054629,
        "nauc_ndcg_at_1000_max": 0.042902,
        "nauc_ndcg_at_1000_std": -0.048005,
        "nauc_ndcg_at_1000_diff1": -0.009565,
        "nauc_map_at_1_max": 0.081919,
        "nauc_map_at_1_std": 0.410668,
        "nauc_map_at_1_diff1": 0.344228,
        "nauc_map_at_3_max": -0.049192,
        "nauc_map_at_3_std": 0.444033,
        "nauc_map_at_3_diff1": 0.405484,
        "nauc_map_at_5_max": 0.000498,
        "nauc_map_at_5_std": 0.273021,
        "nauc_map_at_5_diff1": 0.247065,
        "nauc_map_at_10_max": -0.004579,
        "nauc_map_at_10_std": 0.206282,
        "nauc_map_at_10_diff1": 0.193209,
        "nauc_map_at_20_max": 0.004952,
        "nauc_map_at_20_std": 0.175072,
        "nauc_map_at_20_diff1": 0.159752,
        "nauc_map_at_100_max": 0.044718,
        "nauc_map_at_100_std": 0.077123,
        "nauc_map_at_100_diff1": 0.079719,
        "nauc_map_at_1000_max": 0.007761,
        "nauc_map_at_1000_std": 0.00603,
        "nauc_map_at_1000_diff1": 0.040193,
        "nauc_recall_at_1_max": 0.081919,
        "nauc_recall_at_1_std": 0.410668,
        "nauc_recall_at_1_diff1": 0.344228,
        "nauc_recall_at_3_max": -0.117682,
        "nauc_recall_at_3_std": 0.450249,
        "nauc_recall_at_3_diff1": 0.433055,
        "nauc_recall_at_5_max": 0.030925,
        "nauc_recall_at_5_std": 0.040828,
        "nauc_recall_at_5_diff1": 0.038041,
        "nauc_recall_at_10_max": -0.000929,
        "nauc_recall_at_10_std": -0.033417,
        "nauc_recall_at_10_diff1": -0.014278,
        "nauc_recall_at_20_max": 0.037851,
        "nauc_recall_at_20_std": -0.056,
        "nauc_recall_at_20_diff1": -0.03205,
        "nauc_recall_at_100_max": 0.147824,
        "nauc_recall_at_100_std": -0.168081,
        "nauc_recall_at_100_diff1": -0.147332,
        "nauc_recall_at_1000_max": 0.095929,
        "nauc_recall_at_1000_std": -0.091206,
        "nauc_recall_at_1000_diff1": -0.056013,
        "nauc_precision_at_1_max": 0.213073,
        "nauc_precision_at_1_std": 0.292802,
        "nauc_precision_at_1_diff1": 0.213073,
        "nauc_precision_at_3_max": -0.13232,
        "nauc_precision_at_3_std": 0.064771,
        "nauc_precision_at_3_diff1": 0.129819,
        "nauc_precision_at_5_max": 0.037716,
        "nauc_precision_at_5_std": -0.021296,
        "nauc_precision_at_5_diff1": -1.6e-05,
        "nauc_precision_at_10_max": -0.039658,
        "nauc_precision_at_10_std": -0.010599,
        "nauc_precision_at_10_diff1": -0.050725,
        "nauc_precision_at_20_max": -0.058656,
        "nauc_precision_at_20_std": 0.010557,
        "nauc_precision_at_20_diff1": -0.002226,
        "nauc_precision_at_100_max": 0.009508,
        "nauc_precision_at_100_std": -0.10894,
        "nauc_precision_at_100_diff1": -0.070386,
        "nauc_precision_at_1000_max": -0.04325,
        "nauc_precision_at_1000_std": -0.040707,
        "nauc_precision_at_1000_diff1": 0.007155,
        "nauc_mrr_at_1_max": 0.213073,
        "nauc_mrr_at_1_std": 0.292802,
        "nauc_mrr_at_1_diff1": 0.213073,
        "nauc_mrr_at_3_max": -0.063417,
        "nauc_mrr_at_3_std": 0.150928,
        "nauc_mrr_at_3_diff1": 0.190294,
        "nauc_mrr_at_5_max": 0.022555,
        "nauc_mrr_at_5_std": 0.098415,
        "nauc_mrr_at_5_diff1": 0.095397,
        "nauc_mrr_at_10_max": -0.002729,
        "nauc_mrr_at_10_std": 0.096801,
        "nauc_mrr_at_10_diff1": 0.07995,
        "nauc_mrr_at_20_max": -0.004486,
        "nauc_mrr_at_20_std": 0.085766,
        "nauc_mrr_at_20_diff1": 0.085023,
        "nauc_mrr_at_100_max": 0.000799,
        "nauc_mrr_at_100_std": 0.067957,
        "nauc_mrr_at_100_diff1": 0.06331,
        "nauc_mrr_at_1000_max": 0.000933,
        "nauc_mrr_at_1000_std": 0.070027,
        "nauc_mrr_at_1000_diff1": 0.06651,
        "main_score": 0.01002,
        "hf_subset": "default",
        "languages": [
          "eng-Latn"
        ]
      }
    ]
  },
  "evaluation_time": 31.92466163635254,
  "kg_co2_emissions": null
}