{
  "dataset_revision": "f8c2fcf00f625baaa80f62ec5bd9e1fff3b8ae88",
  "task_name": "SCIDOCS",
  "mteb_version": "1.39.7",
  "scores": {
    "test": [
      {
        "ndcg_at_1": 0.0,
        "ndcg_at_3": 0.00023,
        "ndcg_at_5": 0.0003,
        "ndcg_at_10": 0.00041,
        "ndcg_at_20": 0.0005,
        "ndcg_at_100": 0.00186,
        "ndcg_at_1000": 0.00996,
        "map_at_1": 0.0,
        "map_at_3": 7e-05,
        "map_at_5": 0.00011,
        "map_at_10": 0.00014,
        "map_at_20": 0.00015,
        "map_at_100": 0.00025,
        "map_at_1000": 0.00036,
        "recall_at_1": 0.0,
        "recall_at_3": 0.0002,
        "recall_at_5": 0.0004,
        "recall_at_10": 0.0006,
        "recall_at_20": 0.0008,
        "recall_at_100": 0.00543,
        "recall_at_1000": 0.04812,
        "precision_at_1": 0.0,
        "precision_at_3": 0.00033,
        "precision_at_5": 0.0004,
        "precision_at_10": 0.0003,
        "precision_at_20": 0.0002,
        "precision_at_100": 0.00026,
        "precision_at_1000": 0.00024,
        "mrr_at_1": 0.0,
        "mrr_at_3": 0.0005,
        "mrr_at_5": 0.0005,
        "mrr_at_10": 0.000792,
        "mrr_at_20": 0.001002,
        "mrr_at_100": 0.001541,
        "mrr_at_1000": 0.002063,
        "nauc_ndcg_at_1_max": NaN,
        "nauc_ndcg_at_1_std": NaN,
        "nauc_ndcg_at_1_diff1": NaN,
        "nauc_ndcg_at_3_max": -0.205796,
        "nauc_ndcg_at_3_std": -0.318487,
        "nauc_ndcg_at_3_diff1": 0.098471,
        "nauc_ndcg_at_5_max": -0.297087,
        "nauc_ndcg_at_5_std": -0.360621,
        "nauc_ndcg_at_5_diff1": -0.034253,
        "nauc_ndcg_at_10_max": -0.035101,
        "nauc_ndcg_at_10_std": -0.398587,
        "nauc_ndcg_at_10_diff1": -0.138288,
        "nauc_ndcg_at_20_max": 0.02485,
        "nauc_ndcg_at_20_std": -0.385209,
        "nauc_ndcg_at_20_diff1": -0.00464,
        "nauc_ndcg_at_100_max": 0.052519,
        "nauc_ndcg_at_100_std": -0.057716,
        "nauc_ndcg_at_100_diff1": -0.017874,
        "nauc_ndcg_at_1000_max": -0.014845,
        "nauc_ndcg_at_1000_std": 0.085809,
        "nauc_ndcg_at_1000_diff1": -0.023805,
        "nauc_map_at_1_max": NaN,
        "nauc_map_at_1_std": NaN,
        "nauc_map_at_1_diff1": NaN,
        "nauc_map_at_3_max": -0.205796,
        "nauc_map_at_3_std": -0.318487,
        "nauc_map_at_3_diff1": 0.098471,
        "nauc_map_at_5_max": -0.284277,
        "nauc_map_at_5_std": -0.354709,
        "nauc_map_at_5_diff1": -0.015629,
        "nauc_map_at_10_max": -0.084375,
        "nauc_map_at_10_std": -0.385319,
        "nauc_map_at_10_diff1": -0.10002,
        "nauc_map_at_20_max": -0.049835,
        "nauc_map_at_20_std": -0.379665,
        "nauc_map_at_20_diff1": -0.035552,
        "nauc_map_at_100_max": 0.011522,
        "nauc_map_at_100_std": -0.213266,
        "nauc_map_at_100_diff1": -0.015439,
        "nauc_map_at_1000_max": -0.008127,
        "nauc_map_at_1000_std": -0.12088,
        "nauc_map_at_1000_diff1": -0.022991,
        "nauc_recall_at_1_max": NaN,
        "nauc_recall_at_1_std": NaN,
        "nauc_recall_at_1_diff1": NaN,
        "nauc_recall_at_3_max": -0.205796,
        "nauc_recall_at_3_std": -0.318487,
        "nauc_recall_at_3_diff1": 0.098471,
        "nauc_recall_at_5_max": -0.310437,
        "nauc_recall_at_5_std": -0.366783,
        "nauc_recall_at_5_diff1": -0.053662,
        "nauc_recall_at_10_max": 0.013684,
        "nauc_recall_at_10_std": -0.411054,
        "nauc_recall_at_10_diff1": -0.174135,
        "nauc_recall_at_20_max": 0.091226,
        "nauc_recall_at_20_std": -0.387913,
        "nauc_recall_at_20_diff1": 0.034881,
        "nauc_recall_at_100_max": 0.075004,
        "nauc_recall_at_100_std": 0.011574,
        "nauc_recall_at_100_diff1": -0.020477,
        "nauc_recall_at_1000_max": -0.012051,
        "nauc_recall_at_1000_std": 0.111834,
        "nauc_recall_at_1000_diff1": -0.018068,
        "nauc_precision_at_1_max": NaN,
        "nauc_precision_at_1_std": NaN,
        "nauc_precision_at_1_diff1": NaN,
        "nauc_precision_at_3_max": -0.205796,
        "nauc_precision_at_3_std": -0.318487,
        "nauc_precision_at_3_diff1": 0.098471,
        "nauc_precision_at_5_max": -0.310437,
        "nauc_precision_at_5_std": -0.366783,
        "nauc_precision_at_5_diff1": -0.053662,
        "nauc_precision_at_10_max": 0.013684,
        "nauc_precision_at_10_std": -0.411054,
        "nauc_precision_at_10_diff1": -0.174135,
        "nauc_precision_at_20_max": 0.091226,
        "nauc_precision_at_20_std": -0.387913,
        "nauc_precision_at_20_diff1": 0.034881,
        "nauc_precision_at_100_max": 0.04325,
        "nauc_precision_at_100_std": -0.005717,
        "nauc_precision_at_100_diff1": -0.028307,
        "nauc_precision_at_1000_max": -0.022345,
        "nauc_precision_at_1000_std": 0.112125,
        "nauc_precision_at_1000_diff1": -0.02689,
        "nauc_mrr_at_1_max": NaN,
        "nauc_mrr_at_1_std": NaN,
        "nauc_mrr_at_1_diff1": NaN,
        "nauc_mrr_at_3_max": -0.205796,
        "nauc_mrr_at_3_std": -0.318487,
        "nauc_mrr_at_3_diff1": 0.098471,
        "nauc_mrr_at_5_max": -0.205796,
        "nauc_mrr_at_5_std": -0.318487,
        "nauc_mrr_at_5_diff1": 0.098471,
        "nauc_mrr_at_10_max": -0.112847,
        "nauc_mrr_at_10_std": -0.367418,
        "nauc_mrr_at_10_diff1": -0.046672,
        "nauc_mrr_at_20_max": -0.057765,
        "nauc_mrr_at_20_std": -0.377968,
        "nauc_mrr_at_20_diff1": -0.025476,
        "nauc_mrr_at_100_max": -0.04593,
        "nauc_mrr_at_100_std": -0.18102,
        "nauc_mrr_at_100_diff1": -0.01363,
        "nauc_mrr_at_1000_max": -0.045475,
        "nauc_mrr_at_1000_std": -0.122651,
        "nauc_mrr_at_1000_diff1": -0.025859,
        "main_score": 0.00041,
        "hf_subset": "default",
        "languages": [
          "eng-Latn"
        ]
      }
    ]
  },
  "evaluation_time": 425.3707597255707,
  "kg_co2_emissions": null
}