{
  "dataset_revision": "f8c2fcf00f625baaa80f62ec5bd9e1fff3b8ae88",
  "task_name": "SCIDOCS",
  "mteb_version": "1.39.7",
  "scores": {
    "test": [
      {
        "ndcg_at_1": 0.171,
        "ndcg_at_3": 0.13525,
        "ndcg_at_5": 0.11842,
        "ndcg_at_10": 0.13776,
        "ndcg_at_20": 0.15765,
        "ndcg_at_100": 0.19904,
        "ndcg_at_1000": 0.25081,
        "map_at_1": 0.0345,
        "map_at_3": 0.05879,
        "map_at_5": 0.0701,
        "map_at_10": 0.07885,
        "map_at_20": 0.08518,
        "map_at_100": 0.0925,
        "map_at_1000": 0.09491,
        "recall_at_1": 0.0345,
        "recall_at_3": 0.07555,
        "recall_at_5": 0.10463,
        "recall_at_10": 0.14038,
        "recall_at_20": 0.1874,
        "recall_at_100": 0.32072,
        "recall_at_1000": 0.57763,
        "precision_at_1": 0.171,
        "precision_at_3": 0.12467,
        "precision_at_5": 0.1032,
        "precision_at_10": 0.0692,
        "precision_at_20": 0.04615,
        "precision_at_100": 0.01581,
        "precision_at_1000": 0.00284,
        "mrr_at_1": 0.171,
        "mrr_at_3": 0.229333,
        "mrr_at_5": 0.246033,
        "mrr_at_10": 0.256664,
        "mrr_at_20": 0.263061,
        "mrr_at_100": 0.267892,
        "mrr_at_1000": 0.268716,
        "nauc_ndcg_at_1_max": 0.231798,
        "nauc_ndcg_at_1_std": 0.087742,
        "nauc_ndcg_at_1_diff1": 0.195609,
        "nauc_ndcg_at_3_max": 0.252382,
        "nauc_ndcg_at_3_std": 0.130047,
        "nauc_ndcg_at_3_diff1": 0.182553,
        "nauc_ndcg_at_5_max": 0.252998,
        "nauc_ndcg_at_5_std": 0.148253,
        "nauc_ndcg_at_5_diff1": 0.157191,
        "nauc_ndcg_at_10_max": 0.271492,
        "nauc_ndcg_at_10_std": 0.17295,
        "nauc_ndcg_at_10_diff1": 0.145614,
        "nauc_ndcg_at_20_max": 0.283496,
        "nauc_ndcg_at_20_std": 0.201909,
        "nauc_ndcg_at_20_diff1": 0.140306,
        "nauc_ndcg_at_100_max": 0.299992,
        "nauc_ndcg_at_100_std": 0.26483,
        "nauc_ndcg_at_100_diff1": 0.135387,
        "nauc_ndcg_at_1000_max": 0.312483,
        "nauc_ndcg_at_1000_std": 0.289156,
        "nauc_ndcg_at_1000_diff1": 0.141617,
        "nauc_map_at_1_max": 0.231836,
        "nauc_map_at_1_std": 0.089463,
        "nauc_map_at_1_diff1": 0.193462,
        "nauc_map_at_3_max": 0.25597,
        "nauc_map_at_3_std": 0.115825,
        "nauc_map_at_3_diff1": 0.190598,
        "nauc_map_at_5_max": 0.255017,
        "nauc_map_at_5_std": 0.125181,
        "nauc_map_at_5_diff1": 0.169175,
        "nauc_map_at_10_max": 0.274222,
        "nauc_map_at_10_std": 0.147589,
        "nauc_map_at_10_diff1": 0.16155,
        "nauc_map_at_20_max": 0.284856,
        "nauc_map_at_20_std": 0.167029,
        "nauc_map_at_20_diff1": 0.156521,
        "nauc_map_at_100_max": 0.289053,
        "nauc_map_at_100_std": 0.191201,
        "nauc_map_at_100_diff1": 0.152861,
        "nauc_map_at_1000_max": 0.29001,
        "nauc_map_at_1000_std": 0.194868,
        "nauc_map_at_1000_diff1": 0.152366,
        "nauc_recall_at_1_max": 0.231836,
        "nauc_recall_at_1_std": 0.089463,
        "nauc_recall_at_1_diff1": 0.193462,
        "nauc_recall_at_3_max": 0.25678,
        "nauc_recall_at_3_std": 0.146654,
        "nauc_recall_at_3_diff1": 0.173648,
        "nauc_recall_at_5_max": 0.248486,
        "nauc_recall_at_5_std": 0.166845,
        "nauc_recall_at_5_diff1": 0.128448,
        "nauc_recall_at_10_max": 0.275814,
        "nauc_recall_at_10_std": 0.205905,
        "nauc_recall_at_10_diff1": 0.106867,
        "nauc_recall_at_20_max": 0.282034,
        "nauc_recall_at_20_std": 0.25189,
        "nauc_recall_at_20_diff1": 0.093391,
        "nauc_recall_at_100_max": 0.295414,
        "nauc_recall_at_100_std": 0.369147,
        "nauc_recall_at_100_diff1": 0.077474,
        "nauc_recall_at_1000_max": 0.304647,
        "nauc_recall_at_1000_std": 0.421429,
        "nauc_recall_at_1000_diff1": 0.087154,
        "nauc_precision_at_1_max": 0.231798,
        "nauc_precision_at_1_std": 0.087742,
        "nauc_precision_at_1_diff1": 0.195609,
        "nauc_precision_at_3_max": 0.257245,
        "nauc_precision_at_3_std": 0.144822,
        "nauc_precision_at_3_diff1": 0.175929,
        "nauc_precision_at_5_max": 0.252663,
        "nauc_precision_at_5_std": 0.16838,
        "nauc_precision_at_5_diff1": 0.133081,
        "nauc_precision_at_10_max": 0.280463,
        "nauc_precision_at_10_std": 0.206914,
        "nauc_precision_at_10_diff1": 0.110482,
        "nauc_precision_at_20_max": 0.285085,
        "nauc_precision_at_20_std": 0.250158,
        "nauc_precision_at_20_diff1": 0.09379,
        "nauc_precision_at_100_max": 0.295416,
        "nauc_precision_at_100_std": 0.363153,
        "nauc_precision_at_100_diff1": 0.077765,
        "nauc_precision_at_1000_max": 0.305442,
        "nauc_precision_at_1000_std": 0.410541,
        "nauc_precision_at_1000_diff1": 0.089101,
        "nauc_mrr_at_1_max": 0.231798,
        "nauc_mrr_at_1_std": 0.087742,
        "nauc_mrr_at_1_diff1": 0.195609,
        "nauc_mrr_at_3_max": 0.241962,
        "nauc_mrr_at_3_std": 0.133484,
        "nauc_mrr_at_3_diff1": 0.175289,
        "nauc_mrr_at_5_max": 0.244032,
        "nauc_mrr_at_5_std": 0.147128,
        "nauc_mrr_at_5_diff1": 0.164962,
        "nauc_mrr_at_10_max": 0.243334,
        "nauc_mrr_at_10_std": 0.148415,
        "nauc_mrr_at_10_diff1": 0.160048,
        "nauc_mrr_at_20_max": 0.24403,
        "nauc_mrr_at_20_std": 0.150584,
        "nauc_mrr_at_20_diff1": 0.161663,
        "nauc_mrr_at_100_max": 0.244997,
        "nauc_mrr_at_100_std": 0.152681,
        "nauc_mrr_at_100_diff1": 0.162806,
        "nauc_mrr_at_1000_max": 0.244986,
        "nauc_mrr_at_1000_std": 0.152608,
        "nauc_mrr_at_1000_diff1": 0.162781,
        "main_score": 0.13776,
        "hf_subset": "default",
        "languages": [
          "eng-Latn"
        ]
      }
    ]
  },
  "evaluation_time": 177.80138993263245,
  "kg_co2_emissions": null
}