{
  "dataset_revision": "a34f9a33db75fa0cbb21bb5cfc3dae8dc8bec93f",
  "task_name": "Touche2020",
  "mteb_version": "1.39.7",
  "scores": {
    "test": [
      {
        "ndcg_at_1": 0.16327,
        "ndcg_at_3": 0.18724,
        "ndcg_at_5": 0.19742,
        "ndcg_at_10": 0.19832,
        "ndcg_at_20": 0.21291,
        "ndcg_at_100": 0.3128,
        "ndcg_at_1000": 0.41935,
        "map_at_1": 0.01513,
        "map_at_3": 0.03732,
        "map_at_5": 0.05436,
        "map_at_10": 0.08067,
        "map_at_20": 0.10037,
        "map_at_100": 0.13366,
        "map_at_1000": 0.14681,
        "recall_at_1": 0.01513,
        "recall_at_3": 0.05079,
        "recall_at_5": 0.08534,
        "recall_at_10": 0.14425,
        "recall_at_20": 0.21372,
        "recall_at_100": 0.42484,
        "recall_at_1000": 0.74871,
        "precision_at_1": 0.18367,
        "precision_at_3": 0.21769,
        "precision_at_5": 0.22449,
        "precision_at_10": 0.19184,
        "precision_at_20": 0.15204,
        "precision_at_100": 0.06837,
        "precision_at_1000": 0.01388,
        "mrr_at_1": 0.204082,
        "mrr_at_3": 0.316327,
        "mrr_at_5": 0.354082,
        "mrr_at_10": 0.365355,
        "mrr_at_20": 0.373214,
        "mrr_at_100": 0.378231,
        "mrr_at_1000": 0.37841,
        "nauc_ndcg_at_1_max": -0.268284,
        "nauc_ndcg_at_1_std": -0.15489,
        "nauc_ndcg_at_1_diff1": -0.081108,
        "nauc_ndcg_at_3_max": -0.264772,
        "nauc_ndcg_at_3_std": -0.124554,
        "nauc_ndcg_at_3_diff1": -0.054812,
        "nauc_ndcg_at_5_max": -0.257004,
        "nauc_ndcg_at_5_std": -0.133779,
        "nauc_ndcg_at_5_diff1": -0.073276,
        "nauc_ndcg_at_10_max": -0.241009,
        "nauc_ndcg_at_10_std": -0.171692,
        "nauc_ndcg_at_10_diff1": -0.086951,
        "nauc_ndcg_at_20_max": -0.274313,
        "nauc_ndcg_at_20_std": -0.170424,
        "nauc_ndcg_at_20_diff1": -0.059773,
        "nauc_ndcg_at_100_max": -0.252113,
        "nauc_ndcg_at_100_std": 0.075882,
        "nauc_ndcg_at_100_diff1": -0.104189,
        "nauc_ndcg_at_1000_max": -0.218371,
        "nauc_ndcg_at_1000_std": 0.206765,
        "nauc_ndcg_at_1000_diff1": -0.184071,
        "nauc_map_at_1_max": -0.264705,
        "nauc_map_at_1_std": -0.275438,
        "nauc_map_at_1_diff1": -0.149321,
        "nauc_map_at_3_max": -0.231289,
        "nauc_map_at_3_std": -0.280378,
        "nauc_map_at_3_diff1": -0.109317,
        "nauc_map_at_5_max": -0.207153,
        "nauc_map_at_5_std": -0.272754,
        "nauc_map_at_5_diff1": -0.150704,
        "nauc_map_at_10_max": -0.186676,
        "nauc_map_at_10_std": -0.309714,
        "nauc_map_at_10_diff1": -0.122692,
        "nauc_map_at_20_max": -0.202593,
        "nauc_map_at_20_std": -0.27306,
        "nauc_map_at_20_diff1": -0.114937,
        "nauc_map_at_100_max": -0.190426,
        "nauc_map_at_100_std": -0.142735,
        "nauc_map_at_100_diff1": -0.11079,
        "nauc_map_at_1000_max": -0.194638,
        "nauc_map_at_1000_std": -0.104361,
        "nauc_map_at_1000_diff1": -0.132649,
        "nauc_recall_at_1_max": -0.264705,
        "nauc_recall_at_1_std": -0.275438,
        "nauc_recall_at_1_diff1": -0.149321,
        "nauc_recall_at_3_max": -0.268219,
        "nauc_recall_at_3_std": -0.264979,
        "nauc_recall_at_3_diff1": -0.041497,
        "nauc_recall_at_5_max": -0.255059,
        "nauc_recall_at_5_std": -0.255549,
        "nauc_recall_at_5_diff1": -0.092025,
        "nauc_recall_at_10_max": -0.240986,
        "nauc_recall_at_10_std": -0.288445,
        "nauc_recall_at_10_diff1": -0.058008,
        "nauc_recall_at_20_max": -0.287876,
        "nauc_recall_at_20_std": -0.214025,
        "nauc_recall_at_20_diff1": -0.033716,
        "nauc_recall_at_100_max": -0.250831,
        "nauc_recall_at_100_std": 0.212937,
        "nauc_recall_at_100_diff1": -0.134207,
        "nauc_recall_at_1000_max": -0.125381,
        "nauc_recall_at_1000_std": 0.616081,
        "nauc_recall_at_1000_diff1": -0.327426,
        "nauc_precision_at_1_max": -0.288158,
        "nauc_precision_at_1_std": -0.14805,
        "nauc_precision_at_1_diff1": -0.080651,
        "nauc_precision_at_3_max": -0.296592,
        "nauc_precision_at_3_std": -0.150116,
        "nauc_precision_at_3_diff1": -0.039491,
        "nauc_precision_at_5_max": -0.270683,
        "nauc_precision_at_5_std": -0.13889,
        "nauc_precision_at_5_diff1": -0.077765,
        "nauc_precision_at_10_max": -0.191628,
        "nauc_precision_at_10_std": -0.131045,
        "nauc_precision_at_10_diff1": -0.10089,
        "nauc_precision_at_20_max": -0.225479,
        "nauc_precision_at_20_std": -0.021343,
        "nauc_precision_at_20_diff1": -0.040037,
        "nauc_precision_at_100_max": -0.089894,
        "nauc_precision_at_100_std": 0.526316,
        "nauc_precision_at_100_diff1": -0.153166,
        "nauc_precision_at_1000_max": 0.295602,
        "nauc_precision_at_1000_std": 0.514297,
        "nauc_precision_at_1000_diff1": -0.139582,
        "nauc_mrr_at_1_max": -0.253482,
        "nauc_mrr_at_1_std": -0.05663,
        "nauc_mrr_at_1_diff1": -0.1449,
        "nauc_mrr_at_3_max": -0.292496,
        "nauc_mrr_at_3_std": -0.068873,
        "nauc_mrr_at_3_diff1": -0.031376,
        "nauc_mrr_at_5_max": -0.333591,
        "nauc_mrr_at_5_std": -0.089058,
        "nauc_mrr_at_5_diff1": -0.016998,
        "nauc_mrr_at_10_max": -0.304562,
        "nauc_mrr_at_10_std": -0.059075,
        "nauc_mrr_at_10_diff1": -0.027623,
        "nauc_mrr_at_20_max": -0.309712,
        "nauc_mrr_at_20_std": -0.061939,
        "nauc_mrr_at_20_diff1": -0.041948,
        "nauc_mrr_at_100_max": -0.309899,
        "nauc_mrr_at_100_std": -0.05875,
        "nauc_mrr_at_100_diff1": -0.040374,
        "nauc_mrr_at_1000_max": -0.309043,
        "nauc_mrr_at_1000_std": -0.05932,
        "nauc_mrr_at_1000_diff1": -0.040061,
        "main_score": 0.19832,
        "hf_subset": "default",
        "languages": [
          "eng-Latn"
        ]
      }
    ]
  },
  "evaluation_time": 2159.613478899002,
  "kg_co2_emissions": null
}