{
  "dataset_revision": "bb9466bac8153a0349341eb1b22e06409e78ef4e",
  "task_name": "TRECCOVID",
  "mteb_version": "1.39.7",
  "scores": {
    "test": [
      {
        "ndcg_at_1": 0.14,
        "ndcg_at_3": 0.1448,
        "ndcg_at_5": 0.14055,
        "ndcg_at_10": 0.12809,
        "ndcg_at_20": 0.11695,
        "ndcg_at_100": 0.07991,
        "ndcg_at_1000": 0.07713,
        "map_at_1": 0.00045,
        "map_at_3": 0.00101,
        "map_at_5": 0.00141,
        "map_at_10": 0.00217,
        "map_at_20": 0.00331,
        "map_at_100": 0.0077,
        "map_at_1000": 0.01538,
        "recall_at_1": 0.00045,
        "recall_at_3": 0.00116,
        "recall_at_5": 0.00185,
        "recall_at_10": 0.00333,
        "recall_at_20": 0.00578,
        "recall_at_100": 0.01824,
        "recall_at_1000": 0.07372,
        "precision_at_1": 0.16,
        "precision_at_3": 0.15333,
        "precision_at_5": 0.148,
        "precision_at_10": 0.132,
        "precision_at_20": 0.121,
        "precision_at_100": 0.0778,
        "precision_at_1000": 0.03338,
        "mrr_at_1": 0.16,
        "mrr_at_3": 0.22,
        "mrr_at_5": 0.229,
        "mrr_at_10": 0.23919,
        "mrr_at_20": 0.245238,
        "mrr_at_100": 0.251293,
        "mrr_at_1000": 0.252601,
        "nauc_ndcg_at_1_max": 0.060461,
        "nauc_ndcg_at_1_std": 0.393101,
        "nauc_ndcg_at_1_diff1": 0.019517,
        "nauc_ndcg_at_3_max": -0.053669,
        "nauc_ndcg_at_3_std": 0.501835,
        "nauc_ndcg_at_3_diff1": 0.049781,
        "nauc_ndcg_at_5_max": 0.019326,
        "nauc_ndcg_at_5_std": 0.433685,
        "nauc_ndcg_at_5_diff1": 0.070337,
        "nauc_ndcg_at_10_max": 0.068236,
        "nauc_ndcg_at_10_std": 0.387873,
        "nauc_ndcg_at_10_diff1": 0.021582,
        "nauc_ndcg_at_20_max": 0.119602,
        "nauc_ndcg_at_20_std": 0.359656,
        "nauc_ndcg_at_20_diff1": -0.017072,
        "nauc_ndcg_at_100_max": 0.130363,
        "nauc_ndcg_at_100_std": 0.314774,
        "nauc_ndcg_at_100_diff1": -0.117059,
        "nauc_ndcg_at_1000_max": 0.183605,
        "nauc_ndcg_at_1000_std": 0.228965,
        "nauc_ndcg_at_1000_diff1": -0.11125,
        "nauc_map_at_1_max": -0.057983,
        "nauc_map_at_1_std": 0.343678,
        "nauc_map_at_1_diff1": 0.038743,
        "nauc_map_at_3_max": -0.11614,
        "nauc_map_at_3_std": 0.483439,
        "nauc_map_at_3_diff1": -0.011787,
        "nauc_map_at_5_max": -0.058468,
        "nauc_map_at_5_std": 0.440877,
        "nauc_map_at_5_diff1": 0.003713,
        "nauc_map_at_10_max": -0.007324,
        "nauc_map_at_10_std": 0.343457,
        "nauc_map_at_10_diff1": -0.068522,
        "nauc_map_at_20_max": 0.028213,
        "nauc_map_at_20_std": 0.358711,
        "nauc_map_at_20_diff1": -0.090523,
        "nauc_map_at_100_max": 0.051261,
        "nauc_map_at_100_std": 0.344805,
        "nauc_map_at_100_diff1": -0.170412,
        "nauc_map_at_1000_max": 0.195738,
        "nauc_map_at_1000_std": 0.312076,
        "nauc_map_at_1000_diff1": -0.212029,
        "nauc_recall_at_1_max": -0.057983,
        "nauc_recall_at_1_std": 0.343678,
        "nauc_recall_at_1_diff1": 0.038743,
        "nauc_recall_at_3_max": -0.084177,
        "nauc_recall_at_3_std": 0.454665,
        "nauc_recall_at_3_diff1": 0.031574,
        "nauc_recall_at_5_max": 0.018178,
        "nauc_recall_at_5_std": 0.35807,
        "nauc_recall_at_5_diff1": 0.053762,
        "nauc_recall_at_10_max": 0.083635,
        "nauc_recall_at_10_std": 0.26868,
        "nauc_recall_at_10_diff1": -0.001502,
        "nauc_recall_at_20_max": 0.119956,
        "nauc_recall_at_20_std": 0.261425,
        "nauc_recall_at_20_diff1": -0.031009,
        "nauc_recall_at_100_max": 0.098964,
        "nauc_recall_at_100_std": 0.218876,
        "nauc_recall_at_100_diff1": -0.162989,
        "nauc_recall_at_1000_max": 0.222343,
        "nauc_recall_at_1000_std": 0.161515,
        "nauc_recall_at_1000_diff1": -0.111151,
        "nauc_precision_at_1_max": 0.038984,
        "nauc_precision_at_1_std": 0.434475,
        "nauc_precision_at_1_diff1": 0.009986,
        "nauc_precision_at_3_max": -0.083357,
        "nauc_precision_at_3_std": 0.528502,
        "nauc_precision_at_3_diff1": 0.059742,
        "nauc_precision_at_5_max": 0.027769,
        "nauc_precision_at_5_std": 0.422612,
        "nauc_precision_at_5_diff1": 0.077103,
        "nauc_precision_at_10_max": 0.0829,
        "nauc_precision_at_10_std": 0.371308,
        "nauc_precision_at_10_diff1": -0.003075,
        "nauc_precision_at_20_max": 0.130034,
        "nauc_precision_at_20_std": 0.346932,
        "nauc_precision_at_20_diff1": -0.056239,
        "nauc_precision_at_100_max": 0.116446,
        "nauc_precision_at_100_std": 0.3049,
        "nauc_precision_at_100_diff1": -0.171067,
        "nauc_precision_at_1000_max": 0.233817,
        "nauc_precision_at_1000_std": 0.239125,
        "nauc_precision_at_1000_diff1": -0.138472,
        "nauc_mrr_at_1_max": 0.038984,
        "nauc_mrr_at_1_std": 0.434475,
        "nauc_mrr_at_1_diff1": 0.009986,
        "nauc_mrr_at_3_max": 0.00524,
        "nauc_mrr_at_3_std": 0.427532,
        "nauc_mrr_at_3_diff1": 0.082511,
        "nauc_mrr_at_5_max": 0.009985,
        "nauc_mrr_at_5_std": 0.407882,
        "nauc_mrr_at_5_diff1": 0.077998,
        "nauc_mrr_at_10_max": 0.032748,
        "nauc_mrr_at_10_std": 0.406179,
        "nauc_mrr_at_10_diff1": 0.089993,
        "nauc_mrr_at_20_max": 0.035404,
        "nauc_mrr_at_20_std": 0.399078,
        "nauc_mrr_at_20_diff1": 0.075358,
        "nauc_mrr_at_100_max": 0.032802,
        "nauc_mrr_at_100_std": 0.392714,
        "nauc_mrr_at_100_diff1": 0.072772,
        "nauc_mrr_at_1000_max": 0.031828,
        "nauc_mrr_at_1000_std": 0.395687,
        "nauc_mrr_at_1000_diff1": 0.073914,
        "main_score": 0.12809,
        "hf_subset": "default",
        "languages": [
          "eng-Latn"
        ]
      }
    ]
  },
  "evaluation_time": 1564.6607398986816,
  "kg_co2_emissions": null
}