{
  "map_at_10": 0.19737,
  "mrr_at_10": 0.3234041250244955,
  "ndcg_at_10": 0.25855,
  "recall_at_10": 0.31617,
  "recall_at_100": 0.55952
}
