{
  "dataset_revision": "27a168819829fe9bcd655c2df245fb19452e8e06",
  "task_name": "FiQA2018",
  "mteb_version": "1.39.7",
  "scores": {
    "test": [
      {
        "ndcg_at_1": 0.23302,
        "ndcg_at_3": 0.22585,
        "ndcg_at_5": 0.23444,
        "ndcg_at_10": 0.25901,
        "ndcg_at_20": 0.27662,
        "ndcg_at_100": 0.31562,
        "ndcg_at_1000": 0.35558,
        "map_at_1": 0.11411,
        "map_at_3": 0.16662,
        "map_at_5": 0.18112,
        "map_at_10": 0.19523,
        "map_at_20": 0.20145,
        "map_at_100": 0.2083,
        "map_at_1000": 0.21028,
        "recall_at_1": 0.11411,
        "recall_at_3": 0.20628,
        "recall_at_5": 0.24952,
        "recall_at_10": 0.32375,
        "recall_at_20": 0.37822,
        "recall_at_100": 0.5399,
        "recall_at_1000": 0.78778,
        "precision_at_1": 0.23302,
        "precision_at_3": 0.15741,
        "precision_at_5": 0.11481,
        "precision_at_10": 0.0767,
        "precision_at_20": 0.04552,
        "precision_at_100": 0.01364,
        "precision_at_1000": 0.00204,
        "mrr_at_1": 0.233025,
        "mrr_at_3": 0.29501,
        "mrr_at_5": 0.305967,
        "mrr_at_10": 0.318546,
        "mrr_at_20": 0.322901,
        "mrr_at_100": 0.326514,
        "mrr_at_1000": 0.327298,
        "nauc_ndcg_at_1_max": 0.137933,
        "nauc_ndcg_at_1_std": -0.078214,
        "nauc_ndcg_at_1_diff1": 0.386161,
        "nauc_ndcg_at_3_max": 0.160923,
        "nauc_ndcg_at_3_std": -0.033085,
        "nauc_ndcg_at_3_diff1": 0.346361,
        "nauc_ndcg_at_5_max": 0.147471,
        "nauc_ndcg_at_5_std": -0.049103,
        "nauc_ndcg_at_5_diff1": 0.343735,
        "nauc_ndcg_at_10_max": 0.155781,
        "nauc_ndcg_at_10_std": -0.015863,
        "nauc_ndcg_at_10_diff1": 0.335515,
        "nauc_ndcg_at_20_max": 0.148435,
        "nauc_ndcg_at_20_std": -0.012178,
        "nauc_ndcg_at_20_diff1": 0.332939,
        "nauc_ndcg_at_100_max": 0.166145,
        "nauc_ndcg_at_100_std": 0.025507,
        "nauc_ndcg_at_100_diff1": 0.322274,
        "nauc_ndcg_at_1000_max": 0.184381,
        "nauc_ndcg_at_1000_std": 0.045121,
        "nauc_ndcg_at_1000_diff1": 0.315819,
        "nauc_map_at_1_max": 0.089193,
        "nauc_map_at_1_std": -0.110629,
        "nauc_map_at_1_diff1": 0.432746,
        "nauc_map_at_3_max": 0.129051,
        "nauc_map_at_3_std": -0.05231,
        "nauc_map_at_3_diff1": 0.386477,
        "nauc_map_at_5_max": 0.136622,
        "nauc_map_at_5_std": -0.059481,
        "nauc_map_at_5_diff1": 0.376362,
        "nauc_map_at_10_max": 0.143181,
        "nauc_map_at_10_std": -0.042347,
        "nauc_map_at_10_diff1": 0.366125,
        "nauc_map_at_20_max": 0.142125,
        "nauc_map_at_20_std": -0.039529,
        "nauc_map_at_20_diff1": 0.363869,
        "nauc_map_at_100_max": 0.147536,
        "nauc_map_at_100_std": -0.031323,
        "nauc_map_at_100_diff1": 0.361571,
        "nauc_map_at_1000_max": 0.14863,
        "nauc_map_at_1000_std": -0.029566,
        "nauc_map_at_1000_diff1": 0.36082,
        "nauc_recall_at_1_max": 0.089193,
        "nauc_recall_at_1_std": -0.110629,
        "nauc_recall_at_1_diff1": 0.432746,
        "nauc_recall_at_3_max": 0.11507,
        "nauc_recall_at_3_std": -0.020336,
        "nauc_recall_at_3_diff1": 0.32921,
        "nauc_recall_at_5_max": 0.101529,
        "nauc_recall_at_5_std": -0.05204,
        "nauc_recall_at_5_diff1": 0.287946,
        "nauc_recall_at_10_max": 0.129834,
        "nauc_recall_at_10_std": 0.025243,
        "nauc_recall_at_10_diff1": 0.247323,
        "nauc_recall_at_20_max": 0.104402,
        "nauc_recall_at_20_std": 0.027612,
        "nauc_recall_at_20_diff1": 0.235628,
        "nauc_recall_at_100_max": 0.134261,
        "nauc_recall_at_100_std": 0.162375,
        "nauc_recall_at_100_diff1": 0.176641,
        "nauc_recall_at_1000_max": 0.247653,
        "nauc_recall_at_1000_std": 0.385506,
        "nauc_recall_at_1000_diff1": 0.078879,
        "nauc_precision_at_1_max": 0.137933,
        "nauc_precision_at_1_std": -0.078214,
        "nauc_precision_at_1_diff1": 0.386161,
        "nauc_precision_at_3_max": 0.214835,
        "nauc_precision_at_3_std": 0.009566,
        "nauc_precision_at_3_diff1": 0.269412,
        "nauc_precision_at_5_max": 0.216998,
        "nauc_precision_at_5_std": 0.005095,
        "nauc_precision_at_5_diff1": 0.237419,
        "nauc_precision_at_10_max": 0.227204,
        "nauc_precision_at_10_std": 0.075883,
        "nauc_precision_at_10_diff1": 0.168918,
        "nauc_precision_at_20_max": 0.209512,
        "nauc_precision_at_20_std": 0.105802,
        "nauc_precision_at_20_diff1": 0.13887,
        "nauc_precision_at_100_max": 0.235362,
        "nauc_precision_at_100_std": 0.195735,
        "nauc_precision_at_100_diff1": 0.053726,
        "nauc_precision_at_1000_max": 0.262164,
        "nauc_precision_at_1000_std": 0.225589,
        "nauc_precision_at_1000_diff1": -0.019536,
        "nauc_mrr_at_1_max": 0.137933,
        "nauc_mrr_at_1_std": -0.078214,
        "nauc_mrr_at_1_diff1": 0.386161,
        "nauc_mrr_at_3_max": 0.163046,
        "nauc_mrr_at_3_std": -0.037438,
        "nauc_mrr_at_3_diff1": 0.35318,
        "nauc_mrr_at_5_max": 0.157448,
        "nauc_mrr_at_5_std": -0.046443,
        "nauc_mrr_at_5_diff1": 0.345929,
        "nauc_mrr_at_10_max": 0.163148,
        "nauc_mrr_at_10_std": -0.032435,
        "nauc_mrr_at_10_diff1": 0.34043,
        "nauc_mrr_at_20_max": 0.161556,
        "nauc_mrr_at_20_std": -0.032255,
        "nauc_mrr_at_20_diff1": 0.339113,
        "nauc_mrr_at_100_max": 0.163248,
        "nauc_mrr_at_100_std": -0.029946,
        "nauc_mrr_at_100_diff1": 0.339214,
        "nauc_mrr_at_1000_max": 0.163363,
        "nauc_mrr_at_1000_std": -0.029831,
        "nauc_mrr_at_1000_diff1": 0.339364,
        "main_score": 0.25901,
        "hf_subset": "default",
        "languages": [
          "eng-Latn"
        ]
      }
    ]
  },
  "evaluation_time": 103.35977101325989,
  "kg_co2_emissions": null
}