{
  "dataset_revision": "f8c2fcf00f625baaa80f62ec5bd9e1fff3b8ae88",
  "task_name": "SCIDOCS",
  "mteb_version": "1.39.7",
  "scores": {
    "test": [
      {
        "ndcg_at_1": 0.165,
        "ndcg_at_3": 0.13165,
        "ndcg_at_5": 0.11479,
        "ndcg_at_10": 0.13549,
        "ndcg_at_20": 0.15729,
        "ndcg_at_100": 0.19937,
        "ndcg_at_1000": 0.25056,
        "map_at_1": 0.03335,
        "map_at_3": 0.05671,
        "map_at_5": 0.06786,
        "map_at_10": 0.07679,
        "map_at_20": 0.08398,
        "map_at_100": 0.09134,
        "map_at_1000": 0.09381,
        "recall_at_1": 0.03335,
        "recall_at_3": 0.0741,
        "recall_at_5": 0.1016,
        "recall_at_10": 0.13985,
        "recall_at_20": 0.19112,
        "recall_at_100": 0.32755,
        "recall_at_1000": 0.58033,
        "precision_at_1": 0.165,
        "precision_at_3": 0.12233,
        "precision_at_5": 0.1006,
        "precision_at_10": 0.0692,
        "precision_at_20": 0.04715,
        "precision_at_100": 0.01614,
        "precision_at_1000": 0.00286,
        "mrr_at_1": 0.165,
        "mrr_at_3": 0.222667,
        "mrr_at_5": 0.237967,
        "mrr_at_10": 0.249554,
        "mrr_at_20": 0.256276,
        "mrr_at_100": 0.261221,
        "mrr_at_1000": 0.262027,
        "nauc_ndcg_at_1_max": 0.20267,
        "nauc_ndcg_at_1_std": 0.08423,
        "nauc_ndcg_at_1_diff1": 0.234535,
        "nauc_ndcg_at_3_max": 0.239844,
        "nauc_ndcg_at_3_std": 0.12988,
        "nauc_ndcg_at_3_diff1": 0.20279,
        "nauc_ndcg_at_5_max": 0.242327,
        "nauc_ndcg_at_5_std": 0.14764,
        "nauc_ndcg_at_5_diff1": 0.192691,
        "nauc_ndcg_at_10_max": 0.25623,
        "nauc_ndcg_at_10_std": 0.183212,
        "nauc_ndcg_at_10_diff1": 0.177827,
        "nauc_ndcg_at_20_max": 0.263312,
        "nauc_ndcg_at_20_std": 0.210495,
        "nauc_ndcg_at_20_diff1": 0.167118,
        "nauc_ndcg_at_100_max": 0.278019,
        "nauc_ndcg_at_100_std": 0.264578,
        "nauc_ndcg_at_100_diff1": 0.156525,
        "nauc_ndcg_at_1000_max": 0.295303,
        "nauc_ndcg_at_1000_std": 0.290137,
        "nauc_ndcg_at_1000_diff1": 0.15168,
        "nauc_map_at_1_max": 0.201877,
        "nauc_map_at_1_std": 0.084368,
        "nauc_map_at_1_diff1": 0.23191,
        "nauc_map_at_3_max": 0.239836,
        "nauc_map_at_3_std": 0.116186,
        "nauc_map_at_3_diff1": 0.215723,
        "nauc_map_at_5_max": 0.245773,
        "nauc_map_at_5_std": 0.127442,
        "nauc_map_at_5_diff1": 0.215256,
        "nauc_map_at_10_max": 0.255991,
        "nauc_map_at_10_std": 0.15094,
        "nauc_map_at_10_diff1": 0.201497,
        "nauc_map_at_20_max": 0.261337,
        "nauc_map_at_20_std": 0.16888,
        "nauc_map_at_20_diff1": 0.195233,
        "nauc_map_at_100_max": 0.266421,
        "nauc_map_at_100_std": 0.190631,
        "nauc_map_at_100_diff1": 0.188651,
        "nauc_map_at_1000_max": 0.268181,
        "nauc_map_at_1000_std": 0.195249,
        "nauc_map_at_1000_diff1": 0.187452,
        "nauc_recall_at_1_max": 0.201877,
        "nauc_recall_at_1_std": 0.084368,
        "nauc_recall_at_1_diff1": 0.23191,
        "nauc_recall_at_3_max": 0.24947,
        "nauc_recall_at_3_std": 0.14468,
        "nauc_recall_at_3_diff1": 0.18522,
        "nauc_recall_at_5_max": 0.247672,
        "nauc_recall_at_5_std": 0.168726,
        "nauc_recall_at_5_diff1": 0.168386,
        "nauc_recall_at_10_max": 0.265263,
        "nauc_recall_at_10_std": 0.231112,
        "nauc_recall_at_10_diff1": 0.137193,
        "nauc_recall_at_20_max": 0.261202,
        "nauc_recall_at_20_std": 0.268041,
        "nauc_recall_at_20_diff1": 0.111187,
        "nauc_recall_at_100_max": 0.269321,
        "nauc_recall_at_100_std": 0.36501,
        "nauc_recall_at_100_diff1": 0.080582,
        "nauc_recall_at_1000_max": 0.292557,
        "nauc_recall_at_1000_std": 0.409015,
        "nauc_recall_at_1000_diff1": 0.044312,
        "nauc_precision_at_1_max": 0.20267,
        "nauc_precision_at_1_std": 0.08423,
        "nauc_precision_at_1_diff1": 0.234535,
        "nauc_precision_at_3_max": 0.251466,
        "nauc_precision_at_3_std": 0.144637,
        "nauc_precision_at_3_diff1": 0.188381,
        "nauc_precision_at_5_max": 0.249636,
        "nauc_precision_at_5_std": 0.168781,
        "nauc_precision_at_5_diff1": 0.170685,
        "nauc_precision_at_10_max": 0.268491,
        "nauc_precision_at_10_std": 0.232584,
        "nauc_precision_at_10_diff1": 0.140183,
        "nauc_precision_at_20_max": 0.263981,
        "nauc_precision_at_20_std": 0.267671,
        "nauc_precision_at_20_diff1": 0.113692,
        "nauc_precision_at_100_max": 0.271072,
        "nauc_precision_at_100_std": 0.359244,
        "nauc_precision_at_100_diff1": 0.083868,
        "nauc_precision_at_1000_max": 0.292673,
        "nauc_precision_at_1000_std": 0.398956,
        "nauc_precision_at_1000_diff1": 0.047807,
        "nauc_mrr_at_1_max": 0.20267,
        "nauc_mrr_at_1_std": 0.08423,
        "nauc_mrr_at_1_diff1": 0.234535,
        "nauc_mrr_at_3_max": 0.225146,
        "nauc_mrr_at_3_std": 0.131901,
        "nauc_mrr_at_3_diff1": 0.199729,
        "nauc_mrr_at_5_max": 0.224893,
        "nauc_mrr_at_5_std": 0.144728,
        "nauc_mrr_at_5_diff1": 0.191169,
        "nauc_mrr_at_10_max": 0.227904,
        "nauc_mrr_at_10_std": 0.152836,
        "nauc_mrr_at_10_diff1": 0.189917,
        "nauc_mrr_at_20_max": 0.229328,
        "nauc_mrr_at_20_std": 0.156293,
        "nauc_mrr_at_20_diff1": 0.188672,
        "nauc_mrr_at_100_max": 0.229997,
        "nauc_mrr_at_100_std": 0.15645,
        "nauc_mrr_at_100_diff1": 0.190152,
        "nauc_mrr_at_1000_max": 0.22996,
        "nauc_mrr_at_1000_std": 0.156203,
        "nauc_mrr_at_1000_diff1": 0.190381,
        "main_score": 0.13549,
        "hf_subset": "default",
        "languages": [
          "eng-Latn"
        ]
      }
    ]
  },
  "evaluation_time": 36.425198554992676,
  "kg_co2_emissions": null
}