{
  "dataset_revision": "ec0fa4fe99da2ff19ca1214b7966684033a58814",
  "task_name": "NFCorpus",
  "mteb_version": "1.39.7",
  "scores": {
    "test": [
      {
        "ndcg_at_1": 0.0,
        "ndcg_at_3": 0.00073,
        "ndcg_at_5": 0.00224,
        "ndcg_at_10": 0.00496,
        "ndcg_at_20": 0.00808,
        "ndcg_at_100": 0.0164,
        "ndcg_at_1000": 0.0964,
        "map_at_1": 0.0,
        "map_at_3": 1e-05,
        "map_at_5": 3e-05,
        "map_at_10": 0.00018,
        "map_at_20": 0.00033,
        "map_at_100": 0.0011,
        "map_at_1000": 0.00484,
        "recall_at_1": 0.0,
        "recall_at_3": 2e-05,
        "recall_at_5": 0.00013,
        "recall_at_10": 0.00121,
        "recall_at_20": 0.0031,
        "recall_at_100": 0.02971,
        "recall_at_1000": 0.30695,
        "precision_at_1": 0.0,
        "precision_at_3": 0.00103,
        "precision_at_5": 0.0031,
        "precision_at_10": 0.00681,
        "precision_at_20": 0.00975,
        "precision_at_100": 0.01028,
        "precision_at_1000": 0.01139,
        "mrr_at_1": 0.0,
        "mrr_at_3": 0.001032,
        "mrr_at_5": 0.003818,
        "mrr_at_10": 0.010423,
        "mrr_at_20": 0.014471,
        "mrr_at_100": 0.020333,
        "mrr_at_1000": 0.022513,
        "nauc_ndcg_at_1_max": NaN,
        "nauc_ndcg_at_1_std": NaN,
        "nauc_ndcg_at_1_diff1": NaN,
        "nauc_ndcg_at_3_max": -0.498917,
        "nauc_ndcg_at_3_std": -0.414396,
        "nauc_ndcg_at_3_diff1": 1.0,
        "nauc_ndcg_at_5_max": -0.258571,
        "nauc_ndcg_at_5_std": -0.507619,
        "nauc_ndcg_at_5_diff1": 0.426054,
        "nauc_ndcg_at_10_max": -0.225232,
        "nauc_ndcg_at_10_std": -0.088548,
        "nauc_ndcg_at_10_diff1": 0.082151,
        "nauc_ndcg_at_20_max": -0.249313,
        "nauc_ndcg_at_20_std": -0.105977,
        "nauc_ndcg_at_20_diff1": 0.160017,
        "nauc_ndcg_at_100_max": -0.084215,
        "nauc_ndcg_at_100_std": 0.024409,
        "nauc_ndcg_at_100_diff1": -0.061946,
        "nauc_ndcg_at_1000_max": -0.090653,
        "nauc_ndcg_at_1000_std": 0.064233,
        "nauc_ndcg_at_1000_diff1": -0.002777,
        "nauc_map_at_1_max": NaN,
        "nauc_map_at_1_std": NaN,
        "nauc_map_at_1_diff1": NaN,
        "nauc_map_at_3_max": -0.498917,
        "nauc_map_at_3_std": -0.414396,
        "nauc_map_at_3_diff1": 1.0,
        "nauc_map_at_5_max": -0.173599,
        "nauc_map_at_5_std": -0.511052,
        "nauc_map_at_5_diff1": 0.165346,
        "nauc_map_at_10_max": -0.187921,
        "nauc_map_at_10_std": -0.01629,
        "nauc_map_at_10_diff1": -0.205907,
        "nauc_map_at_20_max": -0.147377,
        "nauc_map_at_20_std": -0.057351,
        "nauc_map_at_20_diff1": -0.064875,
        "nauc_map_at_100_max": -0.078217,
        "nauc_map_at_100_std": -0.021936,
        "nauc_map_at_100_diff1": -0.107358,
        "nauc_map_at_1000_max": -0.168071,
        "nauc_map_at_1000_std": 0.019004,
        "nauc_map_at_1000_diff1": -0.004061,
        "nauc_recall_at_1_max": NaN,
        "nauc_recall_at_1_std": NaN,
        "nauc_recall_at_1_diff1": NaN,
        "nauc_recall_at_3_max": -0.498917,
        "nauc_recall_at_3_std": -0.414396,
        "nauc_recall_at_3_diff1": 1.0,
        "nauc_recall_at_5_max": -0.130137,
        "nauc_recall_at_5_std": -0.512486,
        "nauc_recall_at_5_diff1": 0.121863,
        "nauc_recall_at_10_max": -0.124935,
        "nauc_recall_at_10_std": 0.085786,
        "nauc_recall_at_10_diff1": -0.2247,
        "nauc_recall_at_20_max": -0.096249,
        "nauc_recall_at_20_std": 0.019469,
        "nauc_recall_at_20_diff1": -0.032583,
        "nauc_recall_at_100_max": 0.087807,
        "nauc_recall_at_100_std": 0.021791,
        "nauc_recall_at_100_diff1": -0.166212,
        "nauc_recall_at_1000_max": -0.034928,
        "nauc_recall_at_1000_std": 0.142384,
        "nauc_recall_at_1000_diff1": -0.054668,
        "nauc_precision_at_1_max": NaN,
        "nauc_precision_at_1_std": NaN,
        "nauc_precision_at_1_diff1": NaN,
        "nauc_precision_at_3_max": -0.498917,
        "nauc_precision_at_3_std": -0.414396,
        "nauc_precision_at_3_diff1": 1.0,
        "nauc_precision_at_5_max": -0.238571,
        "nauc_precision_at_5_std": -0.510071,
        "nauc_precision_at_5_diff1": 0.400433,
        "nauc_precision_at_10_max": -0.134024,
        "nauc_precision_at_10_std": -0.0691,
        "nauc_precision_at_10_diff1": 0.027132,
        "nauc_precision_at_20_max": -0.234141,
        "nauc_precision_at_20_std": -0.118523,
        "nauc_precision_at_20_diff1": 0.157398,
        "nauc_precision_at_100_max": -0.178041,
        "nauc_precision_at_100_std": -0.000253,
        "nauc_precision_at_100_diff1": 0.029123,
        "nauc_precision_at_1000_max": -0.167396,
        "nauc_precision_at_1000_std": 0.004261,
        "nauc_precision_at_1000_diff1": 0.06234,
        "nauc_mrr_at_1_max": NaN,
        "nauc_mrr_at_1_std": NaN,
        "nauc_mrr_at_1_diff1": NaN,
        "nauc_mrr_at_3_max": -0.498917,
        "nauc_mrr_at_3_std": -0.414396,
        "nauc_mrr_at_3_diff1": 1.0,
        "nauc_mrr_at_5_max": -0.278968,
        "nauc_mrr_at_5_std": -0.504899,
        "nauc_mrr_at_5_diff1": 0.453098,
        "nauc_mrr_at_10_max": -0.179017,
        "nauc_mrr_at_10_std": -0.182259,
        "nauc_mrr_at_10_diff1": 0.136514,
        "nauc_mrr_at_20_max": -0.170947,
        "nauc_mrr_at_20_std": -0.159608,
        "nauc_mrr_at_20_diff1": 0.137508,
        "nauc_mrr_at_100_max": -0.119557,
        "nauc_mrr_at_100_std": -0.109953,
        "nauc_mrr_at_100_diff1": 0.06443,
        "nauc_mrr_at_1000_max": -0.12349,
        "nauc_mrr_at_1000_std": -0.113926,
        "nauc_mrr_at_1000_diff1": 0.072969,
        "main_score": 0.00496,
        "hf_subset": "default",
        "languages": [
          "eng-Latn"
        ]
      }
    ]
  },
  "evaluation_time": 13.155364990234375,
  "kg_co2_emissions": null
}