{
  "dataset_revision": "27a168819829fe9bcd655c2df245fb19452e8e06",
  "task_name": "FiQA2018",
  "mteb_version": "1.39.7",
  "scores": {
    "test": [
      {
        "ndcg_at_1": 0.23148,
        "ndcg_at_3": 0.2278,
        "ndcg_at_5": 0.23607,
        "ndcg_at_10": 0.25855,
        "ndcg_at_20": 0.27797,
        "ndcg_at_100": 0.31828,
        "ndcg_at_1000": 0.3586,
        "map_at_1": 0.11559,
        "map_at_3": 0.17007,
        "map_at_5": 0.18413,
        "map_at_10": 0.19725,
        "map_at_20": 0.20418,
        "map_at_100": 0.21135,
        "map_at_1000": 0.21337,
        "recall_at_1": 0.11559,
        "recall_at_3": 0.21065,
        "recall_at_5": 0.24837,
        "recall_at_10": 0.31797,
        "recall_at_20": 0.37692,
        "recall_at_100": 0.54555,
        "recall_at_1000": 0.79405,
        "precision_at_1": 0.23148,
        "precision_at_3": 0.15638,
        "precision_at_5": 0.11636,
        "precision_at_10": 0.07546,
        "precision_at_20": 0.04576,
        "precision_at_100": 0.01369,
        "precision_at_1000": 0.00206,
        "mrr_at_1": 0.231481,
        "mrr_at_3": 0.29501,
        "mrr_at_5": 0.305581,
        "mrr_at_10": 0.316902,
        "mrr_at_20": 0.322038,
        "mrr_at_100": 0.325884,
        "mrr_at_1000": 0.326681,
        "nauc_ndcg_at_1_max": 0.156911,
        "nauc_ndcg_at_1_std": -0.108372,
        "nauc_ndcg_at_1_diff1": 0.407306,
        "nauc_ndcg_at_3_max": 0.154565,
        "nauc_ndcg_at_3_std": -0.056536,
        "nauc_ndcg_at_3_diff1": 0.335446,
        "nauc_ndcg_at_5_max": 0.169494,
        "nauc_ndcg_at_5_std": -0.046763,
        "nauc_ndcg_at_5_diff1": 0.343641,
        "nauc_ndcg_at_10_max": 0.160284,
        "nauc_ndcg_at_10_std": -0.025961,
        "nauc_ndcg_at_10_diff1": 0.326441,
        "nauc_ndcg_at_20_max": 0.153065,
        "nauc_ndcg_at_20_std": -0.022284,
        "nauc_ndcg_at_20_diff1": 0.325957,
        "nauc_ndcg_at_100_max": 0.172095,
        "nauc_ndcg_at_100_std": 0.016527,
        "nauc_ndcg_at_100_diff1": 0.315155,
        "nauc_ndcg_at_1000_max": 0.188497,
        "nauc_ndcg_at_1000_std": 0.034272,
        "nauc_ndcg_at_1000_diff1": 0.31686,
        "nauc_map_at_1_max": 0.099902,
        "nauc_map_at_1_std": -0.131612,
        "nauc_map_at_1_diff1": 0.410349,
        "nauc_map_at_3_max": 0.128581,
        "nauc_map_at_3_std": -0.078261,
        "nauc_map_at_3_diff1": 0.364624,
        "nauc_map_at_5_max": 0.151976,
        "nauc_map_at_5_std": -0.066184,
        "nauc_map_at_5_diff1": 0.365104,
        "nauc_map_at_10_max": 0.149528,
        "nauc_map_at_10_std": -0.056106,
        "nauc_map_at_10_diff1": 0.351878,
        "nauc_map_at_20_max": 0.148013,
        "nauc_map_at_20_std": -0.052942,
        "nauc_map_at_20_diff1": 0.350302,
        "nauc_map_at_100_max": 0.154045,
        "nauc_map_at_100_std": -0.043443,
        "nauc_map_at_100_diff1": 0.34882,
        "nauc_map_at_1000_max": 0.155002,
        "nauc_map_at_1000_std": -0.041774,
        "nauc_map_at_1000_diff1": 0.348643,
        "nauc_recall_at_1_max": 0.099902,
        "nauc_recall_at_1_std": -0.131612,
        "nauc_recall_at_1_diff1": 0.410349,
        "nauc_recall_at_3_max": 0.109049,
        "nauc_recall_at_3_std": -0.038154,
        "nauc_recall_at_3_diff1": 0.300529,
        "nauc_recall_at_5_max": 0.154221,
        "nauc_recall_at_5_std": -0.021704,
        "nauc_recall_at_5_diff1": 0.306671,
        "nauc_recall_at_10_max": 0.138791,
        "nauc_recall_at_10_std": 0.030686,
        "nauc_recall_at_10_diff1": 0.235392,
        "nauc_recall_at_20_max": 0.106853,
        "nauc_recall_at_20_std": 0.026953,
        "nauc_recall_at_20_diff1": 0.230402,
        "nauc_recall_at_100_max": 0.138654,
        "nauc_recall_at_100_std": 0.161871,
        "nauc_recall_at_100_diff1": 0.155466,
        "nauc_recall_at_1000_max": 0.249513,
        "nauc_recall_at_1000_std": 0.387707,
        "nauc_recall_at_1000_diff1": 0.120474,
        "nauc_precision_at_1_max": 0.156911,
        "nauc_precision_at_1_std": -0.108372,
        "nauc_precision_at_1_diff1": 0.407306,
        "nauc_precision_at_3_max": 0.200254,
        "nauc_precision_at_3_std": -0.011292,
        "nauc_precision_at_3_diff1": 0.273477,
        "nauc_precision_at_5_max": 0.253809,
        "nauc_precision_at_5_std": 0.032835,
        "nauc_precision_at_5_diff1": 0.258328,
        "nauc_precision_at_10_max": 0.220383,
        "nauc_precision_at_10_std": 0.073439,
        "nauc_precision_at_10_diff1": 0.189134,
        "nauc_precision_at_20_max": 0.206358,
        "nauc_precision_at_20_std": 0.106119,
        "nauc_precision_at_20_diff1": 0.151315,
        "nauc_precision_at_100_max": 0.242796,
        "nauc_precision_at_100_std": 0.201753,
        "nauc_precision_at_100_diff1": 0.072498,
        "nauc_precision_at_1000_max": 0.258879,
        "nauc_precision_at_1000_std": 0.222926,
        "nauc_precision_at_1000_diff1": 0.01764,
        "nauc_mrr_at_1_max": 0.156911,
        "nauc_mrr_at_1_std": -0.108372,
        "nauc_mrr_at_1_diff1": 0.407306,
        "nauc_mrr_at_3_max": 0.157272,
        "nauc_mrr_at_3_std": -0.06303,
        "nauc_mrr_at_3_diff1": 0.350151,
        "nauc_mrr_at_5_max": 0.166984,
        "nauc_mrr_at_5_std": -0.060395,
        "nauc_mrr_at_5_diff1": 0.349384,
        "nauc_mrr_at_10_max": 0.165653,
        "nauc_mrr_at_10_std": -0.05253,
        "nauc_mrr_at_10_diff1": 0.343038,
        "nauc_mrr_at_20_max": 0.166121,
        "nauc_mrr_at_20_std": -0.051123,
        "nauc_mrr_at_20_diff1": 0.342678,
        "nauc_mrr_at_100_max": 0.16702,
        "nauc_mrr_at_100_std": -0.049041,
        "nauc_mrr_at_100_diff1": 0.342779,
        "nauc_mrr_at_1000_max": 0.166978,
        "nauc_mrr_at_1000_std": -0.049226,
        "nauc_mrr_at_1000_diff1": 0.343014,
        "main_score": 0.25855,
        "hf_subset": "default",
        "languages": [
          "eng-Latn"
        ]
      }
    ]
  },
  "evaluation_time": 34.91010546684265,
  "kg_co2_emissions": null
}