{
  "map_at_10": 0.00049,
  "mrr_at_10": 0.13304761904761903,
  "ndcg_at_10": 0.04495,
  "recall_at_10": 0.00088,
  "recall_at_100": 0.00411
}
