{
  "map_at_10": 3e-05,
  "mrr_at_10": 0.009857142857142858,
  "ndcg_at_10": 0.004,
  "recall_at_10": 0.00013,
  "recall_at_100": 0.00032
}
