{
  "map_at_10": 9e-05,
  "mrr_at_10": 0.01,
  "ndcg_at_10": 0.0051,
  "recall_at_10": 0.00016,
  "recall_at_100": 0.00054
}
