{
  "dataset_revision": "0228b52cf27578f30900b9e5271d331663a030d7",
  "task_name": "SciFact",
  "mteb_version": "1.39.7",
  "scores": {
    "test": [
      {
        "ndcg_at_1": 0.09,
        "ndcg_at_3": 0.1175,
        "ndcg_at_5": 0.13068,
        "ndcg_at_10": 0.14959,
        "ndcg_at_20": 0.16442,
        "ndcg_at_100": 0.1977,
        "ndcg_at_1000": 0.23667,
        "map_at_1": 0.08094,
        "map_at_3": 0.10558,
        "map_at_5": 0.11387,
        "map_at_10": 0.12177,
        "map_at_20": 0.12579,
        "map_at_100": 0.13019,
        "map_at_1000": 0.13144,
        "recall_at_1": 0.08094,
        "recall_at_3": 0.13489,
        "recall_at_5": 0.17,
        "recall_at_10": 0.22722,
        "recall_at_20": 0.28472,
        "recall_at_100": 0.46539,
        "recall_at_1000": 0.77989,
        "precision_at_1": 0.09,
        "precision_at_3": 0.05222,
        "precision_at_5": 0.03933,
        "precision_at_10": 0.026,
        "precision_at_20": 0.01617,
        "precision_at_100": 0.00537,
        "precision_at_1000": 0.0009,
        "mrr_at_1": 0.09,
        "mrr_at_3": 0.117222,
        "mrr_at_5": 0.125556,
        "mrr_at_10": 0.13314,
        "mrr_at_20": 0.137308,
        "mrr_at_100": 0.141099,
        "mrr_at_1000": 0.142234,
        "nauc_ndcg_at_1_max": 0.383309,
        "nauc_ndcg_at_1_std": 0.071669,
        "nauc_ndcg_at_1_diff1": 0.476761,
        "nauc_ndcg_at_3_max": 0.370016,
        "nauc_ndcg_at_3_std": 0.088029,
        "nauc_ndcg_at_3_diff1": 0.392052,
        "nauc_ndcg_at_5_max": 0.342961,
        "nauc_ndcg_at_5_std": 0.094044,
        "nauc_ndcg_at_5_diff1": 0.374245,
        "nauc_ndcg_at_10_max": 0.319465,
        "nauc_ndcg_at_10_std": 0.084643,
        "nauc_ndcg_at_10_diff1": 0.348717,
        "nauc_ndcg_at_20_max": 0.324865,
        "nauc_ndcg_at_20_std": 0.06776,
        "nauc_ndcg_at_20_diff1": 0.332122,
        "nauc_ndcg_at_100_max": 0.324894,
        "nauc_ndcg_at_100_std": 0.057304,
        "nauc_ndcg_at_100_diff1": 0.28906,
        "nauc_ndcg_at_1000_max": 0.335233,
        "nauc_ndcg_at_1000_std": 0.044817,
        "nauc_ndcg_at_1000_diff1": 0.314754,
        "nauc_map_at_1_max": 0.345195,
        "nauc_map_at_1_std": 0.080021,
        "nauc_map_at_1_diff1": 0.531155,
        "nauc_map_at_3_max": 0.346763,
        "nauc_map_at_3_std": 0.08638,
        "nauc_map_at_3_diff1": 0.423213,
        "nauc_map_at_5_max": 0.338538,
        "nauc_map_at_5_std": 0.091375,
        "nauc_map_at_5_diff1": 0.408815,
        "nauc_map_at_10_max": 0.32815,
        "nauc_map_at_10_std": 0.084224,
        "nauc_map_at_10_diff1": 0.395394,
        "nauc_map_at_20_max": 0.33063,
        "nauc_map_at_20_std": 0.077992,
        "nauc_map_at_20_diff1": 0.388974,
        "nauc_map_at_100_max": 0.333358,
        "nauc_map_at_100_std": 0.076511,
        "nauc_map_at_100_diff1": 0.383246,
        "nauc_map_at_1000_max": 0.33381,
        "nauc_map_at_1000_std": 0.076399,
        "nauc_map_at_1000_diff1": 0.383864,
        "nauc_recall_at_1_max": 0.345195,
        "nauc_recall_at_1_std": 0.080021,
        "nauc_recall_at_1_diff1": 0.531155,
        "nauc_recall_at_3_max": 0.340117,
        "nauc_recall_at_3_std": 0.085698,
        "nauc_recall_at_3_diff1": 0.335953,
        "nauc_recall_at_5_max": 0.312581,
        "nauc_recall_at_5_std": 0.096913,
        "nauc_recall_at_5_diff1": 0.307129,
        "nauc_recall_at_10_max": 0.251576,
        "nauc_recall_at_10_std": 0.081638,
        "nauc_recall_at_10_diff1": 0.254387,
        "nauc_recall_at_20_max": 0.265736,
        "nauc_recall_at_20_std": 0.039847,
        "nauc_recall_at_20_diff1": 0.220694,
        "nauc_recall_at_100_max": 0.244412,
        "nauc_recall_at_100_std": 0.00274,
        "nauc_recall_at_100_diff1": 0.061747,
        "nauc_recall_at_1000_max": 0.290415,
        "nauc_recall_at_1000_std": -0.156222,
        "nauc_recall_at_1000_diff1": 0.142426,
        "nauc_precision_at_1_max": 0.383309,
        "nauc_precision_at_1_std": 0.071669,
        "nauc_precision_at_1_diff1": 0.476761,
        "nauc_precision_at_3_max": 0.437489,
        "nauc_precision_at_3_std": 0.091816,
        "nauc_precision_at_3_diff1": 0.334334,
        "nauc_precision_at_5_max": 0.401688,
        "nauc_precision_at_5_std": 0.096065,
        "nauc_precision_at_5_diff1": 0.29867,
        "nauc_precision_at_10_max": 0.363786,
        "nauc_precision_at_10_std": 0.07793,
        "nauc_precision_at_10_diff1": 0.260159,
        "nauc_precision_at_20_max": 0.377253,
        "nauc_precision_at_20_std": 0.043042,
        "nauc_precision_at_20_diff1": 0.225246,
        "nauc_precision_at_100_max": 0.396843,
        "nauc_precision_at_100_std": 0.01816,
        "nauc_precision_at_100_diff1": 0.077177,
        "nauc_precision_at_1000_max": 0.436059,
        "nauc_precision_at_1000_std": -0.057309,
        "nauc_precision_at_1000_diff1": 0.129002,
        "nauc_mrr_at_1_max": 0.383309,
        "nauc_mrr_at_1_std": 0.071669,
        "nauc_mrr_at_1_diff1": 0.476761,
        "nauc_mrr_at_3_max": 0.398595,
        "nauc_mrr_at_3_std": 0.085665,
        "nauc_mrr_at_3_diff1": 0.396447,
        "nauc_mrr_at_5_max": 0.384314,
        "nauc_mrr_at_5_std": 0.092947,
        "nauc_mrr_at_5_diff1": 0.385645,
        "nauc_mrr_at_10_max": 0.371948,
        "nauc_mrr_at_10_std": 0.08849,
        "nauc_mrr_at_10_diff1": 0.372581,
        "nauc_mrr_at_20_max": 0.37355,
        "nauc_mrr_at_20_std": 0.082352,
        "nauc_mrr_at_20_diff1": 0.367512,
        "nauc_mrr_at_100_max": 0.372479,
        "nauc_mrr_at_100_std": 0.079922,
        "nauc_mrr_at_100_diff1": 0.363011,
        "nauc_mrr_at_1000_max": 0.372326,
        "nauc_mrr_at_1000_std": 0.079595,
        "nauc_mrr_at_1000_diff1": 0.363556,
        "main_score": 0.14959,
        "hf_subset": "default",
        "languages": [
          "eng-Latn"
        ]
      }
    ]
  },
  "evaluation_time": 27.42672848701477,
  "kg_co2_emissions": null
}