{
  "dataset_revision": "a34f9a33db75fa0cbb21bb5cfc3dae8dc8bec93f",
  "task_name": "Touche2020",
  "mteb_version": "1.39.7",
  "scores": {
    "test": [
      {
        "ndcg_at_1": 0.02041,
        "ndcg_at_3": 0.0277,
        "ndcg_at_5": 0.03164,
        "ndcg_at_10": 0.02699,
        "ndcg_at_20": 0.02342,
        "ndcg_at_100": 0.04607,
        "ndcg_at_1000": 0.09367,
        "map_at_1": 0.00097,
        "map_at_3": 0.00293,
        "map_at_5": 0.00463,
        "map_at_10": 0.00607,
        "map_at_20": 0.00668,
        "map_at_100": 0.00908,
        "map_at_1000": 0.01114,
        "recall_at_1": 0.00097,
        "recall_at_3": 0.0049,
        "recall_at_5": 0.01091,
        "recall_at_10": 0.01481,
        "recall_at_20": 0.01928,
        "recall_at_100": 0.06483,
        "recall_at_1000": 0.21068,
        "precision_at_1": 0.02041,
        "precision_at_3": 0.03401,
        "precision_at_5": 0.04082,
        "precision_at_10": 0.02857,
        "precision_at_20": 0.01837,
        "precision_at_100": 0.01286,
        "precision_at_1000": 0.00437,
        "mrr_at_1": 0.020408,
        "mrr_at_3": 0.061224,
        "mrr_at_5": 0.080612,
        "mrr_at_10": 0.080612,
        "mrr_at_20": 0.083387,
        "mrr_at_100": 0.091594,
        "mrr_at_1000": 0.092295,
        "nauc_ndcg_at_1_max": 0.661545,
        "nauc_ndcg_at_1_std": -0.423411,
        "nauc_ndcg_at_1_diff1": 0.32309,
        "nauc_ndcg_at_3_max": 0.366271,
        "nauc_ndcg_at_3_std": 0.097022,
        "nauc_ndcg_at_3_diff1": -0.043982,
        "nauc_ndcg_at_5_max": 0.375112,
        "nauc_ndcg_at_5_std": 0.091572,
        "nauc_ndcg_at_5_diff1": 0.0813,
        "nauc_ndcg_at_10_max": 0.365693,
        "nauc_ndcg_at_10_std": -0.013872,
        "nauc_ndcg_at_10_diff1": 0.016728,
        "nauc_ndcg_at_20_max": 0.308601,
        "nauc_ndcg_at_20_std": 0.061074,
        "nauc_ndcg_at_20_diff1": 0.111296,
        "nauc_ndcg_at_100_max": 0.260749,
        "nauc_ndcg_at_100_std": 0.22765,
        "nauc_ndcg_at_100_diff1": 0.121049,
        "nauc_ndcg_at_1000_max": 0.299623,
        "nauc_ndcg_at_1000_std": 0.311649,
        "nauc_ndcg_at_1000_diff1": -0.002369,
        "nauc_map_at_1_max": 0.661545,
        "nauc_map_at_1_std": -0.423411,
        "nauc_map_at_1_diff1": 0.32309,
        "nauc_map_at_3_max": 0.442735,
        "nauc_map_at_3_std": -0.046391,
        "nauc_map_at_3_diff1": -0.023504,
        "nauc_map_at_5_max": 0.44614,
        "nauc_map_at_5_std": 0.02473,
        "nauc_map_at_5_diff1": 0.147761,
        "nauc_map_at_10_max": 0.440981,
        "nauc_map_at_10_std": -0.091709,
        "nauc_map_at_10_diff1": 0.056598,
        "nauc_map_at_20_max": 0.411164,
        "nauc_map_at_20_std": -0.053331,
        "nauc_map_at_20_diff1": 0.104713,
        "nauc_map_at_100_max": 0.360491,
        "nauc_map_at_100_std": 0.043969,
        "nauc_map_at_100_diff1": 0.130007,
        "nauc_map_at_1000_max": 0.355022,
        "nauc_map_at_1000_std": 0.092948,
        "nauc_map_at_1000_diff1": 0.087598,
        "nauc_recall_at_1_max": 0.661545,
        "nauc_recall_at_1_std": -0.423411,
        "nauc_recall_at_1_diff1": 0.32309,
        "nauc_recall_at_3_max": 0.399307,
        "nauc_recall_at_3_std": 0.028438,
        "nauc_recall_at_3_diff1": -0.092294,
        "nauc_recall_at_5_max": 0.382819,
        "nauc_recall_at_5_std": 0.143826,
        "nauc_recall_at_5_diff1": 0.193525,
        "nauc_recall_at_10_max": 0.367788,
        "nauc_recall_at_10_std": -0.007771,
        "nauc_recall_at_10_diff1": 0.070001,
        "nauc_recall_at_20_max": 0.282738,
        "nauc_recall_at_20_std": 0.085192,
        "nauc_recall_at_20_diff1": 0.163642,
        "nauc_recall_at_100_max": 0.219342,
        "nauc_recall_at_100_std": 0.299208,
        "nauc_recall_at_100_diff1": 0.108707,
        "nauc_recall_at_1000_max": 0.240228,
        "nauc_recall_at_1000_std": 0.413026,
        "nauc_recall_at_1000_diff1": -0.064715,
        "nauc_precision_at_1_max": 0.661545,
        "nauc_precision_at_1_std": -0.423411,
        "nauc_precision_at_1_diff1": 0.32309,
        "nauc_precision_at_3_max": 0.334371,
        "nauc_precision_at_3_std": 0.097073,
        "nauc_precision_at_3_diff1": -0.089101,
        "nauc_precision_at_5_max": 0.390642,
        "nauc_precision_at_5_std": 0.092882,
        "nauc_precision_at_5_diff1": 0.101807,
        "nauc_precision_at_10_max": 0.364815,
        "nauc_precision_at_10_std": -0.056341,
        "nauc_precision_at_10_diff1": -0.003375,
        "nauc_precision_at_20_max": 0.297819,
        "nauc_precision_at_20_std": -0.001278,
        "nauc_precision_at_20_diff1": 0.05551,
        "nauc_precision_at_100_max": 0.31836,
        "nauc_precision_at_100_std": 0.17932,
        "nauc_precision_at_100_diff1": -0.055731,
        "nauc_precision_at_1000_max": 0.359301,
        "nauc_precision_at_1000_std": 0.269551,
        "nauc_precision_at_1000_diff1": -0.192051,
        "nauc_mrr_at_1_max": 0.661545,
        "nauc_mrr_at_1_std": -0.423411,
        "nauc_mrr_at_1_diff1": 0.32309,
        "nauc_mrr_at_3_max": 0.3889,
        "nauc_mrr_at_3_std": 0.010326,
        "nauc_mrr_at_3_diff1": -0.020403,
        "nauc_mrr_at_5_max": 0.389031,
        "nauc_mrr_at_5_std": 0.066631,
        "nauc_mrr_at_5_diff1": 0.060304,
        "nauc_mrr_at_10_max": 0.389031,
        "nauc_mrr_at_10_std": 0.066631,
        "nauc_mrr_at_10_diff1": 0.060304,
        "nauc_mrr_at_20_max": 0.371345,
        "nauc_mrr_at_20_std": 0.069661,
        "nauc_mrr_at_20_diff1": 0.054067,
        "nauc_mrr_at_100_max": 0.389572,
        "nauc_mrr_at_100_std": 0.066616,
        "nauc_mrr_at_100_diff1": 0.041063,
        "nauc_mrr_at_1000_max": 0.388159,
        "nauc_mrr_at_1000_std": 0.068886,
        "nauc_mrr_at_1000_diff1": 0.042369,
        "main_score": 0.02699,
        "hf_subset": "default",
        "languages": [
          "eng-Latn"
        ]
      }
    ]
  },
  "evaluation_time": 4727.938416481018,
  "kg_co2_emissions": null
}