{
  "dataset_revision": "27a168819829fe9bcd655c2df245fb19452e8e06",
  "task_name": "FiQA2018",
  "mteb_version": "1.39.7",
  "scores": {
    "test": [
      {
        "ndcg_at_1": 0.00926,
        "ndcg_at_3": 0.00935,
        "ndcg_at_5": 0.01083,
        "ndcg_at_10": 0.0134,
        "ndcg_at_20": 0.01531,
        "ndcg_at_100": 0.02305,
        "ndcg_at_1000": 0.04273,
        "map_at_1": 0.00392,
        "map_at_3": 0.00607,
        "map_at_5": 0.00716,
        "map_at_10": 0.00812,
        "map_at_20": 0.00854,
        "map_at_100": 0.00945,
        "map_at_1000": 0.01001,
        "recall_at_1": 0.00392,
        "recall_at_3": 0.0083,
        "recall_at_5": 0.01321,
        "recall_at_10": 0.0202,
        "recall_at_20": 0.02579,
        "recall_at_100": 0.05808,
        "recall_at_1000": 0.18764,
        "precision_at_1": 0.00926,
        "precision_at_3": 0.00566,
        "precision_at_5": 0.00556,
        "precision_at_10": 0.00509,
        "precision_at_20": 0.0034,
        "precision_at_100": 0.00157,
        "precision_at_1000": 0.00049,
        "mrr_at_1": 0.009259,
        "mrr_at_3": 0.01286,
        "mrr_at_5": 0.015252,
        "mrr_at_10": 0.01807,
        "mrr_at_20": 0.018917,
        "mrr_at_100": 0.020417,
        "mrr_at_1000": 0.021128,
        "nauc_ndcg_at_1_max": -0.018143,
        "nauc_ndcg_at_1_std": -0.021251,
        "nauc_ndcg_at_1_diff1": -0.180915,
        "nauc_ndcg_at_3_max": -0.130599,
        "nauc_ndcg_at_3_std": 0.06329,
        "nauc_ndcg_at_3_diff1": 0.023224,
        "nauc_ndcg_at_5_max": -0.088825,
        "nauc_ndcg_at_5_std": 0.126449,
        "nauc_ndcg_at_5_diff1": 0.044432,
        "nauc_ndcg_at_10_max": -0.072817,
        "nauc_ndcg_at_10_std": 0.158197,
        "nauc_ndcg_at_10_diff1": 0.061913,
        "nauc_ndcg_at_20_max": -0.035948,
        "nauc_ndcg_at_20_std": 0.188241,
        "nauc_ndcg_at_20_diff1": 0.078002,
        "nauc_ndcg_at_100_max": 0.026434,
        "nauc_ndcg_at_100_std": 0.141437,
        "nauc_ndcg_at_100_diff1": 0.05627,
        "nauc_ndcg_at_1000_max": 0.052652,
        "nauc_ndcg_at_1000_std": 0.114269,
        "nauc_ndcg_at_1000_diff1": 0.039974,
        "nauc_map_at_1_max": 0.003528,
        "nauc_map_at_1_std": -0.09102,
        "nauc_map_at_1_diff1": -0.084317,
        "nauc_map_at_3_max": -0.139842,
        "nauc_map_at_3_std": 0.083988,
        "nauc_map_at_3_diff1": 0.068681,
        "nauc_map_at_5_max": -0.112819,
        "nauc_map_at_5_std": 0.121967,
        "nauc_map_at_5_diff1": 0.066515,
        "nauc_map_at_10_max": -0.104149,
        "nauc_map_at_10_std": 0.13141,
        "nauc_map_at_10_diff1": 0.072273,
        "nauc_map_at_20_max": -0.088758,
        "nauc_map_at_20_std": 0.143252,
        "nauc_map_at_20_diff1": 0.077716,
        "nauc_map_at_100_max": -0.066863,
        "nauc_map_at_100_std": 0.136537,
        "nauc_map_at_100_diff1": 0.078113,
        "nauc_map_at_1000_max": -0.061635,
        "nauc_map_at_1000_std": 0.135549,
        "nauc_map_at_1000_diff1": 0.075969,
        "nauc_recall_at_1_max": 0.003528,
        "nauc_recall_at_1_std": -0.09102,
        "nauc_recall_at_1_diff1": -0.084317,
        "nauc_recall_at_3_max": -0.205195,
        "nauc_recall_at_3_std": 0.159957,
        "nauc_recall_at_3_diff1": 0.136049,
        "nauc_recall_at_5_max": -0.129845,
        "nauc_recall_at_5_std": 0.238102,
        "nauc_recall_at_5_diff1": 0.120925,
        "nauc_recall_at_10_max": -0.097913,
        "nauc_recall_at_10_std": 0.247107,
        "nauc_recall_at_10_diff1": 0.107916,
        "nauc_recall_at_20_max": -0.034949,
        "nauc_recall_at_20_std": 0.287591,
        "nauc_recall_at_20_diff1": 0.12249,
        "nauc_recall_at_100_max": 0.083723,
        "nauc_recall_at_100_std": 0.154032,
        "nauc_recall_at_100_diff1": 0.055816,
        "nauc_recall_at_1000_max": 0.081532,
        "nauc_recall_at_1000_std": 0.099135,
        "nauc_recall_at_1000_diff1": 0.033232,
        "nauc_precision_at_1_max": -0.018143,
        "nauc_precision_at_1_std": -0.021251,
        "nauc_precision_at_1_diff1": -0.180915,
        "nauc_precision_at_3_max": -0.12852,
        "nauc_precision_at_3_std": 0.019041,
        "nauc_precision_at_3_diff1": 0.00884,
        "nauc_precision_at_5_max": -0.015125,
        "nauc_precision_at_5_std": 0.081858,
        "nauc_precision_at_5_diff1": 0.012406,
        "nauc_precision_at_10_max": 0.006094,
        "nauc_precision_at_10_std": 0.149974,
        "nauc_precision_at_10_diff1": 0.04444,
        "nauc_precision_at_20_max": 0.081831,
        "nauc_precision_at_20_std": 0.191822,
        "nauc_precision_at_20_diff1": 0.069639,
        "nauc_precision_at_100_max": 0.123048,
        "nauc_precision_at_100_std": 0.113471,
        "nauc_precision_at_100_diff1": 0.027771,
        "nauc_precision_at_1000_max": 0.137865,
        "nauc_precision_at_1000_std": 0.058638,
        "nauc_precision_at_1000_diff1": -0.001181,
        "nauc_mrr_at_1_max": -0.018143,
        "nauc_mrr_at_1_std": -0.021251,
        "nauc_mrr_at_1_diff1": -0.180915,
        "nauc_mrr_at_3_max": -0.093329,
        "nauc_mrr_at_3_std": 0.016429,
        "nauc_mrr_at_3_diff1": -0.050982,
        "nauc_mrr_at_5_max": -0.044976,
        "nauc_mrr_at_5_std": 0.038815,
        "nauc_mrr_at_5_diff1": -0.039973,
        "nauc_mrr_at_10_max": -0.030026,
        "nauc_mrr_at_10_std": 0.06891,
        "nauc_mrr_at_10_diff1": -0.034506,
        "nauc_mrr_at_20_max": -0.019459,
        "nauc_mrr_at_20_std": 0.086427,
        "nauc_mrr_at_20_diff1": -0.020822,
        "nauc_mrr_at_100_max": -0.0117,
        "nauc_mrr_at_100_std": 0.077066,
        "nauc_mrr_at_100_diff1": -0.019346,
        "nauc_mrr_at_1000_max": -0.012454,
        "nauc_mrr_at_1000_std": 0.076692,
        "nauc_mrr_at_1000_diff1": -0.019003,
        "main_score": 0.0134,
        "hf_subset": "default",
        "languages": [
          "eng-Latn"
        ]
      }
    ]
  },
  "evaluation_time": 778.2667784690857,
  "kg_co2_emissions": null
}