{
  "dataset_revision": "a34f9a33db75fa0cbb21bb5cfc3dae8dc8bec93f",
  "task_name": "Touche2020",
  "mteb_version": "1.39.7",
  "scores": {
    "test": [
      {
        "ndcg_at_1": 0.04082,
        "ndcg_at_3": 0.03124,
        "ndcg_at_5": 0.0324,
        "ndcg_at_10": 0.02848,
        "ndcg_at_20": 0.02697,
        "ndcg_at_100": 0.0504,
        "ndcg_at_1000": 0.10297,
        "map_at_1": 0.00176,
        "map_at_3": 0.00333,
        "map_at_5": 0.0047,
        "map_at_10": 0.00637,
        "map_at_20": 0.00765,
        "map_at_100": 0.01025,
        "map_at_1000": 0.01278,
        "recall_at_1": 0.00176,
        "recall_at_3": 0.0049,
        "recall_at_5": 0.01002,
        "recall_at_10": 0.01481,
        "recall_at_20": 0.02316,
        "recall_at_100": 0.07013,
        "recall_at_1000": 0.22899,
        "precision_at_1": 0.04082,
        "precision_at_3": 0.03401,
        "precision_at_5": 0.03673,
        "precision_at_10": 0.02857,
        "precision_at_20": 0.02143,
        "precision_at_100": 0.01367,
        "precision_at_1000": 0.00471,
        "mrr_at_1": 0.040816,
        "mrr_at_3": 0.071429,
        "mrr_at_5": 0.085714,
        "mrr_at_10": 0.089116,
        "mrr_at_20": 0.092697,
        "mrr_at_100": 0.100656,
        "mrr_at_1000": 0.101569,
        "nauc_ndcg_at_1_max": 0.661545,
        "nauc_ndcg_at_1_std": -0.000388,
        "nauc_ndcg_at_1_diff1": 0.075675,
        "nauc_ndcg_at_3_max": 0.432413,
        "nauc_ndcg_at_3_std": 0.166212,
        "nauc_ndcg_at_3_diff1": -0.045201,
        "nauc_ndcg_at_5_max": 0.479332,
        "nauc_ndcg_at_5_std": 0.16376,
        "nauc_ndcg_at_5_diff1": 0.110176,
        "nauc_ndcg_at_10_max": 0.452014,
        "nauc_ndcg_at_10_std": 0.061822,
        "nauc_ndcg_at_10_diff1": 0.080197,
        "nauc_ndcg_at_20_max": 0.358328,
        "nauc_ndcg_at_20_std": 0.17353,
        "nauc_ndcg_at_20_diff1": 0.193371,
        "nauc_ndcg_at_100_max": 0.306923,
        "nauc_ndcg_at_100_std": 0.31617,
        "nauc_ndcg_at_100_diff1": 0.197564,
        "nauc_ndcg_at_1000_max": 0.349506,
        "nauc_ndcg_at_1000_std": 0.38476,
        "nauc_ndcg_at_1000_diff1": 0.033575,
        "nauc_map_at_1_max": 0.697551,
        "nauc_map_at_1_std": -0.0348,
        "nauc_map_at_1_diff1": 0.138002,
        "nauc_map_at_3_max": 0.447634,
        "nauc_map_at_3_std": 0.042252,
        "nauc_map_at_3_diff1": -0.038864,
        "nauc_map_at_5_max": 0.507561,
        "nauc_map_at_5_std": 0.108688,
        "nauc_map_at_5_diff1": 0.159035,
        "nauc_map_at_10_max": 0.501523,
        "nauc_map_at_10_std": -0.006405,
        "nauc_map_at_10_diff1": 0.113094,
        "nauc_map_at_20_max": 0.434433,
        "nauc_map_at_20_std": 0.031769,
        "nauc_map_at_20_diff1": 0.125581,
        "nauc_map_at_100_max": 0.38871,
        "nauc_map_at_100_std": 0.15593,
        "nauc_map_at_100_diff1": 0.201792,
        "nauc_map_at_1000_max": 0.386722,
        "nauc_map_at_1000_std": 0.19909,
        "nauc_map_at_1000_diff1": 0.145227,
        "nauc_recall_at_1_max": 0.697551,
        "nauc_recall_at_1_std": -0.0348,
        "nauc_recall_at_1_diff1": 0.138002,
        "nauc_recall_at_3_max": 0.357969,
        "nauc_recall_at_3_std": 0.069897,
        "nauc_recall_at_3_diff1": -0.10232,
        "nauc_recall_at_5_max": 0.455043,
        "nauc_recall_at_5_std": 0.192388,
        "nauc_recall_at_5_diff1": 0.2516,
        "nauc_recall_at_10_max": 0.419828,
        "nauc_recall_at_10_std": 0.043547,
        "nauc_recall_at_10_diff1": 0.154294,
        "nauc_recall_at_20_max": 0.268967,
        "nauc_recall_at_20_std": 0.211004,
        "nauc_recall_at_20_diff1": 0.253063,
        "nauc_recall_at_100_max": 0.231162,
        "nauc_recall_at_100_std": 0.381235,
        "nauc_recall_at_100_diff1": 0.200756,
        "nauc_recall_at_1000_max": 0.280082,
        "nauc_recall_at_1000_std": 0.458078,
        "nauc_recall_at_1000_diff1": -0.022702,
        "nauc_precision_at_1_max": 0.661545,
        "nauc_precision_at_1_std": -0.000388,
        "nauc_precision_at_1_diff1": 0.075675,
        "nauc_precision_at_3_max": 0.334371,
        "nauc_precision_at_3_std": 0.144059,
        "nauc_precision_at_3_diff1": -0.074476,
        "nauc_precision_at_5_max": 0.49134,
        "nauc_precision_at_5_std": 0.151456,
        "nauc_precision_at_5_diff1": 0.180411,
        "nauc_precision_at_10_max": 0.429047,
        "nauc_precision_at_10_std": 0.004742,
        "nauc_precision_at_10_diff1": 0.100945,
        "nauc_precision_at_20_max": 0.306553,
        "nauc_precision_at_20_std": 0.122031,
        "nauc_precision_at_20_diff1": 0.148949,
        "nauc_precision_at_100_max": 0.325008,
        "nauc_precision_at_100_std": 0.27628,
        "nauc_precision_at_100_diff1": 0.018303,
        "nauc_precision_at_1000_max": 0.406685,
        "nauc_precision_at_1000_std": 0.327794,
        "nauc_precision_at_1000_diff1": -0.224167,
        "nauc_mrr_at_1_max": 0.661545,
        "nauc_mrr_at_1_std": -0.000388,
        "nauc_mrr_at_1_diff1": 0.075675,
        "nauc_mrr_at_3_max": 0.42785,
        "nauc_mrr_at_3_std": 0.102788,
        "nauc_mrr_at_3_diff1": -0.031576,
        "nauc_mrr_at_5_max": 0.452715,
        "nauc_mrr_at_5_std": 0.148494,
        "nauc_mrr_at_5_diff1": 0.05118,
        "nauc_mrr_at_10_max": 0.437524,
        "nauc_mrr_at_10_std": 0.148462,
        "nauc_mrr_at_10_diff1": 0.053782,
        "nauc_mrr_at_20_max": 0.42436,
        "nauc_mrr_at_20_std": 0.164271,
        "nauc_mrr_at_20_diff1": 0.059626,
        "nauc_mrr_at_100_max": 0.439974,
        "nauc_mrr_at_100_std": 0.152961,
        "nauc_mrr_at_100_diff1": 0.041496,
        "nauc_mrr_at_1000_max": 0.437759,
        "nauc_mrr_at_1000_std": 0.156923,
        "nauc_mrr_at_1000_diff1": 0.042609,
        "main_score": 0.02848,
        "hf_subset": "default",
        "languages": [
          "eng-Latn"
        ]
      }
    ]
  },
  "evaluation_time": 4255.915894508362,
  "kg_co2_emissions": null
}