{
  "dataset_revision": "c22ab2a51041ffd869aaddef7af8d8215647e41a",
  "task_name": "ArguAna",
  "mteb_version": "1.39.7",
  "scores": {
    "test": [
      {
        "ndcg_at_1": 0.26529,
        "ndcg_at_3": 0.41015,
        "ndcg_at_5": 0.45832,
        "ndcg_at_10": 0.50285,
        "ndcg_at_20": 0.52662,
        "ndcg_at_100": 0.54378,
        "ndcg_at_1000": 0.54893,
        "map_at_1": 0.26529,
        "map_at_3": 0.37423,
        "map_at_5": 0.40087,
        "map_at_10": 0.41946,
        "map_at_20": 0.4262,
        "map_at_100": 0.42863,
        "map_at_1000": 0.42886,
        "recall_at_1": 0.26529,
        "recall_at_3": 0.51422,
        "recall_at_5": 0.63158,
        "recall_at_10": 0.76814,
        "recall_at_20": 0.8606,
        "recall_at_100": 0.95235,
        "recall_at_1000": 0.99147,
        "precision_at_1": 0.26529,
        "precision_at_3": 0.17141,
        "precision_at_5": 0.12632,
        "precision_at_10": 0.07681,
        "precision_at_20": 0.04303,
        "precision_at_100": 0.00952,
        "precision_at_1000": 0.00099,
        "mrr_at_1": 0.269559,
        "mrr_at_3": 0.375178,
        "mrr_at_5": 0.402276,
        "mrr_at_10": 0.420923,
        "mrr_at_20": 0.427726,
        "mrr_at_100": 0.43016,
        "mrr_at_1000": 0.430382,
        "nauc_ndcg_at_1_max": -0.042486,
        "nauc_ndcg_at_1_std": -0.086032,
        "nauc_ndcg_at_1_diff1": 0.149668,
        "nauc_ndcg_at_3_max": 0.007633,
        "nauc_ndcg_at_3_std": -0.068934,
        "nauc_ndcg_at_3_diff1": 0.119837,
        "nauc_ndcg_at_5_max": 0.015127,
        "nauc_ndcg_at_5_std": -0.055487,
        "nauc_ndcg_at_5_diff1": 0.110172,
        "nauc_ndcg_at_10_max": 0.018242,
        "nauc_ndcg_at_10_std": -0.05743,
        "nauc_ndcg_at_10_diff1": 0.10499,
        "nauc_ndcg_at_20_max": 0.021699,
        "nauc_ndcg_at_20_std": -0.055184,
        "nauc_ndcg_at_20_diff1": 0.110459,
        "nauc_ndcg_at_100_max": 0.013038,
        "nauc_ndcg_at_100_std": -0.052739,
        "nauc_ndcg_at_100_diff1": 0.116281,
        "nauc_ndcg_at_1000_max": 0.007014,
        "nauc_ndcg_at_1000_std": -0.05987,
        "nauc_ndcg_at_1000_diff1": 0.115273,
        "nauc_map_at_1_max": -0.042486,
        "nauc_map_at_1_std": -0.086032,
        "nauc_map_at_1_diff1": 0.149668,
        "nauc_map_at_3_max": -0.0066,
        "nauc_map_at_3_std": -0.074923,
        "nauc_map_at_3_diff1": 0.125938,
        "nauc_map_at_5_max": -0.003218,
        "nauc_map_at_5_std": -0.068554,
        "nauc_map_at_5_diff1": 0.120988,
        "nauc_map_at_10_max": -0.002994,
        "nauc_map_at_10_std": -0.070271,
        "nauc_map_at_10_diff1": 0.119299,
        "nauc_map_at_20_max": -0.002569,
        "nauc_map_at_20_std": -0.069807,
        "nauc_map_at_20_diff1": 0.120766,
        "nauc_map_at_100_max": -0.003824,
        "nauc_map_at_100_std": -0.069844,
        "nauc_map_at_100_diff1": 0.121573,
        "nauc_map_at_1000_max": -0.004047,
        "nauc_map_at_1000_std": -0.070047,
        "nauc_map_at_1000_diff1": 0.121526,
        "nauc_recall_at_1_max": -0.042486,
        "nauc_recall_at_1_std": -0.086032,
        "nauc_recall_at_1_diff1": 0.149668,
        "nauc_recall_at_3_max": 0.048895,
        "nauc_recall_at_3_std": -0.051196,
        "nauc_recall_at_3_diff1": 0.102937,
        "nauc_recall_at_5_max": 0.076218,
        "nauc_recall_at_5_std": -0.009733,
        "nauc_recall_at_5_diff1": 0.074431,
        "nauc_recall_at_10_max": 0.11721,
        "nauc_recall_at_10_std": 0.004724,
        "nauc_recall_at_10_diff1": 0.037943,
        "nauc_recall_at_20_max": 0.20165,
        "nauc_recall_at_20_std": 0.055486,
        "nauc_recall_at_20_diff1": 0.045836,
        "nauc_recall_at_100_max": 0.284331,
        "nauc_recall_at_100_std": 0.343918,
        "nauc_recall_at_100_diff1": 0.088539,
        "nauc_recall_at_1000_max": 0.169975,
        "nauc_recall_at_1000_std": 0.444894,
        "nauc_recall_at_1000_diff1": -0.235923,
        "nauc_precision_at_1_max": -0.042486,
        "nauc_precision_at_1_std": -0.086032,
        "nauc_precision_at_1_diff1": 0.149668,
        "nauc_precision_at_3_max": 0.048895,
        "nauc_precision_at_3_std": -0.051196,
        "nauc_precision_at_3_diff1": 0.102937,
        "nauc_precision_at_5_max": 0.076218,
        "nauc_precision_at_5_std": -0.009733,
        "nauc_precision_at_5_diff1": 0.074431,
        "nauc_precision_at_10_max": 0.11721,
        "nauc_precision_at_10_std": 0.004724,
        "nauc_precision_at_10_diff1": 0.037943,
        "nauc_precision_at_20_max": 0.20165,
        "nauc_precision_at_20_std": 0.055486,
        "nauc_precision_at_20_diff1": 0.045836,
        "nauc_precision_at_100_max": 0.284331,
        "nauc_precision_at_100_std": 0.343918,
        "nauc_precision_at_100_diff1": 0.088539,
        "nauc_precision_at_1000_max": 0.169975,
        "nauc_precision_at_1000_std": 0.444894,
        "nauc_precision_at_1000_diff1": -0.235923,
        "nauc_mrr_at_1_max": -0.048049,
        "nauc_mrr_at_1_std": -0.08212,
        "nauc_mrr_at_1_diff1": 0.135575,
        "nauc_mrr_at_3_max": -0.016339,
        "nauc_mrr_at_3_std": -0.074732,
        "nauc_mrr_at_3_diff1": 0.112873,
        "nauc_mrr_at_5_max": -0.012424,
        "nauc_mrr_at_5_std": -0.068359,
        "nauc_mrr_at_5_diff1": 0.107763,
        "nauc_mrr_at_10_max": -0.011551,
        "nauc_mrr_at_10_std": -0.069192,
        "nauc_mrr_at_10_diff1": 0.106239,
        "nauc_mrr_at_20_max": -0.011002,
        "nauc_mrr_at_20_std": -0.06861,
        "nauc_mrr_at_20_diff1": 0.10774,
        "nauc_mrr_at_100_max": -0.01232,
        "nauc_mrr_at_100_std": -0.06864,
        "nauc_mrr_at_100_diff1": 0.108443,
        "nauc_mrr_at_1000_max": -0.012547,
        "nauc_mrr_at_1000_std": -0.068841,
        "nauc_mrr_at_1000_diff1": 0.108386,
        "main_score": 0.50285,
        "hf_subset": "default",
        "languages": [
          "eng-Latn"
        ]
      }
    ]
  },
  "evaluation_time": 22.04680323600769,
  "kg_co2_emissions": null
}