{
  "dataset_revision": "c22ab2a51041ffd869aaddef7af8d8215647e41a",
  "task_name": "ArguAna",
  "mteb_version": "1.39.7",
  "scores": {
    "test": [
      {
        "ndcg_at_1": 0.00071,
        "ndcg_at_3": 0.00187,
        "ndcg_at_5": 0.00187,
        "ndcg_at_10": 0.0021,
        "ndcg_at_20": 0.00258,
        "ndcg_at_100": 0.00612,
        "ndcg_at_1000": 0.02096,
        "map_at_1": 0.00071,
        "map_at_3": 0.00154,
        "map_at_5": 0.00154,
        "map_at_10": 0.00163,
        "map_at_20": 0.00174,
        "map_at_100": 0.00217,
        "map_at_1000": 0.00251,
        "recall_at_1": 0.00071,
        "recall_at_3": 0.00284,
        "recall_at_5": 0.00284,
        "recall_at_10": 0.00356,
        "recall_at_20": 0.00569,
        "recall_at_100": 0.0256,
        "recall_at_1000": 0.15647,
        "precision_at_1": 0.00071,
        "precision_at_3": 0.00095,
        "precision_at_5": 0.00057,
        "precision_at_10": 0.00036,
        "precision_at_20": 0.00028,
        "precision_at_100": 0.00026,
        "precision_at_1000": 0.00016,
        "mrr_at_1": 0.000711,
        "mrr_at_3": 0.001541,
        "mrr_at_5": 0.001541,
        "mrr_at_10": 0.00163,
        "mrr_at_20": 0.001738,
        "mrr_at_100": 0.002173,
        "mrr_at_1000": 0.002507,
        "nauc_ndcg_at_1_max": -0.415374,
        "nauc_ndcg_at_1_std": 0.324078,
        "nauc_ndcg_at_1_diff1": 0.098638,
        "nauc_ndcg_at_3_max": -0.045341,
        "nauc_ndcg_at_3_std": 0.462814,
        "nauc_ndcg_at_3_diff1": -0.07916,
        "nauc_ndcg_at_5_max": -0.045341,
        "nauc_ndcg_at_5_std": 0.462814,
        "nauc_ndcg_at_5_diff1": -0.07916,
        "nauc_ndcg_at_10_max": -0.074608,
        "nauc_ndcg_at_10_std": 0.44796,
        "nauc_ndcg_at_10_diff1": 0.036384,
        "nauc_ndcg_at_20_max": -0.111005,
        "nauc_ndcg_at_20_std": 0.41289,
        "nauc_ndcg_at_20_diff1": 0.086467,
        "nauc_ndcg_at_100_max": -0.093276,
        "nauc_ndcg_at_100_std": 0.273424,
        "nauc_ndcg_at_100_diff1": -0.008279,
        "nauc_ndcg_at_1000_max": -0.033793,
        "nauc_ndcg_at_1000_std": 0.168583,
        "nauc_ndcg_at_1000_diff1": 0.006164,
        "nauc_map_at_1_max": -0.415374,
        "nauc_map_at_1_std": 0.324078,
        "nauc_map_at_1_diff1": 0.098638,
        "nauc_map_at_3_max": -0.103196,
        "nauc_map_at_3_std": 0.428128,
        "nauc_map_at_3_diff1": -0.051494,
        "nauc_map_at_5_max": -0.103196,
        "nauc_map_at_5_std": 0.428128,
        "nauc_map_at_5_diff1": -0.051494,
        "nauc_map_at_10_max": -0.114951,
        "nauc_map_at_10_std": 0.422452,
        "nauc_map_at_10_diff1": 0.00586,
        "nauc_map_at_20_max": -0.12431,
        "nauc_map_at_20_std": 0.412757,
        "nauc_map_at_20_diff1": 0.024831,
        "nauc_map_at_100_max": -0.117812,
        "nauc_map_at_100_std": 0.360065,
        "nauc_map_at_100_diff1": -0.00083,
        "nauc_map_at_1000_max": -0.106898,
        "nauc_map_at_1000_std": 0.329914,
        "nauc_map_at_1000_diff1": 0.002608,
        "nauc_recall_at_1_max": -0.415374,
        "nauc_recall_at_1_std": 0.324078,
        "nauc_recall_at_1_diff1": 0.098638,
        "nauc_recall_at_3_max": 0.048823,
        "nauc_recall_at_3_std": 0.521339,
        "nauc_recall_at_3_diff1": -0.124167,
        "nauc_recall_at_5_max": 0.048823,
        "nauc_recall_at_5_std": 0.521339,
        "nauc_recall_at_5_diff1": -0.124167,
        "nauc_recall_at_10_max": -0.02468,
        "nauc_recall_at_10_std": 0.481887,
        "nauc_recall_at_10_diff1": 0.100667,
        "nauc_recall_at_20_max": -0.116013,
        "nauc_recall_at_20_std": 0.398772,
        "nauc_recall_at_20_diff1": 0.1745,
        "nauc_recall_at_100_max": -0.087785,
        "nauc_recall_at_100_std": 0.229067,
        "nauc_recall_at_100_diff1": -0.015482,
        "nauc_recall_at_1000_max": -0.01834,
        "nauc_recall_at_1000_std": 0.138176,
        "nauc_recall_at_1000_diff1": 0.005482,
        "nauc_precision_at_1_max": -0.415374,
        "nauc_precision_at_1_std": 0.324078,
        "nauc_precision_at_1_diff1": 0.098638,
        "nauc_precision_at_3_max": 0.048823,
        "nauc_precision_at_3_std": 0.521339,
        "nauc_precision_at_3_diff1": -0.124167,
        "nauc_precision_at_5_max": 0.048823,
        "nauc_precision_at_5_std": 0.521339,
        "nauc_precision_at_5_diff1": -0.124167,
        "nauc_precision_at_10_max": -0.02468,
        "nauc_precision_at_10_std": 0.481887,
        "nauc_precision_at_10_diff1": 0.100667,
        "nauc_precision_at_20_max": -0.116013,
        "nauc_precision_at_20_std": 0.398772,
        "nauc_precision_at_20_diff1": 0.1745,
        "nauc_precision_at_100_max": -0.087785,
        "nauc_precision_at_100_std": 0.229067,
        "nauc_precision_at_100_diff1": -0.015482,
        "nauc_precision_at_1000_max": -0.01834,
        "nauc_precision_at_1000_std": 0.138176,
        "nauc_precision_at_1000_diff1": 0.005482,
        "nauc_mrr_at_1_max": -0.415374,
        "nauc_mrr_at_1_std": 0.324078,
        "nauc_mrr_at_1_diff1": 0.098638,
        "nauc_mrr_at_3_max": -0.103196,
        "nauc_mrr_at_3_std": 0.428128,
        "nauc_mrr_at_3_diff1": -0.051494,
        "nauc_mrr_at_5_max": -0.103196,
        "nauc_mrr_at_5_std": 0.428128,
        "nauc_mrr_at_5_diff1": -0.051494,
        "nauc_mrr_at_10_max": -0.114951,
        "nauc_mrr_at_10_std": 0.422452,
        "nauc_mrr_at_10_diff1": 0.00586,
        "nauc_mrr_at_20_max": -0.12431,
        "nauc_mrr_at_20_std": 0.412757,
        "nauc_mrr_at_20_diff1": 0.024831,
        "nauc_mrr_at_100_max": -0.117692,
        "nauc_mrr_at_100_std": 0.360101,
        "nauc_mrr_at_100_diff1": -0.000913,
        "nauc_mrr_at_1000_max": -0.106791,
        "nauc_mrr_at_1000_std": 0.329934,
        "nauc_mrr_at_1000_diff1": 0.002535,
        "main_score": 0.0021,
        "hf_subset": "default",
        "languages": [
          "eng-Latn"
        ]
      }
    ]
  },
  "evaluation_time": 51.855546712875366,
  "kg_co2_emissions": null
}