{
  "dataset_revision": "bb9466bac8153a0349341eb1b22e06409e78ef4e",
  "task_name": "TRECCOVID",
  "mteb_version": "1.39.7",
  "scores": {
    "test": [
      {
        "ndcg_at_1": 0.02,
        "ndcg_at_3": 0.00939,
        "ndcg_at_5": 0.00678,
        "ndcg_at_10": 0.0044,
        "ndcg_at_20": 0.00284,
        "ndcg_at_100": 0.00237,
        "ndcg_at_1000": 0.00356,
        "map_at_1": 3e-05,
        "map_at_3": 3e-05,
        "map_at_5": 3e-05,
        "map_at_10": 3e-05,
        "map_at_20": 3e-05,
        "map_at_100": 4e-05,
        "map_at_1000": 6e-05,
        "recall_at_1": 3e-05,
        "recall_at_3": 3e-05,
        "recall_at_5": 3e-05,
        "recall_at_10": 3e-05,
        "recall_at_20": 3e-05,
        "recall_at_100": 0.00034,
        "recall_at_1000": 0.00431,
        "precision_at_1": 0.02,
        "precision_at_3": 0.00667,
        "precision_at_5": 0.004,
        "precision_at_10": 0.002,
        "precision_at_20": 0.001,
        "precision_at_100": 0.002,
        "precision_at_1000": 0.00222,
        "mrr_at_1": 0.02,
        "mrr_at_3": 0.02,
        "mrr_at_5": 0.02,
        "mrr_at_10": 0.02,
        "mrr_at_20": 0.02,
        "mrr_at_100": 0.022954,
        "mrr_at_1000": 0.02485,
        "nauc_ndcg_at_1_max": -0.574725,
        "nauc_ndcg_at_1_std": 1.0,
        "nauc_ndcg_at_1_diff1": 1.0,
        "nauc_ndcg_at_3_max": -0.574725,
        "nauc_ndcg_at_3_std": 1.0,
        "nauc_ndcg_at_3_diff1": 1.0,
        "nauc_ndcg_at_5_max": -0.574725,
        "nauc_ndcg_at_5_std": 1.0,
        "nauc_ndcg_at_5_diff1": 1.0,
        "nauc_ndcg_at_10_max": -0.574725,
        "nauc_ndcg_at_10_std": 1.0,
        "nauc_ndcg_at_10_diff1": 1.0,
        "nauc_ndcg_at_20_max": -0.574725,
        "nauc_ndcg_at_20_std": 1.0,
        "nauc_ndcg_at_20_diff1": 1.0,
        "nauc_ndcg_at_100_max": -0.368406,
        "nauc_ndcg_at_100_std": 0.627481,
        "nauc_ndcg_at_100_diff1": 0.401164,
        "nauc_ndcg_at_1000_max": -0.358801,
        "nauc_ndcg_at_1000_std": 0.573202,
        "nauc_ndcg_at_1000_diff1": 0.356736,
        "nauc_map_at_1_max": -0.574725,
        "nauc_map_at_1_std": 1.0,
        "nauc_map_at_1_diff1": 1.0,
        "nauc_map_at_3_max": -0.574725,
        "nauc_map_at_3_std": 1.0,
        "nauc_map_at_3_diff1": 1.0,
        "nauc_map_at_5_max": -0.574725,
        "nauc_map_at_5_std": 1.0,
        "nauc_map_at_5_diff1": 1.0,
        "nauc_map_at_10_max": -0.574725,
        "nauc_map_at_10_std": 1.0,
        "nauc_map_at_10_diff1": 1.0,
        "nauc_map_at_20_max": -0.574725,
        "nauc_map_at_20_std": 1.0,
        "nauc_map_at_20_diff1": 1.0,
        "nauc_map_at_100_max": -0.5351,
        "nauc_map_at_100_std": 0.907947,
        "nauc_map_at_100_diff1": 0.83173,
        "nauc_map_at_1000_max": -0.482949,
        "nauc_map_at_1000_std": 0.787695,
        "nauc_map_at_1000_diff1": 0.691907,
        "nauc_recall_at_1_max": -0.574725,
        "nauc_recall_at_1_std": 1.0,
        "nauc_recall_at_1_diff1": 1.0,
        "nauc_recall_at_3_max": -0.574725,
        "nauc_recall_at_3_std": 1.0,
        "nauc_recall_at_3_diff1": 1.0,
        "nauc_recall_at_5_max": -0.574725,
        "nauc_recall_at_5_std": 1.0,
        "nauc_recall_at_5_diff1": 1.0,
        "nauc_recall_at_10_max": -0.574725,
        "nauc_recall_at_10_std": 1.0,
        "nauc_recall_at_10_diff1": 1.0,
        "nauc_recall_at_20_max": -0.574725,
        "nauc_recall_at_20_std": 1.0,
        "nauc_recall_at_20_diff1": 1.0,
        "nauc_recall_at_100_max": -0.300346,
        "nauc_recall_at_100_std": 0.520284,
        "nauc_recall_at_100_diff1": 0.182661,
        "nauc_recall_at_1000_max": -0.333504,
        "nauc_recall_at_1000_std": 0.374617,
        "nauc_recall_at_1000_diff1": 0.234929,
        "nauc_precision_at_1_max": -0.574725,
        "nauc_precision_at_1_std": 1.0,
        "nauc_precision_at_1_diff1": 1.0,
        "nauc_precision_at_3_max": -0.574725,
        "nauc_precision_at_3_std": 1.0,
        "nauc_precision_at_3_diff1": 1.0,
        "nauc_precision_at_5_max": -0.574725,
        "nauc_precision_at_5_std": 1.0,
        "nauc_precision_at_5_diff1": 1.0,
        "nauc_precision_at_10_max": -0.574725,
        "nauc_precision_at_10_std": 1.0,
        "nauc_precision_at_10_diff1": 1.0,
        "nauc_precision_at_20_max": -0.574725,
        "nauc_precision_at_20_std": 1.0,
        "nauc_precision_at_20_diff1": 1.0,
        "nauc_precision_at_100_max": -0.240758,
        "nauc_precision_at_100_std": 0.392087,
        "nauc_precision_at_100_diff1": 0.036578,
        "nauc_precision_at_1000_max": -0.075123,
        "nauc_precision_at_1000_std": 0.266205,
        "nauc_precision_at_1000_diff1": 0.094318,
        "nauc_mrr_at_1_max": -0.574725,
        "nauc_mrr_at_1_std": 1.0,
        "nauc_mrr_at_1_diff1": 1.0,
        "nauc_mrr_at_3_max": -0.574725,
        "nauc_mrr_at_3_std": 1.0,
        "nauc_mrr_at_3_diff1": 1.0,
        "nauc_mrr_at_5_max": -0.574725,
        "nauc_mrr_at_5_std": 1.0,
        "nauc_mrr_at_5_diff1": 1.0,
        "nauc_mrr_at_10_max": -0.574725,
        "nauc_mrr_at_10_std": 1.0,
        "nauc_mrr_at_10_diff1": 1.0,
        "nauc_mrr_at_20_max": -0.574725,
        "nauc_mrr_at_20_std": 1.0,
        "nauc_mrr_at_20_diff1": 1.0,
        "nauc_mrr_at_100_max": -0.535115,
        "nauc_mrr_at_100_std": 0.924322,
        "nauc_mrr_at_100_diff1": 0.8812,
        "nauc_mrr_at_1000_max": -0.537479,
        "nauc_mrr_at_1000_std": 0.920007,
        "nauc_mrr_at_1000_diff1": 0.878534,
        "main_score": 0.0044,
        "hf_subset": "default",
        "languages": [
          "eng-Latn"
        ]
      }
    ]
  },
  "evaluation_time": 1486.532790184021,
  "kg_co2_emissions": null
}