{
  "dataset_revision": "ec0fa4fe99da2ff19ca1214b7966684033a58814",
  "task_name": "NFCorpus",
  "mteb_version": "1.39.7",
  "scores": {
    "test": [
      {
        "ndcg_at_1": 0.11765,
        "ndcg_at_3": 0.09725,
        "ndcg_at_5": 0.08624,
        "ndcg_at_10": 0.08037,
        "ndcg_at_20": 0.0753,
        "ndcg_at_100": 0.08535,
        "ndcg_at_1000": 0.1702,
        "map_at_1": 0.01212,
        "map_at_3": 0.01965,
        "map_at_5": 0.02248,
        "map_at_10": 0.02631,
        "map_at_20": 0.02835,
        "map_at_100": 0.03144,
        "map_at_1000": 0.03665,
        "recall_at_1": 0.01212,
        "recall_at_3": 0.023,
        "recall_at_5": 0.0298,
        "recall_at_10": 0.04458,
        "recall_at_20": 0.05582,
        "recall_at_100": 0.1122,
        "recall_at_1000": 0.39559,
        "precision_at_1": 0.12693,
        "precision_at_3": 0.08875,
        "precision_at_5": 0.06935,
        "precision_at_10": 0.05635,
        "precision_at_20": 0.04226,
        "precision_at_100": 0.02365,
        "precision_at_1000": 0.01295,
        "mrr_at_1": 0.130031,
        "mrr_at_3": 0.153251,
        "mrr_at_5": 0.161146,
        "mrr_at_10": 0.171341,
        "mrr_at_20": 0.175965,
        "mrr_at_100": 0.181384,
        "mrr_at_1000": 0.182721,
        "nauc_ndcg_at_1_max": 0.344432,
        "nauc_ndcg_at_1_std": -0.007744,
        "nauc_ndcg_at_1_diff1": 0.207271,
        "nauc_ndcg_at_3_max": 0.331126,
        "nauc_ndcg_at_3_std": -0.018318,
        "nauc_ndcg_at_3_diff1": 0.148356,
        "nauc_ndcg_at_5_max": 0.332118,
        "nauc_ndcg_at_5_std": 0.00195,
        "nauc_ndcg_at_5_diff1": 0.162569,
        "nauc_ndcg_at_10_max": 0.314584,
        "nauc_ndcg_at_10_std": 0.004056,
        "nauc_ndcg_at_10_diff1": 0.168233,
        "nauc_ndcg_at_20_max": 0.313991,
        "nauc_ndcg_at_20_std": -0.004655,
        "nauc_ndcg_at_20_diff1": 0.177092,
        "nauc_ndcg_at_100_max": 0.312079,
        "nauc_ndcg_at_100_std": 0.029673,
        "nauc_ndcg_at_100_diff1": 0.141161,
        "nauc_ndcg_at_1000_max": 0.333086,
        "nauc_ndcg_at_1000_std": -0.012025,
        "nauc_ndcg_at_1000_diff1": 0.095749,
        "nauc_map_at_1_max": 0.529567,
        "nauc_map_at_1_std": -0.137372,
        "nauc_map_at_1_diff1": 0.462122,
        "nauc_map_at_3_max": 0.444246,
        "nauc_map_at_3_std": -0.070108,
        "nauc_map_at_3_diff1": 0.268465,
        "nauc_map_at_5_max": 0.43715,
        "nauc_map_at_5_std": -0.03569,
        "nauc_map_at_5_diff1": 0.258889,
        "nauc_map_at_10_max": 0.42726,
        "nauc_map_at_10_std": -0.019255,
        "nauc_map_at_10_diff1": 0.247834,
        "nauc_map_at_20_max": 0.428374,
        "nauc_map_at_20_std": -0.019027,
        "nauc_map_at_20_diff1": 0.239368,
        "nauc_map_at_100_max": 0.416486,
        "nauc_map_at_100_std": -0.012731,
        "nauc_map_at_100_diff1": 0.220926,
        "nauc_map_at_1000_max": 0.410488,
        "nauc_map_at_1000_std": -0.010468,
        "nauc_map_at_1000_diff1": 0.203171,
        "nauc_recall_at_1_max": 0.529567,
        "nauc_recall_at_1_std": -0.137372,
        "nauc_recall_at_1_diff1": 0.462122,
        "nauc_recall_at_3_max": 0.361868,
        "nauc_recall_at_3_std": -0.070141,
        "nauc_recall_at_3_diff1": 0.194902,
        "nauc_recall_at_5_max": 0.271193,
        "nauc_recall_at_5_std": 0.006033,
        "nauc_recall_at_5_diff1": 0.17908,
        "nauc_recall_at_10_max": 0.222021,
        "nauc_recall_at_10_std": 0.008532,
        "nauc_recall_at_10_diff1": 0.190604,
        "nauc_recall_at_20_max": 0.231661,
        "nauc_recall_at_20_std": -0.007133,
        "nauc_recall_at_20_diff1": 0.187096,
        "nauc_recall_at_100_max": 0.179022,
        "nauc_recall_at_100_std": 0.025932,
        "nauc_recall_at_100_diff1": 0.054666,
        "nauc_recall_at_1000_max": 0.187542,
        "nauc_recall_at_1000_std": -0.019142,
        "nauc_recall_at_1000_diff1": -0.039523,
        "nauc_precision_at_1_max": 0.375788,
        "nauc_precision_at_1_std": -0.033935,
        "nauc_precision_at_1_diff1": 0.208719,
        "nauc_precision_at_3_max": 0.350425,
        "nauc_precision_at_3_std": -0.040872,
        "nauc_precision_at_3_diff1": 0.110217,
        "nauc_precision_at_5_max": 0.359917,
        "nauc_precision_at_5_std": 0.007911,
        "nauc_precision_at_5_diff1": 0.117149,
        "nauc_precision_at_10_max": 0.314939,
        "nauc_precision_at_10_std": 0.038616,
        "nauc_precision_at_10_diff1": 0.093897,
        "nauc_precision_at_20_max": 0.25581,
        "nauc_precision_at_20_std": 0.023405,
        "nauc_precision_at_20_diff1": 0.065287,
        "nauc_precision_at_100_max": 0.188201,
        "nauc_precision_at_100_std": 0.068205,
        "nauc_precision_at_100_diff1": -0.048233,
        "nauc_precision_at_1000_max": 0.085573,
        "nauc_precision_at_1000_std": 0.061459,
        "nauc_precision_at_1000_diff1": -0.044011,
        "nauc_mrr_at_1_max": 0.377758,
        "nauc_mrr_at_1_std": -0.044093,
        "nauc_mrr_at_1_diff1": 0.190284,
        "nauc_mrr_at_3_max": 0.346901,
        "nauc_mrr_at_3_std": -0.042181,
        "nauc_mrr_at_3_diff1": 0.159878,
        "nauc_mrr_at_5_max": 0.329196,
        "nauc_mrr_at_5_std": -0.031357,
        "nauc_mrr_at_5_diff1": 0.14932,
        "nauc_mrr_at_10_max": 0.32317,
        "nauc_mrr_at_10_std": -0.030553,
        "nauc_mrr_at_10_diff1": 0.141504,
        "nauc_mrr_at_20_max": 0.319696,
        "nauc_mrr_at_20_std": -0.034343,
        "nauc_mrr_at_20_diff1": 0.144721,
        "nauc_mrr_at_100_max": 0.321967,
        "nauc_mrr_at_100_std": -0.032139,
        "nauc_mrr_at_100_diff1": 0.140478,
        "nauc_mrr_at_1000_max": 0.322459,
        "nauc_mrr_at_1000_std": -0.032149,
        "nauc_mrr_at_1000_diff1": 0.140946,
        "main_score": 0.08037,
        "hf_subset": "default",
        "languages": [
          "eng-Latn"
        ]
      }
    ]
  },
  "evaluation_time": 19.21320104598999,
  "kg_co2_emissions": null
}