{
  "dataset_revision": "27a168819829fe9bcd655c2df245fb19452e8e06",
  "task_name": "FiQA2018",
  "mteb_version": "1.39.7",
  "scores": {
    "test": [
      {
        "ndcg_at_1": 0.0216,
        "ndcg_at_3": 0.01863,
        "ndcg_at_5": 0.0216,
        "ndcg_at_10": 0.02605,
        "ndcg_at_20": 0.03095,
        "ndcg_at_100": 0.04033,
        "ndcg_at_1000": 0.06239,
        "map_at_1": 0.01093,
        "map_at_3": 0.01358,
        "map_at_5": 0.01553,
        "map_at_10": 0.0173,
        "map_at_20": 0.01841,
        "map_at_100": 0.01945,
        "map_at_1000": 0.02008,
        "recall_at_1": 0.01093,
        "recall_at_3": 0.017,
        "recall_at_5": 0.02472,
        "recall_at_10": 0.0368,
        "recall_at_20": 0.0536,
        "recall_at_100": 0.09346,
        "recall_at_1000": 0.23391,
        "precision_at_1": 0.0216,
        "precision_at_3": 0.01183,
        "precision_at_5": 0.01049,
        "precision_at_10": 0.00787,
        "precision_at_20": 0.00563,
        "precision_at_100": 0.00225,
        "precision_at_1000": 0.00062,
        "mrr_at_1": 0.021605,
        "mrr_at_3": 0.026749,
        "mrr_at_5": 0.029913,
        "mrr_at_10": 0.033251,
        "mrr_at_20": 0.035277,
        "mrr_at_100": 0.037058,
        "mrr_at_1000": 0.037876,
        "nauc_ndcg_at_1_max": 0.065355,
        "nauc_ndcg_at_1_std": 0.225291,
        "nauc_ndcg_at_1_diff1": -0.159437,
        "nauc_ndcg_at_3_max": 0.119509,
        "nauc_ndcg_at_3_std": 0.179934,
        "nauc_ndcg_at_3_diff1": -0.012456,
        "nauc_ndcg_at_5_max": 0.210459,
        "nauc_ndcg_at_5_std": 0.221603,
        "nauc_ndcg_at_5_diff1": 0.044448,
        "nauc_ndcg_at_10_max": 0.168348,
        "nauc_ndcg_at_10_std": 0.231033,
        "nauc_ndcg_at_10_diff1": 0.061746,
        "nauc_ndcg_at_20_max": 0.149557,
        "nauc_ndcg_at_20_std": 0.232807,
        "nauc_ndcg_at_20_diff1": 0.053657,
        "nauc_ndcg_at_100_max": 0.136028,
        "nauc_ndcg_at_100_std": 0.209814,
        "nauc_ndcg_at_100_diff1": 0.074744,
        "nauc_ndcg_at_1000_max": 0.115897,
        "nauc_ndcg_at_1000_std": 0.186955,
        "nauc_ndcg_at_1000_diff1": 0.07594,
        "nauc_map_at_1_max": 0.167972,
        "nauc_map_at_1_std": 0.231682,
        "nauc_map_at_1_diff1": -0.081389,
        "nauc_map_at_3_max": 0.172117,
        "nauc_map_at_3_std": 0.205535,
        "nauc_map_at_3_diff1": 0.017253,
        "nauc_map_at_5_max": 0.211775,
        "nauc_map_at_5_std": 0.227406,
        "nauc_map_at_5_diff1": 0.039333,
        "nauc_map_at_10_max": 0.188052,
        "nauc_map_at_10_std": 0.229772,
        "nauc_map_at_10_diff1": 0.044179,
        "nauc_map_at_20_max": 0.180722,
        "nauc_map_at_20_std": 0.229654,
        "nauc_map_at_20_diff1": 0.040233,
        "nauc_map_at_100_max": 0.174282,
        "nauc_map_at_100_std": 0.228313,
        "nauc_map_at_100_diff1": 0.048493,
        "nauc_map_at_1000_max": 0.17185,
        "nauc_map_at_1000_std": 0.226308,
        "nauc_map_at_1000_diff1": 0.049643,
        "nauc_recall_at_1_max": 0.167972,
        "nauc_recall_at_1_std": 0.231682,
        "nauc_recall_at_1_diff1": -0.081389,
        "nauc_recall_at_3_max": 0.165972,
        "nauc_recall_at_3_std": 0.179055,
        "nauc_recall_at_3_diff1": 0.106609,
        "nauc_recall_at_5_max": 0.297861,
        "nauc_recall_at_5_std": 0.237343,
        "nauc_recall_at_5_diff1": 0.158162,
        "nauc_recall_at_10_max": 0.19545,
        "nauc_recall_at_10_std": 0.231302,
        "nauc_recall_at_10_diff1": 0.130137,
        "nauc_recall_at_20_max": 0.141225,
        "nauc_recall_at_20_std": 0.238886,
        "nauc_recall_at_20_diff1": 0.085035,
        "nauc_recall_at_100_max": 0.11902,
        "nauc_recall_at_100_std": 0.180607,
        "nauc_recall_at_100_diff1": 0.104946,
        "nauc_recall_at_1000_max": 0.075581,
        "nauc_recall_at_1000_std": 0.134089,
        "nauc_recall_at_1000_diff1": 0.072822,
        "nauc_precision_at_1_max": 0.065355,
        "nauc_precision_at_1_std": 0.225291,
        "nauc_precision_at_1_diff1": -0.159437,
        "nauc_precision_at_3_max": 0.075449,
        "nauc_precision_at_3_std": 0.168199,
        "nauc_precision_at_3_diff1": -0.04574,
        "nauc_precision_at_5_max": 0.201649,
        "nauc_precision_at_5_std": 0.227758,
        "nauc_precision_at_5_diff1": 0.045597,
        "nauc_precision_at_10_max": 0.108861,
        "nauc_precision_at_10_std": 0.237803,
        "nauc_precision_at_10_diff1": 0.075219,
        "nauc_precision_at_20_max": 0.108261,
        "nauc_precision_at_20_std": 0.241444,
        "nauc_precision_at_20_diff1": 0.078818,
        "nauc_precision_at_100_max": 0.110658,
        "nauc_precision_at_100_std": 0.180756,
        "nauc_precision_at_100_diff1": 0.114971,
        "nauc_precision_at_1000_max": 0.06687,
        "nauc_precision_at_1000_std": 0.126496,
        "nauc_precision_at_1000_diff1": 0.13356,
        "nauc_mrr_at_1_max": 0.065355,
        "nauc_mrr_at_1_std": 0.225291,
        "nauc_mrr_at_1_diff1": -0.159437,
        "nauc_mrr_at_3_max": 0.084467,
        "nauc_mrr_at_3_std": 0.206758,
        "nauc_mrr_at_3_diff1": -0.090756,
        "nauc_mrr_at_5_max": 0.141339,
        "nauc_mrr_at_5_std": 0.214145,
        "nauc_mrr_at_5_diff1": -0.042842,
        "nauc_mrr_at_10_max": 0.120367,
        "nauc_mrr_at_10_std": 0.220842,
        "nauc_mrr_at_10_diff1": -0.014802,
        "nauc_mrr_at_20_max": 0.117165,
        "nauc_mrr_at_20_std": 0.219784,
        "nauc_mrr_at_20_diff1": -0.009256,
        "nauc_mrr_at_100_max": 0.111279,
        "nauc_mrr_at_100_std": 0.215086,
        "nauc_mrr_at_100_diff1": -0.001828,
        "nauc_mrr_at_1000_max": 0.110903,
        "nauc_mrr_at_1000_std": 0.213319,
        "nauc_mrr_at_1000_diff1": -0.002428,
        "main_score": 0.02605,
        "hf_subset": "default",
        "languages": [
          "eng-Latn"
        ]
      }
    ]
  },
  "evaluation_time": 554.206640958786,
  "kg_co2_emissions": null
}