{
  "dataset_revision": "ec0fa4fe99da2ff19ca1214b7966684033a58814",
  "task_name": "NFCorpus",
  "mteb_version": "1.39.7",
  "scores": {
    "test": [
      {
        "ndcg_at_1": 0.12693,
        "ndcg_at_3": 0.11853,
        "ndcg_at_5": 0.109,
        "ndcg_at_10": 0.10031,
        "ndcg_at_20": 0.08988,
        "ndcg_at_100": 0.09837,
        "ndcg_at_1000": 0.18475,
        "map_at_1": 0.01586,
        "map_at_3": 0.02582,
        "map_at_5": 0.02942,
        "map_at_10": 0.03358,
        "map_at_20": 0.03599,
        "map_at_100": 0.03948,
        "map_at_1000": 0.04494,
        "recall_at_1": 0.01586,
        "recall_at_3": 0.03211,
        "recall_at_5": 0.03918,
        "recall_at_10": 0.0523,
        "recall_at_20": 0.06423,
        "recall_at_100": 0.11877,
        "recall_at_1000": 0.41152,
        "precision_at_1": 0.13622,
        "precision_at_3": 0.10836,
        "precision_at_5": 0.0904,
        "precision_at_10": 0.07276,
        "precision_at_20": 0.04814,
        "precision_at_100": 0.02505,
        "precision_at_1000": 0.01319,
        "mrr_at_1": 0.139319,
        "mrr_at_3": 0.184211,
        "mrr_at_5": 0.192879,
        "mrr_at_10": 0.203842,
        "mrr_at_20": 0.207504,
        "mrr_at_100": 0.21268,
        "mrr_at_1000": 0.213893,
        "nauc_ndcg_at_1_max": 0.34208,
        "nauc_ndcg_at_1_std": -0.00227,
        "nauc_ndcg_at_1_diff1": 0.296787,
        "nauc_ndcg_at_3_max": 0.288778,
        "nauc_ndcg_at_3_std": 0.014635,
        "nauc_ndcg_at_3_diff1": 0.227479,
        "nauc_ndcg_at_5_max": 0.301733,
        "nauc_ndcg_at_5_std": 0.016999,
        "nauc_ndcg_at_5_diff1": 0.228322,
        "nauc_ndcg_at_10_max": 0.30022,
        "nauc_ndcg_at_10_std": 0.009207,
        "nauc_ndcg_at_10_diff1": 0.209556,
        "nauc_ndcg_at_20_max": 0.322255,
        "nauc_ndcg_at_20_std": 0.011204,
        "nauc_ndcg_at_20_diff1": 0.21461,
        "nauc_ndcg_at_100_max": 0.35043,
        "nauc_ndcg_at_100_std": 0.037806,
        "nauc_ndcg_at_100_diff1": 0.227725,
        "nauc_ndcg_at_1000_max": 0.360923,
        "nauc_ndcg_at_1000_std": -0.007116,
        "nauc_ndcg_at_1000_diff1": 0.207479,
        "nauc_map_at_1_max": 0.510682,
        "nauc_map_at_1_std": -0.091862,
        "nauc_map_at_1_diff1": 0.617968,
        "nauc_map_at_3_max": 0.389662,
        "nauc_map_at_3_std": -0.007986,
        "nauc_map_at_3_diff1": 0.415681,
        "nauc_map_at_5_max": 0.432218,
        "nauc_map_at_5_std": 0.002983,
        "nauc_map_at_5_diff1": 0.381665,
        "nauc_map_at_10_max": 0.443759,
        "nauc_map_at_10_std": 0.012617,
        "nauc_map_at_10_diff1": 0.359364,
        "nauc_map_at_20_max": 0.437179,
        "nauc_map_at_20_std": 0.013032,
        "nauc_map_at_20_diff1": 0.342567,
        "nauc_map_at_100_max": 0.433781,
        "nauc_map_at_100_std": 0.018529,
        "nauc_map_at_100_diff1": 0.338923,
        "nauc_map_at_1000_max": 0.420925,
        "nauc_map_at_1000_std": 0.018336,
        "nauc_map_at_1000_diff1": 0.324691,
        "nauc_recall_at_1_max": 0.510682,
        "nauc_recall_at_1_std": -0.091862,
        "nauc_recall_at_1_diff1": 0.617968,
        "nauc_recall_at_3_max": 0.269706,
        "nauc_recall_at_3_std": 0.028167,
        "nauc_recall_at_3_diff1": 0.335345,
        "nauc_recall_at_5_max": 0.353248,
        "nauc_recall_at_5_std": 0.001069,
        "nauc_recall_at_5_diff1": 0.26844,
        "nauc_recall_at_10_max": 0.342357,
        "nauc_recall_at_10_std": 0.013128,
        "nauc_recall_at_10_diff1": 0.231253,
        "nauc_recall_at_20_max": 0.316685,
        "nauc_recall_at_20_std": 0.019241,
        "nauc_recall_at_20_diff1": 0.173253,
        "nauc_recall_at_100_max": 0.285384,
        "nauc_recall_at_100_std": 0.025961,
        "nauc_recall_at_100_diff1": 0.155565,
        "nauc_recall_at_1000_max": 0.228041,
        "nauc_recall_at_1000_std": -0.026597,
        "nauc_recall_at_1000_diff1": 0.06028,
        "nauc_precision_at_1_max": 0.371999,
        "nauc_precision_at_1_std": -0.032489,
        "nauc_precision_at_1_diff1": 0.283929,
        "nauc_precision_at_3_max": 0.299349,
        "nauc_precision_at_3_std": 0.002987,
        "nauc_precision_at_3_diff1": 0.143196,
        "nauc_precision_at_5_max": 0.297202,
        "nauc_precision_at_5_std": 0.02094,
        "nauc_precision_at_5_diff1": 0.133739,
        "nauc_precision_at_10_max": 0.258316,
        "nauc_precision_at_10_std": 0.019404,
        "nauc_precision_at_10_diff1": 0.073553,
        "nauc_precision_at_20_max": 0.227901,
        "nauc_precision_at_20_std": 0.028206,
        "nauc_precision_at_20_diff1": 0.059953,
        "nauc_precision_at_100_max": 0.131906,
        "nauc_precision_at_100_std": 0.057098,
        "nauc_precision_at_100_diff1": -0.016519,
        "nauc_precision_at_1000_max": -0.035963,
        "nauc_precision_at_1000_std": 0.042957,
        "nauc_precision_at_1000_diff1": -0.054711,
        "nauc_mrr_at_1_max": 0.353656,
        "nauc_mrr_at_1_std": -0.007313,
        "nauc_mrr_at_1_diff1": 0.26517,
        "nauc_mrr_at_3_max": 0.28998,
        "nauc_mrr_at_3_std": -0.010547,
        "nauc_mrr_at_3_diff1": 0.216145,
        "nauc_mrr_at_5_max": 0.290129,
        "nauc_mrr_at_5_std": -0.019586,
        "nauc_mrr_at_5_diff1": 0.211122,
        "nauc_mrr_at_10_max": 0.288445,
        "nauc_mrr_at_10_std": -0.019226,
        "nauc_mrr_at_10_diff1": 0.199245,
        "nauc_mrr_at_20_max": 0.287753,
        "nauc_mrr_at_20_std": -0.0173,
        "nauc_mrr_at_20_diff1": 0.194851,
        "nauc_mrr_at_100_max": 0.290083,
        "nauc_mrr_at_100_std": -0.017806,
        "nauc_mrr_at_100_diff1": 0.194964,
        "nauc_mrr_at_1000_max": 0.290265,
        "nauc_mrr_at_1000_std": -0.01732,
        "nauc_mrr_at_1000_diff1": 0.195373,
        "main_score": 0.10031,
        "hf_subset": "default",
        "languages": [
          "eng-Latn"
        ]
      }
    ]
  },
  "evaluation_time": 13.177045345306396,
  "kg_co2_emissions": null
}