{
  "dataset_revision": "c22ab2a51041ffd869aaddef7af8d8215647e41a",
  "task_name": "ArguAna",
  "mteb_version": "1.39.7",
  "scores": {
    "test": [
      {
        "ndcg_at_1": 0.0,
        "ndcg_at_3": 0.0,
        "ndcg_at_5": 0.00058,
        "ndcg_at_10": 0.00058,
        "ndcg_at_20": 0.00094,
        "ndcg_at_100": 0.00319,
        "ndcg_at_1000": 0.01742,
        "map_at_1": 0.0,
        "map_at_3": 0.0,
        "map_at_5": 0.00032,
        "map_at_10": 0.00032,
        "map_at_20": 0.00042,
        "map_at_100": 0.00064,
        "map_at_1000": 0.00098,
        "recall_at_1": 0.0,
        "recall_at_3": 0.0,
        "recall_at_5": 0.00142,
        "recall_at_10": 0.00142,
        "recall_at_20": 0.00284,
        "recall_at_100": 0.01636,
        "recall_at_1000": 0.14083,
        "precision_at_1": 0.0,
        "precision_at_3": 0.0,
        "precision_at_5": 0.00028,
        "precision_at_10": 0.00014,
        "precision_at_20": 0.00014,
        "precision_at_100": 0.00016,
        "precision_at_1000": 0.00014,
        "mrr_at_1": 0.0,
        "mrr_at_3": 0.0,
        "mrr_at_5": 0.00032,
        "mrr_at_10": 0.000391,
        "mrr_at_20": 0.000431,
        "mrr_at_100": 0.000739,
        "mrr_at_1000": 0.001071,
        "nauc_ndcg_at_1_max": NaN,
        "nauc_ndcg_at_1_std": NaN,
        "nauc_ndcg_at_1_diff1": NaN,
        "nauc_ndcg_at_3_max": NaN,
        "nauc_ndcg_at_3_std": NaN,
        "nauc_ndcg_at_3_diff1": NaN,
        "nauc_ndcg_at_5_max": -0.575145,
        "nauc_ndcg_at_5_std": 1.0,
        "nauc_ndcg_at_5_diff1": -0.205971,
        "nauc_ndcg_at_10_max": -0.575145,
        "nauc_ndcg_at_10_std": 1.0,
        "nauc_ndcg_at_10_diff1": -0.205971,
        "nauc_ndcg_at_20_max": -0.405736,
        "nauc_ndcg_at_20_std": 0.54686,
        "nauc_ndcg_at_20_diff1": -0.041937,
        "nauc_ndcg_at_100_max": -0.21911,
        "nauc_ndcg_at_100_std": 0.114777,
        "nauc_ndcg_at_100_diff1": -0.124836,
        "nauc_ndcg_at_1000_max": -0.105797,
        "nauc_ndcg_at_1000_std": 0.044927,
        "nauc_ndcg_at_1000_diff1": -0.037167,
        "nauc_map_at_1_max": NaN,
        "nauc_map_at_1_std": NaN,
        "nauc_map_at_1_diff1": NaN,
        "nauc_map_at_3_max": NaN,
        "nauc_map_at_3_std": NaN,
        "nauc_map_at_3_diff1": NaN,
        "nauc_map_at_5_max": -0.575145,
        "nauc_map_at_5_std": 1.0,
        "nauc_map_at_5_diff1": -0.205971,
        "nauc_map_at_10_max": -0.575145,
        "nauc_map_at_10_std": 1.0,
        "nauc_map_at_10_diff1": -0.205971,
        "nauc_map_at_20_max": -0.457967,
        "nauc_map_at_20_std": 0.705981,
        "nauc_map_at_20_diff1": -0.09865,
        "nauc_map_at_100_max": -0.331787,
        "nauc_map_at_100_std": 0.413611,
        "nauc_map_at_100_diff1": -0.118234,
        "nauc_map_at_1000_max": -0.233964,
        "nauc_map_at_1000_std": 0.284672,
        "nauc_map_at_1000_diff1": -0.063524,
        "nauc_recall_at_1_max": NaN,
        "nauc_recall_at_1_std": NaN,
        "nauc_recall_at_1_diff1": NaN,
        "nauc_recall_at_3_max": NaN,
        "nauc_recall_at_3_std": NaN,
        "nauc_recall_at_3_diff1": NaN,
        "nauc_recall_at_5_max": -0.575145,
        "nauc_recall_at_5_std": 1.0,
        "nauc_recall_at_5_diff1": -0.205971,
        "nauc_recall_at_10_max": -0.575145,
        "nauc_recall_at_10_std": 1.0,
        "nauc_recall_at_10_diff1": -0.205971,
        "nauc_recall_at_20_max": -0.366756,
        "nauc_recall_at_20_std": 0.420816,
        "nauc_recall_at_20_diff1": 0.002693,
        "nauc_recall_at_100_max": -0.191978,
        "nauc_recall_at_100_std": 0.036582,
        "nauc_recall_at_100_diff1": -0.132288,
        "nauc_recall_at_1000_max": -0.097772,
        "nauc_recall_at_1000_std": 0.027419,
        "nauc_recall_at_1000_diff1": -0.039914,
        "nauc_precision_at_1_max": NaN,
        "nauc_precision_at_1_std": NaN,
        "nauc_precision_at_1_diff1": NaN,
        "nauc_precision_at_3_max": NaN,
        "nauc_precision_at_3_std": NaN,
        "nauc_precision_at_3_diff1": NaN,
        "nauc_precision_at_5_max": -0.575145,
        "nauc_precision_at_5_std": 1.0,
        "nauc_precision_at_5_diff1": -0.205971,
        "nauc_precision_at_10_max": -0.575145,
        "nauc_precision_at_10_std": 1.0,
        "nauc_precision_at_10_diff1": -0.205971,
        "nauc_precision_at_20_max": -0.366756,
        "nauc_precision_at_20_std": 0.420816,
        "nauc_precision_at_20_diff1": 0.002693,
        "nauc_precision_at_100_max": -0.191978,
        "nauc_precision_at_100_std": 0.036582,
        "nauc_precision_at_100_diff1": -0.132288,
        "nauc_precision_at_1000_max": -0.097772,
        "nauc_precision_at_1000_std": 0.027419,
        "nauc_precision_at_1000_diff1": -0.039914,
        "nauc_mrr_at_1_max": NaN,
        "nauc_mrr_at_1_std": NaN,
        "nauc_mrr_at_1_diff1": NaN,
        "nauc_mrr_at_3_max": NaN,
        "nauc_mrr_at_3_std": NaN,
        "nauc_mrr_at_3_diff1": NaN,
        "nauc_mrr_at_5_max": -0.575145,
        "nauc_mrr_at_5_std": 1.0,
        "nauc_mrr_at_5_diff1": -0.205971,
        "nauc_mrr_at_10_max": -0.452639,
        "nauc_mrr_at_10_std": 0.742659,
        "nauc_mrr_at_10_diff1": -0.109598,
        "nauc_mrr_at_20_max": -0.44922,
        "nauc_mrr_at_20_std": 0.683575,
        "nauc_mrr_at_20_diff1": -0.090494,
        "nauc_mrr_at_100_max": -0.283692,
        "nauc_mrr_at_100_std": 0.312745,
        "nauc_mrr_at_100_diff1": -0.079789,
        "nauc_mrr_at_1000_max": -0.213754,
        "nauc_mrr_at_1000_std": 0.236995,
        "nauc_mrr_at_1000_diff1": -0.052577,
        "main_score": 0.00058,
        "hf_subset": "default",
        "languages": [
          "eng-Latn"
        ]
      }
    ]
  },
  "evaluation_time": 100.80855703353882,
  "kg_co2_emissions": null
}