{
  "dataset_revision": "ec0fa4fe99da2ff19ca1214b7966684033a58814",
  "task_name": "NFCorpus",
  "mteb_version": "1.39.7",
  "scores": {
    "test": [
      {
        "ndcg_at_1": 0.34211,
        "ndcg_at_3": 0.29223,
        "ndcg_at_5": 0.26716,
        "ndcg_at_10": 0.23203,
        "ndcg_at_20": 0.2144,
        "ndcg_at_100": 0.20971,
        "ndcg_at_1000": 0.29844,
        "map_at_1": 0.03612,
        "map_at_3": 0.05681,
        "map_at_5": 0.06602,
        "map_at_10": 0.07537,
        "map_at_20": 0.0829,
        "map_at_100": 0.09234,
        "map_at_1000": 0.10193,
        "recall_at_1": 0.03612,
        "recall_at_3": 0.06545,
        "recall_at_5": 0.08117,
        "recall_at_10": 0.10269,
        "recall_at_20": 0.13513,
        "recall_at_100": 0.21791,
        "recall_at_1000": 0.52595,
        "precision_at_1": 0.35604,
        "precision_at_3": 0.27348,
        "precision_at_5": 0.22724,
        "precision_at_10": 0.16502,
        "precision_at_20": 0.12229,
        "precision_at_100": 0.05096,
        "precision_at_1000": 0.01697,
        "mrr_at_1": 0.356037,
        "mrr_at_3": 0.419505,
        "mrr_at_5": 0.428638,
        "mrr_at_10": 0.435679,
        "mrr_at_20": 0.440181,
        "mrr_at_100": 0.443147,
        "mrr_at_1000": 0.443808,
        "nauc_ndcg_at_1_max": 0.378495,
        "nauc_ndcg_at_1_std": 0.216114,
        "nauc_ndcg_at_1_diff1": 0.334942,
        "nauc_ndcg_at_3_max": 0.348666,
        "nauc_ndcg_at_3_std": 0.224474,
        "nauc_ndcg_at_3_diff1": 0.225861,
        "nauc_ndcg_at_5_max": 0.359412,
        "nauc_ndcg_at_5_std": 0.221253,
        "nauc_ndcg_at_5_diff1": 0.219896,
        "nauc_ndcg_at_10_max": 0.378071,
        "nauc_ndcg_at_10_std": 0.225215,
        "nauc_ndcg_at_10_diff1": 0.217374,
        "nauc_ndcg_at_20_max": 0.400905,
        "nauc_ndcg_at_20_std": 0.230898,
        "nauc_ndcg_at_20_diff1": 0.219368,
        "nauc_ndcg_at_100_max": 0.446814,
        "nauc_ndcg_at_100_std": 0.255327,
        "nauc_ndcg_at_100_diff1": 0.229792,
        "nauc_ndcg_at_1000_max": 0.528045,
        "nauc_ndcg_at_1000_std": 0.354666,
        "nauc_ndcg_at_1000_diff1": 0.242554,
        "nauc_map_at_1_max": 0.333241,
        "nauc_map_at_1_std": -0.012609,
        "nauc_map_at_1_diff1": 0.509198,
        "nauc_map_at_3_max": 0.368601,
        "nauc_map_at_3_std": 0.011447,
        "nauc_map_at_3_diff1": 0.435513,
        "nauc_map_at_5_max": 0.373789,
        "nauc_map_at_5_std": 0.0401,
        "nauc_map_at_5_diff1": 0.389841,
        "nauc_map_at_10_max": 0.384658,
        "nauc_map_at_10_std": 0.074087,
        "nauc_map_at_10_diff1": 0.338964,
        "nauc_map_at_20_max": 0.401683,
        "nauc_map_at_20_std": 0.102715,
        "nauc_map_at_20_diff1": 0.317537,
        "nauc_map_at_100_max": 0.408836,
        "nauc_map_at_100_std": 0.1448,
        "nauc_map_at_100_diff1": 0.295051,
        "nauc_map_at_1000_max": 0.41371,
        "nauc_map_at_1000_std": 0.173548,
        "nauc_map_at_1000_diff1": 0.280125,
        "nauc_recall_at_1_max": 0.333241,
        "nauc_recall_at_1_std": -0.012609,
        "nauc_recall_at_1_diff1": 0.509198,
        "nauc_recall_at_3_max": 0.338972,
        "nauc_recall_at_3_std": -0.005961,
        "nauc_recall_at_3_diff1": 0.376613,
        "nauc_recall_at_5_max": 0.314964,
        "nauc_recall_at_5_std": 0.009709,
        "nauc_recall_at_5_diff1": 0.311811,
        "nauc_recall_at_10_max": 0.331232,
        "nauc_recall_at_10_std": 0.049992,
        "nauc_recall_at_10_diff1": 0.251431,
        "nauc_recall_at_20_max": 0.337894,
        "nauc_recall_at_20_std": 0.086279,
        "nauc_recall_at_20_diff1": 0.192207,
        "nauc_recall_at_100_max": 0.288065,
        "nauc_recall_at_100_std": 0.139522,
        "nauc_recall_at_100_diff1": 0.086228,
        "nauc_recall_at_1000_max": 0.315993,
        "nauc_recall_at_1000_std": 0.274908,
        "nauc_recall_at_1000_diff1": 0.10844,
        "nauc_precision_at_1_max": 0.391252,
        "nauc_precision_at_1_std": 0.228127,
        "nauc_precision_at_1_diff1": 0.326295,
        "nauc_precision_at_3_max": 0.32856,
        "nauc_precision_at_3_std": 0.253837,
        "nauc_precision_at_3_diff1": 0.143485,
        "nauc_precision_at_5_max": 0.336562,
        "nauc_precision_at_5_std": 0.272626,
        "nauc_precision_at_5_diff1": 0.112448,
        "nauc_precision_at_10_max": 0.322091,
        "nauc_precision_at_10_std": 0.308164,
        "nauc_precision_at_10_diff1": 0.052186,
        "nauc_precision_at_20_max": 0.296432,
        "nauc_precision_at_20_std": 0.342947,
        "nauc_precision_at_20_diff1": 0.00629,
        "nauc_precision_at_100_max": 0.179354,
        "nauc_precision_at_100_std": 0.332641,
        "nauc_precision_at_100_diff1": -0.079445,
        "nauc_precision_at_1000_max": 0.034287,
        "nauc_precision_at_1000_std": 0.223905,
        "nauc_precision_at_1000_diff1": -0.108811,
        "nauc_mrr_at_1_max": 0.391252,
        "nauc_mrr_at_1_std": 0.228127,
        "nauc_mrr_at_1_diff1": 0.326295,
        "nauc_mrr_at_3_max": 0.409857,
        "nauc_mrr_at_3_std": 0.25339,
        "nauc_mrr_at_3_diff1": 0.308251,
        "nauc_mrr_at_5_max": 0.409467,
        "nauc_mrr_at_5_std": 0.252452,
        "nauc_mrr_at_5_diff1": 0.306909,
        "nauc_mrr_at_10_max": 0.420487,
        "nauc_mrr_at_10_std": 0.261101,
        "nauc_mrr_at_10_diff1": 0.308096,
        "nauc_mrr_at_20_max": 0.426116,
        "nauc_mrr_at_20_std": 0.265276,
        "nauc_mrr_at_20_diff1": 0.305849,
        "nauc_mrr_at_100_max": 0.425354,
        "nauc_mrr_at_100_std": 0.264174,
        "nauc_mrr_at_100_diff1": 0.305543,
        "nauc_mrr_at_1000_max": 0.425231,
        "nauc_mrr_at_1000_std": 0.264492,
        "nauc_mrr_at_1000_diff1": 0.305834,
        "main_score": 0.23203,
        "hf_subset": "default",
        "languages": [
          "eng-Latn"
        ]
      }
    ]
  },
  "evaluation_time": 20.607666969299316,
  "kg_co2_emissions": null
}