{
  "dataset_revision": "ec0fa4fe99da2ff19ca1214b7966684033a58814",
  "task_name": "NFCorpus",
  "mteb_version": "1.39.7",
  "scores": {
    "test": [
      {
        "ndcg_at_1": 0.01238,
        "ndcg_at_3": 0.01251,
        "ndcg_at_5": 0.01342,
        "ndcg_at_10": 0.01294,
        "ndcg_at_20": 0.01517,
        "ndcg_at_100": 0.02705,
        "ndcg_at_1000": 0.11262,
        "map_at_1": 0.00048,
        "map_at_3": 0.00089,
        "map_at_5": 0.00093,
        "map_at_10": 0.00111,
        "map_at_20": 0.00153,
        "map_at_100": 0.00272,
        "map_at_1000": 0.00701,
        "recall_at_1": 0.00048,
        "recall_at_3": 0.00138,
        "recall_at_5": 0.00153,
        "recall_at_10": 0.00266,
        "recall_at_20": 0.00821,
        "recall_at_100": 0.04981,
        "recall_at_1000": 0.33605,
        "precision_at_1": 0.01548,
        "precision_at_3": 0.01445,
        "precision_at_5": 0.01486,
        "precision_at_10": 0.01362,
        "precision_at_20": 0.01502,
        "precision_at_100": 0.01325,
        "precision_at_1000": 0.01178,
        "mrr_at_1": 0.01548,
        "mrr_at_3": 0.026832,
        "mrr_at_5": 0.033024,
        "mrr_at_10": 0.038303,
        "mrr_at_20": 0.044049,
        "mrr_at_100": 0.050545,
        "mrr_at_1000": 0.052404,
        "nauc_ndcg_at_1_max": -0.213023,
        "nauc_ndcg_at_1_std": -0.304968,
        "nauc_ndcg_at_1_diff1": 0.45888,
        "nauc_ndcg_at_3_max": -0.208906,
        "nauc_ndcg_at_3_std": -0.158214,
        "nauc_ndcg_at_3_diff1": 0.394798,
        "nauc_ndcg_at_5_max": -0.267353,
        "nauc_ndcg_at_5_std": -0.088988,
        "nauc_ndcg_at_5_diff1": 0.420603,
        "nauc_ndcg_at_10_max": -0.163744,
        "nauc_ndcg_at_10_std": -0.05014,
        "nauc_ndcg_at_10_diff1": 0.289256,
        "nauc_ndcg_at_20_max": -0.173458,
        "nauc_ndcg_at_20_std": -0.05926,
        "nauc_ndcg_at_20_diff1": 0.219116,
        "nauc_ndcg_at_100_max": -0.022514,
        "nauc_ndcg_at_100_std": -0.102115,
        "nauc_ndcg_at_100_diff1": 0.065394,
        "nauc_ndcg_at_1000_max": 0.039228,
        "nauc_ndcg_at_1000_std": -0.146241,
        "nauc_ndcg_at_1000_diff1": 0.059585,
        "nauc_map_at_1_max": -0.070821,
        "nauc_map_at_1_std": -0.235495,
        "nauc_map_at_1_diff1": 0.912519,
        "nauc_map_at_3_max": -0.052395,
        "nauc_map_at_3_std": -0.168173,
        "nauc_map_at_3_diff1": 0.593069,
        "nauc_map_at_5_max": -0.064944,
        "nauc_map_at_5_std": -0.160811,
        "nauc_map_at_5_diff1": 0.591476,
        "nauc_map_at_10_max": -0.012584,
        "nauc_map_at_10_std": -0.136546,
        "nauc_map_at_10_diff1": 0.468387,
        "nauc_map_at_20_max": -0.047128,
        "nauc_map_at_20_std": -0.110688,
        "nauc_map_at_20_diff1": 0.340501,
        "nauc_map_at_100_max": 0.000689,
        "nauc_map_at_100_std": -0.116458,
        "nauc_map_at_100_diff1": 0.215399,
        "nauc_map_at_1000_max": -0.052808,
        "nauc_map_at_1000_std": -0.119051,
        "nauc_map_at_1000_diff1": 0.18647,
        "nauc_recall_at_1_max": -0.070821,
        "nauc_recall_at_1_std": -0.235495,
        "nauc_recall_at_1_diff1": 0.912519,
        "nauc_recall_at_3_max": -0.038206,
        "nauc_recall_at_3_std": -0.133128,
        "nauc_recall_at_3_diff1": 0.458434,
        "nauc_recall_at_5_max": -0.071984,
        "nauc_recall_at_5_std": -0.117973,
        "nauc_recall_at_5_diff1": 0.467675,
        "nauc_recall_at_10_max": 0.090065,
        "nauc_recall_at_10_std": -0.08819,
        "nauc_recall_at_10_diff1": 0.193565,
        "nauc_recall_at_20_max": -0.059667,
        "nauc_recall_at_20_std": -0.054257,
        "nauc_recall_at_20_diff1": 0.017744,
        "nauc_recall_at_100_max": 0.087296,
        "nauc_recall_at_100_std": -0.084691,
        "nauc_recall_at_100_diff1": -0.138284,
        "nauc_recall_at_1000_max": 0.083888,
        "nauc_recall_at_1000_std": -0.05199,
        "nauc_recall_at_1000_diff1": -0.107923,
        "nauc_precision_at_1_max": -0.094593,
        "nauc_precision_at_1_std": -0.305965,
        "nauc_precision_at_1_diff1": 0.533032,
        "nauc_precision_at_3_max": -0.095704,
        "nauc_precision_at_3_std": -0.128496,
        "nauc_precision_at_3_diff1": 0.374528,
        "nauc_precision_at_5_max": -0.225674,
        "nauc_precision_at_5_std": -0.04401,
        "nauc_precision_at_5_diff1": 0.418961,
        "nauc_precision_at_10_max": -0.069531,
        "nauc_precision_at_10_std": -0.033103,
        "nauc_precision_at_10_diff1": 0.213631,
        "nauc_precision_at_20_max": -0.119848,
        "nauc_precision_at_20_std": -0.056536,
        "nauc_precision_at_20_diff1": 0.152787,
        "nauc_precision_at_100_max": -0.125399,
        "nauc_precision_at_100_std": -0.083196,
        "nauc_precision_at_100_diff1": 0.148567,
        "nauc_precision_at_1000_max": -0.171842,
        "nauc_precision_at_1000_std": -0.079,
        "nauc_precision_at_1000_diff1": 0.161892,
        "nauc_mrr_at_1_max": -0.094593,
        "nauc_mrr_at_1_std": -0.305965,
        "nauc_mrr_at_1_diff1": 0.533032,
        "nauc_mrr_at_3_max": -0.10627,
        "nauc_mrr_at_3_std": -0.189851,
        "nauc_mrr_at_3_diff1": 0.426839,
        "nauc_mrr_at_5_max": -0.161751,
        "nauc_mrr_at_5_std": -0.146382,
        "nauc_mrr_at_5_diff1": 0.441768,
        "nauc_mrr_at_10_max": -0.099923,
        "nauc_mrr_at_10_std": -0.125856,
        "nauc_mrr_at_10_diff1": 0.365986,
        "nauc_mrr_at_20_max": -0.093993,
        "nauc_mrr_at_20_std": -0.142175,
        "nauc_mrr_at_20_diff1": 0.328393,
        "nauc_mrr_at_100_max": -0.071765,
        "nauc_mrr_at_100_std": -0.15587,
        "nauc_mrr_at_100_diff1": 0.309728,
        "nauc_mrr_at_1000_max": -0.075032,
        "nauc_mrr_at_1000_std": -0.153573,
        "nauc_mrr_at_1000_diff1": 0.313827,
        "main_score": 0.01294,
        "hf_subset": "default",
        "languages": [
          "eng-Latn"
        ]
      }
    ]
  },
  "evaluation_time": 6.932644605636597,
  "kg_co2_emissions": null
}