{
  "dataset_revision": "f8c2fcf00f625baaa80f62ec5bd9e1fff3b8ae88",
  "task_name": "SCIDOCS",
  "mteb_version": "1.39.7",
  "scores": {
    "test": [
      {
        "ndcg_at_1": 0.011,
        "ndcg_at_3": 0.00811,
        "ndcg_at_5": 0.00678,
        "ndcg_at_10": 0.00854,
        "ndcg_at_20": 0.0103,
        "ndcg_at_100": 0.01718,
        "ndcg_at_1000": 0.0402,
        "map_at_1": 0.00225,
        "map_at_3": 0.00321,
        "map_at_5": 0.00348,
        "map_at_10": 0.00393,
        "map_at_20": 0.00429,
        "map_at_100": 0.00494,
        "map_at_1000": 0.00544,
        "recall_at_1": 0.00225,
        "recall_at_3": 0.0045,
        "recall_at_5": 0.0057,
        "recall_at_10": 0.00895,
        "recall_at_20": 0.013,
        "recall_at_100": 0.03625,
        "recall_at_1000": 0.15393,
        "precision_at_1": 0.011,
        "precision_at_3": 0.00733,
        "precision_at_5": 0.0056,
        "precision_at_10": 0.0044,
        "precision_at_20": 0.0032,
        "precision_at_100": 0.00179,
        "precision_at_1000": 0.00076,
        "mrr_at_1": 0.011,
        "mrr_at_3": 0.015667,
        "mrr_at_5": 0.017017,
        "mrr_at_10": 0.019008,
        "mrr_at_20": 0.020199,
        "mrr_at_100": 0.021887,
        "mrr_at_1000": 0.023053,
        "nauc_ndcg_at_1_max": 0.030222,
        "nauc_ndcg_at_1_std": 0.222358,
        "nauc_ndcg_at_1_diff1": 0.070664,
        "nauc_ndcg_at_3_max": 0.12582,
        "nauc_ndcg_at_3_std": 0.154399,
        "nauc_ndcg_at_3_diff1": -0.003986,
        "nauc_ndcg_at_5_max": 0.126137,
        "nauc_ndcg_at_5_std": 0.146781,
        "nauc_ndcg_at_5_diff1": 0.006464,
        "nauc_ndcg_at_10_max": 0.120481,
        "nauc_ndcg_at_10_std": 0.143129,
        "nauc_ndcg_at_10_diff1": 0.015565,
        "nauc_ndcg_at_20_max": 0.091123,
        "nauc_ndcg_at_20_std": 0.168625,
        "nauc_ndcg_at_20_diff1": 0.027379,
        "nauc_ndcg_at_100_max": 0.070602,
        "nauc_ndcg_at_100_std": 0.097461,
        "nauc_ndcg_at_100_diff1": 0.029214,
        "nauc_ndcg_at_1000_max": 0.056845,
        "nauc_ndcg_at_1000_std": 0.072454,
        "nauc_ndcg_at_1000_diff1": 0.031446,
        "nauc_map_at_1_max": 0.024977,
        "nauc_map_at_1_std": 0.210339,
        "nauc_map_at_1_diff1": 0.062016,
        "nauc_map_at_3_max": 0.110154,
        "nauc_map_at_3_std": 0.161661,
        "nauc_map_at_3_diff1": 0.003342,
        "nauc_map_at_5_max": 0.111687,
        "nauc_map_at_5_std": 0.156745,
        "nauc_map_at_5_diff1": 0.011365,
        "nauc_map_at_10_max": 0.114636,
        "nauc_map_at_10_std": 0.154027,
        "nauc_map_at_10_diff1": 0.012358,
        "nauc_map_at_20_max": 0.103406,
        "nauc_map_at_20_std": 0.157286,
        "nauc_map_at_20_diff1": 0.016591,
        "nauc_map_at_100_max": 0.103687,
        "nauc_map_at_100_std": 0.134067,
        "nauc_map_at_100_diff1": 0.016506,
        "nauc_map_at_1000_max": 0.100815,
        "nauc_map_at_1000_std": 0.128064,
        "nauc_map_at_1000_diff1": 0.016544,
        "nauc_recall_at_1_max": 0.024977,
        "nauc_recall_at_1_std": 0.210339,
        "nauc_recall_at_1_diff1": 0.062016,
        "nauc_recall_at_3_max": 0.167904,
        "nauc_recall_at_3_std": 0.12303,
        "nauc_recall_at_3_diff1": -0.022956,
        "nauc_recall_at_5_max": 0.153785,
        "nauc_recall_at_5_std": 0.124553,
        "nauc_recall_at_5_diff1": -0.003352,
        "nauc_recall_at_10_max": 0.132846,
        "nauc_recall_at_10_std": 0.126633,
        "nauc_recall_at_10_diff1": 0.020594,
        "nauc_recall_at_20_max": 0.076235,
        "nauc_recall_at_20_std": 0.179958,
        "nauc_recall_at_20_diff1": 0.043884,
        "nauc_recall_at_100_max": 0.050188,
        "nauc_recall_at_100_std": 0.055634,
        "nauc_recall_at_100_diff1": 0.039299,
        "nauc_recall_at_1000_max": 0.045766,
        "nauc_recall_at_1000_std": 0.041618,
        "nauc_recall_at_1000_diff1": 0.034008,
        "nauc_precision_at_1_max": 0.030222,
        "nauc_precision_at_1_std": 0.222358,
        "nauc_precision_at_1_diff1": 0.070664,
        "nauc_precision_at_3_max": 0.162695,
        "nauc_precision_at_3_std": 0.125765,
        "nauc_precision_at_3_diff1": -0.023538,
        "nauc_precision_at_5_max": 0.14944,
        "nauc_precision_at_5_std": 0.12673,
        "nauc_precision_at_5_diff1": -0.003459,
        "nauc_precision_at_10_max": 0.133863,
        "nauc_precision_at_10_std": 0.12993,
        "nauc_precision_at_10_diff1": 0.019075,
        "nauc_precision_at_20_max": 0.075304,
        "nauc_precision_at_20_std": 0.185798,
        "nauc_precision_at_20_diff1": 0.044905,
        "nauc_precision_at_100_max": 0.047513,
        "nauc_precision_at_100_std": 0.058373,
        "nauc_precision_at_100_diff1": 0.040333,
        "nauc_precision_at_1000_max": 0.037886,
        "nauc_precision_at_1000_std": 0.044595,
        "nauc_precision_at_1000_diff1": 0.038452,
        "nauc_mrr_at_1_max": 0.030222,
        "nauc_mrr_at_1_std": 0.222358,
        "nauc_mrr_at_1_diff1": 0.070664,
        "nauc_mrr_at_3_max": 0.108096,
        "nauc_mrr_at_3_std": 0.168029,
        "nauc_mrr_at_3_diff1": 0.00592,
        "nauc_mrr_at_5_max": 0.109826,
        "nauc_mrr_at_5_std": 0.162499,
        "nauc_mrr_at_5_diff1": 0.013915,
        "nauc_mrr_at_10_max": 0.103811,
        "nauc_mrr_at_10_std": 0.157731,
        "nauc_mrr_at_10_diff1": 0.018016,
        "nauc_mrr_at_20_max": 0.092701,
        "nauc_mrr_at_20_std": 0.169872,
        "nauc_mrr_at_20_diff1": 0.020532,
        "nauc_mrr_at_100_max": 0.085361,
        "nauc_mrr_at_100_std": 0.15678,
        "nauc_mrr_at_100_diff1": 0.021178,
        "nauc_mrr_at_1000_max": 0.082706,
        "nauc_mrr_at_1000_std": 0.153465,
        "nauc_mrr_at_1000_diff1": 0.021871,
        "main_score": 0.00854,
        "hf_subset": "default",
        "languages": [
          "eng-Latn"
        ]
      }
    ]
  },
  "evaluation_time": 417.4553680419922,
  "kg_co2_emissions": null
}