{
  "dataset_revision": "ec0fa4fe99da2ff19ca1214b7966684033a58814",
  "task_name": "NFCorpus",
  "mteb_version": "1.39.7",
  "scores": {
    "test": [
      {
        "ndcg_at_1": 0.06192,
        "ndcg_at_3": 0.05681,
        "ndcg_at_5": 0.05231,
        "ndcg_at_10": 0.04892,
        "ndcg_at_20": 0.04956,
        "ndcg_at_100": 0.06336,
        "ndcg_at_1000": 0.14708,
        "map_at_1": 0.00834,
        "map_at_3": 0.01408,
        "map_at_5": 0.01573,
        "map_at_10": 0.01735,
        "map_at_20": 0.01868,
        "map_at_100": 0.02115,
        "map_at_1000": 0.02576,
        "recall_at_1": 0.00834,
        "recall_at_3": 0.01761,
        "recall_at_5": 0.02227,
        "recall_at_10": 0.02887,
        "recall_at_20": 0.03885,
        "recall_at_100": 0.08914,
        "recall_at_1000": 0.3634,
        "precision_at_1": 0.06502,
        "precision_at_3": 0.05057,
        "precision_at_5": 0.04272,
        "precision_at_10": 0.03467,
        "precision_at_20": 0.02941,
        "precision_at_100": 0.01824,
        "precision_at_1000": 0.01216,
        "mrr_at_1": 0.065015,
        "mrr_at_3": 0.084623,
        "mrr_at_5": 0.092363,
        "mrr_at_10": 0.102167,
        "mrr_at_20": 0.109756,
        "mrr_at_100": 0.11578,
        "mrr_at_1000": 0.117152,
        "nauc_ndcg_at_1_max": 0.418506,
        "nauc_ndcg_at_1_std": 0.008849,
        "nauc_ndcg_at_1_diff1": 0.048135,
        "nauc_ndcg_at_3_max": 0.264188,
        "nauc_ndcg_at_3_std": 0.067887,
        "nauc_ndcg_at_3_diff1": 0.027382,
        "nauc_ndcg_at_5_max": 0.275457,
        "nauc_ndcg_at_5_std": 0.078131,
        "nauc_ndcg_at_5_diff1": 0.024501,
        "nauc_ndcg_at_10_max": 0.243608,
        "nauc_ndcg_at_10_std": 0.074119,
        "nauc_ndcg_at_10_diff1": 0.043146,
        "nauc_ndcg_at_20_max": 0.248279,
        "nauc_ndcg_at_20_std": 0.098878,
        "nauc_ndcg_at_20_diff1": 0.046541,
        "nauc_ndcg_at_100_max": 0.224371,
        "nauc_ndcg_at_100_std": 0.091939,
        "nauc_ndcg_at_100_diff1": 0.0516,
        "nauc_ndcg_at_1000_max": 0.254714,
        "nauc_ndcg_at_1000_std": 0.021303,
        "nauc_ndcg_at_1000_diff1": -0.001919,
        "nauc_map_at_1_max": 0.146653,
        "nauc_map_at_1_std": 0.207059,
        "nauc_map_at_1_diff1": 0.036855,
        "nauc_map_at_3_max": 0.161758,
        "nauc_map_at_3_std": 0.161502,
        "nauc_map_at_3_diff1": 0.054956,
        "nauc_map_at_5_max": 0.165947,
        "nauc_map_at_5_std": 0.157738,
        "nauc_map_at_5_diff1": 0.056259,
        "nauc_map_at_10_max": 0.148163,
        "nauc_map_at_10_std": 0.142048,
        "nauc_map_at_10_diff1": 0.07513,
        "nauc_map_at_20_max": 0.164467,
        "nauc_map_at_20_std": 0.139686,
        "nauc_map_at_20_diff1": 0.065226,
        "nauc_map_at_100_max": 0.16191,
        "nauc_map_at_100_std": 0.140173,
        "nauc_map_at_100_diff1": 0.065568,
        "nauc_map_at_1000_max": 0.173401,
        "nauc_map_at_1000_std": 0.132989,
        "nauc_map_at_1000_diff1": 0.054497,
        "nauc_recall_at_1_max": 0.146653,
        "nauc_recall_at_1_std": 0.207059,
        "nauc_recall_at_1_diff1": 0.036855,
        "nauc_recall_at_3_max": 0.127419,
        "nauc_recall_at_3_std": 0.098653,
        "nauc_recall_at_3_diff1": -0.01586,
        "nauc_recall_at_5_max": 0.136007,
        "nauc_recall_at_5_std": 0.145687,
        "nauc_recall_at_5_diff1": 0.007639,
        "nauc_recall_at_10_max": 0.102328,
        "nauc_recall_at_10_std": 0.097591,
        "nauc_recall_at_10_diff1": 0.078762,
        "nauc_recall_at_20_max": 0.169561,
        "nauc_recall_at_20_std": 0.08601,
        "nauc_recall_at_20_diff1": 0.067245,
        "nauc_recall_at_100_max": 0.147711,
        "nauc_recall_at_100_std": 0.085372,
        "nauc_recall_at_100_diff1": 0.099689,
        "nauc_recall_at_1000_max": 0.211542,
        "nauc_recall_at_1000_std": -0.048928,
        "nauc_recall_at_1000_diff1": 0.036156,
        "nauc_precision_at_1_max": 0.396419,
        "nauc_precision_at_1_std": 0.030569,
        "nauc_precision_at_1_diff1": 0.042507,
        "nauc_precision_at_3_max": 0.240716,
        "nauc_precision_at_3_std": 0.104821,
        "nauc_precision_at_3_diff1": 0.038425,
        "nauc_precision_at_5_max": 0.284666,
        "nauc_precision_at_5_std": 0.111763,
        "nauc_precision_at_5_diff1": 0.035263,
        "nauc_precision_at_10_max": 0.226285,
        "nauc_precision_at_10_std": 0.087491,
        "nauc_precision_at_10_diff1": 0.053428,
        "nauc_precision_at_20_max": 0.251767,
        "nauc_precision_at_20_std": 0.124869,
        "nauc_precision_at_20_diff1": -0.00097,
        "nauc_precision_at_100_max": 0.205415,
        "nauc_precision_at_100_std": 0.082274,
        "nauc_precision_at_100_diff1": 0.011191,
        "nauc_precision_at_1000_max": 0.128727,
        "nauc_precision_at_1000_std": 0.118743,
        "nauc_precision_at_1000_diff1": 0.017436,
        "nauc_mrr_at_1_max": 0.396419,
        "nauc_mrr_at_1_std": 0.030569,
        "nauc_mrr_at_1_diff1": 0.042507,
        "nauc_mrr_at_3_max": 0.295066,
        "nauc_mrr_at_3_std": 0.068705,
        "nauc_mrr_at_3_diff1": 0.003168,
        "nauc_mrr_at_5_max": 0.297378,
        "nauc_mrr_at_5_std": 0.074939,
        "nauc_mrr_at_5_diff1": 0.008998,
        "nauc_mrr_at_10_max": 0.280393,
        "nauc_mrr_at_10_std": 0.067247,
        "nauc_mrr_at_10_diff1": 0.017128,
        "nauc_mrr_at_20_max": 0.284067,
        "nauc_mrr_at_20_std": 0.067178,
        "nauc_mrr_at_20_diff1": 0.013193,
        "nauc_mrr_at_100_max": 0.281169,
        "nauc_mrr_at_100_std": 0.06767,
        "nauc_mrr_at_100_diff1": 0.01512,
        "nauc_mrr_at_1000_max": 0.281327,
        "nauc_mrr_at_1000_std": 0.067061,
        "nauc_mrr_at_1000_diff1": 0.014609,
        "main_score": 0.04892,
        "hf_subset": "default",
        "languages": [
          "eng-Latn"
        ]
      }
    ]
  },
  "evaluation_time": 50.693881034851074,
  "kg_co2_emissions": null
}