{
  "dataset_revision": "ec0fa4fe99da2ff19ca1214b7966684033a58814",
  "task_name": "NFCorpus",
  "mteb_version": "1.39.7",
  "scores": {
    "test": [
      {
        "ndcg_at_1": 0.00619,
        "ndcg_at_3": 0.00469,
        "ndcg_at_5": 0.00626,
        "ndcg_at_10": 0.00844,
        "ndcg_at_20": 0.00939,
        "ndcg_at_100": 0.01701,
        "ndcg_at_1000": 0.09101,
        "map_at_1": 8e-05,
        "map_at_3": 0.00028,
        "map_at_5": 0.00041,
        "map_at_10": 0.00055,
        "map_at_20": 0.00074,
        "map_at_100": 0.00144,
        "map_at_1000": 0.00447,
        "recall_at_1": 8e-05,
        "recall_at_3": 0.00051,
        "recall_at_5": 0.0011,
        "recall_at_10": 0.00195,
        "recall_at_20": 0.00442,
        "recall_at_100": 0.02817,
        "recall_at_1000": 0.285,
        "precision_at_1": 0.00619,
        "precision_at_3": 0.00516,
        "precision_at_5": 0.00805,
        "precision_at_10": 0.01022,
        "precision_at_20": 0.00975,
        "precision_at_100": 0.00975,
        "precision_at_1000": 0.01024,
        "mrr_at_1": 0.006192,
        "mrr_at_3": 0.01032,
        "mrr_at_5": 0.015738,
        "mrr_at_10": 0.021206,
        "mrr_at_20": 0.024602,
        "mrr_at_100": 0.029934,
        "mrr_at_1000": 0.031968,
        "nauc_ndcg_at_1_max": -0.456657,
        "nauc_ndcg_at_1_std": -0.35221,
        "nauc_ndcg_at_1_diff1": 0.126866,
        "nauc_ndcg_at_3_max": -0.319415,
        "nauc_ndcg_at_3_std": -0.314673,
        "nauc_ndcg_at_3_diff1": 0.12598,
        "nauc_ndcg_at_5_max": -0.144719,
        "nauc_ndcg_at_5_std": -0.111419,
        "nauc_ndcg_at_5_diff1": 0.013936,
        "nauc_ndcg_at_10_max": -0.174736,
        "nauc_ndcg_at_10_std": -0.172005,
        "nauc_ndcg_at_10_diff1": -0.046792,
        "nauc_ndcg_at_20_max": -0.162155,
        "nauc_ndcg_at_20_std": -0.131731,
        "nauc_ndcg_at_20_diff1": -0.026827,
        "nauc_ndcg_at_100_max": -0.062957,
        "nauc_ndcg_at_100_std": -0.051874,
        "nauc_ndcg_at_100_diff1": -0.018037,
        "nauc_ndcg_at_1000_max": 0.028699,
        "nauc_ndcg_at_1000_std": -0.052931,
        "nauc_ndcg_at_1000_diff1": -0.070271,
        "nauc_map_at_1_max": -0.491233,
        "nauc_map_at_1_std": -0.472243,
        "nauc_map_at_1_diff1": -0.034255,
        "nauc_map_at_3_max": -0.276486,
        "nauc_map_at_3_std": -0.315533,
        "nauc_map_at_3_diff1": 0.186056,
        "nauc_map_at_5_max": -0.065953,
        "nauc_map_at_5_std": -0.107155,
        "nauc_map_at_5_diff1": 0.08249,
        "nauc_map_at_10_max": -0.048974,
        "nauc_map_at_10_std": -0.135982,
        "nauc_map_at_10_diff1": 0.045736,
        "nauc_map_at_20_max": -0.033401,
        "nauc_map_at_20_std": -0.126261,
        "nauc_map_at_20_diff1": 0.025208,
        "nauc_map_at_100_max": -0.057825,
        "nauc_map_at_100_std": -0.106088,
        "nauc_map_at_100_diff1": 0.009039,
        "nauc_map_at_1000_max": -0.107577,
        "nauc_map_at_1000_std": -0.094226,
        "nauc_map_at_1000_diff1": -0.036044,
        "nauc_recall_at_1_max": -0.491233,
        "nauc_recall_at_1_std": -0.472243,
        "nauc_recall_at_1_diff1": -0.034255,
        "nauc_recall_at_3_max": -0.225452,
        "nauc_recall_at_3_std": -0.297707,
        "nauc_recall_at_3_diff1": 0.162799,
        "nauc_recall_at_5_max": 0.082167,
        "nauc_recall_at_5_std": 0.030487,
        "nauc_recall_at_5_diff1": -0.001948,
        "nauc_recall_at_10_max": 0.069282,
        "nauc_recall_at_10_std": -0.069406,
        "nauc_recall_at_10_diff1": -0.001609,
        "nauc_recall_at_20_max": 0.050449,
        "nauc_recall_at_20_std": -0.097063,
        "nauc_recall_at_20_diff1": -0.022203,
        "nauc_recall_at_100_max": 0.066417,
        "nauc_recall_at_100_std": 0.028246,
        "nauc_recall_at_100_diff1": -0.022685,
        "nauc_recall_at_1000_max": 0.041406,
        "nauc_recall_at_1000_std": -0.055888,
        "nauc_recall_at_1000_diff1": -0.034207,
        "nauc_precision_at_1_max": -0.456657,
        "nauc_precision_at_1_std": -0.35221,
        "nauc_precision_at_1_diff1": 0.126866,
        "nauc_precision_at_3_max": -0.195498,
        "nauc_precision_at_3_std": -0.305965,
        "nauc_precision_at_3_diff1": 0.004249,
        "nauc_precision_at_5_max": 0.031119,
        "nauc_precision_at_5_std": -0.035068,
        "nauc_precision_at_5_diff1": -0.088673,
        "nauc_precision_at_10_max": -0.088943,
        "nauc_precision_at_10_std": -0.130952,
        "nauc_precision_at_10_diff1": -0.099884,
        "nauc_precision_at_20_max": -0.150626,
        "nauc_precision_at_20_std": -0.124921,
        "nauc_precision_at_20_diff1": -0.062709,
        "nauc_precision_at_100_max": -0.15682,
        "nauc_precision_at_100_std": -0.081918,
        "nauc_precision_at_100_diff1": -0.060043,
        "nauc_precision_at_1000_max": -0.173401,
        "nauc_precision_at_1000_std": -0.077601,
        "nauc_precision_at_1000_diff1": -0.053207,
        "nauc_mrr_at_1_max": -0.456657,
        "nauc_mrr_at_1_std": -0.35221,
        "nauc_mrr_at_1_diff1": 0.126866,
        "nauc_mrr_at_3_max": -0.280117,
        "nauc_mrr_at_3_std": -0.314417,
        "nauc_mrr_at_3_diff1": 0.069939,
        "nauc_mrr_at_5_max": -0.113677,
        "nauc_mrr_at_5_std": -0.162857,
        "nauc_mrr_at_5_diff1": -0.003397,
        "nauc_mrr_at_10_max": -0.09747,
        "nauc_mrr_at_10_std": -0.152154,
        "nauc_mrr_at_10_diff1": -0.014289,
        "nauc_mrr_at_20_max": -0.094182,
        "nauc_mrr_at_20_std": -0.141004,
        "nauc_mrr_at_20_diff1": -0.010402,
        "nauc_mrr_at_100_max": -0.057947,
        "nauc_mrr_at_100_std": -0.114683,
        "nauc_mrr_at_100_diff1": -0.017206,
        "nauc_mrr_at_1000_max": -0.058649,
        "nauc_mrr_at_1000_std": -0.119112,
        "nauc_mrr_at_1000_diff1": -0.016707,
        "main_score": 0.00844,
        "hf_subset": "default",
        "languages": [
          "eng-Latn"
        ]
      }
    ]
  },
  "evaluation_time": 14.646249532699585,
  "kg_co2_emissions": null
}