{
  "dataset_revision": "c22ab2a51041ffd869aaddef7af8d8215647e41a",
  "task_name": "ArguAna",
  "mteb_version": "1.39.7",
  "scores": {
    "test": [
      {
        "ndcg_at_1": 0.03272,
        "ndcg_at_3": 0.05685,
        "ndcg_at_5": 0.06885,
        "ndcg_at_10": 0.08332,
        "ndcg_at_20": 0.09814,
        "ndcg_at_100": 0.12937,
        "ndcg_at_1000": 0.16896,
        "map_at_1": 0.03272,
        "map_at_3": 0.0505,
        "map_at_5": 0.05715,
        "map_at_10": 0.06311,
        "map_at_20": 0.06712,
        "map_at_100": 0.07122,
        "map_at_1000": 0.07238,
        "recall_at_1": 0.03272,
        "recall_at_3": 0.07539,
        "recall_at_5": 0.10455,
        "recall_at_10": 0.14936,
        "recall_at_20": 0.20839,
        "recall_at_100": 0.3798,
        "recall_at_1000": 0.71124,
        "precision_at_1": 0.03272,
        "precision_at_3": 0.02513,
        "precision_at_5": 0.02091,
        "precision_at_10": 0.01494,
        "precision_at_20": 0.01042,
        "precision_at_100": 0.0038,
        "precision_at_1000": 0.00071,
        "mrr_at_1": 0.032717,
        "mrr_at_3": 0.050498,
        "mrr_at_5": 0.057148,
        "mrr_at_10": 0.063115,
        "mrr_at_20": 0.067121,
        "mrr_at_100": 0.071221,
        "mrr_at_1000": 0.07238,
        "nauc_ndcg_at_1_max": 0.117787,
        "nauc_ndcg_at_1_std": 0.166661,
        "nauc_ndcg_at_1_diff1": 0.009572,
        "nauc_ndcg_at_3_max": 0.118052,
        "nauc_ndcg_at_3_std": 0.176895,
        "nauc_ndcg_at_3_diff1": -0.018474,
        "nauc_ndcg_at_5_max": 0.159651,
        "nauc_ndcg_at_5_std": 0.214571,
        "nauc_ndcg_at_5_diff1": -0.004092,
        "nauc_ndcg_at_10_max": 0.183799,
        "nauc_ndcg_at_10_std": 0.226598,
        "nauc_ndcg_at_10_diff1": 0.002199,
        "nauc_ndcg_at_20_max": 0.168375,
        "nauc_ndcg_at_20_std": 0.221168,
        "nauc_ndcg_at_20_diff1": -0.002695,
        "nauc_ndcg_at_100_max": 0.161339,
        "nauc_ndcg_at_100_std": 0.228545,
        "nauc_ndcg_at_100_diff1": -0.002882,
        "nauc_ndcg_at_1000_max": 0.153591,
        "nauc_ndcg_at_1000_std": 0.23292,
        "nauc_ndcg_at_1000_diff1": 0.004914,
        "nauc_map_at_1_max": 0.117787,
        "nauc_map_at_1_std": 0.166661,
        "nauc_map_at_1_diff1": 0.009572,
        "nauc_map_at_3_max": 0.120989,
        "nauc_map_at_3_std": 0.174268,
        "nauc_map_at_3_diff1": -0.012415,
        "nauc_map_at_5_max": 0.14758,
        "nauc_map_at_5_std": 0.19923,
        "nauc_map_at_5_diff1": -0.003663,
        "nauc_map_at_10_max": 0.160744,
        "nauc_map_at_10_std": 0.206912,
        "nauc_map_at_10_diff1": -0.000994,
        "nauc_map_at_20_max": 0.156042,
        "nauc_map_at_20_std": 0.205538,
        "nauc_map_at_20_diff1": -0.002841,
        "nauc_map_at_100_max": 0.154828,
        "nauc_map_at_100_std": 0.207331,
        "nauc_map_at_100_diff1": -0.002308,
        "nauc_map_at_1000_max": 0.154584,
        "nauc_map_at_1000_std": 0.207306,
        "nauc_map_at_1000_diff1": -0.002132,
        "nauc_recall_at_1_max": 0.117787,
        "nauc_recall_at_1_std": 0.166661,
        "nauc_recall_at_1_diff1": 0.009572,
        "nauc_recall_at_3_max": 0.11155,
        "nauc_recall_at_3_std": 0.182258,
        "nauc_recall_at_3_diff1": -0.030648,
        "nauc_recall_at_5_max": 0.182023,
        "nauc_recall_at_5_std": 0.242404,
        "nauc_recall_at_5_diff1": -0.003898,
        "nauc_recall_at_10_max": 0.221781,
        "nauc_recall_at_10_std": 0.257266,
        "nauc_recall_at_10_diff1": 0.008958,
        "nauc_recall_at_20_max": 0.181656,
        "nauc_recall_at_20_std": 0.240037,
        "nauc_recall_at_20_diff1": -0.002059,
        "nauc_recall_at_100_max": 0.162012,
        "nauc_recall_at_100_std": 0.253895,
        "nauc_recall_at_100_diff1": -0.00479,
        "nauc_recall_at_1000_max": 0.122835,
        "nauc_recall_at_1000_std": 0.289912,
        "nauc_recall_at_1000_diff1": 0.034883,
        "nauc_precision_at_1_max": 0.117787,
        "nauc_precision_at_1_std": 0.166661,
        "nauc_precision_at_1_diff1": 0.009572,
        "nauc_precision_at_3_max": 0.11155,
        "nauc_precision_at_3_std": 0.182258,
        "nauc_precision_at_3_diff1": -0.030648,
        "nauc_precision_at_5_max": 0.182023,
        "nauc_precision_at_5_std": 0.242404,
        "nauc_precision_at_5_diff1": -0.003898,
        "nauc_precision_at_10_max": 0.221781,
        "nauc_precision_at_10_std": 0.257266,
        "nauc_precision_at_10_diff1": 0.008958,
        "nauc_precision_at_20_max": 0.181656,
        "nauc_precision_at_20_std": 0.240037,
        "nauc_precision_at_20_diff1": -0.002059,
        "nauc_precision_at_100_max": 0.162012,
        "nauc_precision_at_100_std": 0.253895,
        "nauc_precision_at_100_diff1": -0.00479,
        "nauc_precision_at_1000_max": 0.122835,
        "nauc_precision_at_1000_std": 0.289912,
        "nauc_precision_at_1000_diff1": 0.034883,
        "nauc_mrr_at_1_max": 0.117787,
        "nauc_mrr_at_1_std": 0.166661,
        "nauc_mrr_at_1_diff1": 0.009572,
        "nauc_mrr_at_3_max": 0.120989,
        "nauc_mrr_at_3_std": 0.174268,
        "nauc_mrr_at_3_diff1": -0.012415,
        "nauc_mrr_at_5_max": 0.14758,
        "nauc_mrr_at_5_std": 0.19923,
        "nauc_mrr_at_5_diff1": -0.003663,
        "nauc_mrr_at_10_max": 0.160806,
        "nauc_mrr_at_10_std": 0.206874,
        "nauc_mrr_at_10_diff1": -0.00083,
        "nauc_mrr_at_20_max": 0.156019,
        "nauc_mrr_at_20_std": 0.205554,
        "nauc_mrr_at_20_diff1": -0.002698,
        "nauc_mrr_at_100_max": 0.154808,
        "nauc_mrr_at_100_std": 0.207341,
        "nauc_mrr_at_100_diff1": -0.002178,
        "nauc_mrr_at_1000_max": 0.154563,
        "nauc_mrr_at_1000_std": 0.207316,
        "nauc_mrr_at_1000_diff1": -0.002002,
        "main_score": 0.08332,
        "hf_subset": "default",
        "languages": [
          "eng-Latn"
        ]
      }
    ]
  },
  "evaluation_time": 114.7875964641571,
  "kg_co2_emissions": null
}