{
  "dataset_revision": "f8c2fcf00f625baaa80f62ec5bd9e1fff3b8ae88",
  "task_name": "SCIDOCS",
  "mteb_version": "1.39.7",
  "scores": {
    "test": [
      {
        "ndcg_at_1": 0.043,
        "ndcg_at_3": 0.03446,
        "ndcg_at_5": 0.02937,
        "ndcg_at_10": 0.03483,
        "ndcg_at_20": 0.04054,
        "ndcg_at_100": 0.05478,
        "ndcg_at_1000": 0.08432,
        "map_at_1": 0.0087,
        "map_at_3": 0.01369,
        "map_at_5": 0.01578,
        "map_at_10": 0.01759,
        "map_at_20": 0.01893,
        "map_at_100": 0.0206,
        "map_at_1000": 0.02149,
        "recall_at_1": 0.0087,
        "recall_at_3": 0.01935,
        "recall_at_5": 0.0256,
        "recall_at_10": 0.03565,
        "recall_at_20": 0.0491,
        "recall_at_100": 0.09608,
        "recall_at_1000": 0.24433,
        "precision_at_1": 0.043,
        "precision_at_3": 0.032,
        "precision_at_5": 0.0254,
        "precision_at_10": 0.0176,
        "precision_at_20": 0.01215,
        "precision_at_100": 0.00475,
        "precision_at_1000": 0.0012,
        "mrr_at_1": 0.043,
        "mrr_at_3": 0.0635,
        "mrr_at_5": 0.068,
        "mrr_at_10": 0.072731,
        "mrr_at_20": 0.075518,
        "mrr_at_100": 0.078717,
        "mrr_at_1000": 0.079848,
        "nauc_ndcg_at_1_max": 0.322936,
        "nauc_ndcg_at_1_std": 0.112641,
        "nauc_ndcg_at_1_diff1": 0.279762,
        "nauc_ndcg_at_3_max": 0.323352,
        "nauc_ndcg_at_3_std": 0.074923,
        "nauc_ndcg_at_3_diff1": 0.239654,
        "nauc_ndcg_at_5_max": 0.320483,
        "nauc_ndcg_at_5_std": 0.072568,
        "nauc_ndcg_at_5_diff1": 0.217997,
        "nauc_ndcg_at_10_max": 0.300467,
        "nauc_ndcg_at_10_std": 0.090487,
        "nauc_ndcg_at_10_diff1": 0.191335,
        "nauc_ndcg_at_20_max": 0.280063,
        "nauc_ndcg_at_20_std": 0.078797,
        "nauc_ndcg_at_20_diff1": 0.176045,
        "nauc_ndcg_at_100_max": 0.276796,
        "nauc_ndcg_at_100_std": 0.078404,
        "nauc_ndcg_at_100_diff1": 0.153703,
        "nauc_ndcg_at_1000_max": 0.260796,
        "nauc_ndcg_at_1000_std": 0.079459,
        "nauc_ndcg_at_1000_diff1": 0.136459,
        "nauc_map_at_1_max": 0.325537,
        "nauc_map_at_1_std": 0.114745,
        "nauc_map_at_1_diff1": 0.27129,
        "nauc_map_at_3_max": 0.330708,
        "nauc_map_at_3_std": 0.087398,
        "nauc_map_at_3_diff1": 0.247866,
        "nauc_map_at_5_max": 0.341015,
        "nauc_map_at_5_std": 0.080351,
        "nauc_map_at_5_diff1": 0.234502,
        "nauc_map_at_10_max": 0.331515,
        "nauc_map_at_10_std": 0.089309,
        "nauc_map_at_10_diff1": 0.217581,
        "nauc_map_at_20_max": 0.320558,
        "nauc_map_at_20_std": 0.084696,
        "nauc_map_at_20_diff1": 0.211119,
        "nauc_map_at_100_max": 0.322047,
        "nauc_map_at_100_std": 0.083929,
        "nauc_map_at_100_diff1": 0.201723,
        "nauc_map_at_1000_max": 0.320807,
        "nauc_map_at_1000_std": 0.083962,
        "nauc_map_at_1000_diff1": 0.199582,
        "nauc_recall_at_1_max": 0.325537,
        "nauc_recall_at_1_std": 0.114745,
        "nauc_recall_at_1_diff1": 0.27129,
        "nauc_recall_at_3_max": 0.328311,
        "nauc_recall_at_3_std": 0.054091,
        "nauc_recall_at_3_diff1": 0.218132,
        "nauc_recall_at_5_max": 0.322919,
        "nauc_recall_at_5_std": 0.052306,
        "nauc_recall_at_5_diff1": 0.188939,
        "nauc_recall_at_10_max": 0.283325,
        "nauc_recall_at_10_std": 0.088927,
        "nauc_recall_at_10_diff1": 0.147571,
        "nauc_recall_at_20_max": 0.24435,
        "nauc_recall_at_20_std": 0.065293,
        "nauc_recall_at_20_diff1": 0.126862,
        "nauc_recall_at_100_max": 0.240479,
        "nauc_recall_at_100_std": 0.06503,
        "nauc_recall_at_100_diff1": 0.094578,
        "nauc_recall_at_1000_max": 0.191559,
        "nauc_recall_at_1000_std": 0.067165,
        "nauc_recall_at_1000_diff1": 0.064562,
        "nauc_precision_at_1_max": 0.322936,
        "nauc_precision_at_1_std": 0.112641,
        "nauc_precision_at_1_diff1": 0.279762,
        "nauc_precision_at_3_max": 0.328199,
        "nauc_precision_at_3_std": 0.054275,
        "nauc_precision_at_3_diff1": 0.220494,
        "nauc_precision_at_5_max": 0.3241,
        "nauc_precision_at_5_std": 0.05371,
        "nauc_precision_at_5_diff1": 0.19215,
        "nauc_precision_at_10_max": 0.285158,
        "nauc_precision_at_10_std": 0.089951,
        "nauc_precision_at_10_diff1": 0.149052,
        "nauc_precision_at_20_max": 0.244829,
        "nauc_precision_at_20_std": 0.066265,
        "nauc_precision_at_20_diff1": 0.128583,
        "nauc_precision_at_100_max": 0.241645,
        "nauc_precision_at_100_std": 0.067288,
        "nauc_precision_at_100_diff1": 0.097331,
        "nauc_precision_at_1000_max": 0.194022,
        "nauc_precision_at_1000_std": 0.067707,
        "nauc_precision_at_1000_diff1": 0.066415,
        "nauc_mrr_at_1_max": 0.322936,
        "nauc_mrr_at_1_std": 0.112641,
        "nauc_mrr_at_1_diff1": 0.279762,
        "nauc_mrr_at_3_max": 0.311966,
        "nauc_mrr_at_3_std": 0.082549,
        "nauc_mrr_at_3_diff1": 0.245347,
        "nauc_mrr_at_5_max": 0.300267,
        "nauc_mrr_at_5_std": 0.081835,
        "nauc_mrr_at_5_diff1": 0.231627,
        "nauc_mrr_at_10_max": 0.288366,
        "nauc_mrr_at_10_std": 0.089482,
        "nauc_mrr_at_10_diff1": 0.215624,
        "nauc_mrr_at_20_max": 0.283657,
        "nauc_mrr_at_20_std": 0.085062,
        "nauc_mrr_at_20_diff1": 0.209105,
        "nauc_mrr_at_100_max": 0.279969,
        "nauc_mrr_at_100_std": 0.084744,
        "nauc_mrr_at_100_diff1": 0.203861,
        "nauc_mrr_at_1000_max": 0.279964,
        "nauc_mrr_at_1000_std": 0.084756,
        "nauc_mrr_at_1000_diff1": 0.203921,
        "main_score": 0.03483,
        "hf_subset": "default",
        "languages": [
          "eng-Latn"
        ]
      }
    ]
  },
  "evaluation_time": 85.33665037155151,
  "kg_co2_emissions": null
}