{
  "dataset_revision": "a34f9a33db75fa0cbb21bb5cfc3dae8dc8bec93f",
  "task_name": "Touche2020",
  "mteb_version": "1.39.7",
  "scores": {
    "test": [
      {
        "ndcg_at_1": 0.16327,
        "ndcg_at_3": 0.18547,
        "ndcg_at_5": 0.197,
        "ndcg_at_10": 0.20139,
        "ndcg_at_20": 0.2133,
        "ndcg_at_100": 0.31292,
        "ndcg_at_1000": 0.41948,
        "map_at_1": 0.01513,
        "map_at_3": 0.03813,
        "map_at_5": 0.05474,
        "map_at_10": 0.08216,
        "map_at_20": 0.10131,
        "map_at_100": 0.13418,
        "map_at_1000": 0.14727,
        "recall_at_1": 0.01513,
        "recall_at_3": 0.05097,
        "recall_at_5": 0.08516,
        "recall_at_10": 0.14789,
        "recall_at_20": 0.21454,
        "recall_at_100": 0.42591,
        "recall_at_1000": 0.74937,
        "precision_at_1": 0.18367,
        "precision_at_3": 0.21769,
        "precision_at_5": 0.22449,
        "precision_at_10": 0.19592,
        "precision_at_20": 0.15102,
        "precision_at_100": 0.06837,
        "precision_at_1000": 0.0139,
        "mrr_at_1": 0.204082,
        "mrr_at_3": 0.309524,
        "mrr_at_5": 0.352381,
        "mrr_at_10": 0.363654,
        "mrr_at_20": 0.371601,
        "mrr_at_100": 0.376659,
        "mrr_at_1000": 0.376841,
        "nauc_ndcg_at_1_max": -0.268284,
        "nauc_ndcg_at_1_std": -0.106433,
        "nauc_ndcg_at_1_diff1": -0.05688,
        "nauc_ndcg_at_3_max": -0.239902,
        "nauc_ndcg_at_3_std": -0.056644,
        "nauc_ndcg_at_3_diff1": -0.019651,
        "nauc_ndcg_at_5_max": -0.253433,
        "nauc_ndcg_at_5_std": -0.10284,
        "nauc_ndcg_at_5_diff1": -0.066846,
        "nauc_ndcg_at_10_max": -0.244343,
        "nauc_ndcg_at_10_std": -0.143461,
        "nauc_ndcg_at_10_diff1": -0.089607,
        "nauc_ndcg_at_20_max": -0.280778,
        "nauc_ndcg_at_20_std": -0.160378,
        "nauc_ndcg_at_20_diff1": -0.062245,
        "nauc_ndcg_at_100_max": -0.246343,
        "nauc_ndcg_at_100_std": 0.09097,
        "nauc_ndcg_at_100_diff1": -0.091852,
        "nauc_ndcg_at_1000_max": -0.21023,
        "nauc_ndcg_at_1000_std": 0.223923,
        "nauc_ndcg_at_1000_diff1": -0.179088,
        "nauc_map_at_1_max": -0.264705,
        "nauc_map_at_1_std": -0.251444,
        "nauc_map_at_1_diff1": -0.122802,
        "nauc_map_at_3_max": -0.228307,
        "nauc_map_at_3_std": -0.226283,
        "nauc_map_at_3_diff1": -0.095362,
        "nauc_map_at_5_max": -0.204206,
        "nauc_map_at_5_std": -0.237033,
        "nauc_map_at_5_diff1": -0.146588,
        "nauc_map_at_10_max": -0.193589,
        "nauc_map_at_10_std": -0.28535,
        "nauc_map_at_10_diff1": -0.128052,
        "nauc_map_at_20_max": -0.207279,
        "nauc_map_at_20_std": -0.257686,
        "nauc_map_at_20_diff1": -0.108796,
        "nauc_map_at_100_max": -0.188555,
        "nauc_map_at_100_std": -0.123938,
        "nauc_map_at_100_diff1": -0.09862,
        "nauc_map_at_1000_max": -0.192868,
        "nauc_map_at_1000_std": -0.085681,
        "nauc_map_at_1000_diff1": -0.122102,
        "nauc_recall_at_1_max": -0.264705,
        "nauc_recall_at_1_std": -0.251444,
        "nauc_recall_at_1_diff1": -0.122802,
        "nauc_recall_at_3_max": -0.259438,
        "nauc_recall_at_3_std": -0.218037,
        "nauc_recall_at_3_diff1": -0.055528,
        "nauc_recall_at_5_max": -0.258348,
        "nauc_recall_at_5_std": -0.250867,
        "nauc_recall_at_5_diff1": -0.113836,
        "nauc_recall_at_10_max": -0.245786,
        "nauc_recall_at_10_std": -0.269989,
        "nauc_recall_at_10_diff1": -0.095605,
        "nauc_recall_at_20_max": -0.292663,
        "nauc_recall_at_20_std": -0.218144,
        "nauc_recall_at_20_diff1": -0.051786,
        "nauc_recall_at_100_max": -0.24241,
        "nauc_recall_at_100_std": 0.210642,
        "nauc_recall_at_100_diff1": -0.130569,
        "nauc_recall_at_1000_max": -0.108788,
        "nauc_recall_at_1000_std": 0.618047,
        "nauc_recall_at_1000_diff1": -0.348255,
        "nauc_precision_at_1_max": -0.288158,
        "nauc_precision_at_1_std": -0.103785,
        "nauc_precision_at_1_diff1": -0.036386,
        "nauc_precision_at_3_max": -0.269977,
        "nauc_precision_at_3_std": -0.056402,
        "nauc_precision_at_3_diff1": -0.020064,
        "nauc_precision_at_5_max": -0.269981,
        "nauc_precision_at_5_std": -0.121451,
        "nauc_precision_at_5_diff1": -0.092528,
        "nauc_precision_at_10_max": -0.197594,
        "nauc_precision_at_10_std": -0.111921,
        "nauc_precision_at_10_diff1": -0.100928,
        "nauc_precision_at_20_max": -0.239217,
        "nauc_precision_at_20_std": -0.026849,
        "nauc_precision_at_20_diff1": -0.023859,
        "nauc_precision_at_100_max": -0.082981,
        "nauc_precision_at_100_std": 0.523701,
        "nauc_precision_at_100_diff1": -0.132939,
        "nauc_precision_at_1000_max": 0.308549,
        "nauc_precision_at_1000_std": 0.511505,
        "nauc_precision_at_1000_diff1": -0.140043,
        "nauc_mrr_at_1_max": -0.253482,
        "nauc_mrr_at_1_std": -0.01589,
        "nauc_mrr_at_1_diff1": -0.10416,
        "nauc_mrr_at_3_max": -0.268007,
        "nauc_mrr_at_3_std": -0.0205,
        "nauc_mrr_at_3_diff1": 0.008303,
        "nauc_mrr_at_5_max": -0.325218,
        "nauc_mrr_at_5_std": -0.047855,
        "nauc_mrr_at_5_diff1": 0.01736,
        "nauc_mrr_at_10_max": -0.296026,
        "nauc_mrr_at_10_std": -0.020891,
        "nauc_mrr_at_10_diff1": 0.007489,
        "nauc_mrr_at_20_max": -0.300047,
        "nauc_mrr_at_20_std": -0.02272,
        "nauc_mrr_at_20_diff1": -0.006611,
        "nauc_mrr_at_100_max": -0.300105,
        "nauc_mrr_at_100_std": -0.018843,
        "nauc_mrr_at_100_diff1": -0.004454,
        "nauc_mrr_at_1000_max": -0.299228,
        "nauc_mrr_at_1000_std": -0.019398,
        "nauc_mrr_at_1000_diff1": -0.004113,
        "main_score": 0.20139,
        "hf_subset": "default",
        "languages": [
          "eng-Latn"
        ]
      }
    ]
  },
  "evaluation_time": 533.9392621517181,
  "kg_co2_emissions": null
}