{
  "dataset_revision": "0228b52cf27578f30900b9e5271d331663a030d7",
  "task_name": "SciFact",
  "mteb_version": "1.39.7",
  "scores": {
    "test": [
      {
        "ndcg_at_1": 0.04,
        "ndcg_at_3": 0.05506,
        "ndcg_at_5": 0.05895,
        "ndcg_at_10": 0.06774,
        "ndcg_at_20": 0.08187,
        "ndcg_at_100": 0.11107,
        "ndcg_at_1000": 0.15244,
        "map_at_1": 0.035,
        "map_at_3": 0.04911,
        "map_at_5": 0.05183,
        "map_at_10": 0.05555,
        "map_at_20": 0.05923,
        "map_at_100": 0.06305,
        "map_at_1000": 0.06428,
        "recall_at_1": 0.035,
        "recall_at_3": 0.063,
        "recall_at_5": 0.07411,
        "recall_at_10": 0.10078,
        "recall_at_20": 0.15689,
        "recall_at_100": 0.31239,
        "recall_at_1000": 0.6495,
        "precision_at_1": 0.04,
        "precision_at_3": 0.02444,
        "precision_at_5": 0.01733,
        "precision_at_10": 0.01133,
        "precision_at_20": 0.00867,
        "precision_at_100": 0.0036,
        "precision_at_1000": 0.00075,
        "mrr_at_1": 0.04,
        "mrr_at_3": 0.055,
        "mrr_at_5": 0.058167,
        "mrr_at_10": 0.061886,
        "mrr_at_20": 0.065825,
        "mrr_at_100": 0.069418,
        "mrr_at_1000": 0.070541,
        "nauc_ndcg_at_1_max": -0.064171,
        "nauc_ndcg_at_1_std": 0.220486,
        "nauc_ndcg_at_1_diff1": 0.109852,
        "nauc_ndcg_at_3_max": 0.078541,
        "nauc_ndcg_at_3_std": 0.014584,
        "nauc_ndcg_at_3_diff1": 0.047139,
        "nauc_ndcg_at_5_max": 0.042492,
        "nauc_ndcg_at_5_std": 0.033543,
        "nauc_ndcg_at_5_diff1": 0.054865,
        "nauc_ndcg_at_10_max": 0.032715,
        "nauc_ndcg_at_10_std": 0.082621,
        "nauc_ndcg_at_10_diff1": 0.049389,
        "nauc_ndcg_at_20_max": 0.05671,
        "nauc_ndcg_at_20_std": 0.057962,
        "nauc_ndcg_at_20_diff1": 0.046575,
        "nauc_ndcg_at_100_max": 0.053246,
        "nauc_ndcg_at_100_std": 0.085841,
        "nauc_ndcg_at_100_diff1": 0.007959,
        "nauc_ndcg_at_1000_max": 0.084397,
        "nauc_ndcg_at_1000_std": 0.068156,
        "nauc_ndcg_at_1000_diff1": 0.027946,
        "nauc_map_at_1_max": -0.1679,
        "nauc_map_at_1_std": 0.109126,
        "nauc_map_at_1_diff1": 0.055132,
        "nauc_map_at_3_max": 0.020918,
        "nauc_map_at_3_std": 0.010782,
        "nauc_map_at_3_diff1": 0.037153,
        "nauc_map_at_5_max": 0.004492,
        "nauc_map_at_5_std": 0.028223,
        "nauc_map_at_5_diff1": 0.046316,
        "nauc_map_at_10_max": 0.003398,
        "nauc_map_at_10_std": 0.051867,
        "nauc_map_at_10_diff1": 0.043571,
        "nauc_map_at_20_max": 0.012263,
        "nauc_map_at_20_std": 0.044891,
        "nauc_map_at_20_diff1": 0.043457,
        "nauc_map_at_100_max": 0.014395,
        "nauc_map_at_100_std": 0.049572,
        "nauc_map_at_100_diff1": 0.036025,
        "nauc_map_at_1000_max": 0.016296,
        "nauc_map_at_1000_std": 0.048727,
        "nauc_map_at_1000_diff1": 0.036665,
        "nauc_recall_at_1_max": -0.1679,
        "nauc_recall_at_1_std": 0.109126,
        "nauc_recall_at_1_diff1": 0.055132,
        "nauc_recall_at_3_max": 0.123556,
        "nauc_recall_at_3_std": -0.042352,
        "nauc_recall_at_3_diff1": 0.026949,
        "nauc_recall_at_5_max": 0.065151,
        "nauc_recall_at_5_std": 0.012877,
        "nauc_recall_at_5_diff1": 0.053384,
        "nauc_recall_at_10_max": 0.033948,
        "nauc_recall_at_10_std": 0.122772,
        "nauc_recall_at_10_diff1": 0.042763,
        "nauc_recall_at_20_max": 0.085233,
        "nauc_recall_at_20_std": 0.055628,
        "nauc_recall_at_20_diff1": 0.03642,
        "nauc_recall_at_100_max": 0.057664,
        "nauc_recall_at_100_std": 0.122906,
        "nauc_recall_at_100_diff1": -0.052201,
        "nauc_recall_at_1000_max": 0.190977,
        "nauc_recall_at_1000_std": 0.079815,
        "nauc_recall_at_1000_diff1": 0.02561,
        "nauc_precision_at_1_max": -0.064171,
        "nauc_precision_at_1_std": 0.220486,
        "nauc_precision_at_1_diff1": 0.109852,
        "nauc_precision_at_3_max": 0.199417,
        "nauc_precision_at_3_std": 0.00161,
        "nauc_precision_at_3_diff1": 0.063919,
        "nauc_precision_at_5_max": 0.160275,
        "nauc_precision_at_5_std": 0.03035,
        "nauc_precision_at_5_diff1": 0.074869,
        "nauc_precision_at_10_max": 0.113244,
        "nauc_precision_at_10_std": 0.126722,
        "nauc_precision_at_10_diff1": 0.06186,
        "nauc_precision_at_20_max": 0.15112,
        "nauc_precision_at_20_std": 0.063038,
        "nauc_precision_at_20_diff1": 0.051092,
        "nauc_precision_at_100_max": 0.149522,
        "nauc_precision_at_100_std": 0.153328,
        "nauc_precision_at_100_diff1": -0.01989,
        "nauc_precision_at_1000_max": 0.246397,
        "nauc_precision_at_1000_std": 0.053521,
        "nauc_precision_at_1000_diff1": 0.051387,
        "nauc_mrr_at_1_max": -0.064171,
        "nauc_mrr_at_1_std": 0.220486,
        "nauc_mrr_at_1_diff1": 0.109852,
        "nauc_mrr_at_3_max": 0.089551,
        "nauc_mrr_at_3_std": 0.093828,
        "nauc_mrr_at_3_diff1": 0.079575,
        "nauc_mrr_at_5_max": 0.078659,
        "nauc_mrr_at_5_std": 0.100949,
        "nauc_mrr_at_5_diff1": 0.083574,
        "nauc_mrr_at_10_max": 0.073676,
        "nauc_mrr_at_10_std": 0.118303,
        "nauc_mrr_at_10_diff1": 0.079161,
        "nauc_mrr_at_20_max": 0.080681,
        "nauc_mrr_at_20_std": 0.10929,
        "nauc_mrr_at_20_diff1": 0.077599,
        "nauc_mrr_at_100_max": 0.076927,
        "nauc_mrr_at_100_std": 0.110595,
        "nauc_mrr_at_100_diff1": 0.067952,
        "nauc_mrr_at_1000_max": 0.077515,
        "nauc_mrr_at_1000_std": 0.109359,
        "nauc_mrr_at_1000_diff1": 0.06866,
        "main_score": 0.06774,
        "hf_subset": "default",
        "languages": [
          "eng-Latn"
        ]
      }
    ]
  },
  "evaluation_time": 70.98304986953735,
  "kg_co2_emissions": null
}