{
  "dataset_revision": "bb9466bac8153a0349341eb1b22e06409e78ef4e",
  "task_name": "TRECCOVID",
  "mteb_version": "1.39.7",
  "scores": {
    "test": [
      {
        "ndcg_at_1": 0.07,
        "ndcg_at_3": 0.08369,
        "ndcg_at_5": 0.09536,
        "ndcg_at_10": 0.0989,
        "ndcg_at_20": 0.0902,
        "ndcg_at_100": 0.06145,
        "ndcg_at_1000": 0.06358,
        "map_at_1": 0.00022,
        "map_at_3": 0.00055,
        "map_at_5": 0.00093,
        "map_at_10": 0.0015,
        "map_at_20": 0.00246,
        "map_at_100": 0.0061,
        "map_at_1000": 0.01141,
        "recall_at_1": 0.00022,
        "recall_at_3": 0.00066,
        "recall_at_5": 0.00141,
        "recall_at_10": 0.00291,
        "recall_at_20": 0.00493,
        "recall_at_100": 0.0143,
        "recall_at_1000": 0.06188,
        "precision_at_1": 0.08,
        "precision_at_3": 0.08667,
        "precision_at_5": 0.108,
        "precision_at_10": 0.112,
        "precision_at_20": 0.098,
        "precision_at_100": 0.0602,
        "precision_at_1000": 0.02846,
        "mrr_at_1": 0.08,
        "mrr_at_3": 0.116667,
        "mrr_at_5": 0.140667,
        "mrr_at_10": 0.172651,
        "mrr_at_20": 0.177226,
        "mrr_at_100": 0.181963,
        "mrr_at_1000": 0.182916,
        "nauc_ndcg_at_1_max": 0.217371,
        "nauc_ndcg_at_1_std": 0.204722,
        "nauc_ndcg_at_1_diff1": -0.383878,
        "nauc_ndcg_at_3_max": 0.291867,
        "nauc_ndcg_at_3_std": 0.15043,
        "nauc_ndcg_at_3_diff1": -0.234786,
        "nauc_ndcg_at_5_max": 0.249337,
        "nauc_ndcg_at_5_std": 0.196026,
        "nauc_ndcg_at_5_diff1": -0.165331,
        "nauc_ndcg_at_10_max": 0.286677,
        "nauc_ndcg_at_10_std": 0.217377,
        "nauc_ndcg_at_10_diff1": -0.208049,
        "nauc_ndcg_at_20_max": 0.353412,
        "nauc_ndcg_at_20_std": 0.224143,
        "nauc_ndcg_at_20_diff1": -0.239783,
        "nauc_ndcg_at_100_max": 0.39005,
        "nauc_ndcg_at_100_std": 0.297027,
        "nauc_ndcg_at_100_diff1": -0.208866,
        "nauc_ndcg_at_1000_max": 0.346203,
        "nauc_ndcg_at_1000_std": 0.193362,
        "nauc_ndcg_at_1000_diff1": -0.225282,
        "nauc_map_at_1_max": 0.015292,
        "nauc_map_at_1_std": 0.347515,
        "nauc_map_at_1_diff1": -0.438692,
        "nauc_map_at_3_max": 0.079308,
        "nauc_map_at_3_std": 0.278829,
        "nauc_map_at_3_diff1": -0.344348,
        "nauc_map_at_5_max": 0.088242,
        "nauc_map_at_5_std": 0.304775,
        "nauc_map_at_5_diff1": -0.306744,
        "nauc_map_at_10_max": 0.187373,
        "nauc_map_at_10_std": 0.354652,
        "nauc_map_at_10_diff1": -0.31802,
        "nauc_map_at_20_max": 0.302979,
        "nauc_map_at_20_std": 0.420911,
        "nauc_map_at_20_diff1": -0.338499,
        "nauc_map_at_100_max": 0.429615,
        "nauc_map_at_100_std": 0.581855,
        "nauc_map_at_100_diff1": -0.335679,
        "nauc_map_at_1000_max": 0.389648,
        "nauc_map_at_1000_std": 0.438157,
        "nauc_map_at_1000_diff1": -0.297946,
        "nauc_recall_at_1_max": 0.015292,
        "nauc_recall_at_1_std": 0.347515,
        "nauc_recall_at_1_diff1": -0.438692,
        "nauc_recall_at_3_max": 0.140367,
        "nauc_recall_at_3_std": 0.264532,
        "nauc_recall_at_3_diff1": -0.284672,
        "nauc_recall_at_5_max": 0.085002,
        "nauc_recall_at_5_std": 0.282871,
        "nauc_recall_at_5_diff1": -0.207704,
        "nauc_recall_at_10_max": 0.148152,
        "nauc_recall_at_10_std": 0.311208,
        "nauc_recall_at_10_diff1": -0.228948,
        "nauc_recall_at_20_max": 0.288896,
        "nauc_recall_at_20_std": 0.285349,
        "nauc_recall_at_20_diff1": -0.253148,
        "nauc_recall_at_100_max": 0.357707,
        "nauc_recall_at_100_std": 0.391626,
        "nauc_recall_at_100_diff1": -0.219923,
        "nauc_recall_at_1000_max": 0.348696,
        "nauc_recall_at_1000_std": 0.112064,
        "nauc_recall_at_1000_diff1": -0.181524,
        "nauc_precision_at_1_max": 0.3152,
        "nauc_precision_at_1_std": 0.219614,
        "nauc_precision_at_1_diff1": -0.323585,
        "nauc_precision_at_3_max": 0.3389,
        "nauc_precision_at_3_std": 0.163081,
        "nauc_precision_at_3_diff1": -0.201361,
        "nauc_precision_at_5_max": 0.261689,
        "nauc_precision_at_5_std": 0.222946,
        "nauc_precision_at_5_diff1": -0.114423,
        "nauc_precision_at_10_max": 0.332273,
        "nauc_precision_at_10_std": 0.241947,
        "nauc_precision_at_10_diff1": -0.196381,
        "nauc_precision_at_20_max": 0.423812,
        "nauc_precision_at_20_std": 0.231623,
        "nauc_precision_at_20_diff1": -0.231112,
        "nauc_precision_at_100_max": 0.434939,
        "nauc_precision_at_100_std": 0.32484,
        "nauc_precision_at_100_diff1": -0.180082,
        "nauc_precision_at_1000_max": 0.414809,
        "nauc_precision_at_1000_std": 0.065504,
        "nauc_precision_at_1000_diff1": -0.156211,
        "nauc_mrr_at_1_max": 0.3152,
        "nauc_mrr_at_1_std": 0.219614,
        "nauc_mrr_at_1_diff1": -0.323585,
        "nauc_mrr_at_3_max": 0.347684,
        "nauc_mrr_at_3_std": 0.141461,
        "nauc_mrr_at_3_diff1": -0.181755,
        "nauc_mrr_at_5_max": 0.242135,
        "nauc_mrr_at_5_std": 0.154903,
        "nauc_mrr_at_5_diff1": -0.127602,
        "nauc_mrr_at_10_max": 0.269582,
        "nauc_mrr_at_10_std": 0.128693,
        "nauc_mrr_at_10_diff1": -0.146518,
        "nauc_mrr_at_20_max": 0.273947,
        "nauc_mrr_at_20_std": 0.120844,
        "nauc_mrr_at_20_diff1": -0.134887,
        "nauc_mrr_at_100_max": 0.274841,
        "nauc_mrr_at_100_std": 0.126772,
        "nauc_mrr_at_100_diff1": -0.14131,
        "nauc_mrr_at_1000_max": 0.274554,
        "nauc_mrr_at_1000_std": 0.127505,
        "nauc_mrr_at_1000_diff1": -0.142162,
        "main_score": 0.0989,
        "hf_subset": "default",
        "languages": [
          "eng-Latn"
        ]
      }
    ]
  },
  "evaluation_time": 1827.967204093933,
  "kg_co2_emissions": null
}