{
  "dataset_revision": "c22ab2a51041ffd869aaddef7af8d8215647e41a",
  "task_name": "ArguAna",
  "mteb_version": "1.39.7",
  "scores": {
    "test": [
      {
        "ndcg_at_1": 0.27169,
        "ndcg_at_3": 0.40207,
        "ndcg_at_5": 0.45557,
        "ndcg_at_10": 0.50199,
        "ndcg_at_20": 0.52378,
        "ndcg_at_100": 0.54165,
        "ndcg_at_1000": 0.5465,
        "map_at_1": 0.27169,
        "map_at_3": 0.36866,
        "map_at_5": 0.39846,
        "map_at_10": 0.41759,
        "map_at_20": 0.42369,
        "map_at_100": 0.42612,
        "map_at_1000": 0.42633,
        "recall_at_1": 0.27169,
        "recall_at_3": 0.49929,
        "recall_at_5": 0.62873,
        "recall_at_10": 0.7724,
        "recall_at_20": 0.85775,
        "recall_at_100": 0.95448,
        "recall_at_1000": 0.99147,
        "precision_at_1": 0.27169,
        "precision_at_3": 0.16643,
        "precision_at_5": 0.12575,
        "precision_at_10": 0.07724,
        "precision_at_20": 0.04289,
        "precision_at_100": 0.00954,
        "precision_at_1000": 0.00099,
        "mrr_at_1": 0.273826,
        "mrr_at_3": 0.370436,
        "mrr_at_5": 0.399348,
        "mrr_at_10": 0.418358,
        "mrr_at_20": 0.424576,
        "mrr_at_100": 0.427006,
        "mrr_at_1000": 0.427213,
        "nauc_ndcg_at_1_max": -0.078503,
        "nauc_ndcg_at_1_std": -0.067583,
        "nauc_ndcg_at_1_diff1": 0.109928,
        "nauc_ndcg_at_3_max": -0.019238,
        "nauc_ndcg_at_3_std": -0.069438,
        "nauc_ndcg_at_3_diff1": 0.074531,
        "nauc_ndcg_at_5_max": -0.004942,
        "nauc_ndcg_at_5_std": -0.060145,
        "nauc_ndcg_at_5_diff1": 0.084493,
        "nauc_ndcg_at_10_max": -0.00317,
        "nauc_ndcg_at_10_std": -0.050722,
        "nauc_ndcg_at_10_diff1": 0.075827,
        "nauc_ndcg_at_20_max": -0.002342,
        "nauc_ndcg_at_20_std": -0.044879,
        "nauc_ndcg_at_20_diff1": 0.076963,
        "nauc_ndcg_at_100_max": -0.006386,
        "nauc_ndcg_at_100_std": -0.041671,
        "nauc_ndcg_at_100_diff1": 0.083582,
        "nauc_ndcg_at_1000_max": -0.013787,
        "nauc_ndcg_at_1000_std": -0.049705,
        "nauc_ndcg_at_1000_diff1": 0.083186,
        "nauc_map_at_1_max": -0.078503,
        "nauc_map_at_1_std": -0.067583,
        "nauc_map_at_1_diff1": 0.109928,
        "nauc_map_at_3_max": -0.033778,
        "nauc_map_at_3_std": -0.069305,
        "nauc_map_at_3_diff1": 0.083277,
        "nauc_map_at_5_max": -0.02614,
        "nauc_map_at_5_std": -0.063834,
        "nauc_map_at_5_diff1": 0.089056,
        "nauc_map_at_10_max": -0.026256,
        "nauc_map_at_10_std": -0.060232,
        "nauc_map_at_10_diff1": 0.085585,
        "nauc_map_at_20_max": -0.026143,
        "nauc_map_at_20_std": -0.058822,
        "nauc_map_at_20_diff1": 0.08597,
        "nauc_map_at_100_max": -0.02652,
        "nauc_map_at_100_std": -0.058801,
        "nauc_map_at_100_diff1": 0.087003,
        "nauc_map_at_1000_max": -0.026775,
        "nauc_map_at_1000_std": -0.059027,
        "nauc_map_at_1000_diff1": 0.08696,
        "nauc_recall_at_1_max": -0.078503,
        "nauc_recall_at_1_std": -0.067583,
        "nauc_recall_at_1_diff1": 0.109928,
        "nauc_recall_at_3_max": 0.02202,
        "nauc_recall_at_3_std": -0.069694,
        "nauc_recall_at_3_diff1": 0.049691,
        "nauc_recall_at_5_max": 0.064903,
        "nauc_recall_at_5_std": -0.047266,
        "nauc_recall_at_5_diff1": 0.071271,
        "nauc_recall_at_10_max": 0.103766,
        "nauc_recall_at_10_std": -0.001442,
        "nauc_recall_at_10_diff1": 0.030297,
        "nauc_recall_at_20_max": 0.160682,
        "nauc_recall_at_20_std": 0.067944,
        "nauc_recall_at_20_diff1": 0.016819,
        "nauc_recall_at_100_max": 0.335887,
        "nauc_recall_at_100_std": 0.417612,
        "nauc_recall_at_100_diff1": 0.073169,
        "nauc_recall_at_1000_max": 0.111028,
        "nauc_recall_at_1000_std": 0.470208,
        "nauc_recall_at_1000_diff1": -0.004238,
        "nauc_precision_at_1_max": -0.078503,
        "nauc_precision_at_1_std": -0.067583,
        "nauc_precision_at_1_diff1": 0.109928,
        "nauc_precision_at_3_max": 0.02202,
        "nauc_precision_at_3_std": -0.069694,
        "nauc_precision_at_3_diff1": 0.049691,
        "nauc_precision_at_5_max": 0.064903,
        "nauc_precision_at_5_std": -0.047266,
        "nauc_precision_at_5_diff1": 0.071271,
        "nauc_precision_at_10_max": 0.103766,
        "nauc_precision_at_10_std": -0.001442,
        "nauc_precision_at_10_diff1": 0.030297,
        "nauc_precision_at_20_max": 0.160682,
        "nauc_precision_at_20_std": 0.067944,
        "nauc_precision_at_20_diff1": 0.016819,
        "nauc_precision_at_100_max": 0.335887,
        "nauc_precision_at_100_std": 0.417612,
        "nauc_precision_at_100_diff1": 0.073169,
        "nauc_precision_at_1000_max": 0.111028,
        "nauc_precision_at_1000_std": 0.470208,
        "nauc_precision_at_1000_diff1": -0.004238,
        "nauc_mrr_at_1_max": -0.081226,
        "nauc_mrr_at_1_std": -0.067499,
        "nauc_mrr_at_1_diff1": 0.103078,
        "nauc_mrr_at_3_max": -0.038138,
        "nauc_mrr_at_3_std": -0.068482,
        "nauc_mrr_at_3_diff1": 0.077353,
        "nauc_mrr_at_5_max": -0.031011,
        "nauc_mrr_at_5_std": -0.064117,
        "nauc_mrr_at_5_diff1": 0.081826,
        "nauc_mrr_at_10_max": -0.032341,
        "nauc_mrr_at_10_std": -0.060411,
        "nauc_mrr_at_10_diff1": 0.077575,
        "nauc_mrr_at_20_max": -0.031248,
        "nauc_mrr_at_20_std": -0.059041,
        "nauc_mrr_at_20_diff1": 0.079079,
        "nauc_mrr_at_100_max": -0.031678,
        "nauc_mrr_at_100_std": -0.059023,
        "nauc_mrr_at_100_diff1": 0.08004,
        "nauc_mrr_at_1000_max": -0.031935,
        "nauc_mrr_at_1000_std": -0.059249,
        "nauc_mrr_at_1000_diff1": 0.079992,
        "main_score": 0.50199,
        "hf_subset": "default",
        "languages": [
          "eng-Latn"
        ]
      }
    ]
  },
  "evaluation_time": 62.94256925582886,
  "kg_co2_emissions": null
}