{
  "dataset_revision": "c22ab2a51041ffd869aaddef7af8d8215647e41a",
  "task_name": "ArguAna",
  "mteb_version": "1.39.7",
  "scores": {
    "test": [
      {
        "ndcg_at_1": 0.0,
        "ndcg_at_3": 0.0,
        "ndcg_at_5": 0.00031,
        "ndcg_at_10": 0.00031,
        "ndcg_at_20": 0.00031,
        "ndcg_at_100": 0.0022,
        "ndcg_at_1000": 0.01584,
        "map_at_1": 0.0,
        "map_at_3": 0.0,
        "map_at_5": 0.00018,
        "map_at_10": 0.00018,
        "map_at_20": 0.00018,
        "map_at_100": 0.00041,
        "map_at_1000": 0.00069,
        "recall_at_1": 0.0,
        "recall_at_3": 0.0,
        "recall_at_5": 0.00071,
        "recall_at_10": 0.00071,
        "recall_at_20": 0.00071,
        "recall_at_100": 0.01138,
        "recall_at_1000": 0.13442,
        "precision_at_1": 0.0,
        "precision_at_3": 0.0,
        "precision_at_5": 0.00014,
        "precision_at_10": 7e-05,
        "precision_at_20": 4e-05,
        "precision_at_100": 0.00011,
        "precision_at_1000": 0.00013,
        "mrr_at_1": 0.0,
        "mrr_at_3": 0.000356,
        "mrr_at_5": 0.000356,
        "mrr_at_10": 0.000435,
        "mrr_at_20": 0.000578,
        "mrr_at_100": 0.000785,
        "mrr_at_1000": 0.001073,
        "nauc_ndcg_at_1_max": NaN,
        "nauc_ndcg_at_1_std": NaN,
        "nauc_ndcg_at_1_diff1": NaN,
        "nauc_ndcg_at_3_max": NaN,
        "nauc_ndcg_at_3_std": NaN,
        "nauc_ndcg_at_3_diff1": NaN,
        "nauc_ndcg_at_5_max": -0.205971,
        "nauc_ndcg_at_5_std": -0.070643,
        "nauc_ndcg_at_5_diff1": 0.324078,
        "nauc_ndcg_at_10_max": -0.205971,
        "nauc_ndcg_at_10_std": -0.070643,
        "nauc_ndcg_at_10_diff1": 0.324078,
        "nauc_ndcg_at_20_max": -0.205971,
        "nauc_ndcg_at_20_std": -0.070643,
        "nauc_ndcg_at_20_diff1": 0.324078,
        "nauc_ndcg_at_100_max": 0.081082,
        "nauc_ndcg_at_100_std": 0.049944,
        "nauc_ndcg_at_100_diff1": 0.119618,
        "nauc_ndcg_at_1000_max": 0.016675,
        "nauc_ndcg_at_1000_std": 0.036148,
        "nauc_ndcg_at_1000_diff1": 0.071082,
        "nauc_map_at_1_max": NaN,
        "nauc_map_at_1_std": NaN,
        "nauc_map_at_1_diff1": NaN,
        "nauc_map_at_3_max": NaN,
        "nauc_map_at_3_std": NaN,
        "nauc_map_at_3_diff1": NaN,
        "nauc_map_at_5_max": -0.205971,
        "nauc_map_at_5_std": -0.070643,
        "nauc_map_at_5_diff1": 0.324078,
        "nauc_map_at_10_max": -0.205971,
        "nauc_map_at_10_std": -0.070643,
        "nauc_map_at_10_diff1": 0.324078,
        "nauc_map_at_20_max": -0.205971,
        "nauc_map_at_20_std": -0.070643,
        "nauc_map_at_20_diff1": 0.324078,
        "nauc_map_at_100_max": -0.02762,
        "nauc_map_at_100_std": -0.054793,
        "nauc_map_at_100_diff1": 0.171966,
        "nauc_map_at_1000_max": -0.012015,
        "nauc_map_at_1000_std": 0.003999,
        "nauc_map_at_1000_diff1": 0.136441,
        "nauc_recall_at_1_max": NaN,
        "nauc_recall_at_1_std": NaN,
        "nauc_recall_at_1_diff1": NaN,
        "nauc_recall_at_3_max": NaN,
        "nauc_recall_at_3_std": NaN,
        "nauc_recall_at_3_diff1": NaN,
        "nauc_recall_at_5_max": -0.205971,
        "nauc_recall_at_5_std": -0.070643,
        "nauc_recall_at_5_diff1": 0.324078,
        "nauc_recall_at_10_max": -0.205971,
        "nauc_recall_at_10_std": -0.070643,
        "nauc_recall_at_10_diff1": 0.324078,
        "nauc_recall_at_20_max": -0.205971,
        "nauc_recall_at_20_std": -0.070643,
        "nauc_recall_at_20_diff1": 0.324078,
        "nauc_recall_at_100_max": 0.114455,
        "nauc_recall_at_100_std": 0.095455,
        "nauc_recall_at_100_diff1": 0.111334,
        "nauc_recall_at_1000_max": 0.015235,
        "nauc_recall_at_1000_std": 0.028436,
        "nauc_recall_at_1000_diff1": 0.065307,
        "nauc_precision_at_1_max": NaN,
        "nauc_precision_at_1_std": NaN,
        "nauc_precision_at_1_diff1": NaN,
        "nauc_precision_at_3_max": NaN,
        "nauc_precision_at_3_std": NaN,
        "nauc_precision_at_3_diff1": NaN,
        "nauc_precision_at_5_max": -0.205971,
        "nauc_precision_at_5_std": -0.070643,
        "nauc_precision_at_5_diff1": 0.324078,
        "nauc_precision_at_10_max": -0.205971,
        "nauc_precision_at_10_std": -0.070643,
        "nauc_precision_at_10_diff1": 0.324078,
        "nauc_precision_at_20_max": -0.205971,
        "nauc_precision_at_20_std": -0.070643,
        "nauc_precision_at_20_diff1": 0.324078,
        "nauc_precision_at_100_max": 0.114455,
        "nauc_precision_at_100_std": 0.095455,
        "nauc_precision_at_100_diff1": 0.111334,
        "nauc_precision_at_1000_max": 0.015235,
        "nauc_precision_at_1000_std": 0.028436,
        "nauc_precision_at_1000_diff1": 0.065307,
        "nauc_mrr_at_1_max": NaN,
        "nauc_mrr_at_1_std": NaN,
        "nauc_mrr_at_1_diff1": NaN,
        "nauc_mrr_at_3_max": -0.205971,
        "nauc_mrr_at_3_std": -0.070643,
        "nauc_mrr_at_3_diff1": 0.324078,
        "nauc_mrr_at_5_max": -0.205971,
        "nauc_mrr_at_5_std": -0.070643,
        "nauc_mrr_at_5_diff1": 0.324078,
        "nauc_mrr_at_10_max": 0.013296,
        "nauc_mrr_at_10_std": -0.16237,
        "nauc_mrr_at_10_diff1": 0.446973,
        "nauc_mrr_at_20_max": -0.02474,
        "nauc_mrr_at_20_std": -0.206417,
        "nauc_mrr_at_20_diff1": 0.2969,
        "nauc_mrr_at_100_max": 0.02151,
        "nauc_mrr_at_100_std": -0.101893,
        "nauc_mrr_at_100_diff1": 0.259992,
        "nauc_mrr_at_1000_max": 0.015456,
        "nauc_mrr_at_1000_std": -0.06021,
        "nauc_mrr_at_1000_diff1": 0.203819,
        "main_score": 0.00031,
        "hf_subset": "default",
        "languages": [
          "eng-Latn"
        ]
      }
    ]
  },
  "evaluation_time": 128.94896340370178,
  "kg_co2_emissions": null
}