{
  "dataset_revision": "0228b52cf27578f30900b9e5271d331663a030d7",
  "task_name": "SciFact",
  "mteb_version": "1.39.7",
  "scores": {
    "test": [
      {
        "ndcg_at_1": 0.03667,
        "ndcg_at_3": 0.05208,
        "ndcg_at_5": 0.05325,
        "ndcg_at_10": 0.06379,
        "ndcg_at_20": 0.07252,
        "ndcg_at_100": 0.09713,
        "ndcg_at_1000": 0.14219,
        "map_at_1": 0.03417,
        "map_at_3": 0.04694,
        "map_at_5": 0.04778,
        "map_at_10": 0.05184,
        "map_at_20": 0.0543,
        "map_at_100": 0.0574,
        "map_at_1000": 0.0589,
        "recall_at_1": 0.03417,
        "recall_at_3": 0.06417,
        "recall_at_5": 0.0675,
        "recall_at_10": 0.09844,
        "recall_at_20": 0.13122,
        "recall_at_100": 0.26506,
        "recall_at_1000": 0.62256,
        "precision_at_1": 0.03667,
        "precision_at_3": 0.02222,
        "precision_at_5": 0.014,
        "precision_at_10": 0.011,
        "precision_at_20": 0.00733,
        "precision_at_100": 0.00303,
        "precision_at_1000": 0.00072,
        "mrr_at_1": 0.036667,
        "mrr_at_3": 0.049444,
        "mrr_at_5": 0.050278,
        "mrr_at_10": 0.055753,
        "mrr_at_20": 0.058489,
        "mrr_at_100": 0.061481,
        "mrr_at_1000": 0.06284,
        "nauc_ndcg_at_1_max": 0.178647,
        "nauc_ndcg_at_1_std": 0.250287,
        "nauc_ndcg_at_1_diff1": 0.250531,
        "nauc_ndcg_at_3_max": 0.003824,
        "nauc_ndcg_at_3_std": 0.167353,
        "nauc_ndcg_at_3_diff1": 0.193136,
        "nauc_ndcg_at_5_max": -0.008115,
        "nauc_ndcg_at_5_std": 0.185688,
        "nauc_ndcg_at_5_diff1": 0.187997,
        "nauc_ndcg_at_10_max": 0.012773,
        "nauc_ndcg_at_10_std": 0.145566,
        "nauc_ndcg_at_10_diff1": 0.136447,
        "nauc_ndcg_at_20_max": 0.001405,
        "nauc_ndcg_at_20_std": 0.137766,
        "nauc_ndcg_at_20_diff1": 0.124168,
        "nauc_ndcg_at_100_max": 0.03371,
        "nauc_ndcg_at_100_std": 0.078423,
        "nauc_ndcg_at_100_diff1": 0.093109,
        "nauc_ndcg_at_1000_max": 0.058617,
        "nauc_ndcg_at_1000_std": 0.090046,
        "nauc_ndcg_at_1000_diff1": 0.10796,
        "nauc_map_at_1_max": 0.143285,
        "nauc_map_at_1_std": 0.19543,
        "nauc_map_at_1_diff1": 0.28392,
        "nauc_map_at_3_max": 0.021946,
        "nauc_map_at_3_std": 0.159379,
        "nauc_map_at_3_diff1": 0.219995,
        "nauc_map_at_5_max": 0.016008,
        "nauc_map_at_5_std": 0.174041,
        "nauc_map_at_5_diff1": 0.214928,
        "nauc_map_at_10_max": 0.023194,
        "nauc_map_at_10_std": 0.152869,
        "nauc_map_at_10_diff1": 0.186993,
        "nauc_map_at_20_max": 0.01818,
        "nauc_map_at_20_std": 0.148903,
        "nauc_map_at_20_diff1": 0.181759,
        "nauc_map_at_100_max": 0.023704,
        "nauc_map_at_100_std": 0.136501,
        "nauc_map_at_100_diff1": 0.176362,
        "nauc_map_at_1000_max": 0.026073,
        "nauc_map_at_1000_std": 0.137662,
        "nauc_map_at_1000_diff1": 0.176932,
        "nauc_recall_at_1_max": 0.143285,
        "nauc_recall_at_1_std": 0.19543,
        "nauc_recall_at_1_diff1": 0.28392,
        "nauc_recall_at_3_max": -0.063994,
        "nauc_recall_at_3_std": 0.148258,
        "nauc_recall_at_3_diff1": 0.15221,
        "nauc_recall_at_5_max": -0.076562,
        "nauc_recall_at_5_std": 0.19032,
        "nauc_recall_at_5_diff1": 0.141208,
        "nauc_recall_at_10_max": -0.017678,
        "nauc_recall_at_10_std": 0.111181,
        "nauc_recall_at_10_diff1": 0.054783,
        "nauc_recall_at_20_max": -0.032953,
        "nauc_recall_at_20_std": 0.097049,
        "nauc_recall_at_20_diff1": 0.04331,
        "nauc_recall_at_100_max": 0.053115,
        "nauc_recall_at_100_std": -0.030416,
        "nauc_recall_at_100_diff1": -0.010446,
        "nauc_recall_at_1000_max": 0.12715,
        "nauc_recall_at_1000_std": -0.002914,
        "nauc_recall_at_1000_diff1": 0.028469,
        "nauc_precision_at_1_max": 0.178647,
        "nauc_precision_at_1_std": 0.250287,
        "nauc_precision_at_1_diff1": 0.250531,
        "nauc_precision_at_3_max": -0.036772,
        "nauc_precision_at_3_std": 0.180199,
        "nauc_precision_at_3_diff1": 0.138785,
        "nauc_precision_at_5_max": -0.050187,
        "nauc_precision_at_5_std": 0.219237,
        "nauc_precision_at_5_diff1": 0.128815,
        "nauc_precision_at_10_max": 0.019889,
        "nauc_precision_at_10_std": 0.143728,
        "nauc_precision_at_10_diff1": 0.049425,
        "nauc_precision_at_20_max": -0.006635,
        "nauc_precision_at_20_std": 0.138,
        "nauc_precision_at_20_diff1": 0.028658,
        "nauc_precision_at_100_max": 0.095958,
        "nauc_precision_at_100_std": 0.020762,
        "nauc_precision_at_100_diff1": -0.03623,
        "nauc_precision_at_1000_max": 0.176591,
        "nauc_precision_at_1000_std": 0.056235,
        "nauc_precision_at_1000_diff1": 0.018407,
        "nauc_mrr_at_1_max": 0.178647,
        "nauc_mrr_at_1_std": 0.250287,
        "nauc_mrr_at_1_diff1": 0.250531,
        "nauc_mrr_at_3_max": 0.054305,
        "nauc_mrr_at_3_std": 0.201882,
        "nauc_mrr_at_3_diff1": 0.198467,
        "nauc_mrr_at_5_max": 0.048126,
        "nauc_mrr_at_5_std": 0.215111,
        "nauc_mrr_at_5_diff1": 0.194008,
        "nauc_mrr_at_10_max": 0.058352,
        "nauc_mrr_at_10_std": 0.194314,
        "nauc_mrr_at_10_diff1": 0.166636,
        "nauc_mrr_at_20_max": 0.05119,
        "nauc_mrr_at_20_std": 0.191737,
        "nauc_mrr_at_20_diff1": 0.16045,
        "nauc_mrr_at_100_max": 0.053907,
        "nauc_mrr_at_100_std": 0.177833,
        "nauc_mrr_at_100_diff1": 0.15769,
        "nauc_mrr_at_1000_max": 0.054854,
        "nauc_mrr_at_1000_std": 0.178052,
        "nauc_mrr_at_1000_diff1": 0.15879,
        "main_score": 0.06379,
        "hf_subset": "default",
        "languages": [
          "eng-Latn"
        ]
      }
    ]
  },
  "evaluation_time": 90.06946897506714,
  "kg_co2_emissions": null
}