{
  "map_at_10": 0.05921,
  "mrr_at_10": 0.05924524148208366,
  "ndcg_at_10": 0.07796,
  "recall_at_10": 0.1394,
  "recall_at_100": 0.35917
}
