{
  "map_at_10": 0.04957,
  "mrr_at_10": 0.049579748921854225,
  "ndcg_at_10": 0.06549,
  "recall_at_10": 0.11807,
  "recall_at_100": 0.30797
}
