{
  "map_at_10": 0.25808,
  "mrr_at_10": 0.2587473751947432,
  "ndcg_at_10": 0.32527,
  "recall_at_10": 0.54339,
  "recall_at_100": 0.78521
}
