{
  "map_at_10": 0.10925,
  "mrr_at_10": 0.10980350651403287,
  "ndcg_at_10": 0.14287,
  "recall_at_10": 0.2532,
  "recall_at_100": 0.51209
}
