{
  "map_at_10": 0.06813,
  "mrr_at_10": 0.06873066675698257,
  "ndcg_at_10": 0.09128,
  "recall_at_10": 0.16714,
  "recall_at_100": 0.39829
}
