{
  "map_at_10": 0.06311,
  "mrr_at_10": 0.06311527693106647,
  "ndcg_at_10": 0.08332,
  "recall_at_10": 0.14936,
  "recall_at_100": 0.3798
}
