{
  "map_at_10": 0.05427,
  "mrr_at_10": 0.05428351283614445,
  "ndcg_at_10": 0.07149,
  "recall_at_10": 0.12802,
  "recall_at_100": 0.33642
}
