{
  "map_at_10": 0.07752,
  "mrr_at_10": 0.07774306261148364,
  "ndcg_at_10": 0.10419,
  "recall_at_10": 0.19203,
  "recall_at_100": 0.42532
}
