{
  "map_at_10": 0.1529,
  "mrr_at_10": 0.15341450473029405,
  "ndcg_at_10": 0.19766,
  "recall_at_10": 0.34353,
  "recall_at_100": 0.60669
}
