{
  "map_at_10": 0.08926,
  "mrr_at_10": 0.08949231186073292,
  "ndcg_at_10": 0.11928,
  "recall_at_10": 0.21764,
  "recall_at_100": 0.45875
}
