{
  "dataset_revision": "ec0fa4fe99da2ff19ca1214b7966684033a58814",
  "task_name": "NFCorpus",
  "mteb_version": "1.39.7",
  "scores": {
    "test": [
      {
        "ndcg_at_1": 0.31115,
        "ndcg_at_3": 0.27847,
        "ndcg_at_5": 0.2612,
        "ndcg_at_10": 0.2342,
        "ndcg_at_20": 0.21381,
        "ndcg_at_100": 0.2085,
        "ndcg_at_1000": 0.29929,
        "map_at_1": 0.04058,
        "map_at_3": 0.06095,
        "map_at_5": 0.0697,
        "map_at_10": 0.08037,
        "map_at_20": 0.08711,
        "map_at_100": 0.09663,
        "map_at_1000": 0.10619,
        "recall_at_1": 0.04058,
        "recall_at_3": 0.06797,
        "recall_at_5": 0.0831,
        "recall_at_10": 0.10669,
        "recall_at_20": 0.13153,
        "recall_at_100": 0.20459,
        "recall_at_1000": 0.53251,
        "precision_at_1": 0.32198,
        "precision_at_3": 0.26006,
        "precision_at_5": 0.22539,
        "precision_at_10": 0.17152,
        "precision_at_20": 0.12245,
        "precision_at_100": 0.05118,
        "precision_at_1000": 0.01702,
        "mrr_at_1": 0.321981,
        "mrr_at_3": 0.397833,
        "mrr_at_5": 0.408359,
        "mrr_at_10": 0.416256,
        "mrr_at_20": 0.420074,
        "mrr_at_100": 0.423023,
        "mrr_at_1000": 0.423704,
        "nauc_ndcg_at_1_max": 0.406624,
        "nauc_ndcg_at_1_std": 0.267124,
        "nauc_ndcg_at_1_diff1": 0.390213,
        "nauc_ndcg_at_3_max": 0.411269,
        "nauc_ndcg_at_3_std": 0.286528,
        "nauc_ndcg_at_3_diff1": 0.294806,
        "nauc_ndcg_at_5_max": 0.405025,
        "nauc_ndcg_at_5_std": 0.272612,
        "nauc_ndcg_at_5_diff1": 0.270331,
        "nauc_ndcg_at_10_max": 0.400903,
        "nauc_ndcg_at_10_std": 0.260793,
        "nauc_ndcg_at_10_diff1": 0.25185,
        "nauc_ndcg_at_20_max": 0.406819,
        "nauc_ndcg_at_20_std": 0.258263,
        "nauc_ndcg_at_20_diff1": 0.269494,
        "nauc_ndcg_at_100_max": 0.446413,
        "nauc_ndcg_at_100_std": 0.276662,
        "nauc_ndcg_at_100_diff1": 0.30297,
        "nauc_ndcg_at_1000_max": 0.512482,
        "nauc_ndcg_at_1000_std": 0.357893,
        "nauc_ndcg_at_1000_diff1": 0.285326,
        "nauc_map_at_1_max": 0.229645,
        "nauc_map_at_1_std": -0.041028,
        "nauc_map_at_1_diff1": 0.407845,
        "nauc_map_at_3_max": 0.307746,
        "nauc_map_at_3_std": 0.015365,
        "nauc_map_at_3_diff1": 0.388676,
        "nauc_map_at_5_max": 0.323964,
        "nauc_map_at_5_std": 0.041006,
        "nauc_map_at_5_diff1": 0.360112,
        "nauc_map_at_10_max": 0.358138,
        "nauc_map_at_10_std": 0.088112,
        "nauc_map_at_10_diff1": 0.328957,
        "nauc_map_at_20_max": 0.372232,
        "nauc_map_at_20_std": 0.117327,
        "nauc_map_at_20_diff1": 0.327307,
        "nauc_map_at_100_max": 0.384452,
        "nauc_map_at_100_std": 0.157336,
        "nauc_map_at_100_diff1": 0.316233,
        "nauc_map_at_1000_max": 0.389336,
        "nauc_map_at_1000_std": 0.180817,
        "nauc_map_at_1000_diff1": 0.303818,
        "nauc_recall_at_1_max": 0.229645,
        "nauc_recall_at_1_std": -0.041028,
        "nauc_recall_at_1_diff1": 0.407845,
        "nauc_recall_at_3_max": 0.302655,
        "nauc_recall_at_3_std": 0.017226,
        "nauc_recall_at_3_diff1": 0.353056,
        "nauc_recall_at_5_max": 0.30094,
        "nauc_recall_at_5_std": 0.032893,
        "nauc_recall_at_5_diff1": 0.308279,
        "nauc_recall_at_10_max": 0.35136,
        "nauc_recall_at_10_std": 0.093621,
        "nauc_recall_at_10_diff1": 0.268108,
        "nauc_recall_at_20_max": 0.3658,
        "nauc_recall_at_20_std": 0.139782,
        "nauc_recall_at_20_diff1": 0.260139,
        "nauc_recall_at_100_max": 0.374817,
        "nauc_recall_at_100_std": 0.23658,
        "nauc_recall_at_100_diff1": 0.231338,
        "nauc_recall_at_1000_max": 0.296908,
        "nauc_recall_at_1000_std": 0.274809,
        "nauc_recall_at_1000_diff1": 0.07788,
        "nauc_precision_at_1_max": 0.414999,
        "nauc_precision_at_1_std": 0.26584,
        "nauc_precision_at_1_diff1": 0.379603,
        "nauc_precision_at_3_max": 0.423767,
        "nauc_precision_at_3_std": 0.332956,
        "nauc_precision_at_3_diff1": 0.231481,
        "nauc_precision_at_5_max": 0.399319,
        "nauc_precision_at_5_std": 0.330351,
        "nauc_precision_at_5_diff1": 0.168171,
        "nauc_precision_at_10_max": 0.365447,
        "nauc_precision_at_10_std": 0.342116,
        "nauc_precision_at_10_diff1": 0.105188,
        "nauc_precision_at_20_max": 0.314577,
        "nauc_precision_at_20_std": 0.354666,
        "nauc_precision_at_20_diff1": 0.082791,
        "nauc_precision_at_100_max": 0.200349,
        "nauc_precision_at_100_std": 0.34111,
        "nauc_precision_at_100_diff1": -0.002278,
        "nauc_precision_at_1000_max": 0.034399,
        "nauc_precision_at_1000_std": 0.199704,
        "nauc_precision_at_1000_diff1": -0.096027,
        "nauc_mrr_at_1_max": 0.414999,
        "nauc_mrr_at_1_std": 0.26584,
        "nauc_mrr_at_1_diff1": 0.379603,
        "nauc_mrr_at_3_max": 0.42649,
        "nauc_mrr_at_3_std": 0.293522,
        "nauc_mrr_at_3_diff1": 0.357998,
        "nauc_mrr_at_5_max": 0.426998,
        "nauc_mrr_at_5_std": 0.29682,
        "nauc_mrr_at_5_diff1": 0.359236,
        "nauc_mrr_at_10_max": 0.437898,
        "nauc_mrr_at_10_std": 0.307038,
        "nauc_mrr_at_10_diff1": 0.35673,
        "nauc_mrr_at_20_max": 0.442829,
        "nauc_mrr_at_20_std": 0.308611,
        "nauc_mrr_at_20_diff1": 0.355547,
        "nauc_mrr_at_100_max": 0.442563,
        "nauc_mrr_at_100_std": 0.308009,
        "nauc_mrr_at_100_diff1": 0.357571,
        "nauc_mrr_at_1000_max": 0.442228,
        "nauc_mrr_at_1000_std": 0.307789,
        "nauc_mrr_at_1000_diff1": 0.357519,
        "main_score": 0.2342,
        "hf_subset": "default",
        "languages": [
          "eng-Latn"
        ]
      }
    ]
  },
  "evaluation_time": 10.569373607635498,
  "kg_co2_emissions": null
}