{
  "map_at_10": 0.08031,
  "mrr_at_10": 0.4176667158091304,
  "ndcg_at_10": 0.23381,
  "recall_at_10": 0.10592,
  "recall_at_100": 0.20554
}
