{
  "map_at_10": 0.08058,
  "mrr_at_10": 0.42027249496289726,
  "ndcg_at_10": 0.23467,
  "recall_at_10": 0.10639,
  "recall_at_100": 0.20521
}
