{
  "map_at_10": 0.08046,
  "mrr_at_10": 0.41905990466361964,
  "ndcg_at_10": 0.23486,
  "recall_at_10": 0.10796,
  "recall_at_100": 0.20435
}
