{
  "map_at_10": 0.0803,
  "mrr_at_10": 0.41856970858518827,
  "ndcg_at_10": 0.234,
  "recall_at_10": 0.10609,
  "recall_at_100": 0.20452
}
