{
  "map_at_10": 0.08037,
  "mrr_at_10": 0.41625632709224014,
  "ndcg_at_10": 0.2342,
  "recall_at_10": 0.10669,
  "recall_at_100": 0.20459
}
