{
  "map_at_10": 0.0801,
  "mrr_at_10": 0.418862106246007,
  "ndcg_at_10": 0.2338,
  "recall_at_10": 0.10601,
  "recall_at_100": 0.20598
}
