{
  "map_at_10": 0.08062,
  "mrr_at_10": 0.4218978819598013,
  "ndcg_at_10": 0.2352,
  "recall_at_10": 0.10664,
  "recall_at_100": 0.20535
}
