{
  "dataset_revision": "ec0fa4fe99da2ff19ca1214b7966684033a58814",
  "task_name": "NFCorpus",
  "mteb_version": "1.39.7",
  "scores": {
    "test": [
      {
        "ndcg_at_1": 0.07276,
        "ndcg_at_3": 0.06765,
        "ndcg_at_5": 0.06527,
        "ndcg_at_10": 0.06097,
        "ndcg_at_20": 0.06112,
        "ndcg_at_100": 0.0741,
        "ndcg_at_1000": 0.15966,
        "map_at_1": 0.01198,
        "map_at_3": 0.01788,
        "map_at_5": 0.02146,
        "map_at_10": 0.02358,
        "map_at_20": 0.0253,
        "map_at_100": 0.02796,
        "map_at_1000": 0.03303,
        "recall_at_1": 0.01198,
        "recall_at_3": 0.02067,
        "recall_at_5": 0.03022,
        "recall_at_10": 0.04003,
        "recall_at_20": 0.05045,
        "recall_at_100": 0.09888,
        "recall_at_1000": 0.37967,
        "precision_at_1": 0.0774,
        "precision_at_3": 0.06089,
        "precision_at_5": 0.05325,
        "precision_at_10": 0.04211,
        "precision_at_20": 0.0339,
        "precision_at_100": 0.02019,
        "precision_at_1000": 0.01249,
        "mrr_at_1": 0.077399,
        "mrr_at_3": 0.101135,
        "mrr_at_5": 0.110733,
        "mrr_at_10": 0.120545,
        "mrr_at_20": 0.127792,
        "mrr_at_100": 0.133509,
        "mrr_at_1000": 0.134674,
        "nauc_ndcg_at_1_max": 0.352183,
        "nauc_ndcg_at_1_std": 0.036203,
        "nauc_ndcg_at_1_diff1": 0.155659,
        "nauc_ndcg_at_3_max": 0.329307,
        "nauc_ndcg_at_3_std": 0.081509,
        "nauc_ndcg_at_3_diff1": 0.151702,
        "nauc_ndcg_at_5_max": 0.302467,
        "nauc_ndcg_at_5_std": 0.05847,
        "nauc_ndcg_at_5_diff1": 0.143025,
        "nauc_ndcg_at_10_max": 0.257109,
        "nauc_ndcg_at_10_std": 0.077992,
        "nauc_ndcg_at_10_diff1": 0.115459,
        "nauc_ndcg_at_20_max": 0.223249,
        "nauc_ndcg_at_20_std": 0.100233,
        "nauc_ndcg_at_20_diff1": 0.114433,
        "nauc_ndcg_at_100_max": 0.218257,
        "nauc_ndcg_at_100_std": 0.059687,
        "nauc_ndcg_at_100_diff1": 0.103774,
        "nauc_ndcg_at_1000_max": 0.246024,
        "nauc_ndcg_at_1000_std": -0.021635,
        "nauc_ndcg_at_1000_diff1": 0.039185,
        "nauc_map_at_1_max": 0.182907,
        "nauc_map_at_1_std": -0.01388,
        "nauc_map_at_1_diff1": 0.144615,
        "nauc_map_at_3_max": 0.203627,
        "nauc_map_at_3_std": 0.100209,
        "nauc_map_at_3_diff1": 0.192495,
        "nauc_map_at_5_max": 0.14494,
        "nauc_map_at_5_std": 0.110996,
        "nauc_map_at_5_diff1": 0.197469,
        "nauc_map_at_10_max": 0.146338,
        "nauc_map_at_10_std": 0.113922,
        "nauc_map_at_10_diff1": 0.180714,
        "nauc_map_at_20_max": 0.140554,
        "nauc_map_at_20_std": 0.121843,
        "nauc_map_at_20_diff1": 0.177457,
        "nauc_map_at_100_max": 0.156319,
        "nauc_map_at_100_std": 0.109744,
        "nauc_map_at_100_diff1": 0.168102,
        "nauc_map_at_1000_max": 0.17097,
        "nauc_map_at_1000_std": 0.096706,
        "nauc_map_at_1000_diff1": 0.15219,
        "nauc_recall_at_1_max": 0.182907,
        "nauc_recall_at_1_std": -0.01388,
        "nauc_recall_at_1_diff1": 0.144615,
        "nauc_recall_at_3_max": 0.203502,
        "nauc_recall_at_3_std": 0.111567,
        "nauc_recall_at_3_diff1": 0.177873,
        "nauc_recall_at_5_max": 0.079883,
        "nauc_recall_at_5_std": 0.147052,
        "nauc_recall_at_5_diff1": 0.21506,
        "nauc_recall_at_10_max": 0.058109,
        "nauc_recall_at_10_std": 0.120169,
        "nauc_recall_at_10_diff1": 0.17045,
        "nauc_recall_at_20_max": 0.074473,
        "nauc_recall_at_20_std": 0.125926,
        "nauc_recall_at_20_diff1": 0.137006,
        "nauc_recall_at_100_max": 0.122932,
        "nauc_recall_at_100_std": 0.042209,
        "nauc_recall_at_100_diff1": 0.073727,
        "nauc_recall_at_1000_max": 0.165775,
        "nauc_recall_at_1000_std": -0.102945,
        "nauc_recall_at_1000_diff1": -0.019832,
        "nauc_precision_at_1_max": 0.336018,
        "nauc_precision_at_1_std": 0.076011,
        "nauc_precision_at_1_diff1": 0.143169,
        "nauc_precision_at_3_max": 0.359419,
        "nauc_precision_at_3_std": 0.131449,
        "nauc_precision_at_3_diff1": 0.162253,
        "nauc_precision_at_5_max": 0.350586,
        "nauc_precision_at_5_std": 0.078606,
        "nauc_precision_at_5_diff1": 0.126031,
        "nauc_precision_at_10_max": 0.286714,
        "nauc_precision_at_10_std": 0.08416,
        "nauc_precision_at_10_diff1": 0.03634,
        "nauc_precision_at_20_max": 0.232259,
        "nauc_precision_at_20_std": 0.104913,
        "nauc_precision_at_20_diff1": -0.002109,
        "nauc_precision_at_100_max": 0.226356,
        "nauc_precision_at_100_std": -0.007282,
        "nauc_precision_at_100_diff1": -0.02687,
        "nauc_precision_at_1000_max": 0.118373,
        "nauc_precision_at_1000_std": 0.05476,
        "nauc_precision_at_1000_diff1": 0.001975,
        "nauc_mrr_at_1_max": 0.336018,
        "nauc_mrr_at_1_std": 0.076011,
        "nauc_mrr_at_1_diff1": 0.143169,
        "nauc_mrr_at_3_max": 0.307881,
        "nauc_mrr_at_3_std": 0.092585,
        "nauc_mrr_at_3_diff1": 0.130881,
        "nauc_mrr_at_5_max": 0.299284,
        "nauc_mrr_at_5_std": 0.090516,
        "nauc_mrr_at_5_diff1": 0.128541,
        "nauc_mrr_at_10_max": 0.282958,
        "nauc_mrr_at_10_std": 0.075326,
        "nauc_mrr_at_10_diff1": 0.107014,
        "nauc_mrr_at_20_max": 0.278573,
        "nauc_mrr_at_20_std": 0.076772,
        "nauc_mrr_at_20_diff1": 0.095489,
        "nauc_mrr_at_100_max": 0.278988,
        "nauc_mrr_at_100_std": 0.072428,
        "nauc_mrr_at_100_diff1": 0.096169,
        "nauc_mrr_at_1000_max": 0.279514,
        "nauc_mrr_at_1000_std": 0.073438,
        "nauc_mrr_at_1000_diff1": 0.097426,
        "main_score": 0.06097,
        "hf_subset": "default",
        "languages": [
          "eng-Latn"
        ]
      }
    ]
  },
  "evaluation_time": 31.956530809402466,
  "kg_co2_emissions": null
}