{
  "map_at_10": 0.00217,
  "mrr_at_10": 0.2391904761904762,
  "ndcg_at_10": 0.12809,
  "recall_at_10": 0.00333,
  "recall_at_100": 0.01824
}
