{
  "map_at_10": 0.00152,
  "mrr_at_10": 0.17795238095238097,
  "ndcg_at_10": 0.10051,
  "recall_at_10": 0.00273,
  "recall_at_100": 0.01525
}
