{
  "map_at_10": 0.00239,
  "mrr_at_10": 0.24635714285714286,
  "ndcg_at_10": 0.13931,
  "recall_at_10": 0.00352,
  "recall_at_100": 0.02
}
