{
  "map_at_10": 0.00248,
  "mrr_at_10": 0.27935714285714286,
  "ndcg_at_10": 0.15288,
  "recall_at_10": 0.00377,
  "recall_at_100": 0.02125
}
