{
  "map_at_10": 0.00893,
  "mrr_at_10": 0.7061904761904763,
  "ndcg_at_10": 0.42828,
  "recall_at_10": 0.01156,
  "recall_at_100": 0.06664
}
