{
  "map_at_10": 0.00304,
  "mrr_at_10": 0.33435714285714285,
  "ndcg_at_10": 0.18381,
  "recall_at_10": 0.00442,
  "recall_at_100": 0.02402
}
