{
  "map_at_10": 0.00196,
  "mrr_at_10": 0.20893650793650795,
  "ndcg_at_10": 0.11739,
  "recall_at_10": 0.00307,
  "recall_at_100": 0.01725
}
