{
  "map_at_10": 0.0049,
  "mrr_at_10": 0.4787222222222222,
  "ndcg_at_10": 0.26419,
  "recall_at_10": 0.0063,
  "recall_at_100": 0.03441
}
