{
  "map_at_10": 0.00177,
  "mrr_at_10": 0.18721428571428575,
  "ndcg_at_10": 0.10894,
  "recall_at_10": 0.00298,
  "recall_at_100": 0.01644
}
