{
  "map_at_10": 0.00376,
  "mrr_at_10": 0.4111904761904761,
  "ndcg_at_10": 0.22111,
  "recall_at_10": 0.00518,
  "recall_at_100": 0.02741
}
