{
  "dataset_revision": "a34f9a33db75fa0cbb21bb5cfc3dae8dc8bec93f",
  "task_name": "Touche2020",
  "mteb_version": "1.39.7",
  "scores": {
    "test": [
      {
        "ndcg_at_1": 0.13265,
        "ndcg_at_3": 0.18194,
        "ndcg_at_5": 0.19324,
        "ndcg_at_10": 0.19729,
        "ndcg_at_20": 0.21664,
        "ndcg_at_100": 0.31896,
        "ndcg_at_1000": 0.41891,
        "map_at_1": 0.01119,
        "map_at_3": 0.03327,
        "map_at_5": 0.05158,
        "map_at_10": 0.07949,
        "map_at_20": 0.10121,
        "map_at_100": 0.13433,
        "map_at_1000": 0.14727,
        "recall_at_1": 0.01119,
        "recall_at_3": 0.04823,
        "recall_at_5": 0.086,
        "recall_at_10": 0.14672,
        "recall_at_20": 0.22168,
        "recall_at_100": 0.44338,
        "recall_at_1000": 0.74407,
        "precision_at_1": 0.14286,
        "precision_at_3": 0.21088,
        "precision_at_5": 0.22449,
        "precision_at_10": 0.19388,
        "precision_at_20": 0.15816,
        "precision_at_100": 0.07184,
        "precision_at_1000": 0.01384,
        "mrr_at_1": 0.142857,
        "mrr_at_3": 0.292517,
        "mrr_at_5": 0.322109,
        "mrr_at_10": 0.335714,
        "mrr_at_20": 0.341886,
        "mrr_at_100": 0.348438,
        "mrr_at_1000": 0.348438,
        "nauc_ndcg_at_1_max": -0.15635,
        "nauc_ndcg_at_1_std": -0.080358,
        "nauc_ndcg_at_1_diff1": 0.041335,
        "nauc_ndcg_at_3_max": -0.214565,
        "nauc_ndcg_at_3_std": -0.1263,
        "nauc_ndcg_at_3_diff1": 0.203984,
        "nauc_ndcg_at_5_max": -0.269727,
        "nauc_ndcg_at_5_std": -0.114061,
        "nauc_ndcg_at_5_diff1": 0.076208,
        "nauc_ndcg_at_10_max": -0.238778,
        "nauc_ndcg_at_10_std": -0.146963,
        "nauc_ndcg_at_10_diff1": 0.051607,
        "nauc_ndcg_at_20_max": -0.283382,
        "nauc_ndcg_at_20_std": -0.144534,
        "nauc_ndcg_at_20_diff1": -0.012974,
        "nauc_ndcg_at_100_max": -0.237883,
        "nauc_ndcg_at_100_std": 0.083777,
        "nauc_ndcg_at_100_diff1": -0.047648,
        "nauc_ndcg_at_1000_max": -0.15747,
        "nauc_ndcg_at_1000_std": 0.233202,
        "nauc_ndcg_at_1000_diff1": -0.101271,
        "nauc_map_at_1_max": -0.144153,
        "nauc_map_at_1_std": -0.24366,
        "nauc_map_at_1_diff1": 0.005103,
        "nauc_map_at_3_max": -0.159601,
        "nauc_map_at_3_std": -0.279835,
        "nauc_map_at_3_diff1": 0.105945,
        "nauc_map_at_5_max": -0.172052,
        "nauc_map_at_5_std": -0.259169,
        "nauc_map_at_5_diff1": 0.041302,
        "nauc_map_at_10_max": -0.153256,
        "nauc_map_at_10_std": -0.280797,
        "nauc_map_at_10_diff1": 0.036558,
        "nauc_map_at_20_max": -0.186499,
        "nauc_map_at_20_std": -0.23913,
        "nauc_map_at_20_diff1": 0.006251,
        "nauc_map_at_100_max": -0.17683,
        "nauc_map_at_100_std": -0.10861,
        "nauc_map_at_100_diff1": -0.000865,
        "nauc_map_at_1000_max": -0.174638,
        "nauc_map_at_1000_std": -0.069069,
        "nauc_map_at_1000_diff1": -0.017658,
        "nauc_recall_at_1_max": -0.144153,
        "nauc_recall_at_1_std": -0.24366,
        "nauc_recall_at_1_diff1": 0.005103,
        "nauc_recall_at_3_max": -0.212723,
        "nauc_recall_at_3_std": -0.290029,
        "nauc_recall_at_3_diff1": 0.160819,
        "nauc_recall_at_5_max": -0.25766,
        "nauc_recall_at_5_std": -0.267541,
        "nauc_recall_at_5_diff1": 0.019693,
        "nauc_recall_at_10_max": -0.243482,
        "nauc_recall_at_10_std": -0.253954,
        "nauc_recall_at_10_diff1": -0.005923,
        "nauc_recall_at_20_max": -0.296425,
        "nauc_recall_at_20_std": -0.171633,
        "nauc_recall_at_20_diff1": -0.067142,
        "nauc_recall_at_100_max": -0.246352,
        "nauc_recall_at_100_std": 0.182755,
        "nauc_recall_at_100_diff1": -0.125601,
        "nauc_recall_at_1000_max": -0.002956,
        "nauc_recall_at_1000_std": 0.617917,
        "nauc_recall_at_1000_diff1": -0.32146,
        "nauc_precision_at_1_max": -0.140465,
        "nauc_precision_at_1_std": -0.109636,
        "nauc_precision_at_1_diff1": 0.064721,
        "nauc_precision_at_3_max": -0.224217,
        "nauc_precision_at_3_std": -0.156564,
        "nauc_precision_at_3_diff1": 0.258253,
        "nauc_precision_at_5_max": -0.283837,
        "nauc_precision_at_5_std": -0.110778,
        "nauc_precision_at_5_diff1": 0.016298,
        "nauc_precision_at_10_max": -0.218823,
        "nauc_precision_at_10_std": -0.080533,
        "nauc_precision_at_10_diff1": 0.007429,
        "nauc_precision_at_20_max": -0.240123,
        "nauc_precision_at_20_std": 0.064611,
        "nauc_precision_at_20_diff1": -0.056488,
        "nauc_precision_at_100_max": -0.035899,
        "nauc_precision_at_100_std": 0.563108,
        "nauc_precision_at_100_diff1": -0.099756,
        "nauc_precision_at_1000_max": 0.393766,
        "nauc_precision_at_1000_std": 0.565986,
        "nauc_precision_at_1000_diff1": -0.095413,
        "nauc_mrr_at_1_max": -0.140465,
        "nauc_mrr_at_1_std": -0.109636,
        "nauc_mrr_at_1_diff1": 0.064721,
        "nauc_mrr_at_3_max": -0.259474,
        "nauc_mrr_at_3_std": -0.161924,
        "nauc_mrr_at_3_diff1": 0.200136,
        "nauc_mrr_at_5_max": -0.34187,
        "nauc_mrr_at_5_std": -0.175934,
        "nauc_mrr_at_5_diff1": 0.128013,
        "nauc_mrr_at_10_max": -0.317715,
        "nauc_mrr_at_10_std": -0.116392,
        "nauc_mrr_at_10_diff1": 0.113732,
        "nauc_mrr_at_20_max": -0.315913,
        "nauc_mrr_at_20_std": -0.109483,
        "nauc_mrr_at_20_diff1": 0.103749,
        "nauc_mrr_at_100_max": -0.311964,
        "nauc_mrr_at_100_std": -0.116897,
        "nauc_mrr_at_100_diff1": 0.108623,
        "nauc_mrr_at_1000_max": -0.311964,
        "nauc_mrr_at_1000_std": -0.116897,
        "nauc_mrr_at_1000_diff1": 0.108623,
        "main_score": 0.19729,
        "hf_subset": "default",
        "languages": [
          "eng-Latn"
        ]
      }
    ]
  },
  "evaluation_time": 2181.8950843811035,
  "kg_co2_emissions": null
}