{
  "dataset_revision": "a34f9a33db75fa0cbb21bb5cfc3dae8dc8bec93f",
  "task_name": "Touche2020",
  "mteb_version": "1.39.7",
  "scores": {
    "test": [
      {
        "ndcg_at_1": 0.03061,
        "ndcg_at_3": 0.02884,
        "ndcg_at_5": 0.02769,
        "ndcg_at_10": 0.02985,
        "ndcg_at_20": 0.02844,
        "ndcg_at_100": 0.05582,
        "ndcg_at_1000": 0.11027,
        "map_at_1": 0.00254,
        "map_at_3": 0.00359,
        "map_at_5": 0.00448,
        "map_at_10": 0.00719,
        "map_at_20": 0.00828,
        "map_at_100": 0.01152,
        "map_at_1000": 0.01437,
        "recall_at_1": 0.00254,
        "recall_at_3": 0.0049,
        "recall_at_5": 0.00905,
        "recall_at_10": 0.01768,
        "recall_at_20": 0.02662,
        "recall_at_100": 0.0828,
        "recall_at_1000": 0.2446,
        "precision_at_1": 0.04082,
        "precision_at_3": 0.03401,
        "precision_at_5": 0.03265,
        "precision_at_10": 0.03265,
        "precision_at_20": 0.02347,
        "precision_at_100": 0.01551,
        "precision_at_1000": 0.00502,
        "mrr_at_1": 0.040816,
        "mrr_at_3": 0.068027,
        "mrr_at_5": 0.081293,
        "mrr_at_10": 0.084694,
        "mrr_at_20": 0.089719,
        "mrr_at_100": 0.098974,
        "mrr_at_1000": 0.099628,
        "nauc_ndcg_at_1_max": 0.774363,
        "nauc_ndcg_at_1_std": -0.239835,
        "nauc_ndcg_at_1_diff1": 0.245325,
        "nauc_ndcg_at_3_max": 0.446392,
        "nauc_ndcg_at_3_std": 0.165807,
        "nauc_ndcg_at_3_diff1": -0.046576,
        "nauc_ndcg_at_5_max": 0.487487,
        "nauc_ndcg_at_5_std": 0.200251,
        "nauc_ndcg_at_5_diff1": 0.071042,
        "nauc_ndcg_at_10_max": 0.477949,
        "nauc_ndcg_at_10_std": 0.107486,
        "nauc_ndcg_at_10_diff1": 0.132608,
        "nauc_ndcg_at_20_max": 0.393363,
        "nauc_ndcg_at_20_std": 0.237899,
        "nauc_ndcg_at_20_diff1": 0.287418,
        "nauc_ndcg_at_100_max": 0.325142,
        "nauc_ndcg_at_100_std": 0.35915,
        "nauc_ndcg_at_100_diff1": 0.266625,
        "nauc_ndcg_at_1000_max": 0.366428,
        "nauc_ndcg_at_1000_std": 0.426726,
        "nauc_ndcg_at_1000_diff1": 0.115972,
        "nauc_map_at_1_max": 0.581908,
        "nauc_map_at_1_std": -0.168162,
        "nauc_map_at_1_diff1": -0.109687,
        "nauc_map_at_3_max": 0.446779,
        "nauc_map_at_3_std": 0.032704,
        "nauc_map_at_3_diff1": -0.156249,
        "nauc_map_at_5_max": 0.49988,
        "nauc_map_at_5_std": 0.102704,
        "nauc_map_at_5_diff1": -0.010612,
        "nauc_map_at_10_max": 0.495452,
        "nauc_map_at_10_std": 0.024121,
        "nauc_map_at_10_diff1": 0.067285,
        "nauc_map_at_20_max": 0.449229,
        "nauc_map_at_20_std": 0.081698,
        "nauc_map_at_20_diff1": 0.1263,
        "nauc_map_at_100_max": 0.396505,
        "nauc_map_at_100_std": 0.190645,
        "nauc_map_at_100_diff1": 0.19348,
        "nauc_map_at_1000_max": 0.388321,
        "nauc_map_at_1000_std": 0.238244,
        "nauc_map_at_1000_diff1": 0.161124,
        "nauc_recall_at_1_max": 0.581908,
        "nauc_recall_at_1_std": -0.168162,
        "nauc_recall_at_1_diff1": -0.109687,
        "nauc_recall_at_3_max": 0.357969,
        "nauc_recall_at_3_std": 0.14043,
        "nauc_recall_at_3_diff1": -0.154806,
        "nauc_recall_at_5_max": 0.479645,
        "nauc_recall_at_5_std": 0.270905,
        "nauc_recall_at_5_diff1": 0.19521,
        "nauc_recall_at_10_max": 0.447444,
        "nauc_recall_at_10_std": 0.166416,
        "nauc_recall_at_10_diff1": 0.239047,
        "nauc_recall_at_20_max": 0.301339,
        "nauc_recall_at_20_std": 0.324484,
        "nauc_recall_at_20_diff1": 0.393482,
        "nauc_recall_at_100_max": 0.225117,
        "nauc_recall_at_100_std": 0.454746,
        "nauc_recall_at_100_diff1": 0.297625,
        "nauc_recall_at_1000_max": 0.296968,
        "nauc_recall_at_1000_std": 0.505557,
        "nauc_recall_at_1000_diff1": 0.089408,
        "nauc_precision_at_1_max": 0.661545,
        "nauc_precision_at_1_std": -0.19782,
        "nauc_precision_at_1_diff1": 0.037214,
        "nauc_precision_at_3_max": 0.334371,
        "nauc_precision_at_3_std": 0.20498,
        "nauc_precision_at_3_diff1": -0.107217,
        "nauc_precision_at_5_max": 0.475048,
        "nauc_precision_at_5_std": 0.24324,
        "nauc_precision_at_5_diff1": 0.114765,
        "nauc_precision_at_10_max": 0.441538,
        "nauc_precision_at_10_std": 0.097442,
        "nauc_precision_at_10_diff1": 0.160314,
        "nauc_precision_at_20_max": 0.32644,
        "nauc_precision_at_20_std": 0.216304,
        "nauc_precision_at_20_diff1": 0.282314,
        "nauc_precision_at_100_max": 0.313091,
        "nauc_precision_at_100_std": 0.353484,
        "nauc_precision_at_100_diff1": 0.112303,
        "nauc_precision_at_1000_max": 0.41179,
        "nauc_precision_at_1000_std": 0.36298,
        "nauc_precision_at_1000_diff1": -0.150267,
        "nauc_mrr_at_1_max": 0.661545,
        "nauc_mrr_at_1_std": -0.19782,
        "nauc_mrr_at_1_diff1": 0.037214,
        "nauc_mrr_at_3_max": 0.444369,
        "nauc_mrr_at_3_std": 0.089517,
        "nauc_mrr_at_3_diff1": -0.085403,
        "nauc_mrr_at_5_max": 0.494366,
        "nauc_mrr_at_5_std": 0.116405,
        "nauc_mrr_at_5_diff1": 0.004234,
        "nauc_mrr_at_10_max": 0.477207,
        "nauc_mrr_at_10_std": 0.126993,
        "nauc_mrr_at_10_diff1": 0.008307,
        "nauc_mrr_at_20_max": 0.454416,
        "nauc_mrr_at_20_std": 0.14889,
        "nauc_mrr_at_20_diff1": 0.036522,
        "nauc_mrr_at_100_max": 0.469059,
        "nauc_mrr_at_100_std": 0.137727,
        "nauc_mrr_at_100_diff1": 0.013602,
        "nauc_mrr_at_1000_max": 0.468064,
        "nauc_mrr_at_1000_std": 0.138378,
        "nauc_mrr_at_1000_diff1": 0.013628,
        "main_score": 0.02985,
        "hf_subset": "default",
        "languages": [
          "eng-Latn"
        ]
      }
    ]
  },
  "evaluation_time": 3784.2463793754578,
  "kg_co2_emissions": null
}