{
  "dataset_revision": "ec0fa4fe99da2ff19ca1214b7966684033a58814",
  "task_name": "NFCorpus",
  "mteb_version": "1.39.7",
  "scores": {
    "test": [
      {
        "ndcg_at_1": 0.01238,
        "ndcg_at_3": 0.01559,
        "ndcg_at_5": 0.01556,
        "ndcg_at_10": 0.01331,
        "ndcg_at_20": 0.0138,
        "ndcg_at_100": 0.02092,
        "ndcg_at_1000": 0.09559,
        "map_at_1": 0.00015,
        "map_at_3": 0.00054,
        "map_at_5": 0.00074,
        "map_at_10": 0.00102,
        "map_at_20": 0.00131,
        "map_at_100": 0.00206,
        "map_at_1000": 0.00518,
        "recall_at_1": 0.00015,
        "recall_at_3": 0.00091,
        "recall_at_5": 0.00181,
        "recall_at_10": 0.00367,
        "recall_at_20": 0.00776,
        "recall_at_100": 0.03258,
        "recall_at_1000": 0.29171,
        "precision_at_1": 0.01238,
        "precision_at_3": 0.01651,
        "precision_at_5": 0.0161,
        "precision_at_10": 0.01238,
        "precision_at_20": 0.01192,
        "precision_at_100": 0.01019,
        "precision_at_1000": 0.01049,
        "mrr_at_1": 0.012384,
        "mrr_at_3": 0.026832,
        "mrr_at_5": 0.031631,
        "mrr_at_10": 0.036837,
        "mrr_at_20": 0.042453,
        "mrr_at_100": 0.04856,
        "mrr_at_1000": 0.050329,
        "nauc_ndcg_at_1_max": 0.078413,
        "nauc_ndcg_at_1_std": 0.444391,
        "nauc_ndcg_at_1_diff1": -0.038764,
        "nauc_ndcg_at_3_max": 0.08721,
        "nauc_ndcg_at_3_std": 0.324587,
        "nauc_ndcg_at_3_diff1": -0.07555,
        "nauc_ndcg_at_5_max": 0.119428,
        "nauc_ndcg_at_5_std": 0.214348,
        "nauc_ndcg_at_5_diff1": -0.064461,
        "nauc_ndcg_at_10_max": 0.104116,
        "nauc_ndcg_at_10_std": 0.168398,
        "nauc_ndcg_at_10_diff1": -0.043005,
        "nauc_ndcg_at_20_max": 0.073934,
        "nauc_ndcg_at_20_std": 0.094577,
        "nauc_ndcg_at_20_diff1": -0.100836,
        "nauc_ndcg_at_100_max": 0.051259,
        "nauc_ndcg_at_100_std": 0.004573,
        "nauc_ndcg_at_100_diff1": -0.038325,
        "nauc_ndcg_at_1000_max": 0.039894,
        "nauc_ndcg_at_1000_std": -0.032369,
        "nauc_ndcg_at_1000_diff1": -0.006548,
        "nauc_map_at_1_max": -0.123754,
        "nauc_map_at_1_std": 0.364807,
        "nauc_map_at_1_diff1": -0.317164,
        "nauc_map_at_3_max": -0.131459,
        "nauc_map_at_3_std": 0.197552,
        "nauc_map_at_3_diff1": -0.19356,
        "nauc_map_at_5_max": -0.128299,
        "nauc_map_at_5_std": 0.115247,
        "nauc_map_at_5_diff1": -0.223622,
        "nauc_map_at_10_max": -0.105694,
        "nauc_map_at_10_std": 0.082666,
        "nauc_map_at_10_diff1": -0.113298,
        "nauc_map_at_20_max": -0.090302,
        "nauc_map_at_20_std": 0.032113,
        "nauc_map_at_20_diff1": -0.153999,
        "nauc_map_at_100_max": -0.024606,
        "nauc_map_at_100_std": -0.011966,
        "nauc_map_at_100_diff1": -0.094855,
        "nauc_map_at_1000_max": 0.016076,
        "nauc_map_at_1000_std": 0.006638,
        "nauc_map_at_1000_diff1": -0.068352,
        "nauc_recall_at_1_max": -0.123754,
        "nauc_recall_at_1_std": 0.364807,
        "nauc_recall_at_1_diff1": -0.317164,
        "nauc_recall_at_3_max": -0.128706,
        "nauc_recall_at_3_std": 0.159861,
        "nauc_recall_at_3_diff1": -0.152054,
        "nauc_recall_at_5_max": -0.142562,
        "nauc_recall_at_5_std": 0.017564,
        "nauc_recall_at_5_diff1": -0.263142,
        "nauc_recall_at_10_max": -0.073991,
        "nauc_recall_at_10_std": -0.040645,
        "nauc_recall_at_10_diff1": -0.018551,
        "nauc_recall_at_20_max": -0.047472,
        "nauc_recall_at_20_std": -0.104785,
        "nauc_recall_at_20_diff1": -0.170067,
        "nauc_recall_at_100_max": 0.066825,
        "nauc_recall_at_100_std": -0.097597,
        "nauc_recall_at_100_diff1": -0.009508,
        "nauc_recall_at_1000_max": 0.074057,
        "nauc_recall_at_1000_std": -0.011723,
        "nauc_recall_at_1000_diff1": -0.038173,
        "nauc_precision_at_1_max": 0.078413,
        "nauc_precision_at_1_std": 0.444391,
        "nauc_precision_at_1_diff1": -0.038764,
        "nauc_precision_at_3_max": 0.084807,
        "nauc_precision_at_3_std": 0.302659,
        "nauc_precision_at_3_diff1": -0.09495,
        "nauc_precision_at_5_max": 0.127073,
        "nauc_precision_at_5_std": 0.154295,
        "nauc_precision_at_5_diff1": -0.07669,
        "nauc_precision_at_10_max": 0.111185,
        "nauc_precision_at_10_std": 0.113337,
        "nauc_precision_at_10_diff1": -0.037746,
        "nauc_precision_at_20_max": 0.090879,
        "nauc_precision_at_20_std": 0.046071,
        "nauc_precision_at_20_diff1": -0.108528,
        "nauc_precision_at_100_max": 0.088926,
        "nauc_precision_at_100_std": 0.046429,
        "nauc_precision_at_100_diff1": -0.022628,
        "nauc_precision_at_1000_max": 0.061786,
        "nauc_precision_at_1000_std": 0.038966,
        "nauc_precision_at_1000_diff1": -0.011912,
        "nauc_mrr_at_1_max": 0.078413,
        "nauc_mrr_at_1_std": 0.444391,
        "nauc_mrr_at_1_diff1": -0.038764,
        "nauc_mrr_at_3_max": 0.037425,
        "nauc_mrr_at_3_std": 0.294295,
        "nauc_mrr_at_3_diff1": -0.062516,
        "nauc_mrr_at_5_max": 0.042612,
        "nauc_mrr_at_5_std": 0.222046,
        "nauc_mrr_at_5_diff1": -0.065031,
        "nauc_mrr_at_10_max": 0.062571,
        "nauc_mrr_at_10_std": 0.161974,
        "nauc_mrr_at_10_diff1": -0.058126,
        "nauc_mrr_at_20_max": 0.062684,
        "nauc_mrr_at_20_std": 0.139168,
        "nauc_mrr_at_20_diff1": -0.069256,
        "nauc_mrr_at_100_max": 0.056748,
        "nauc_mrr_at_100_std": 0.136018,
        "nauc_mrr_at_100_diff1": -0.050145,
        "nauc_mrr_at_1000_max": 0.056529,
        "nauc_mrr_at_1000_std": 0.135034,
        "nauc_mrr_at_1000_diff1": -0.053725,
        "main_score": 0.01331,
        "hf_subset": "default",
        "languages": [
          "eng-Latn"
        ]
      }
    ]
  },
  "evaluation_time": 41.96265530586243,
  "kg_co2_emissions": null
}