{
  "dataset_revision": "27a168819829fe9bcd655c2df245fb19452e8e06",
  "task_name": "FiQA2018",
  "mteb_version": "1.39.7",
  "scores": {
    "test": [
      {
        "ndcg_at_1": 0.23611,
        "ndcg_at_3": 0.22193,
        "ndcg_at_5": 0.22917,
        "ndcg_at_10": 0.25157,
        "ndcg_at_20": 0.26995,
        "ndcg_at_100": 0.31076,
        "ndcg_at_1000": 0.34928,
        "map_at_1": 0.11363,
        "map_at_3": 0.16444,
        "map_at_5": 0.17716,
        "map_at_10": 0.19117,
        "map_at_20": 0.19749,
        "map_at_100": 0.20427,
        "map_at_1000": 0.2062,
        "recall_at_1": 0.11363,
        "recall_at_3": 0.20474,
        "recall_at_5": 0.24229,
        "recall_at_10": 0.30765,
        "recall_at_20": 0.36386,
        "recall_at_100": 0.53801,
        "recall_at_1000": 0.77656,
        "precision_at_1": 0.23611,
        "precision_at_3": 0.15072,
        "precision_at_5": 0.11019,
        "precision_at_10": 0.07346,
        "precision_at_20": 0.04444,
        "precision_at_100": 0.01346,
        "precision_at_1000": 0.00199,
        "mrr_at_1": 0.236111,
        "mrr_at_3": 0.291409,
        "mrr_at_5": 0.302829,
        "mrr_at_10": 0.31406,
        "mrr_at_20": 0.318501,
        "mrr_at_100": 0.322877,
        "mrr_at_1000": 0.323611,
        "nauc_ndcg_at_1_max": 0.252991,
        "nauc_ndcg_at_1_std": -0.003792,
        "nauc_ndcg_at_1_diff1": 0.351348,
        "nauc_ndcg_at_3_max": 0.215681,
        "nauc_ndcg_at_3_std": -0.040103,
        "nauc_ndcg_at_3_diff1": 0.344849,
        "nauc_ndcg_at_5_max": 0.200515,
        "nauc_ndcg_at_5_std": -0.043414,
        "nauc_ndcg_at_5_diff1": 0.344953,
        "nauc_ndcg_at_10_max": 0.19714,
        "nauc_ndcg_at_10_std": -0.031377,
        "nauc_ndcg_at_10_diff1": 0.333237,
        "nauc_ndcg_at_20_max": 0.198698,
        "nauc_ndcg_at_20_std": -0.00941,
        "nauc_ndcg_at_20_diff1": 0.327298,
        "nauc_ndcg_at_100_max": 0.219566,
        "nauc_ndcg_at_100_std": 0.02682,
        "nauc_ndcg_at_100_diff1": 0.324196,
        "nauc_ndcg_at_1000_max": 0.239318,
        "nauc_ndcg_at_1000_std": 0.04897,
        "nauc_ndcg_at_1000_diff1": 0.317273,
        "nauc_map_at_1_max": 0.172899,
        "nauc_map_at_1_std": -0.060142,
        "nauc_map_at_1_diff1": 0.396172,
        "nauc_map_at_3_max": 0.176126,
        "nauc_map_at_3_std": -0.063238,
        "nauc_map_at_3_diff1": 0.378232,
        "nauc_map_at_5_max": 0.183739,
        "nauc_map_at_5_std": -0.057392,
        "nauc_map_at_5_diff1": 0.369471,
        "nauc_map_at_10_max": 0.18784,
        "nauc_map_at_10_std": -0.050057,
        "nauc_map_at_10_diff1": 0.360024,
        "nauc_map_at_20_max": 0.188625,
        "nauc_map_at_20_std": -0.040871,
        "nauc_map_at_20_diff1": 0.356647,
        "nauc_map_at_100_max": 0.193931,
        "nauc_map_at_100_std": -0.033122,
        "nauc_map_at_100_diff1": 0.356959,
        "nauc_map_at_1000_max": 0.195185,
        "nauc_map_at_1000_std": -0.031189,
        "nauc_map_at_1000_diff1": 0.356241,
        "nauc_recall_at_1_max": 0.172899,
        "nauc_recall_at_1_std": -0.060142,
        "nauc_recall_at_1_diff1": 0.396172,
        "nauc_recall_at_3_max": 0.14276,
        "nauc_recall_at_3_std": -0.058971,
        "nauc_recall_at_3_diff1": 0.331815,
        "nauc_recall_at_5_max": 0.140616,
        "nauc_recall_at_5_std": -0.06015,
        "nauc_recall_at_5_diff1": 0.31658,
        "nauc_recall_at_10_max": 0.139926,
        "nauc_recall_at_10_std": -0.03448,
        "nauc_recall_at_10_diff1": 0.267145,
        "nauc_recall_at_20_max": 0.138342,
        "nauc_recall_at_20_std": 0.024468,
        "nauc_recall_at_20_diff1": 0.247108,
        "nauc_recall_at_100_max": 0.173587,
        "nauc_recall_at_100_std": 0.158665,
        "nauc_recall_at_100_diff1": 0.197556,
        "nauc_recall_at_1000_max": 0.277716,
        "nauc_recall_at_1000_std": 0.382055,
        "nauc_recall_at_1000_diff1": 0.120739,
        "nauc_precision_at_1_max": 0.252991,
        "nauc_precision_at_1_std": -0.003792,
        "nauc_precision_at_1_diff1": 0.351348,
        "nauc_precision_at_3_max": 0.254998,
        "nauc_precision_at_3_std": -0.015759,
        "nauc_precision_at_3_diff1": 0.299491,
        "nauc_precision_at_5_max": 0.255415,
        "nauc_precision_at_5_std": 0.002649,
        "nauc_precision_at_5_diff1": 0.255173,
        "nauc_precision_at_10_max": 0.251881,
        "nauc_precision_at_10_std": 0.056631,
        "nauc_precision_at_10_diff1": 0.197137,
        "nauc_precision_at_20_max": 0.248096,
        "nauc_precision_at_20_std": 0.116176,
        "nauc_precision_at_20_diff1": 0.156321,
        "nauc_precision_at_100_max": 0.291136,
        "nauc_precision_at_100_std": 0.201167,
        "nauc_precision_at_100_diff1": 0.100192,
        "nauc_precision_at_1000_max": 0.317377,
        "nauc_precision_at_1000_std": 0.251807,
        "nauc_precision_at_1000_diff1": 0.006878,
        "nauc_mrr_at_1_max": 0.252991,
        "nauc_mrr_at_1_std": -0.003792,
        "nauc_mrr_at_1_diff1": 0.351348,
        "nauc_mrr_at_3_max": 0.241853,
        "nauc_mrr_at_3_std": -0.008375,
        "nauc_mrr_at_3_diff1": 0.331603,
        "nauc_mrr_at_5_max": 0.235351,
        "nauc_mrr_at_5_std": -0.015764,
        "nauc_mrr_at_5_diff1": 0.327539,
        "nauc_mrr_at_10_max": 0.238389,
        "nauc_mrr_at_10_std": -0.006606,
        "nauc_mrr_at_10_diff1": 0.317142,
        "nauc_mrr_at_20_max": 0.240227,
        "nauc_mrr_at_20_std": -0.002652,
        "nauc_mrr_at_20_diff1": 0.317187,
        "nauc_mrr_at_100_max": 0.240771,
        "nauc_mrr_at_100_std": -0.000469,
        "nauc_mrr_at_100_diff1": 0.317344,
        "nauc_mrr_at_1000_max": 0.240928,
        "nauc_mrr_at_1000_std": -0.0005,
        "nauc_mrr_at_1000_diff1": 0.317404,
        "main_score": 0.25157,
        "hf_subset": "default",
        "languages": [
          "eng-Latn"
        ]
      }
    ]
  },
  "evaluation_time": 276.84356236457825,
  "kg_co2_emissions": null
}