{
  "dataset_revision": "a34f9a33db75fa0cbb21bb5cfc3dae8dc8bec93f",
  "task_name": "Touche2020",
  "mteb_version": "1.39.7",
  "scores": {
    "test": [
      {
        "ndcg_at_1": 0.05102,
        "ndcg_at_3": 0.02999,
        "ndcg_at_5": 0.03567,
        "ndcg_at_10": 0.03533,
        "ndcg_at_20": 0.03856,
        "ndcg_at_100": 0.06405,
        "ndcg_at_1000": 0.12061,
        "map_at_1": 0.00333,
        "map_at_3": 0.00372,
        "map_at_5": 0.00525,
        "map_at_10": 0.00811,
        "map_at_20": 0.01029,
        "map_at_100": 0.0139,
        "map_at_1000": 0.01714,
        "recall_at_1": 0.00333,
        "recall_at_3": 0.00411,
        "recall_at_5": 0.00929,
        "recall_at_10": 0.02032,
        "recall_at_20": 0.03678,
        "recall_at_100": 0.09159,
        "recall_at_1000": 0.25823,
        "precision_at_1": 0.06122,
        "precision_at_3": 0.02721,
        "precision_at_5": 0.03673,
        "precision_at_10": 0.03673,
        "precision_at_20": 0.03163,
        "precision_at_100": 0.01714,
        "precision_at_1000": 0.00531,
        "mrr_at_1": 0.061224,
        "mrr_at_3": 0.071429,
        "mrr_at_5": 0.085714,
        "mrr_at_10": 0.097473,
        "mrr_at_20": 0.107514,
        "mrr_at_100": 0.113407,
        "mrr_at_1000": 0.114249,
        "nauc_ndcg_at_1_max": 0.390781,
        "nauc_ndcg_at_1_std": 0.302782,
        "nauc_ndcg_at_1_diff1": -0.035002,
        "nauc_ndcg_at_3_max": 0.37714,
        "nauc_ndcg_at_3_std": 0.306875,
        "nauc_ndcg_at_3_diff1": -0.00831,
        "nauc_ndcg_at_5_max": 0.31689,
        "nauc_ndcg_at_5_std": 0.127832,
        "nauc_ndcg_at_5_diff1": -0.035641,
        "nauc_ndcg_at_10_max": 0.332395,
        "nauc_ndcg_at_10_std": 0.204122,
        "nauc_ndcg_at_10_diff1": 0.164316,
        "nauc_ndcg_at_20_max": 0.259207,
        "nauc_ndcg_at_20_std": 0.311935,
        "nauc_ndcg_at_20_diff1": 0.293266,
        "nauc_ndcg_at_100_max": 0.237466,
        "nauc_ndcg_at_100_std": 0.398986,
        "nauc_ndcg_at_100_diff1": 0.221009,
        "nauc_ndcg_at_1000_max": 0.354708,
        "nauc_ndcg_at_1000_std": 0.447979,
        "nauc_ndcg_at_1000_diff1": 0.102872,
        "nauc_map_at_1_max": 0.321188,
        "nauc_map_at_1_std": 0.141566,
        "nauc_map_at_1_diff1": -0.098108,
        "nauc_map_at_3_max": 0.321389,
        "nauc_map_at_3_std": 0.160722,
        "nauc_map_at_3_diff1": -0.077471,
        "nauc_map_at_5_max": 0.318915,
        "nauc_map_at_5_std": 0.059314,
        "nauc_map_at_5_diff1": -0.053938,
        "nauc_map_at_10_max": 0.359497,
        "nauc_map_at_10_std": 0.131278,
        "nauc_map_at_10_diff1": 0.133453,
        "nauc_map_at_20_max": 0.314701,
        "nauc_map_at_20_std": 0.233134,
        "nauc_map_at_20_diff1": 0.244221,
        "nauc_map_at_100_max": 0.282072,
        "nauc_map_at_100_std": 0.286506,
        "nauc_map_at_100_diff1": 0.230398,
        "nauc_map_at_1000_max": 0.305317,
        "nauc_map_at_1000_std": 0.327752,
        "nauc_map_at_1000_diff1": 0.206929,
        "nauc_recall_at_1_max": 0.321188,
        "nauc_recall_at_1_std": 0.141566,
        "nauc_recall_at_1_diff1": -0.098108,
        "nauc_recall_at_3_max": 0.321551,
        "nauc_recall_at_3_std": 0.176221,
        "nauc_recall_at_3_diff1": -0.060774,
        "nauc_recall_at_5_max": 0.241978,
        "nauc_recall_at_5_std": -0.041315,
        "nauc_recall_at_5_diff1": -0.070725,
        "nauc_recall_at_10_max": 0.309138,
        "nauc_recall_at_10_std": 0.21729,
        "nauc_recall_at_10_diff1": 0.302025,
        "nauc_recall_at_20_max": 0.206066,
        "nauc_recall_at_20_std": 0.366977,
        "nauc_recall_at_20_diff1": 0.418559,
        "nauc_recall_at_100_max": 0.144867,
        "nauc_recall_at_100_std": 0.465042,
        "nauc_recall_at_100_diff1": 0.20696,
        "nauc_recall_at_1000_max": 0.342507,
        "nauc_recall_at_1000_std": 0.485579,
        "nauc_recall_at_1000_diff1": 0.044929,
        "nauc_precision_at_1_max": 0.341893,
        "nauc_precision_at_1_std": 0.240356,
        "nauc_precision_at_1_diff1": -0.083146,
        "nauc_precision_at_3_max": 0.337192,
        "nauc_precision_at_3_std": 0.26104,
        "nauc_precision_at_3_diff1": -0.037996,
        "nauc_precision_at_5_max": 0.273648,
        "nauc_precision_at_5_std": 0.019063,
        "nauc_precision_at_5_diff1": -0.056235,
        "nauc_precision_at_10_max": 0.31778,
        "nauc_precision_at_10_std": 0.16298,
        "nauc_precision_at_10_diff1": 0.211041,
        "nauc_precision_at_20_max": 0.221426,
        "nauc_precision_at_20_std": 0.28753,
        "nauc_precision_at_20_diff1": 0.29769,
        "nauc_precision_at_100_max": 0.214874,
        "nauc_precision_at_100_std": 0.392376,
        "nauc_precision_at_100_diff1": 0.070828,
        "nauc_precision_at_1000_max": 0.453461,
        "nauc_precision_at_1000_std": 0.364991,
        "nauc_precision_at_1000_diff1": -0.13775,
        "nauc_mrr_at_1_max": 0.341893,
        "nauc_mrr_at_1_std": 0.240356,
        "nauc_mrr_at_1_diff1": -0.083146,
        "nauc_mrr_at_3_max": 0.339207,
        "nauc_mrr_at_3_std": 0.252175,
        "nauc_mrr_at_3_diff1": -0.057346,
        "nauc_mrr_at_5_max": 0.27526,
        "nauc_mrr_at_5_std": 0.196204,
        "nauc_mrr_at_5_diff1": -0.101533,
        "nauc_mrr_at_10_max": 0.284348,
        "nauc_mrr_at_10_std": 0.243591,
        "nauc_mrr_at_10_diff1": 0.006054,
        "nauc_mrr_at_20_max": 0.27173,
        "nauc_mrr_at_20_std": 0.243977,
        "nauc_mrr_at_20_diff1": -0.012548,
        "nauc_mrr_at_100_max": 0.289892,
        "nauc_mrr_at_100_std": 0.246209,
        "nauc_mrr_at_100_diff1": -0.02178,
        "nauc_mrr_at_1000_max": 0.288895,
        "nauc_mrr_at_1000_std": 0.246524,
        "nauc_mrr_at_1000_diff1": -0.021661,
        "main_score": 0.03533,
        "hf_subset": "default",
        "languages": [
          "eng-Latn"
        ]
      }
    ]
  },
  "evaluation_time": 3314.55020403862,
  "kg_co2_emissions": null
}