{
  "dataset_revision": "ec0fa4fe99da2ff19ca1214b7966684033a58814",
  "task_name": "NFCorpus",
  "mteb_version": "1.39.7",
  "scores": {
    "test": [
      {
        "ndcg_at_1": 0.05728,
        "ndcg_at_3": 0.05231,
        "ndcg_at_5": 0.04774,
        "ndcg_at_10": 0.04467,
        "ndcg_at_20": 0.04558,
        "ndcg_at_100": 0.0579,
        "ndcg_at_1000": 0.14168,
        "map_at_1": 0.00681,
        "map_at_3": 0.0101,
        "map_at_5": 0.01212,
        "map_at_10": 0.01397,
        "map_at_20": 0.01543,
        "map_at_100": 0.01789,
        "map_at_1000": 0.02267,
        "recall_at_1": 0.00681,
        "recall_at_3": 0.01286,
        "recall_at_5": 0.01849,
        "recall_at_10": 0.0268,
        "recall_at_20": 0.03757,
        "recall_at_100": 0.08444,
        "recall_at_1000": 0.36681,
        "precision_at_1": 0.06192,
        "precision_at_3": 0.0516,
        "precision_at_5": 0.04211,
        "precision_at_10": 0.03406,
        "precision_at_20": 0.02848,
        "precision_at_100": 0.0191,
        "precision_at_1000": 0.01223,
        "mrr_at_1": 0.058824,
        "mrr_at_3": 0.086171,
        "mrr_at_5": 0.092518,
        "mrr_at_10": 0.102385,
        "mrr_at_20": 0.107307,
        "mrr_at_100": 0.112252,
        "mrr_at_1000": 0.113992,
        "nauc_ndcg_at_1_max": 0.25569,
        "nauc_ndcg_at_1_std": 0.154686,
        "nauc_ndcg_at_1_diff1": 0.184554,
        "nauc_ndcg_at_3_max": 0.199045,
        "nauc_ndcg_at_3_std": 0.050189,
        "nauc_ndcg_at_3_diff1": 0.100022,
        "nauc_ndcg_at_5_max": 0.212445,
        "nauc_ndcg_at_5_std": 0.021256,
        "nauc_ndcg_at_5_diff1": 0.098126,
        "nauc_ndcg_at_10_max": 0.189694,
        "nauc_ndcg_at_10_std": -0.001044,
        "nauc_ndcg_at_10_diff1": 0.091599,
        "nauc_ndcg_at_20_max": 0.252719,
        "nauc_ndcg_at_20_std": 0.011645,
        "nauc_ndcg_at_20_diff1": 0.091931,
        "nauc_ndcg_at_100_max": 0.277029,
        "nauc_ndcg_at_100_std": 0.046552,
        "nauc_ndcg_at_100_diff1": 0.106979,
        "nauc_ndcg_at_1000_max": 0.262199,
        "nauc_ndcg_at_1000_std": -0.002671,
        "nauc_ndcg_at_1000_diff1": 0.032229,
        "nauc_map_at_1_max": 0.760104,
        "nauc_map_at_1_std": 0.064638,
        "nauc_map_at_1_diff1": 0.330134,
        "nauc_map_at_3_max": 0.572458,
        "nauc_map_at_3_std": 0.069684,
        "nauc_map_at_3_diff1": 0.20387,
        "nauc_map_at_5_max": 0.520305,
        "nauc_map_at_5_std": 0.06814,
        "nauc_map_at_5_diff1": 0.175316,
        "nauc_map_at_10_max": 0.45456,
        "nauc_map_at_10_std": 0.052566,
        "nauc_map_at_10_diff1": 0.190076,
        "nauc_map_at_20_max": 0.458453,
        "nauc_map_at_20_std": 0.047895,
        "nauc_map_at_20_diff1": 0.180212,
        "nauc_map_at_100_max": 0.439887,
        "nauc_map_at_100_std": 0.033903,
        "nauc_map_at_100_diff1": 0.171346,
        "nauc_map_at_1000_max": 0.41354,
        "nauc_map_at_1000_std": 0.02368,
        "nauc_map_at_1000_diff1": 0.135065,
        "nauc_recall_at_1_max": 0.760104,
        "nauc_recall_at_1_std": 0.064638,
        "nauc_recall_at_1_diff1": 0.330134,
        "nauc_recall_at_3_max": 0.435427,
        "nauc_recall_at_3_std": 0.066611,
        "nauc_recall_at_3_diff1": 0.131147,
        "nauc_recall_at_5_max": 0.325087,
        "nauc_recall_at_5_std": 0.026169,
        "nauc_recall_at_5_diff1": 0.094952,
        "nauc_recall_at_10_max": 0.15808,
        "nauc_recall_at_10_std": 0.026644,
        "nauc_recall_at_10_diff1": 0.104569,
        "nauc_recall_at_20_max": 0.225632,
        "nauc_recall_at_20_std": 0.048467,
        "nauc_recall_at_20_diff1": 0.109349,
        "nauc_recall_at_100_max": 0.198272,
        "nauc_recall_at_100_std": 0.067201,
        "nauc_recall_at_100_diff1": 0.124818,
        "nauc_recall_at_1000_max": 0.133002,
        "nauc_recall_at_1000_std": -0.007259,
        "nauc_recall_at_1000_diff1": 0.044433,
        "nauc_precision_at_1_max": 0.260797,
        "nauc_precision_at_1_std": 0.132747,
        "nauc_precision_at_1_diff1": 0.166936,
        "nauc_precision_at_3_max": 0.165653,
        "nauc_precision_at_3_std": 0.003372,
        "nauc_precision_at_3_diff1": 0.026755,
        "nauc_precision_at_5_max": 0.170492,
        "nauc_precision_at_5_std": -0.026619,
        "nauc_precision_at_5_diff1": 0.034459,
        "nauc_precision_at_10_max": 0.119996,
        "nauc_precision_at_10_std": -0.063737,
        "nauc_precision_at_10_diff1": 0.036937,
        "nauc_precision_at_20_max": 0.192541,
        "nauc_precision_at_20_std": -0.053083,
        "nauc_precision_at_20_diff1": 0.00747,
        "nauc_precision_at_100_max": 0.142749,
        "nauc_precision_at_100_std": -0.036597,
        "nauc_precision_at_100_diff1": -0.071951,
        "nauc_precision_at_1000_max": 0.078258,
        "nauc_precision_at_1000_std": -0.020944,
        "nauc_precision_at_1000_diff1": -0.129574,
        "nauc_mrr_at_1_max": 0.257482,
        "nauc_mrr_at_1_std": 0.169937,
        "nauc_mrr_at_1_diff1": 0.205925,
        "nauc_mrr_at_3_max": 0.199847,
        "nauc_mrr_at_3_std": 0.083961,
        "nauc_mrr_at_3_diff1": 0.105941,
        "nauc_mrr_at_5_max": 0.189591,
        "nauc_mrr_at_5_std": 0.058724,
        "nauc_mrr_at_5_diff1": 0.097999,
        "nauc_mrr_at_10_max": 0.177251,
        "nauc_mrr_at_10_std": 0.054263,
        "nauc_mrr_at_10_diff1": 0.085456,
        "nauc_mrr_at_20_max": 0.188735,
        "nauc_mrr_at_20_std": 0.05514,
        "nauc_mrr_at_20_diff1": 0.088624,
        "nauc_mrr_at_100_max": 0.19217,
        "nauc_mrr_at_100_std": 0.057417,
        "nauc_mrr_at_100_diff1": 0.082916,
        "nauc_mrr_at_1000_max": 0.191885,
        "nauc_mrr_at_1000_std": 0.057342,
        "nauc_mrr_at_1000_diff1": 0.084704,
        "main_score": 0.04467,
        "hf_subset": "default",
        "languages": [
          "eng-Latn"
        ]
      }
    ]
  },
  "evaluation_time": 56.268895864486694,
  "kg_co2_emissions": null
}