{
  "dataset_revision": "c22ab2a51041ffd869aaddef7af8d8215647e41a",
  "task_name": "ArguAna",
  "mteb_version": "1.39.7",
  "scores": {
    "test": [
      {
        "ndcg_at_1": 0.26387,
        "ndcg_at_3": 0.40918,
        "ndcg_at_5": 0.45775,
        "ndcg_at_10": 0.50291,
        "ndcg_at_20": 0.52626,
        "ndcg_at_100": 0.54336,
        "ndcg_at_1000": 0.54841,
        "map_at_1": 0.26387,
        "map_at_3": 0.37316,
        "map_at_5": 0.40008,
        "map_at_10": 0.41891,
        "map_at_20": 0.42549,
        "map_at_100": 0.4279,
        "map_at_1000": 0.42811,
        "recall_at_1": 0.26387,
        "recall_at_3": 0.51351,
        "recall_at_5": 0.63158,
        "recall_at_10": 0.77027,
        "recall_at_20": 0.86131,
        "recall_at_100": 0.95306,
        "recall_at_1000": 0.99147,
        "precision_at_1": 0.26387,
        "precision_at_3": 0.17117,
        "precision_at_5": 0.12632,
        "precision_at_10": 0.07703,
        "precision_at_20": 0.04307,
        "precision_at_100": 0.00953,
        "precision_at_1000": 0.00099,
        "mrr_at_1": 0.268137,
        "mrr_at_3": 0.374585,
        "mrr_at_5": 0.401648,
        "mrr_at_10": 0.420402,
        "mrr_at_20": 0.427053,
        "mrr_at_100": 0.42946,
        "mrr_at_1000": 0.429677,
        "nauc_ndcg_at_1_max": -0.045104,
        "nauc_ndcg_at_1_std": -0.082961,
        "nauc_ndcg_at_1_diff1": 0.157652,
        "nauc_ndcg_at_3_max": 0.007098,
        "nauc_ndcg_at_3_std": -0.067158,
        "nauc_ndcg_at_3_diff1": 0.121191,
        "nauc_ndcg_at_5_max": 0.016773,
        "nauc_ndcg_at_5_std": -0.05081,
        "nauc_ndcg_at_5_diff1": 0.113043,
        "nauc_ndcg_at_10_max": 0.013849,
        "nauc_ndcg_at_10_std": -0.05787,
        "nauc_ndcg_at_10_diff1": 0.106639,
        "nauc_ndcg_at_20_max": 0.020411,
        "nauc_ndcg_at_20_std": -0.052597,
        "nauc_ndcg_at_20_diff1": 0.112471,
        "nauc_ndcg_at_100_max": 0.012247,
        "nauc_ndcg_at_100_std": -0.050076,
        "nauc_ndcg_at_100_diff1": 0.11876,
        "nauc_ndcg_at_1000_max": 0.006495,
        "nauc_ndcg_at_1000_std": -0.056639,
        "nauc_ndcg_at_1000_diff1": 0.118052,
        "nauc_map_at_1_max": -0.045104,
        "nauc_map_at_1_std": -0.082961,
        "nauc_map_at_1_diff1": 0.157652,
        "nauc_map_at_3_max": -0.007367,
        "nauc_map_at_3_std": -0.072399,
        "nauc_map_at_3_diff1": 0.128407,
        "nauc_map_at_5_max": -0.002685,
        "nauc_map_at_5_std": -0.064304,
        "nauc_map_at_5_diff1": 0.124488,
        "nauc_map_at_10_max": -0.004751,
        "nauc_map_at_10_std": -0.06787,
        "nauc_map_at_10_diff1": 0.122463,
        "nauc_map_at_20_max": -0.003347,
        "nauc_map_at_20_std": -0.066463,
        "nauc_map_at_20_diff1": 0.124086,
        "nauc_map_at_100_max": -0.004453,
        "nauc_map_at_100_std": -0.066421,
        "nauc_map_at_100_diff1": 0.124987,
        "nauc_map_at_1000_max": -0.004661,
        "nauc_map_at_1000_std": -0.0666,
        "nauc_map_at_1000_diff1": 0.124953,
        "nauc_recall_at_1_max": -0.045104,
        "nauc_recall_at_1_std": -0.082961,
        "nauc_recall_at_1_diff1": 0.157652,
        "nauc_recall_at_3_max": 0.048855,
        "nauc_recall_at_3_std": -0.051735,
        "nauc_recall_at_3_diff1": 0.101337,
        "nauc_recall_at_5_max": 0.081401,
        "nauc_recall_at_5_std": -0.003651,
        "nauc_recall_at_5_diff1": 0.075559,
        "nauc_recall_at_10_max": 0.097873,
        "nauc_recall_at_10_std": -0.011314,
        "nauc_recall_at_10_diff1": 0.031783,
        "nauc_recall_at_20_max": 0.195663,
        "nauc_recall_at_20_std": 0.052271,
        "nauc_recall_at_20_diff1": 0.03783,
        "nauc_recall_at_100_max": 0.277947,
        "nauc_recall_at_100_std": 0.329518,
        "nauc_recall_at_100_diff1": 0.073805,
        "nauc_recall_at_1000_max": 0.169975,
        "nauc_recall_at_1000_std": 0.444894,
        "nauc_recall_at_1000_diff1": -0.26045,
        "nauc_precision_at_1_max": -0.045104,
        "nauc_precision_at_1_std": -0.082961,
        "nauc_precision_at_1_diff1": 0.157652,
        "nauc_precision_at_3_max": 0.048855,
        "nauc_precision_at_3_std": -0.051735,
        "nauc_precision_at_3_diff1": 0.101337,
        "nauc_precision_at_5_max": 0.081401,
        "nauc_precision_at_5_std": -0.003651,
        "nauc_precision_at_5_diff1": 0.075559,
        "nauc_precision_at_10_max": 0.097873,
        "nauc_precision_at_10_std": -0.011314,
        "nauc_precision_at_10_diff1": 0.031783,
        "nauc_precision_at_20_max": 0.195663,
        "nauc_precision_at_20_std": 0.052271,
        "nauc_precision_at_20_diff1": 0.03783,
        "nauc_precision_at_100_max": 0.277947,
        "nauc_precision_at_100_std": 0.329518,
        "nauc_precision_at_100_diff1": 0.073805,
        "nauc_precision_at_1000_max": 0.169975,
        "nauc_precision_at_1000_std": 0.444894,
        "nauc_precision_at_1000_diff1": -0.26045,
        "nauc_mrr_at_1_max": -0.052109,
        "nauc_mrr_at_1_std": -0.079913,
        "nauc_mrr_at_1_diff1": 0.143467,
        "nauc_mrr_at_3_max": -0.01706,
        "nauc_mrr_at_3_std": -0.072606,
        "nauc_mrr_at_3_diff1": 0.11637,
        "nauc_mrr_at_5_max": -0.012405,
        "nauc_mrr_at_5_std": -0.064266,
        "nauc_mrr_at_5_diff1": 0.111484,
        "nauc_mrr_at_10_max": -0.014639,
        "nauc_mrr_at_10_std": -0.067362,
        "nauc_mrr_at_10_diff1": 0.109256,
        "nauc_mrr_at_20_max": -0.013134,
        "nauc_mrr_at_20_std": -0.06585,
        "nauc_mrr_at_20_diff1": 0.110916,
        "nauc_mrr_at_100_max": -0.014323,
        "nauc_mrr_at_100_std": -0.065806,
        "nauc_mrr_at_100_diff1": 0.111702,
        "nauc_mrr_at_1000_max": -0.014536,
        "nauc_mrr_at_1000_std": -0.065984,
        "nauc_mrr_at_1000_diff1": 0.111659,
        "main_score": 0.50291,
        "hf_subset": "default",
        "languages": [
          "eng-Latn"
        ]
      }
    ]
  },
  "evaluation_time": 15.313706159591675,
  "kg_co2_emissions": null
}