{
  "dataset_revision": "0228b52cf27578f30900b9e5271d331663a030d7",
  "task_name": "SciFact",
  "mteb_version": "1.39.7",
  "scores": {
    "test": [
      {
        "ndcg_at_1": 0.02,
        "ndcg_at_3": 0.02971,
        "ndcg_at_5": 0.03975,
        "ndcg_at_10": 0.04891,
        "ndcg_at_20": 0.05722,
        "ndcg_at_100": 0.08294,
        "ndcg_at_1000": 0.13074,
        "map_at_1": 0.01778,
        "map_at_3": 0.02569,
        "map_at_5": 0.03111,
        "map_at_10": 0.03492,
        "map_at_20": 0.03714,
        "map_at_100": 0.04038,
        "map_at_1000": 0.04174,
        "recall_at_1": 0.01778,
        "recall_at_3": 0.03694,
        "recall_at_5": 0.06194,
        "recall_at_10": 0.08928,
        "recall_at_20": 0.12261,
        "recall_at_100": 0.26233,
        "recall_at_1000": 0.65772,
        "precision_at_1": 0.02,
        "precision_at_3": 0.01444,
        "precision_at_5": 0.014,
        "precision_at_10": 0.01,
        "precision_at_20": 0.00667,
        "precision_at_100": 0.00297,
        "precision_at_1000": 0.00073,
        "mrr_at_1": 0.02,
        "mrr_at_3": 0.03,
        "mrr_at_5": 0.035833,
        "mrr_at_10": 0.040091,
        "mrr_at_20": 0.042305,
        "mrr_at_100": 0.045415,
        "mrr_at_1000": 0.046736,
        "nauc_ndcg_at_1_max": 0.141669,
        "nauc_ndcg_at_1_std": 0.123379,
        "nauc_ndcg_at_1_diff1": -0.354083,
        "nauc_ndcg_at_3_max": 0.202647,
        "nauc_ndcg_at_3_std": 0.12147,
        "nauc_ndcg_at_3_diff1": -0.130366,
        "nauc_ndcg_at_5_max": 0.108903,
        "nauc_ndcg_at_5_std": 0.098874,
        "nauc_ndcg_at_5_diff1": -0.060186,
        "nauc_ndcg_at_10_max": 0.067681,
        "nauc_ndcg_at_10_std": 0.059066,
        "nauc_ndcg_at_10_diff1": -0.036999,
        "nauc_ndcg_at_20_max": 0.010068,
        "nauc_ndcg_at_20_std": 0.043395,
        "nauc_ndcg_at_20_diff1": -0.06161,
        "nauc_ndcg_at_100_max": 0.009916,
        "nauc_ndcg_at_100_std": 0.07858,
        "nauc_ndcg_at_100_diff1": -0.020494,
        "nauc_ndcg_at_1000_max": -0.014141,
        "nauc_ndcg_at_1000_std": 0.084119,
        "nauc_ndcg_at_1000_diff1": -0.039349,
        "nauc_map_at_1_max": 0.118896,
        "nauc_map_at_1_std": 0.164526,
        "nauc_map_at_1_diff1": -0.346458,
        "nauc_map_at_3_max": 0.195701,
        "nauc_map_at_3_std": 0.119518,
        "nauc_map_at_3_diff1": -0.180916,
        "nauc_map_at_5_max": 0.134862,
        "nauc_map_at_5_std": 0.106358,
        "nauc_map_at_5_diff1": -0.124917,
        "nauc_map_at_10_max": 0.103472,
        "nauc_map_at_10_std": 0.084867,
        "nauc_map_at_10_diff1": -0.10555,
        "nauc_map_at_20_max": 0.079674,
        "nauc_map_at_20_std": 0.077878,
        "nauc_map_at_20_diff1": -0.114056,
        "nauc_map_at_100_max": 0.075786,
        "nauc_map_at_100_std": 0.083285,
        "nauc_map_at_100_diff1": -0.099857,
        "nauc_map_at_1000_max": 0.074419,
        "nauc_map_at_1000_std": 0.084389,
        "nauc_map_at_1000_diff1": -0.100519,
        "nauc_recall_at_1_max": 0.118896,
        "nauc_recall_at_1_std": 0.164526,
        "nauc_recall_at_1_diff1": -0.346458,
        "nauc_recall_at_3_max": 0.210508,
        "nauc_recall_at_3_std": 0.099439,
        "nauc_recall_at_3_diff1": -0.034362,
        "nauc_recall_at_5_max": 0.054188,
        "nauc_recall_at_5_std": 0.079297,
        "nauc_recall_at_5_diff1": 0.041598,
        "nauc_recall_at_10_max": 0.002259,
        "nauc_recall_at_10_std": 0.019572,
        "nauc_recall_at_10_diff1": 0.052218,
        "nauc_recall_at_20_max": -0.096476,
        "nauc_recall_at_20_std": -0.003869,
        "nauc_recall_at_20_diff1": -0.010195,
        "nauc_recall_at_100_max": -0.047097,
        "nauc_recall_at_100_std": 0.080066,
        "nauc_recall_at_100_diff1": 0.04684,
        "nauc_recall_at_1000_max": -0.132923,
        "nauc_recall_at_1000_std": 0.083537,
        "nauc_recall_at_1000_diff1": -0.005417,
        "nauc_precision_at_1_max": 0.141669,
        "nauc_precision_at_1_std": 0.123379,
        "nauc_precision_at_1_diff1": -0.354083,
        "nauc_precision_at_3_max": 0.214216,
        "nauc_precision_at_3_std": 0.135704,
        "nauc_precision_at_3_diff1": -0.032445,
        "nauc_precision_at_5_max": 0.067781,
        "nauc_precision_at_5_std": 0.104041,
        "nauc_precision_at_5_diff1": 0.037206,
        "nauc_precision_at_10_max": 0.042563,
        "nauc_precision_at_10_std": 0.025856,
        "nauc_precision_at_10_diff1": 0.045014,
        "nauc_precision_at_20_max": -0.057649,
        "nauc_precision_at_20_std": 0.003224,
        "nauc_precision_at_20_diff1": -0.010917,
        "nauc_precision_at_100_max": -0.03739,
        "nauc_precision_at_100_std": 0.121843,
        "nauc_precision_at_100_diff1": 0.0456,
        "nauc_precision_at_1000_max": -0.111267,
        "nauc_precision_at_1000_std": 0.140183,
        "nauc_precision_at_1000_diff1": -0.027457,
        "nauc_mrr_at_1_max": 0.141669,
        "nauc_mrr_at_1_std": 0.123379,
        "nauc_mrr_at_1_diff1": -0.354083,
        "nauc_mrr_at_3_max": 0.204702,
        "nauc_mrr_at_3_std": 0.131523,
        "nauc_mrr_at_3_diff1": -0.172599,
        "nauc_mrr_at_5_max": 0.147319,
        "nauc_mrr_at_5_std": 0.117898,
        "nauc_mrr_at_5_diff1": -0.122085,
        "nauc_mrr_at_10_max": 0.128242,
        "nauc_mrr_at_10_std": 0.0904,
        "nauc_mrr_at_10_diff1": -0.104912,
        "nauc_mrr_at_20_max": 0.106654,
        "nauc_mrr_at_20_std": 0.084207,
        "nauc_mrr_at_20_diff1": -0.112561,
        "nauc_mrr_at_100_max": 0.100364,
        "nauc_mrr_at_100_std": 0.088284,
        "nauc_mrr_at_100_diff1": -0.101814,
        "nauc_mrr_at_1000_max": 0.099036,
        "nauc_mrr_at_1000_std": 0.089234,
        "nauc_mrr_at_1000_diff1": -0.102471,
        "main_score": 0.04891,
        "hf_subset": "default",
        "languages": [
          "eng-Latn"
        ]
      }
    ]
  },
  "evaluation_time": 25.91359567642212,
  "kg_co2_emissions": null
}