{
  "map_at_10": 0.0147,
  "mrr_at_10": 0.8606666666666666,
  "ndcg_at_10": 0.6649,
  "recall_at_10": 0.01757,
  "recall_at_100": 0.11166
}
