{
  "map_at_10": 0.01469,
  "mrr_at_10": 0.8616666666666666,
  "ndcg_at_10": 0.6642,
  "recall_at_10": 0.01748,
  "recall_at_100": 0.11134
}
