{
  "map_at_10": 0.01471,
  "mrr_at_10": 0.8506666666666667,
  "ndcg_at_10": 0.66491,
  "recall_at_10": 0.01755,
  "recall_at_100": 0.11122
}
