{
  "map_at_10": 0.01477,
  "mrr_at_10": 0.8606666666666666,
  "ndcg_at_10": 0.66504,
  "recall_at_10": 0.01757,
  "recall_at_100": 0.11138
}
