{
  "map_at_10": 0.01483,
  "mrr_at_10": 0.8716666666666666,
  "ndcg_at_10": 0.67152,
  "recall_at_10": 0.01781,
  "recall_at_100": 0.1113
}
