{
  "map_at_10": 0.01479,
  "mrr_at_10": 0.8606666666666666,
  "ndcg_at_10": 0.6679,
  "recall_at_10": 0.01766,
  "recall_at_100": 0.11168
}
