{
  "map_at_10": 0.01432,
  "mrr_at_10": 0.8633333333333334,
  "ndcg_at_10": 0.65311,
  "recall_at_10": 0.01749,
  "recall_at_100": 0.10979
}
