{
  "map_at_10": 0.01467,
  "mrr_at_10": 0.8616666666666666,
  "ndcg_at_10": 0.66479,
  "recall_at_10": 0.0175,
  "recall_at_100": 0.11139
}
