{
  "map_at_10": 0.07979,
  "mrr_at_10": 0.34426627793974734,
  "ndcg_at_10": 0.19917,
  "recall_at_10": 0.14636,
  "recall_at_100": 0.43836
}
