{
  "dataset_revision": "27a168819829fe9bcd655c2df245fb19452e8e06",
  "task_name": "FiQA2018",
  "mteb_version": "1.39.7",
  "scores": {
    "test": [
      {
        "ndcg_at_1": 0.01852,
        "ndcg_at_3": 0.02267,
        "ndcg_at_5": 0.02539,
        "ndcg_at_10": 0.02944,
        "ndcg_at_20": 0.03592,
        "ndcg_at_100": 0.04733,
        "ndcg_at_1000": 0.07201,
        "map_at_1": 0.00853,
        "map_at_3": 0.01529,
        "map_at_5": 0.01719,
        "map_at_10": 0.01885,
        "map_at_20": 0.02043,
        "map_at_100": 0.02171,
        "map_at_1000": 0.02243,
        "recall_at_1": 0.00853,
        "recall_at_3": 0.02412,
        "recall_at_5": 0.03231,
        "recall_at_10": 0.04362,
        "recall_at_20": 0.06614,
        "recall_at_100": 0.11284,
        "recall_at_1000": 0.27211,
        "precision_at_1": 0.01852,
        "precision_at_3": 0.01595,
        "precision_at_5": 0.01296,
        "precision_at_10": 0.00926,
        "precision_at_20": 0.00671,
        "precision_at_100": 0.00278,
        "precision_at_1000": 0.00072,
        "mrr_at_1": 0.018519,
        "mrr_at_3": 0.030093,
        "mrr_at_5": 0.03341,
        "mrr_at_10": 0.036678,
        "mrr_at_20": 0.039021,
        "mrr_at_100": 0.041425,
        "mrr_at_1000": 0.042259,
        "nauc_ndcg_at_1_max": 0.187001,
        "nauc_ndcg_at_1_std": 0.108684,
        "nauc_ndcg_at_1_diff1": 0.23088,
        "nauc_ndcg_at_3_max": 0.249909,
        "nauc_ndcg_at_3_std": 0.255518,
        "nauc_ndcg_at_3_diff1": 0.273811,
        "nauc_ndcg_at_5_max": 0.222622,
        "nauc_ndcg_at_5_std": 0.278228,
        "nauc_ndcg_at_5_diff1": 0.24855,
        "nauc_ndcg_at_10_max": 0.198434,
        "nauc_ndcg_at_10_std": 0.273184,
        "nauc_ndcg_at_10_diff1": 0.21374,
        "nauc_ndcg_at_20_max": 0.143197,
        "nauc_ndcg_at_20_std": 0.278958,
        "nauc_ndcg_at_20_diff1": 0.198579,
        "nauc_ndcg_at_100_max": 0.137664,
        "nauc_ndcg_at_100_std": 0.249268,
        "nauc_ndcg_at_100_diff1": 0.169899,
        "nauc_ndcg_at_1000_max": 0.112992,
        "nauc_ndcg_at_1000_std": 0.219751,
        "nauc_ndcg_at_1000_diff1": 0.116229,
        "nauc_map_at_1_max": 0.358816,
        "nauc_map_at_1_std": 0.182702,
        "nauc_map_at_1_diff1": 0.402817,
        "nauc_map_at_3_max": 0.303862,
        "nauc_map_at_3_std": 0.288955,
        "nauc_map_at_3_diff1": 0.354435,
        "nauc_map_at_5_max": 0.270539,
        "nauc_map_at_5_std": 0.292031,
        "nauc_map_at_5_diff1": 0.312762,
        "nauc_map_at_10_max": 0.251123,
        "nauc_map_at_10_std": 0.281777,
        "nauc_map_at_10_diff1": 0.276902,
        "nauc_map_at_20_max": 0.225015,
        "nauc_map_at_20_std": 0.285619,
        "nauc_map_at_20_diff1": 0.266416,
        "nauc_map_at_100_max": 0.219338,
        "nauc_map_at_100_std": 0.277663,
        "nauc_map_at_100_diff1": 0.256607,
        "nauc_map_at_1000_max": 0.216701,
        "nauc_map_at_1000_std": 0.2767,
        "nauc_map_at_1000_diff1": 0.25204,
        "nauc_recall_at_1_max": 0.358816,
        "nauc_recall_at_1_std": 0.182702,
        "nauc_recall_at_1_diff1": 0.402817,
        "nauc_recall_at_3_max": 0.278664,
        "nauc_recall_at_3_std": 0.341011,
        "nauc_recall_at_3_diff1": 0.333698,
        "nauc_recall_at_5_max": 0.212389,
        "nauc_recall_at_5_std": 0.317512,
        "nauc_recall_at_5_diff1": 0.250503,
        "nauc_recall_at_10_max": 0.167159,
        "nauc_recall_at_10_std": 0.277148,
        "nauc_recall_at_10_diff1": 0.17076,
        "nauc_recall_at_20_max": 0.06613,
        "nauc_recall_at_20_std": 0.279185,
        "nauc_recall_at_20_diff1": 0.149701,
        "nauc_recall_at_100_max": 0.081853,
        "nauc_recall_at_100_std": 0.217825,
        "nauc_recall_at_100_diff1": 0.110817,
        "nauc_recall_at_1000_max": 0.028225,
        "nauc_recall_at_1000_std": 0.148056,
        "nauc_recall_at_1000_diff1": 0.015201,
        "nauc_precision_at_1_max": 0.187001,
        "nauc_precision_at_1_std": 0.108684,
        "nauc_precision_at_1_diff1": 0.23088,
        "nauc_precision_at_3_max": 0.214431,
        "nauc_precision_at_3_std": 0.246098,
        "nauc_precision_at_3_diff1": 0.203233,
        "nauc_precision_at_5_max": 0.168429,
        "nauc_precision_at_5_std": 0.281851,
        "nauc_precision_at_5_diff1": 0.14341,
        "nauc_precision_at_10_max": 0.122004,
        "nauc_precision_at_10_std": 0.276413,
        "nauc_precision_at_10_diff1": 0.100256,
        "nauc_precision_at_20_max": 0.057091,
        "nauc_precision_at_20_std": 0.296219,
        "nauc_precision_at_20_diff1": 0.11911,
        "nauc_precision_at_100_max": 0.075263,
        "nauc_precision_at_100_std": 0.220065,
        "nauc_precision_at_100_diff1": 0.076871,
        "nauc_precision_at_1000_max": 0.05178,
        "nauc_precision_at_1000_std": 0.123191,
        "nauc_precision_at_1000_diff1": -0.033825,
        "nauc_mrr_at_1_max": 0.187001,
        "nauc_mrr_at_1_std": 0.108684,
        "nauc_mrr_at_1_diff1": 0.23088,
        "nauc_mrr_at_3_max": 0.209203,
        "nauc_mrr_at_3_std": 0.211755,
        "nauc_mrr_at_3_diff1": 0.216204,
        "nauc_mrr_at_5_max": 0.194903,
        "nauc_mrr_at_5_std": 0.222951,
        "nauc_mrr_at_5_diff1": 0.199866,
        "nauc_mrr_at_10_max": 0.179015,
        "nauc_mrr_at_10_std": 0.22303,
        "nauc_mrr_at_10_diff1": 0.190111,
        "nauc_mrr_at_20_max": 0.160382,
        "nauc_mrr_at_20_std": 0.225075,
        "nauc_mrr_at_20_diff1": 0.184604,
        "nauc_mrr_at_100_max": 0.160965,
        "nauc_mrr_at_100_std": 0.218532,
        "nauc_mrr_at_100_diff1": 0.1783,
        "nauc_mrr_at_1000_max": 0.16042,
        "nauc_mrr_at_1000_std": 0.216772,
        "nauc_mrr_at_1000_diff1": 0.176081,
        "main_score": 0.02944,
        "hf_subset": "default",
        "languages": [
          "eng-Latn"
        ]
      }
    ]
  },
  "evaluation_time": 396.2969608306885,
  "kg_co2_emissions": null
}