{
  "dataset_revision": "0228b52cf27578f30900b9e5271d331663a030d7",
  "task_name": "SciFact",
  "mteb_version": "1.39.7",
  "scores": {
    "test": [
      {
        "ndcg_at_1": 0.42333,
        "ndcg_at_3": 0.4956,
        "ndcg_at_5": 0.51722,
        "ndcg_at_10": 0.53841,
        "ndcg_at_20": 0.55596,
        "ndcg_at_100": 0.57756,
        "ndcg_at_1000": 0.59436,
        "map_at_1": 0.40094,
        "map_at_3": 0.4695,
        "map_at_5": 0.48233,
        "map_at_10": 0.49134,
        "map_at_20": 0.49728,
        "map_at_100": 0.50052,
        "map_at_1000": 0.50113,
        "recall_at_1": 0.40094,
        "recall_at_3": 0.54478,
        "recall_at_5": 0.59961,
        "recall_at_10": 0.66444,
        "recall_at_20": 0.72939,
        "recall_at_100": 0.84256,
        "recall_at_1000": 0.97433,
        "precision_at_1": 0.42333,
        "precision_at_3": 0.19778,
        "precision_at_5": 0.13267,
        "precision_at_10": 0.07367,
        "precision_at_20": 0.04117,
        "precision_at_100": 0.00953,
        "precision_at_1000": 0.0011,
        "mrr_at_1": 0.423333,
        "mrr_at_3": 0.49,
        "mrr_at_5": 0.502167,
        "mrr_at_10": 0.510253,
        "mrr_at_20": 0.513866,
        "mrr_at_100": 0.516589,
        "mrr_at_1000": 0.517144,
        "nauc_ndcg_at_1_max": 0.435919,
        "nauc_ndcg_at_1_std": 0.020727,
        "nauc_ndcg_at_1_diff1": 0.723654,
        "nauc_ndcg_at_3_max": 0.466951,
        "nauc_ndcg_at_3_std": 0.041069,
        "nauc_ndcg_at_3_diff1": 0.679693,
        "nauc_ndcg_at_5_max": 0.478934,
        "nauc_ndcg_at_5_std": 0.058551,
        "nauc_ndcg_at_5_diff1": 0.663227,
        "nauc_ndcg_at_10_max": 0.492135,
        "nauc_ndcg_at_10_std": 0.071082,
        "nauc_ndcg_at_10_diff1": 0.661206,
        "nauc_ndcg_at_20_max": 0.506836,
        "nauc_ndcg_at_20_std": 0.094099,
        "nauc_ndcg_at_20_diff1": 0.660849,
        "nauc_ndcg_at_100_max": 0.500064,
        "nauc_ndcg_at_100_std": 0.079055,
        "nauc_ndcg_at_100_diff1": 0.661383,
        "nauc_ndcg_at_1000_max": 0.490429,
        "nauc_ndcg_at_1000_std": 0.078391,
        "nauc_ndcg_at_1000_diff1": 0.663916,
        "nauc_map_at_1_max": 0.40176,
        "nauc_map_at_1_std": -0.019723,
        "nauc_map_at_1_diff1": 0.698752,
        "nauc_map_at_3_max": 0.443495,
        "nauc_map_at_3_std": 0.015649,
        "nauc_map_at_3_diff1": 0.679812,
        "nauc_map_at_5_max": 0.453149,
        "nauc_map_at_5_std": 0.02852,
        "nauc_map_at_5_diff1": 0.671081,
        "nauc_map_at_10_max": 0.45946,
        "nauc_map_at_10_std": 0.034875,
        "nauc_map_at_10_diff1": 0.670531,
        "nauc_map_at_20_max": 0.465811,
        "nauc_map_at_20_std": 0.04454,
        "nauc_map_at_20_diff1": 0.670435,
        "nauc_map_at_100_max": 0.465547,
        "nauc_map_at_100_std": 0.043643,
        "nauc_map_at_100_diff1": 0.670526,
        "nauc_map_at_1000_max": 0.465189,
        "nauc_map_at_1000_std": 0.04357,
        "nauc_map_at_1000_diff1": 0.670604,
        "nauc_recall_at_1_max": 0.40176,
        "nauc_recall_at_1_std": -0.019723,
        "nauc_recall_at_1_diff1": 0.698752,
        "nauc_recall_at_3_max": 0.483988,
        "nauc_recall_at_3_std": 0.058321,
        "nauc_recall_at_3_diff1": 0.65197,
        "nauc_recall_at_5_max": 0.515425,
        "nauc_recall_at_5_std": 0.102446,
        "nauc_recall_at_5_diff1": 0.609231,
        "nauc_recall_at_10_max": 0.554026,
        "nauc_recall_at_10_std": 0.141621,
        "nauc_recall_at_10_diff1": 0.588457,
        "nauc_recall_at_20_max": 0.62991,
        "nauc_recall_at_20_std": 0.248633,
        "nauc_recall_at_20_diff1": 0.577159,
        "nauc_recall_at_100_max": 0.62641,
        "nauc_recall_at_100_std": 0.157287,
        "nauc_recall_at_100_diff1": 0.549151,
        "nauc_recall_at_1000_max": 0.472001,
        "nauc_recall_at_1000_std": 0.480016,
        "nauc_recall_at_1000_diff1": 0.325864,
        "nauc_precision_at_1_max": 0.435919,
        "nauc_precision_at_1_std": 0.020727,
        "nauc_precision_at_1_diff1": 0.723654,
        "nauc_precision_at_3_max": 0.516956,
        "nauc_precision_at_3_std": 0.170049,
        "nauc_precision_at_3_diff1": 0.608016,
        "nauc_precision_at_5_max": 0.549386,
        "nauc_precision_at_5_std": 0.253372,
        "nauc_precision_at_5_diff1": 0.517555,
        "nauc_precision_at_10_max": 0.58108,
        "nauc_precision_at_10_std": 0.313566,
        "nauc_precision_at_10_diff1": 0.467681,
        "nauc_precision_at_20_max": 0.563241,
        "nauc_precision_at_20_std": 0.413157,
        "nauc_precision_at_20_diff1": 0.359605,
        "nauc_precision_at_100_max": 0.483471,
        "nauc_precision_at_100_std": 0.396554,
        "nauc_precision_at_100_diff1": 0.238346,
        "nauc_precision_at_1000_max": 0.318877,
        "nauc_precision_at_1000_std": 0.493875,
        "nauc_precision_at_1000_diff1": 0.021473,
        "nauc_mrr_at_1_max": 0.435919,
        "nauc_mrr_at_1_std": 0.020727,
        "nauc_mrr_at_1_diff1": 0.723654,
        "nauc_mrr_at_3_max": 0.472943,
        "nauc_mrr_at_3_std": 0.058879,
        "nauc_mrr_at_3_diff1": 0.695733,
        "nauc_mrr_at_5_max": 0.480726,
        "nauc_mrr_at_5_std": 0.06784,
        "nauc_mrr_at_5_diff1": 0.69042,
        "nauc_mrr_at_10_max": 0.485286,
        "nauc_mrr_at_10_std": 0.072303,
        "nauc_mrr_at_10_diff1": 0.690099,
        "nauc_mrr_at_20_max": 0.4864,
        "nauc_mrr_at_20_std": 0.073967,
        "nauc_mrr_at_20_diff1": 0.689835,
        "nauc_mrr_at_100_max": 0.484878,
        "nauc_mrr_at_100_std": 0.071608,
        "nauc_mrr_at_100_diff1": 0.689498,
        "nauc_mrr_at_1000_max": 0.484514,
        "nauc_mrr_at_1000_std": 0.071563,
        "nauc_mrr_at_1000_diff1": 0.689509,
        "main_score": 0.53841,
        "hf_subset": "default",
        "languages": [
          "eng-Latn"
        ]
      }
    ]
  },
  "evaluation_time": 22.077027320861816,
  "kg_co2_emissions": null
}