{
  "dataset_revision": "0228b52cf27578f30900b9e5271d331663a030d7",
  "task_name": "SciFact",
  "mteb_version": "1.39.7",
  "scores": {
    "test": [
      {
        "ndcg_at_1": 0.07333,
        "ndcg_at_3": 0.10111,
        "ndcg_at_5": 0.10789,
        "ndcg_at_10": 0.11807,
        "ndcg_at_20": 0.13457,
        "ndcg_at_100": 0.16692,
        "ndcg_at_1000": 0.21005,
        "map_at_1": 0.06428,
        "map_at_3": 0.08878,
        "map_at_5": 0.09306,
        "map_at_10": 0.09748,
        "map_at_20": 0.10194,
        "map_at_100": 0.1063,
        "map_at_1000": 0.10778,
        "recall_at_1": 0.06428,
        "recall_at_3": 0.12311,
        "recall_at_5": 0.142,
        "recall_at_10": 0.17167,
        "recall_at_20": 0.23694,
        "recall_at_100": 0.40928,
        "recall_at_1000": 0.75322,
        "precision_at_1": 0.07333,
        "precision_at_3": 0.04667,
        "precision_at_5": 0.03267,
        "precision_at_10": 0.02,
        "precision_at_20": 0.0135,
        "precision_at_100": 0.0047,
        "precision_at_1000": 0.00087,
        "mrr_at_1": 0.073333,
        "mrr_at_3": 0.098889,
        "mrr_at_5": 0.104056,
        "mrr_at_10": 0.108185,
        "mrr_at_20": 0.112391,
        "mrr_at_100": 0.116538,
        "mrr_at_1000": 0.117839,
        "nauc_ndcg_at_1_max": 0.213662,
        "nauc_ndcg_at_1_std": 0.050235,
        "nauc_ndcg_at_1_diff1": 0.471778,
        "nauc_ndcg_at_3_max": 0.213187,
        "nauc_ndcg_at_3_std": 0.038384,
        "nauc_ndcg_at_3_diff1": 0.327725,
        "nauc_ndcg_at_5_max": 0.22687,
        "nauc_ndcg_at_5_std": 0.0484,
        "nauc_ndcg_at_5_diff1": 0.340899,
        "nauc_ndcg_at_10_max": 0.236898,
        "nauc_ndcg_at_10_std": 0.050465,
        "nauc_ndcg_at_10_diff1": 0.321137,
        "nauc_ndcg_at_20_max": 0.22554,
        "nauc_ndcg_at_20_std": 0.046497,
        "nauc_ndcg_at_20_diff1": 0.290461,
        "nauc_ndcg_at_100_max": 0.228353,
        "nauc_ndcg_at_100_std": 0.026586,
        "nauc_ndcg_at_100_diff1": 0.253768,
        "nauc_ndcg_at_1000_max": 0.232436,
        "nauc_ndcg_at_1000_std": 0.015243,
        "nauc_ndcg_at_1000_diff1": 0.259063,
        "nauc_map_at_1_max": 0.143713,
        "nauc_map_at_1_std": 0.061629,
        "nauc_map_at_1_diff1": 0.542883,
        "nauc_map_at_3_max": 0.182205,
        "nauc_map_at_3_std": 0.03933,
        "nauc_map_at_3_diff1": 0.377605,
        "nauc_map_at_5_max": 0.198994,
        "nauc_map_at_5_std": 0.045996,
        "nauc_map_at_5_diff1": 0.385418,
        "nauc_map_at_10_max": 0.206112,
        "nauc_map_at_10_std": 0.047053,
        "nauc_map_at_10_diff1": 0.375192,
        "nauc_map_at_20_max": 0.203764,
        "nauc_map_at_20_std": 0.045067,
        "nauc_map_at_20_diff1": 0.362841,
        "nauc_map_at_100_max": 0.205677,
        "nauc_map_at_100_std": 0.04217,
        "nauc_map_at_100_diff1": 0.355252,
        "nauc_map_at_1000_max": 0.206273,
        "nauc_map_at_1000_std": 0.042687,
        "nauc_map_at_1000_diff1": 0.354381,
        "nauc_recall_at_1_max": 0.143713,
        "nauc_recall_at_1_std": 0.061629,
        "nauc_recall_at_1_diff1": 0.542883,
        "nauc_recall_at_3_max": 0.196658,
        "nauc_recall_at_3_std": 0.03268,
        "nauc_recall_at_3_diff1": 0.235175,
        "nauc_recall_at_5_max": 0.240351,
        "nauc_recall_at_5_std": 0.053435,
        "nauc_recall_at_5_diff1": 0.267997,
        "nauc_recall_at_10_max": 0.252914,
        "nauc_recall_at_10_std": 0.054796,
        "nauc_recall_at_10_diff1": 0.230764,
        "nauc_recall_at_20_max": 0.210771,
        "nauc_recall_at_20_std": 0.045493,
        "nauc_recall_at_20_diff1": 0.166719,
        "nauc_recall_at_100_max": 0.206838,
        "nauc_recall_at_100_std": -0.019998,
        "nauc_recall_at_100_diff1": 0.071936,
        "nauc_recall_at_1000_max": 0.216656,
        "nauc_recall_at_1000_std": -0.161507,
        "nauc_recall_at_1000_diff1": 0.042327,
        "nauc_precision_at_1_max": 0.213662,
        "nauc_precision_at_1_std": 0.050235,
        "nauc_precision_at_1_diff1": 0.471778,
        "nauc_precision_at_3_max": 0.289478,
        "nauc_precision_at_3_std": 0.038858,
        "nauc_precision_at_3_diff1": 0.231584,
        "nauc_precision_at_5_max": 0.326785,
        "nauc_precision_at_5_std": 0.053331,
        "nauc_precision_at_5_diff1": 0.252165,
        "nauc_precision_at_10_max": 0.355707,
        "nauc_precision_at_10_std": 0.05721,
        "nauc_precision_at_10_diff1": 0.231508,
        "nauc_precision_at_20_max": 0.326295,
        "nauc_precision_at_20_std": 0.049114,
        "nauc_precision_at_20_diff1": 0.171683,
        "nauc_precision_at_100_max": 0.352132,
        "nauc_precision_at_100_std": -0.001872,
        "nauc_precision_at_100_diff1": 0.077037,
        "nauc_precision_at_1000_max": 0.390978,
        "nauc_precision_at_1000_std": -0.082529,
        "nauc_precision_at_1000_diff1": 0.072999,
        "nauc_mrr_at_1_max": 0.213662,
        "nauc_mrr_at_1_std": 0.050235,
        "nauc_mrr_at_1_diff1": 0.471778,
        "nauc_mrr_at_3_max": 0.243071,
        "nauc_mrr_at_3_std": 0.044464,
        "nauc_mrr_at_3_diff1": 0.341161,
        "nauc_mrr_at_5_max": 0.258529,
        "nauc_mrr_at_5_std": 0.049239,
        "nauc_mrr_at_5_diff1": 0.345931,
        "nauc_mrr_at_10_max": 0.261062,
        "nauc_mrr_at_10_std": 0.050727,
        "nauc_mrr_at_10_diff1": 0.336061,
        "nauc_mrr_at_20_max": 0.256067,
        "nauc_mrr_at_20_std": 0.049106,
        "nauc_mrr_at_20_diff1": 0.326531,
        "nauc_mrr_at_100_max": 0.25455,
        "nauc_mrr_at_100_std": 0.045853,
        "nauc_mrr_at_100_diff1": 0.320868,
        "nauc_mrr_at_1000_max": 0.254117,
        "nauc_mrr_at_1000_std": 0.046229,
        "nauc_mrr_at_1000_diff1": 0.320337,
        "main_score": 0.11807,
        "hf_subset": "default",
        "languages": [
          "eng-Latn"
        ]
      }
    ]
  },
  "evaluation_time": 36.39713525772095,
  "kg_co2_emissions": null
}