{
  "dataset_revision": "0228b52cf27578f30900b9e5271d331663a030d7",
  "task_name": "SciFact",
  "mteb_version": "1.39.7",
  "scores": {
    "test": [
      {
        "ndcg_at_1": 0.42,
        "ndcg_at_3": 0.49183,
        "ndcg_at_5": 0.51345,
        "ndcg_at_10": 0.53684,
        "ndcg_at_20": 0.55278,
        "ndcg_at_100": 0.57511,
        "ndcg_at_1000": 0.59188,
        "map_at_1": 0.39761,
        "map_at_3": 0.46561,
        "map_at_5": 0.47844,
        "map_at_10": 0.48839,
        "map_at_20": 0.49393,
        "map_at_100": 0.49732,
        "map_at_1000": 0.49793,
        "recall_at_1": 0.39761,
        "recall_at_3": 0.54144,
        "recall_at_5": 0.59628,
        "recall_at_10": 0.66778,
        "recall_at_20": 0.72606,
        "recall_at_100": 0.84256,
        "recall_at_1000": 0.97433,
        "precision_at_1": 0.42,
        "precision_at_3": 0.19667,
        "precision_at_5": 0.132,
        "precision_at_10": 0.074,
        "precision_at_20": 0.041,
        "precision_at_100": 0.00953,
        "precision_at_1000": 0.0011,
        "mrr_at_1": 0.42,
        "mrr_at_3": 0.486111,
        "mrr_at_5": 0.498278,
        "mrr_at_10": 0.507299,
        "mrr_at_20": 0.5105,
        "mrr_at_100": 0.513364,
        "mrr_at_1000": 0.513914,
        "nauc_ndcg_at_1_max": 0.441459,
        "nauc_ndcg_at_1_std": 0.02819,
        "nauc_ndcg_at_1_diff1": 0.732086,
        "nauc_ndcg_at_3_max": 0.463071,
        "nauc_ndcg_at_3_std": 0.03855,
        "nauc_ndcg_at_3_diff1": 0.676015,
        "nauc_ndcg_at_5_max": 0.485939,
        "nauc_ndcg_at_5_std": 0.0658,
        "nauc_ndcg_at_5_diff1": 0.662492,
        "nauc_ndcg_at_10_max": 0.49802,
        "nauc_ndcg_at_10_std": 0.073356,
        "nauc_ndcg_at_10_diff1": 0.662361,
        "nauc_ndcg_at_20_max": 0.508192,
        "nauc_ndcg_at_20_std": 0.098655,
        "nauc_ndcg_at_20_diff1": 0.660857,
        "nauc_ndcg_at_100_max": 0.50327,
        "nauc_ndcg_at_100_std": 0.082652,
        "nauc_ndcg_at_100_diff1": 0.662674,
        "nauc_ndcg_at_1000_max": 0.493802,
        "nauc_ndcg_at_1000_std": 0.082428,
        "nauc_ndcg_at_1000_diff1": 0.665393,
        "nauc_map_at_1_max": 0.407881,
        "nauc_map_at_1_std": -0.012247,
        "nauc_map_at_1_diff1": 0.705436,
        "nauc_map_at_3_max": 0.443268,
        "nauc_map_at_3_std": 0.01712,
        "nauc_map_at_3_diff1": 0.678831,
        "nauc_map_at_5_max": 0.458434,
        "nauc_map_at_5_std": 0.034924,
        "nauc_map_at_5_diff1": 0.671413,
        "nauc_map_at_10_max": 0.463829,
        "nauc_map_at_10_std": 0.039109,
        "nauc_map_at_10_diff1": 0.671708,
        "nauc_map_at_20_max": 0.469213,
        "nauc_map_at_20_std": 0.049481,
        "nauc_map_at_20_diff1": 0.671145,
        "nauc_map_at_100_max": 0.469372,
        "nauc_map_at_100_std": 0.048453,
        "nauc_map_at_100_diff1": 0.671481,
        "nauc_map_at_1000_max": 0.46902,
        "nauc_map_at_1000_std": 0.048398,
        "nauc_map_at_1000_diff1": 0.671568,
        "nauc_recall_at_1_max": 0.407881,
        "nauc_recall_at_1_std": -0.012247,
        "nauc_recall_at_1_diff1": 0.705436,
        "nauc_recall_at_3_max": 0.468877,
        "nauc_recall_at_3_std": 0.04336,
        "nauc_recall_at_3_diff1": 0.637931,
        "nauc_recall_at_5_max": 0.529796,
        "nauc_recall_at_5_std": 0.113195,
        "nauc_recall_at_5_diff1": 0.603538,
        "nauc_recall_at_10_max": 0.568041,
        "nauc_recall_at_10_std": 0.136605,
        "nauc_recall_at_10_diff1": 0.586831,
        "nauc_recall_at_20_max": 0.619864,
        "nauc_recall_at_20_std": 0.251925,
        "nauc_recall_at_20_diff1": 0.57233,
        "nauc_recall_at_100_max": 0.62641,
        "nauc_recall_at_100_std": 0.152056,
        "nauc_recall_at_100_diff1": 0.552161,
        "nauc_recall_at_1000_max": 0.472001,
        "nauc_recall_at_1000_std": 0.464737,
        "nauc_recall_at_1000_diff1": 0.351328,
        "nauc_precision_at_1_max": 0.441459,
        "nauc_precision_at_1_std": 0.02819,
        "nauc_precision_at_1_diff1": 0.732086,
        "nauc_precision_at_3_max": 0.503037,
        "nauc_precision_at_3_std": 0.156012,
        "nauc_precision_at_3_diff1": 0.599333,
        "nauc_precision_at_5_max": 0.561096,
        "nauc_precision_at_5_std": 0.262643,
        "nauc_precision_at_5_diff1": 0.514819,
        "nauc_precision_at_10_max": 0.592509,
        "nauc_precision_at_10_std": 0.3114,
        "nauc_precision_at_10_diff1": 0.468098,
        "nauc_precision_at_20_max": 0.557141,
        "nauc_precision_at_20_std": 0.41511,
        "nauc_precision_at_20_diff1": 0.360092,
        "nauc_precision_at_100_max": 0.483471,
        "nauc_precision_at_100_std": 0.39615,
        "nauc_precision_at_100_diff1": 0.24227,
        "nauc_precision_at_1000_max": 0.318877,
        "nauc_precision_at_1000_std": 0.496622,
        "nauc_precision_at_1000_diff1": 0.031774,
        "nauc_mrr_at_1_max": 0.441459,
        "nauc_mrr_at_1_std": 0.02819,
        "nauc_mrr_at_1_diff1": 0.732086,
        "nauc_mrr_at_3_max": 0.472105,
        "nauc_mrr_at_3_std": 0.060217,
        "nauc_mrr_at_3_diff1": 0.696455,
        "nauc_mrr_at_5_max": 0.485414,
        "nauc_mrr_at_5_std": 0.074317,
        "nauc_mrr_at_5_diff1": 0.692836,
        "nauc_mrr_at_10_max": 0.489075,
        "nauc_mrr_at_10_std": 0.076648,
        "nauc_mrr_at_10_diff1": 0.693426,
        "nauc_mrr_at_20_max": 0.489071,
        "nauc_mrr_at_20_std": 0.078939,
        "nauc_mrr_at_20_diff1": 0.692812,
        "nauc_mrr_at_100_max": 0.487965,
        "nauc_mrr_at_100_std": 0.076417,
        "nauc_mrr_at_100_diff1": 0.692734,
        "nauc_mrr_at_1000_max": 0.487606,
        "nauc_mrr_at_1000_std": 0.076397,
        "nauc_mrr_at_1000_diff1": 0.692724,
        "main_score": 0.53684,
        "hf_subset": "default",
        "languages": [
          "eng-Latn"
        ]
      }
    ]
  },
  "evaluation_time": 7.696638822555542,
  "kg_co2_emissions": null
}