{
  "dataset_revision": "0228b52cf27578f30900b9e5271d331663a030d7",
  "task_name": "SciFact",
  "mteb_version": "1.39.7",
  "scores": {
    "test": [
      {
        "ndcg_at_1": 0.29,
        "ndcg_at_3": 0.34796,
        "ndcg_at_5": 0.36698,
        "ndcg_at_10": 0.38138,
        "ndcg_at_20": 0.39559,
        "ndcg_at_100": 0.42884,
        "ndcg_at_1000": 0.45211,
        "map_at_1": 0.27289,
        "map_at_3": 0.32731,
        "map_at_5": 0.33934,
        "map_at_10": 0.34539,
        "map_at_20": 0.34956,
        "map_at_100": 0.35451,
        "map_at_1000": 0.35522,
        "recall_at_1": 0.27289,
        "recall_at_3": 0.38717,
        "recall_at_5": 0.43422,
        "recall_at_10": 0.47667,
        "recall_at_20": 0.53067,
        "recall_at_100": 0.70478,
        "recall_at_1000": 0.89589,
        "precision_at_1": 0.29,
        "precision_at_3": 0.14111,
        "precision_at_5": 0.096,
        "precision_at_10": 0.05367,
        "precision_at_20": 0.03017,
        "precision_at_100": 0.00803,
        "precision_at_1000": 0.00102,
        "mrr_at_1": 0.29,
        "mrr_at_3": 0.344444,
        "mrr_at_5": 0.354444,
        "mrr_at_10": 0.360081,
        "mrr_at_20": 0.363678,
        "mrr_at_100": 0.36797,
        "mrr_at_1000": 0.368588,
        "nauc_ndcg_at_1_max": 0.465411,
        "nauc_ndcg_at_1_std": -0.10201,
        "nauc_ndcg_at_1_diff1": 0.583094,
        "nauc_ndcg_at_3_max": 0.452083,
        "nauc_ndcg_at_3_std": -0.114072,
        "nauc_ndcg_at_3_diff1": 0.510502,
        "nauc_ndcg_at_5_max": 0.447037,
        "nauc_ndcg_at_5_std": -0.118772,
        "nauc_ndcg_at_5_diff1": 0.485015,
        "nauc_ndcg_at_10_max": 0.44027,
        "nauc_ndcg_at_10_std": -0.097403,
        "nauc_ndcg_at_10_diff1": 0.476701,
        "nauc_ndcg_at_20_max": 0.442886,
        "nauc_ndcg_at_20_std": -0.093545,
        "nauc_ndcg_at_20_diff1": 0.469694,
        "nauc_ndcg_at_100_max": 0.454236,
        "nauc_ndcg_at_100_std": -0.095295,
        "nauc_ndcg_at_100_diff1": 0.475109,
        "nauc_ndcg_at_1000_max": 0.456639,
        "nauc_ndcg_at_1000_std": -0.099192,
        "nauc_ndcg_at_1000_diff1": 0.478278,
        "nauc_map_at_1_max": 0.42423,
        "nauc_map_at_1_std": -0.119542,
        "nauc_map_at_1_diff1": 0.565743,
        "nauc_map_at_3_max": 0.436065,
        "nauc_map_at_3_std": -0.123538,
        "nauc_map_at_3_diff1": 0.518587,
        "nauc_map_at_5_max": 0.439898,
        "nauc_map_at_5_std": -0.124153,
        "nauc_map_at_5_diff1": 0.505106,
        "nauc_map_at_10_max": 0.438171,
        "nauc_map_at_10_std": -0.114702,
        "nauc_map_at_10_diff1": 0.501697,
        "nauc_map_at_20_max": 0.439569,
        "nauc_map_at_20_std": -0.113876,
        "nauc_map_at_20_diff1": 0.499696,
        "nauc_map_at_100_max": 0.442061,
        "nauc_map_at_100_std": -0.113878,
        "nauc_map_at_100_diff1": 0.500985,
        "nauc_map_at_1000_max": 0.442124,
        "nauc_map_at_1000_std": -0.113825,
        "nauc_map_at_1000_diff1": 0.501009,
        "nauc_recall_at_1_max": 0.42423,
        "nauc_recall_at_1_std": -0.119542,
        "nauc_recall_at_1_diff1": 0.565743,
        "nauc_recall_at_3_max": 0.444207,
        "nauc_recall_at_3_std": -0.113374,
        "nauc_recall_at_3_diff1": 0.46732,
        "nauc_recall_at_5_max": 0.431777,
        "nauc_recall_at_5_std": -0.115712,
        "nauc_recall_at_5_diff1": 0.404821,
        "nauc_recall_at_10_max": 0.403529,
        "nauc_recall_at_10_std": -0.061135,
        "nauc_recall_at_10_diff1": 0.375024,
        "nauc_recall_at_20_max": 0.404353,
        "nauc_recall_at_20_std": -0.041668,
        "nauc_recall_at_20_diff1": 0.337405,
        "nauc_recall_at_100_max": 0.460929,
        "nauc_recall_at_100_std": -0.040553,
        "nauc_recall_at_100_diff1": 0.32935,
        "nauc_recall_at_1000_max": 0.560161,
        "nauc_recall_at_1000_std": -0.076118,
        "nauc_recall_at_1000_diff1": 0.231959,
        "nauc_precision_at_1_max": 0.465411,
        "nauc_precision_at_1_std": -0.10201,
        "nauc_precision_at_1_diff1": 0.583094,
        "nauc_precision_at_3_max": 0.508818,
        "nauc_precision_at_3_std": -0.101736,
        "nauc_precision_at_3_diff1": 0.4611,
        "nauc_precision_at_5_max": 0.512047,
        "nauc_precision_at_5_std": -0.097186,
        "nauc_precision_at_5_diff1": 0.384832,
        "nauc_precision_at_10_max": 0.488019,
        "nauc_precision_at_10_std": -0.009125,
        "nauc_precision_at_10_diff1": 0.349471,
        "nauc_precision_at_20_max": 0.487407,
        "nauc_precision_at_20_std": 0.017363,
        "nauc_precision_at_20_diff1": 0.307673,
        "nauc_precision_at_100_max": 0.525179,
        "nauc_precision_at_100_std": 0.057407,
        "nauc_precision_at_100_diff1": 0.274875,
        "nauc_precision_at_1000_max": 0.475155,
        "nauc_precision_at_1000_std": 0.106345,
        "nauc_precision_at_1000_diff1": 0.16148,
        "nauc_mrr_at_1_max": 0.465411,
        "nauc_mrr_at_1_std": -0.10201,
        "nauc_mrr_at_1_diff1": 0.583094,
        "nauc_mrr_at_3_max": 0.469983,
        "nauc_mrr_at_3_std": -0.10223,
        "nauc_mrr_at_3_diff1": 0.536802,
        "nauc_mrr_at_5_max": 0.464804,
        "nauc_mrr_at_5_std": -0.102926,
        "nauc_mrr_at_5_diff1": 0.523094,
        "nauc_mrr_at_10_max": 0.461709,
        "nauc_mrr_at_10_std": -0.094163,
        "nauc_mrr_at_10_diff1": 0.520152,
        "nauc_mrr_at_20_max": 0.461744,
        "nauc_mrr_at_20_std": -0.094141,
        "nauc_mrr_at_20_diff1": 0.518277,
        "nauc_mrr_at_100_max": 0.461854,
        "nauc_mrr_at_100_std": -0.094902,
        "nauc_mrr_at_100_diff1": 0.518626,
        "nauc_mrr_at_1000_max": 0.461801,
        "nauc_mrr_at_1000_std": -0.095036,
        "nauc_mrr_at_1000_diff1": 0.518605,
        "main_score": 0.38138,
        "hf_subset": "default",
        "languages": [
          "eng-Latn"
        ]
      }
    ]
  },
  "evaluation_time": 35.22841930389404,
  "kg_co2_emissions": null
}