{
  "dataset_revision": "f8c2fcf00f625baaa80f62ec5bd9e1fff3b8ae88",
  "task_name": "SCIDOCS",
  "mteb_version": "1.39.7",
  "scores": {
    "test": [
      {
        "ndcg_at_1": 0.0,
        "ndcg_at_3": 0.00053,
        "ndcg_at_5": 0.00038,
        "ndcg_at_10": 0.0008,
        "ndcg_at_20": 0.00112,
        "ndcg_at_100": 0.00346,
        "ndcg_at_1000": 0.01101,
        "map_at_1": 0.0,
        "map_at_3": 0.00017,
        "map_at_5": 0.00017,
        "map_at_10": 0.00026,
        "map_at_20": 0.0003,
        "map_at_100": 0.00046,
        "map_at_1000": 0.00058,
        "recall_at_1": 0.0,
        "recall_at_3": 0.0004,
        "recall_at_5": 0.0004,
        "recall_at_10": 0.0012,
        "recall_at_20": 0.002,
        "recall_at_100": 0.01023,
        "recall_at_1000": 0.04902,
        "precision_at_1": 0.0,
        "precision_at_3": 0.00067,
        "precision_at_5": 0.0004,
        "precision_at_10": 0.0006,
        "precision_at_20": 0.0005,
        "precision_at_100": 0.0005,
        "precision_at_1000": 0.00024,
        "mrr_at_1": 0.0,
        "mrr_at_3": 0.000833,
        "mrr_at_5": 0.000833,
        "mrr_at_10": 0.0013,
        "mrr_at_20": 0.001524,
        "mrr_at_100": 0.002214,
        "mrr_at_1000": 0.002704,
        "nauc_ndcg_at_1_max": NaN,
        "nauc_ndcg_at_1_std": NaN,
        "nauc_ndcg_at_1_diff1": NaN,
        "nauc_ndcg_at_3_max": -0.180175,
        "nauc_ndcg_at_3_std": 0.402746,
        "nauc_ndcg_at_3_diff1": -0.040206,
        "nauc_ndcg_at_5_max": -0.180175,
        "nauc_ndcg_at_5_std": 0.402746,
        "nauc_ndcg_at_5_diff1": -0.040206,
        "nauc_ndcg_at_10_max": -0.100786,
        "nauc_ndcg_at_10_std": 0.456342,
        "nauc_ndcg_at_10_diff1": -0.003526,
        "nauc_ndcg_at_20_max": -0.062497,
        "nauc_ndcg_at_20_std": 0.387409,
        "nauc_ndcg_at_20_diff1": -0.133305,
        "nauc_ndcg_at_100_max": 0.070217,
        "nauc_ndcg_at_100_std": 0.1835,
        "nauc_ndcg_at_100_diff1": -0.001954,
        "nauc_ndcg_at_1000_max": 0.017987,
        "nauc_ndcg_at_1000_std": 0.075035,
        "nauc_ndcg_at_1000_diff1": -0.009522,
        "nauc_map_at_1_max": NaN,
        "nauc_map_at_1_std": NaN,
        "nauc_map_at_1_diff1": NaN,
        "nauc_map_at_3_max": -0.169734,
        "nauc_map_at_3_std": 0.35766,
        "nauc_map_at_3_diff1": -0.005527,
        "nauc_map_at_5_max": -0.169734,
        "nauc_map_at_5_std": 0.35766,
        "nauc_map_at_5_diff1": -0.005527,
        "nauc_map_at_10_max": -0.1246,
        "nauc_map_at_10_std": 0.42738,
        "nauc_map_at_10_diff1": 0.009639,
        "nauc_map_at_20_max": -0.102494,
        "nauc_map_at_20_std": 0.394877,
        "nauc_map_at_20_diff1": -0.058858,
        "nauc_map_at_100_max": -0.020297,
        "nauc_map_at_100_std": 0.300206,
        "nauc_map_at_100_diff1": 0.010751,
        "nauc_map_at_1000_max": -0.019353,
        "nauc_map_at_1000_std": 0.24611,
        "nauc_map_at_1000_diff1": 0.011987,
        "nauc_recall_at_1_max": NaN,
        "nauc_recall_at_1_std": NaN,
        "nauc_recall_at_1_diff1": NaN,
        "nauc_recall_at_3_max": -0.194526,
        "nauc_recall_at_3_std": 0.464717,
        "nauc_recall_at_3_diff1": -0.087872,
        "nauc_recall_at_5_max": -0.194526,
        "nauc_recall_at_5_std": 0.464717,
        "nauc_recall_at_5_diff1": -0.087872,
        "nauc_recall_at_10_max": -0.076201,
        "nauc_recall_at_10_std": 0.473035,
        "nauc_recall_at_10_diff1": -0.011672,
        "nauc_recall_at_20_max": -0.031124,
        "nauc_recall_at_20_std": 0.371666,
        "nauc_recall_at_20_diff1": -0.189938,
        "nauc_recall_at_100_max": 0.10067,
        "nauc_recall_at_100_std": 0.138702,
        "nauc_recall_at_100_diff1": -0.001806,
        "nauc_recall_at_1000_max": 0.020762,
        "nauc_recall_at_1000_std": 0.046846,
        "nauc_recall_at_1000_diff1": -0.010204,
        "nauc_precision_at_1_max": NaN,
        "nauc_precision_at_1_std": NaN,
        "nauc_precision_at_1_diff1": NaN,
        "nauc_precision_at_3_max": -0.194526,
        "nauc_precision_at_3_std": 0.464717,
        "nauc_precision_at_3_diff1": -0.087872,
        "nauc_precision_at_5_max": -0.194526,
        "nauc_precision_at_5_std": 0.464717,
        "nauc_precision_at_5_diff1": -0.087872,
        "nauc_precision_at_10_max": -0.076201,
        "nauc_precision_at_10_std": 0.473035,
        "nauc_precision_at_10_diff1": -0.011672,
        "nauc_precision_at_20_max": -0.031124,
        "nauc_precision_at_20_std": 0.371666,
        "nauc_precision_at_20_diff1": -0.189938,
        "nauc_precision_at_100_max": 0.094167,
        "nauc_precision_at_100_std": 0.131709,
        "nauc_precision_at_100_diff1": -0.01363,
        "nauc_precision_at_1000_max": 0.016386,
        "nauc_precision_at_1000_std": 0.041223,
        "nauc_precision_at_1000_diff1": -0.017139,
        "nauc_mrr_at_1_max": NaN,
        "nauc_mrr_at_1_std": NaN,
        "nauc_mrr_at_1_diff1": NaN,
        "nauc_mrr_at_3_max": -0.169734,
        "nauc_mrr_at_3_std": 0.35766,
        "nauc_mrr_at_3_diff1": -0.005527,
        "nauc_mrr_at_5_max": -0.169734,
        "nauc_mrr_at_5_std": 0.35766,
        "nauc_mrr_at_5_diff1": -0.005527,
        "nauc_mrr_at_10_max": -0.1246,
        "nauc_mrr_at_10_std": 0.42738,
        "nauc_mrr_at_10_diff1": 0.009639,
        "nauc_mrr_at_20_max": -0.102494,
        "nauc_mrr_at_20_std": 0.394877,
        "nauc_mrr_at_20_diff1": -0.058858,
        "nauc_mrr_at_100_max": -0.025256,
        "nauc_mrr_at_100_std": 0.304704,
        "nauc_mrr_at_100_diff1": -0.004217,
        "nauc_mrr_at_1000_max": -0.03151,
        "nauc_mrr_at_1000_std": 0.253133,
        "nauc_mrr_at_1000_diff1": -0.008596,
        "main_score": 0.0008,
        "hf_subset": "default",
        "languages": [
          "eng-Latn"
        ]
      }
    ]
  },
  "evaluation_time": 141.81644225120544,
  "kg_co2_emissions": null
}