{
  "dataset_revision": "0228b52cf27578f30900b9e5271d331663a030d7",
  "task_name": "SciFact",
  "mteb_version": "1.39.7",
  "scores": {
    "test": [
      {
        "ndcg_at_1": 0.32333,
        "ndcg_at_3": 0.36588,
        "ndcg_at_5": 0.37699,
        "ndcg_at_10": 0.39777,
        "ndcg_at_20": 0.41312,
        "ndcg_at_100": 0.44441,
        "ndcg_at_1000": 0.46786,
        "map_at_1": 0.30456,
        "map_at_3": 0.34607,
        "map_at_5": 0.35406,
        "map_at_10": 0.36261,
        "map_at_20": 0.36717,
        "map_at_100": 0.37191,
        "map_at_1000": 0.37274,
        "recall_at_1": 0.30456,
        "recall_at_3": 0.3995,
        "recall_at_5": 0.42683,
        "recall_at_10": 0.48983,
        "recall_at_20": 0.54844,
        "recall_at_100": 0.71256,
        "recall_at_1000": 0.89756,
        "precision_at_1": 0.32333,
        "precision_at_3": 0.14556,
        "precision_at_5": 0.096,
        "precision_at_10": 0.05567,
        "precision_at_20": 0.03133,
        "precision_at_100": 0.00817,
        "precision_at_1000": 0.00102,
        "mrr_at_1": 0.323333,
        "mrr_at_3": 0.365,
        "mrr_at_5": 0.371167,
        "mrr_at_10": 0.37921,
        "mrr_at_20": 0.383104,
        "mrr_at_100": 0.386832,
        "mrr_at_1000": 0.387642,
        "nauc_ndcg_at_1_max": 0.533961,
        "nauc_ndcg_at_1_std": -0.083674,
        "nauc_ndcg_at_1_diff1": 0.564188,
        "nauc_ndcg_at_3_max": 0.511843,
        "nauc_ndcg_at_3_std": -0.123015,
        "nauc_ndcg_at_3_diff1": 0.489008,
        "nauc_ndcg_at_5_max": 0.521636,
        "nauc_ndcg_at_5_std": -0.115912,
        "nauc_ndcg_at_5_diff1": 0.483506,
        "nauc_ndcg_at_10_max": 0.514914,
        "nauc_ndcg_at_10_std": -0.114941,
        "nauc_ndcg_at_10_diff1": 0.460975,
        "nauc_ndcg_at_20_max": 0.5065,
        "nauc_ndcg_at_20_std": -0.112536,
        "nauc_ndcg_at_20_diff1": 0.460483,
        "nauc_ndcg_at_100_max": 0.518615,
        "nauc_ndcg_at_100_std": -0.099221,
        "nauc_ndcg_at_100_diff1": 0.461288,
        "nauc_ndcg_at_1000_max": 0.523103,
        "nauc_ndcg_at_1000_std": -0.109305,
        "nauc_ndcg_at_1000_diff1": 0.470693,
        "nauc_map_at_1_max": 0.496343,
        "nauc_map_at_1_std": -0.105087,
        "nauc_map_at_1_diff1": 0.541736,
        "nauc_map_at_3_max": 0.501943,
        "nauc_map_at_3_std": -0.126644,
        "nauc_map_at_3_diff1": 0.50068,
        "nauc_map_at_5_max": 0.513077,
        "nauc_map_at_5_std": -0.118948,
        "nauc_map_at_5_diff1": 0.498102,
        "nauc_map_at_10_max": 0.511127,
        "nauc_map_at_10_std": -0.118081,
        "nauc_map_at_10_diff1": 0.489462,
        "nauc_map_at_20_max": 0.510726,
        "nauc_map_at_20_std": -0.117518,
        "nauc_map_at_20_diff1": 0.489285,
        "nauc_map_at_100_max": 0.513301,
        "nauc_map_at_100_std": -0.114592,
        "nauc_map_at_100_diff1": 0.489345,
        "nauc_map_at_1000_max": 0.513482,
        "nauc_map_at_1000_std": -0.11511,
        "nauc_map_at_1000_diff1": 0.48961,
        "nauc_recall_at_1_max": 0.496343,
        "nauc_recall_at_1_std": -0.105087,
        "nauc_recall_at_1_diff1": 0.541736,
        "nauc_recall_at_3_max": 0.490876,
        "nauc_recall_at_3_std": -0.150325,
        "nauc_recall_at_3_diff1": 0.428399,
        "nauc_recall_at_5_max": 0.514167,
        "nauc_recall_at_5_std": -0.123035,
        "nauc_recall_at_5_diff1": 0.417674,
        "nauc_recall_at_10_max": 0.484792,
        "nauc_recall_at_10_std": -0.127822,
        "nauc_recall_at_10_diff1": 0.343925,
        "nauc_recall_at_20_max": 0.439621,
        "nauc_recall_at_20_std": -0.11738,
        "nauc_recall_at_20_diff1": 0.336308,
        "nauc_recall_at_100_max": 0.495936,
        "nauc_recall_at_100_std": -0.048142,
        "nauc_recall_at_100_diff1": 0.30754,
        "nauc_recall_at_1000_max": 0.563253,
        "nauc_recall_at_1000_std": -0.183508,
        "nauc_recall_at_1000_diff1": 0.334512,
        "nauc_precision_at_1_max": 0.533961,
        "nauc_precision_at_1_std": -0.083674,
        "nauc_precision_at_1_diff1": 0.564188,
        "nauc_precision_at_3_max": 0.548103,
        "nauc_precision_at_3_std": -0.091013,
        "nauc_precision_at_3_diff1": 0.454859,
        "nauc_precision_at_5_max": 0.579105,
        "nauc_precision_at_5_std": -0.053324,
        "nauc_precision_at_5_diff1": 0.407359,
        "nauc_precision_at_10_max": 0.549833,
        "nauc_precision_at_10_std": -0.014982,
        "nauc_precision_at_10_diff1": 0.329816,
        "nauc_precision_at_20_max": 0.519688,
        "nauc_precision_at_20_std": 0.008157,
        "nauc_precision_at_20_diff1": 0.299297,
        "nauc_precision_at_100_max": 0.507114,
        "nauc_precision_at_100_std": 0.130505,
        "nauc_precision_at_100_diff1": 0.23266,
        "nauc_precision_at_1000_max": 0.469794,
        "nauc_precision_at_1000_std": 0.158497,
        "nauc_precision_at_1000_diff1": 0.171599,
        "nauc_mrr_at_1_max": 0.533961,
        "nauc_mrr_at_1_std": -0.083674,
        "nauc_mrr_at_1_diff1": 0.564188,
        "nauc_mrr_at_3_max": 0.528517,
        "nauc_mrr_at_3_std": -0.103305,
        "nauc_mrr_at_3_diff1": 0.52137,
        "nauc_mrr_at_5_max": 0.533838,
        "nauc_mrr_at_5_std": -0.098243,
        "nauc_mrr_at_5_diff1": 0.518767,
        "nauc_mrr_at_10_max": 0.531094,
        "nauc_mrr_at_10_std": -0.099242,
        "nauc_mrr_at_10_diff1": 0.50807,
        "nauc_mrr_at_20_max": 0.526735,
        "nauc_mrr_at_20_std": -0.099269,
        "nauc_mrr_at_20_diff1": 0.50801,
        "nauc_mrr_at_100_max": 0.528109,
        "nauc_mrr_at_100_std": -0.097858,
        "nauc_mrr_at_100_diff1": 0.508178,
        "nauc_mrr_at_1000_max": 0.528337,
        "nauc_mrr_at_1000_std": -0.098388,
        "nauc_mrr_at_1000_diff1": 0.508422,
        "main_score": 0.39777,
        "hf_subset": "default",
        "languages": [
          "eng-Latn"
        ]
      }
    ]
  },
  "evaluation_time": 27.142261505126953,
  "kg_co2_emissions": null
}