{
  "dataset_revision": "0228b52cf27578f30900b9e5271d331663a030d7",
  "task_name": "SciFact",
  "mteb_version": "1.39.7",
  "scores": {
    "test": [
      {
        "ndcg_at_1": 0.40667,
        "ndcg_at_3": 0.47999,
        "ndcg_at_5": 0.5093,
        "ndcg_at_10": 0.53348,
        "ndcg_at_20": 0.55009,
        "ndcg_at_100": 0.57165,
        "ndcg_at_1000": 0.5873,
        "map_at_1": 0.384,
        "map_at_3": 0.45308,
        "map_at_5": 0.47081,
        "map_at_10": 0.48167,
        "map_at_20": 0.48702,
        "map_at_100": 0.49012,
        "map_at_1000": 0.4907,
        "recall_at_1": 0.384,
        "recall_at_3": 0.53133,
        "recall_at_5": 0.60461,
        "recall_at_10": 0.67389,
        "recall_at_20": 0.73606,
        "recall_at_100": 0.85189,
        "recall_at_1000": 0.97333,
        "precision_at_1": 0.40667,
        "precision_at_3": 0.19333,
        "precision_at_5": 0.13333,
        "precision_at_10": 0.075,
        "precision_at_20": 0.04167,
        "precision_at_100": 0.00963,
        "precision_at_1000": 0.0011,
        "mrr_at_1": 0.406667,
        "mrr_at_3": 0.473889,
        "mrr_at_5": 0.489722,
        "mrr_at_10": 0.500333,
        "mrr_at_20": 0.503948,
        "mrr_at_100": 0.506293,
        "mrr_at_1000": 0.506825,
        "nauc_ndcg_at_1_max": 0.457409,
        "nauc_ndcg_at_1_std": 0.030953,
        "nauc_ndcg_at_1_diff1": 0.727896,
        "nauc_ndcg_at_3_max": 0.487298,
        "nauc_ndcg_at_3_std": 0.051251,
        "nauc_ndcg_at_3_diff1": 0.649525,
        "nauc_ndcg_at_5_max": 0.49789,
        "nauc_ndcg_at_5_std": 0.068089,
        "nauc_ndcg_at_5_diff1": 0.636213,
        "nauc_ndcg_at_10_max": 0.510154,
        "nauc_ndcg_at_10_std": 0.076936,
        "nauc_ndcg_at_10_diff1": 0.63848,
        "nauc_ndcg_at_20_max": 0.51291,
        "nauc_ndcg_at_20_std": 0.092297,
        "nauc_ndcg_at_20_diff1": 0.631518,
        "nauc_ndcg_at_100_max": 0.505427,
        "nauc_ndcg_at_100_std": 0.078789,
        "nauc_ndcg_at_100_diff1": 0.631317,
        "nauc_ndcg_at_1000_max": 0.498757,
        "nauc_ndcg_at_1000_std": 0.076717,
        "nauc_ndcg_at_1000_diff1": 0.639688,
        "nauc_map_at_1_max": 0.423037,
        "nauc_map_at_1_std": -0.007669,
        "nauc_map_at_1_diff1": 0.708712,
        "nauc_map_at_3_max": 0.464914,
        "nauc_map_at_3_std": 0.025277,
        "nauc_map_at_3_diff1": 0.662228,
        "nauc_map_at_5_max": 0.473876,
        "nauc_map_at_5_std": 0.039334,
        "nauc_map_at_5_diff1": 0.654515,
        "nauc_map_at_10_max": 0.479883,
        "nauc_map_at_10_std": 0.0445,
        "nauc_map_at_10_diff1": 0.655208,
        "nauc_map_at_20_max": 0.482816,
        "nauc_map_at_20_std": 0.050751,
        "nauc_map_at_20_diff1": 0.653457,
        "nauc_map_at_100_max": 0.482094,
        "nauc_map_at_100_std": 0.049426,
        "nauc_map_at_100_diff1": 0.653771,
        "nauc_map_at_1000_max": 0.481782,
        "nauc_map_at_1000_std": 0.049256,
        "nauc_map_at_1000_diff1": 0.653981,
        "nauc_recall_at_1_max": 0.423037,
        "nauc_recall_at_1_std": -0.007669,
        "nauc_recall_at_1_diff1": 0.708712,
        "nauc_recall_at_3_max": 0.504893,
        "nauc_recall_at_3_std": 0.061416,
        "nauc_recall_at_3_diff1": 0.587068,
        "nauc_recall_at_5_max": 0.537226,
        "nauc_recall_at_5_std": 0.110242,
        "nauc_recall_at_5_diff1": 0.546732,
        "nauc_recall_at_10_max": 0.573145,
        "nauc_recall_at_10_std": 0.135352,
        "nauc_recall_at_10_diff1": 0.538628,
        "nauc_recall_at_20_max": 0.589635,
        "nauc_recall_at_20_std": 0.211644,
        "nauc_recall_at_20_diff1": 0.488387,
        "nauc_recall_at_100_max": 0.566782,
        "nauc_recall_at_100_std": 0.130156,
        "nauc_recall_at_100_diff1": 0.410688,
        "nauc_recall_at_1000_max": 0.338994,
        "nauc_recall_at_1000_std": 0.192519,
        "nauc_recall_at_1000_diff1": 0.219946,
        "nauc_precision_at_1_max": 0.457409,
        "nauc_precision_at_1_std": 0.030953,
        "nauc_precision_at_1_diff1": 0.727896,
        "nauc_precision_at_3_max": 0.542599,
        "nauc_precision_at_3_std": 0.177309,
        "nauc_precision_at_3_diff1": 0.551096,
        "nauc_precision_at_5_max": 0.54913,
        "nauc_precision_at_5_std": 0.253648,
        "nauc_precision_at_5_diff1": 0.458023,
        "nauc_precision_at_10_max": 0.579207,
        "nauc_precision_at_10_std": 0.314186,
        "nauc_precision_at_10_diff1": 0.410727,
        "nauc_precision_at_20_max": 0.5334,
        "nauc_precision_at_20_std": 0.400344,
        "nauc_precision_at_20_diff1": 0.299793,
        "nauc_precision_at_100_max": 0.427839,
        "nauc_precision_at_100_std": 0.376421,
        "nauc_precision_at_100_diff1": 0.175213,
        "nauc_precision_at_1000_max": 0.258467,
        "nauc_precision_at_1000_std": 0.446073,
        "nauc_precision_at_1000_diff1": 0.030857,
        "nauc_mrr_at_1_max": 0.457409,
        "nauc_mrr_at_1_std": 0.030953,
        "nauc_mrr_at_1_diff1": 0.727896,
        "nauc_mrr_at_3_max": 0.485173,
        "nauc_mrr_at_3_std": 0.067801,
        "nauc_mrr_at_3_diff1": 0.675162,
        "nauc_mrr_at_5_max": 0.491033,
        "nauc_mrr_at_5_std": 0.076211,
        "nauc_mrr_at_5_diff1": 0.669099,
        "nauc_mrr_at_10_max": 0.497116,
        "nauc_mrr_at_10_std": 0.07977,
        "nauc_mrr_at_10_diff1": 0.672828,
        "nauc_mrr_at_20_max": 0.495659,
        "nauc_mrr_at_20_std": 0.080001,
        "nauc_mrr_at_20_diff1": 0.671242,
        "nauc_mrr_at_100_max": 0.494273,
        "nauc_mrr_at_100_std": 0.077512,
        "nauc_mrr_at_100_diff1": 0.670875,
        "nauc_mrr_at_1000_max": 0.493999,
        "nauc_mrr_at_1000_std": 0.077332,
        "nauc_mrr_at_1000_diff1": 0.671067,
        "main_score": 0.53348,
        "hf_subset": "default",
        "languages": [
          "eng-Latn"
        ]
      }
    ]
  },
  "evaluation_time": 7.712934970855713,
  "kg_co2_emissions": null
}