{
  "map_at_10": 0.0151,
  "mrr_at_10": 0.9158333333333334,
  "ndcg_at_10": 0.66699,
  "recall_at_10": 0.01711,
  "recall_at_100": 0.10997
}
