{
  "map_at_10": 0.01511,
  "mrr_at_10": 0.9145238095238095,
  "ndcg_at_10": 0.66877,
  "recall_at_10": 0.01706,
  "recall_at_100": 0.11065
}
