{
  "map_at_10": 0.01513,
  "mrr_at_10": 0.9145238095238095,
  "ndcg_at_10": 0.66877,
  "recall_at_10": 0.01711,
  "recall_at_100": 0.11
}
