{
  "map_at_10": 0.0151,
  "mrr_at_10": 0.9158333333333334,
  "ndcg_at_10": 0.66796,
  "recall_at_10": 0.01706,
  "recall_at_100": 0.11028
}
