{
  "map_at_10": 0.01472,
  "mrr_at_10": 0.8861904761904762,
  "ndcg_at_10": 0.6594,
  "recall_at_10": 0.01691,
  "recall_at_100": 0.10991
}
