{
  "map_at_10": 0.01514,
  "mrr_at_10": 0.9125,
  "ndcg_at_10": 0.66846,
  "recall_at_10": 0.01715,
  "recall_at_100": 0.11002
}
