{
  "map_at_10": 0.01509,
  "mrr_at_10": 0.9141666666666667,
  "ndcg_at_10": 0.66724,
  "recall_at_10": 0.01706,
  "recall_at_100": 0.11026
}
