{
  "map_at_10": 0.01502,
  "mrr_at_10": 0.9125,
  "ndcg_at_10": 0.66437,
  "recall_at_10": 0.01697,
  "recall_at_100": 0.11027
}
