{
  "map_at_10": 0.01502,
  "mrr_at_10": 0.9141666666666667,
  "ndcg_at_10": 0.66444,
  "recall_at_10": 0.01697,
  "recall_at_100": 0.10994
}
