{
  "dataset_revision": "c22ab2a51041ffd869aaddef7af8d8215647e41a",
  "task_name": "ArguAna",
  "mteb_version": "1.39.7",
  "scores": {
    "test": [
      {
        "ndcg_at_1": 0.0,
        "ndcg_at_3": 0.00045,
        "ndcg_at_5": 0.00045,
        "ndcg_at_10": 0.00045,
        "ndcg_at_20": 0.00081,
        "ndcg_at_100": 0.00191,
        "ndcg_at_1000": 0.01785,
        "map_at_1": 0.0,
        "map_at_3": 0.00036,
        "map_at_5": 0.00036,
        "map_at_10": 0.00036,
        "map_at_20": 0.00046,
        "map_at_100": 0.00058,
        "map_at_1000": 0.00094,
        "recall_at_1": 0.0,
        "recall_at_3": 0.00071,
        "recall_at_5": 0.00071,
        "recall_at_10": 0.00071,
        "recall_at_20": 0.00213,
        "recall_at_100": 0.00853,
        "recall_at_1000": 0.14936,
        "precision_at_1": 0.0,
        "precision_at_3": 0.00024,
        "precision_at_5": 0.00014,
        "precision_at_10": 7e-05,
        "precision_at_20": 0.00011,
        "precision_at_100": 9e-05,
        "precision_at_1000": 0.00015,
        "mrr_at_1": 0.0,
        "mrr_at_3": 0.000356,
        "mrr_at_5": 0.000356,
        "mrr_at_10": 0.000427,
        "mrr_at_20": 0.000537,
        "mrr_at_100": 0.000748,
        "mrr_at_1000": 0.001104,
        "nauc_ndcg_at_1_max": NaN,
        "nauc_ndcg_at_1_std": NaN,
        "nauc_ndcg_at_1_diff1": NaN,
        "nauc_ndcg_at_3_max": -0.318691,
        "nauc_ndcg_at_3_std": -0.415374,
        "nauc_ndcg_at_3_diff1": -0.415374,
        "nauc_ndcg_at_5_max": -0.318691,
        "nauc_ndcg_at_5_std": -0.415374,
        "nauc_ndcg_at_5_diff1": -0.415374,
        "nauc_ndcg_at_10_max": -0.318691,
        "nauc_ndcg_at_10_std": -0.415374,
        "nauc_ndcg_at_10_diff1": -0.415374,
        "nauc_ndcg_at_20_max": -0.277055,
        "nauc_ndcg_at_20_std": -0.027605,
        "nauc_ndcg_at_20_diff1": 0.138111,
        "nauc_ndcg_at_100_max": -0.26196,
        "nauc_ndcg_at_100_std": 0.139677,
        "nauc_ndcg_at_100_diff1": -0.058233,
        "nauc_ndcg_at_1000_max": -0.039682,
        "nauc_ndcg_at_1000_std": 0.026482,
        "nauc_ndcg_at_1000_diff1": -0.016543,
        "nauc_map_at_1_max": NaN,
        "nauc_map_at_1_std": NaN,
        "nauc_map_at_1_diff1": NaN,
        "nauc_map_at_3_max": -0.318691,
        "nauc_map_at_3_std": -0.415374,
        "nauc_map_at_3_diff1": -0.415374,
        "nauc_map_at_5_max": -0.318691,
        "nauc_map_at_5_std": -0.415374,
        "nauc_map_at_5_diff1": -0.415374,
        "nauc_map_at_10_max": -0.318691,
        "nauc_map_at_10_std": -0.415374,
        "nauc_map_at_10_diff1": -0.415374,
        "nauc_map_at_20_max": -0.308315,
        "nauc_map_at_20_std": -0.198341,
        "nauc_map_at_20_diff1": -0.142144,
        "nauc_map_at_100_max": -0.304232,
        "nauc_map_at_100_std": -0.107477,
        "nauc_map_at_100_diff1": -0.168855,
        "nauc_map_at_1000_max": -0.212618,
        "nauc_map_at_1000_std": -0.06533,
        "nauc_map_at_1000_diff1": -0.117248,
        "nauc_recall_at_1_max": NaN,
        "nauc_recall_at_1_std": NaN,
        "nauc_recall_at_1_diff1": NaN,
        "nauc_recall_at_3_max": -0.318691,
        "nauc_recall_at_3_std": -0.415374,
        "nauc_recall_at_3_diff1": -0.415374,
        "nauc_recall_at_5_max": -0.318691,
        "nauc_recall_at_5_std": -0.415374,
        "nauc_recall_at_5_diff1": -0.415374,
        "nauc_recall_at_10_max": -0.318691,
        "nauc_recall_at_10_std": -0.415374,
        "nauc_recall_at_10_diff1": -0.415374,
        "nauc_recall_at_20_max": -0.239997,
        "nauc_recall_at_20_std": 0.126218,
        "nauc_recall_at_20_diff1": 0.415755,
        "nauc_recall_at_100_max": -0.241557,
        "nauc_recall_at_100_std": 0.234304,
        "nauc_recall_at_100_diff1": -0.035577,
        "nauc_recall_at_1000_max": -0.015512,
        "nauc_recall_at_1000_std": 0.024279,
        "nauc_recall_at_1000_diff1": -0.009198,
        "nauc_precision_at_1_max": NaN,
        "nauc_precision_at_1_std": NaN,
        "nauc_precision_at_1_diff1": NaN,
        "nauc_precision_at_3_max": -0.318691,
        "nauc_precision_at_3_std": -0.415374,
        "nauc_precision_at_3_diff1": -0.415374,
        "nauc_precision_at_5_max": -0.318691,
        "nauc_precision_at_5_std": -0.415374,
        "nauc_precision_at_5_diff1": -0.415374,
        "nauc_precision_at_10_max": -0.318691,
        "nauc_precision_at_10_std": -0.415374,
        "nauc_precision_at_10_diff1": -0.415374,
        "nauc_precision_at_20_max": -0.239997,
        "nauc_precision_at_20_std": 0.126218,
        "nauc_precision_at_20_diff1": 0.415755,
        "nauc_precision_at_100_max": -0.241557,
        "nauc_precision_at_100_std": 0.234304,
        "nauc_precision_at_100_diff1": -0.035577,
        "nauc_precision_at_1000_max": -0.015512,
        "nauc_precision_at_1000_std": 0.024279,
        "nauc_precision_at_1000_diff1": -0.009198,
        "nauc_mrr_at_1_max": NaN,
        "nauc_mrr_at_1_std": NaN,
        "nauc_mrr_at_1_diff1": NaN,
        "nauc_mrr_at_3_max": -0.318691,
        "nauc_mrr_at_3_std": -0.415374,
        "nauc_mrr_at_3_diff1": -0.415374,
        "nauc_mrr_at_5_max": -0.318691,
        "nauc_mrr_at_5_std": -0.415374,
        "nauc_mrr_at_5_diff1": -0.415374,
        "nauc_mrr_at_10_max": -0.348899,
        "nauc_mrr_at_10_std": -0.179478,
        "nauc_mrr_at_10_diff1": -0.235705,
        "nauc_mrr_at_20_max": -0.331525,
        "nauc_mrr_at_20_std": -0.151278,
        "nauc_mrr_at_20_diff1": -0.156239,
        "nauc_mrr_at_100_max": -0.261303,
        "nauc_mrr_at_100_std": -0.093295,
        "nauc_mrr_at_100_diff1": -0.151973,
        "nauc_mrr_at_1000_max": -0.199621,
        "nauc_mrr_at_1000_std": -0.051773,
        "nauc_mrr_at_1000_diff1": -0.10934,
        "main_score": 0.00045,
        "hf_subset": "default",
        "languages": [
          "eng-Latn"
        ]
      }
    ]
  },
  "evaluation_time": 133.35418891906738,
  "kg_co2_emissions": null
}