{
  "dataset_revision": "bb9466bac8153a0349341eb1b22e06409e78ef4e",
  "task_name": "TRECCOVID",
  "mteb_version": "1.39.7",
  "scores": {
    "test": [
      {
        "ndcg_at_1": 0.07,
        "ndcg_at_3": 0.07419,
        "ndcg_at_5": 0.08251,
        "ndcg_at_10": 0.08512,
        "ndcg_at_20": 0.08088,
        "ndcg_at_100": 0.05452,
        "ndcg_at_1000": 0.058,
        "map_at_1": 0.00022,
        "map_at_3": 0.00059,
        "map_at_5": 0.0008,
        "map_at_10": 0.00132,
        "map_at_20": 0.00213,
        "map_at_100": 0.00523,
        "map_at_1000": 0.00976,
        "recall_at_1": 0.00022,
        "recall_at_3": 0.00066,
        "recall_at_5": 0.00123,
        "recall_at_10": 0.00252,
        "recall_at_20": 0.00445,
        "recall_at_100": 0.01267,
        "recall_at_1000": 0.05677,
        "precision_at_1": 0.08,
        "precision_at_3": 0.08,
        "precision_at_5": 0.092,
        "precision_at_10": 0.094,
        "precision_at_20": 0.089,
        "precision_at_100": 0.053,
        "precision_at_1000": 0.02596,
        "mrr_at_1": 0.08,
        "mrr_at_3": 0.106667,
        "mrr_at_5": 0.130667,
        "mrr_at_10": 0.144881,
        "mrr_at_20": 0.157505,
        "mrr_at_100": 0.163265,
        "mrr_at_1000": 0.16431,
        "nauc_ndcg_at_1_max": 0.099314,
        "nauc_ndcg_at_1_std": 0.195063,
        "nauc_ndcg_at_1_diff1": 0.061444,
        "nauc_ndcg_at_3_max": 0.049492,
        "nauc_ndcg_at_3_std": 0.307697,
        "nauc_ndcg_at_3_diff1": 0.13489,
        "nauc_ndcg_at_5_max": 0.095954,
        "nauc_ndcg_at_5_std": 0.23171,
        "nauc_ndcg_at_5_diff1": -0.038884,
        "nauc_ndcg_at_10_max": 0.16404,
        "nauc_ndcg_at_10_std": 0.228169,
        "nauc_ndcg_at_10_diff1": -0.129297,
        "nauc_ndcg_at_20_max": 0.267116,
        "nauc_ndcg_at_20_std": 0.238097,
        "nauc_ndcg_at_20_diff1": -0.224247,
        "nauc_ndcg_at_100_max": 0.308017,
        "nauc_ndcg_at_100_std": 0.275621,
        "nauc_ndcg_at_100_diff1": -0.275289,
        "nauc_ndcg_at_1000_max": 0.285694,
        "nauc_ndcg_at_1000_std": 0.175416,
        "nauc_ndcg_at_1000_diff1": -0.30991,
        "nauc_map_at_1_max": -0.093408,
        "nauc_map_at_1_std": 0.34731,
        "nauc_map_at_1_diff1": 0.251095,
        "nauc_map_at_3_max": -0.184897,
        "nauc_map_at_3_std": 0.440672,
        "nauc_map_at_3_diff1": 0.320338,
        "nauc_map_at_5_max": -0.102224,
        "nauc_map_at_5_std": 0.382492,
        "nauc_map_at_5_diff1": 0.14013,
        "nauc_map_at_10_max": 0.06263,
        "nauc_map_at_10_std": 0.385527,
        "nauc_map_at_10_diff1": -0.054418,
        "nauc_map_at_20_max": 0.240636,
        "nauc_map_at_20_std": 0.470682,
        "nauc_map_at_20_diff1": -0.217341,
        "nauc_map_at_100_max": 0.391969,
        "nauc_map_at_100_std": 0.583012,
        "nauc_map_at_100_diff1": -0.364915,
        "nauc_map_at_1000_max": 0.359356,
        "nauc_map_at_1000_std": 0.423571,
        "nauc_map_at_1000_diff1": -0.35428,
        "nauc_recall_at_1_max": -0.093408,
        "nauc_recall_at_1_std": 0.34731,
        "nauc_recall_at_1_diff1": 0.251095,
        "nauc_recall_at_3_max": -0.125388,
        "nauc_recall_at_3_std": 0.478363,
        "nauc_recall_at_3_diff1": 0.273232,
        "nauc_recall_at_5_max": -0.052135,
        "nauc_recall_at_5_std": 0.275729,
        "nauc_recall_at_5_diff1": -0.022715,
        "nauc_recall_at_10_max": 0.051964,
        "nauc_recall_at_10_std": 0.281161,
        "nauc_recall_at_10_diff1": -0.126473,
        "nauc_recall_at_20_max": 0.234249,
        "nauc_recall_at_20_std": 0.294937,
        "nauc_recall_at_20_diff1": -0.284217,
        "nauc_recall_at_100_max": 0.302124,
        "nauc_recall_at_100_std": 0.341961,
        "nauc_recall_at_100_diff1": -0.337019,
        "nauc_recall_at_1000_max": 0.302542,
        "nauc_recall_at_1000_std": 0.079539,
        "nauc_recall_at_1000_diff1": -0.334182,
        "nauc_precision_at_1_max": 0.2119,
        "nauc_precision_at_1_std": 0.211162,
        "nauc_precision_at_1_diff1": 0.044942,
        "nauc_precision_at_3_max": 0.121979,
        "nauc_precision_at_3_std": 0.378021,
        "nauc_precision_at_3_diff1": 0.109587,
        "nauc_precision_at_5_max": 0.14727,
        "nauc_precision_at_5_std": 0.233395,
        "nauc_precision_at_5_diff1": -0.11891,
        "nauc_precision_at_10_max": 0.228003,
        "nauc_precision_at_10_std": 0.214366,
        "nauc_precision_at_10_diff1": -0.181388,
        "nauc_precision_at_20_max": 0.355483,
        "nauc_precision_at_20_std": 0.240966,
        "nauc_precision_at_20_diff1": -0.300662,
        "nauc_precision_at_100_max": 0.371597,
        "nauc_precision_at_100_std": 0.280369,
        "nauc_precision_at_100_diff1": -0.319007,
        "nauc_precision_at_1000_max": 0.38084,
        "nauc_precision_at_1000_std": 0.042457,
        "nauc_precision_at_1000_diff1": -0.287489,
        "nauc_mrr_at_1_max": 0.2119,
        "nauc_mrr_at_1_std": 0.211162,
        "nauc_mrr_at_1_diff1": 0.044942,
        "nauc_mrr_at_3_max": 0.171763,
        "nauc_mrr_at_3_std": 0.325183,
        "nauc_mrr_at_3_diff1": 0.076272,
        "nauc_mrr_at_5_max": 0.12483,
        "nauc_mrr_at_5_std": 0.220677,
        "nauc_mrr_at_5_diff1": 0.008525,
        "nauc_mrr_at_10_max": 0.138669,
        "nauc_mrr_at_10_std": 0.208951,
        "nauc_mrr_at_10_diff1": 0.021689,
        "nauc_mrr_at_20_max": 0.146161,
        "nauc_mrr_at_20_std": 0.210593,
        "nauc_mrr_at_20_diff1": 0.011857,
        "nauc_mrr_at_100_max": 0.147223,
        "nauc_mrr_at_100_std": 0.208458,
        "nauc_mrr_at_100_diff1": 0.008725,
        "nauc_mrr_at_1000_max": 0.147068,
        "nauc_mrr_at_1000_std": 0.211084,
        "nauc_mrr_at_1000_diff1": 0.011642,
        "main_score": 0.08512,
        "hf_subset": "default",
        "languages": [
          "eng-Latn"
        ]
      }
    ]
  },
  "evaluation_time": 2057.3441772460938,
  "kg_co2_emissions": null
}