{
  "dataset_revision": "f8c2fcf00f625baaa80f62ec5bd9e1fff3b8ae88",
  "task_name": "SCIDOCS",
  "mteb_version": "1.39.7",
  "scores": {
    "test": [
      {
        "ndcg_at_1": 0.169,
        "ndcg_at_3": 0.13234,
        "ndcg_at_5": 0.11469,
        "ndcg_at_10": 0.13578,
        "ndcg_at_20": 0.15769,
        "ndcg_at_100": 0.19979,
        "ndcg_at_1000": 0.25088,
        "map_at_1": 0.03415,
        "map_at_3": 0.05704,
        "map_at_5": 0.06784,
        "map_at_10": 0.07701,
        "map_at_20": 0.0842,
        "map_at_100": 0.09157,
        "map_at_1000": 0.09403,
        "recall_at_1": 0.03415,
        "recall_at_3": 0.0741,
        "recall_at_5": 0.1008,
        "recall_at_10": 0.13965,
        "recall_at_20": 0.19135,
        "recall_at_100": 0.3278,
        "recall_at_1000": 0.58033,
        "precision_at_1": 0.169,
        "precision_at_3": 0.12233,
        "precision_at_5": 0.0998,
        "precision_at_10": 0.0691,
        "precision_at_20": 0.04715,
        "precision_at_100": 0.01615,
        "precision_at_1000": 0.00286,
        "mrr_at_1": 0.169,
        "mrr_at_3": 0.225,
        "mrr_at_5": 0.2397,
        "mrr_at_10": 0.251346,
        "mrr_at_20": 0.258226,
        "mrr_at_100": 0.263084,
        "mrr_at_1000": 0.263891,
        "nauc_ndcg_at_1_max": 0.206197,
        "nauc_ndcg_at_1_std": 0.096131,
        "nauc_ndcg_at_1_diff1": 0.213423,
        "nauc_ndcg_at_3_max": 0.242897,
        "nauc_ndcg_at_3_std": 0.135911,
        "nauc_ndcg_at_3_diff1": 0.193976,
        "nauc_ndcg_at_5_max": 0.245538,
        "nauc_ndcg_at_5_std": 0.155392,
        "nauc_ndcg_at_5_diff1": 0.185373,
        "nauc_ndcg_at_10_max": 0.255027,
        "nauc_ndcg_at_10_std": 0.184686,
        "nauc_ndcg_at_10_diff1": 0.167843,
        "nauc_ndcg_at_20_max": 0.267079,
        "nauc_ndcg_at_20_std": 0.217781,
        "nauc_ndcg_at_20_diff1": 0.159335,
        "nauc_ndcg_at_100_max": 0.279727,
        "nauc_ndcg_at_100_std": 0.271647,
        "nauc_ndcg_at_100_diff1": 0.14808,
        "nauc_ndcg_at_1000_max": 0.297598,
        "nauc_ndcg_at_1000_std": 0.297235,
        "nauc_ndcg_at_1000_diff1": 0.143208,
        "nauc_map_at_1_max": 0.205186,
        "nauc_map_at_1_std": 0.096126,
        "nauc_map_at_1_diff1": 0.211059,
        "nauc_map_at_3_max": 0.242664,
        "nauc_map_at_3_std": 0.122202,
        "nauc_map_at_3_diff1": 0.207246,
        "nauc_map_at_5_max": 0.248442,
        "nauc_map_at_5_std": 0.135279,
        "nauc_map_at_5_diff1": 0.206885,
        "nauc_map_at_10_max": 0.256344,
        "nauc_map_at_10_std": 0.155308,
        "nauc_map_at_10_diff1": 0.192889,
        "nauc_map_at_20_max": 0.266035,
        "nauc_map_at_20_std": 0.176928,
        "nauc_map_at_20_diff1": 0.187842,
        "nauc_map_at_100_max": 0.270259,
        "nauc_map_at_100_std": 0.198522,
        "nauc_map_at_100_diff1": 0.181462,
        "nauc_map_at_1000_max": 0.271939,
        "nauc_map_at_1000_std": 0.203099,
        "nauc_map_at_1000_diff1": 0.180328,
        "nauc_recall_at_1_max": 0.205186,
        "nauc_recall_at_1_std": 0.096126,
        "nauc_recall_at_1_diff1": 0.211059,
        "nauc_recall_at_3_max": 0.251026,
        "nauc_recall_at_3_std": 0.14732,
        "nauc_recall_at_3_diff1": 0.179887,
        "nauc_recall_at_5_max": 0.249178,
        "nauc_recall_at_5_std": 0.174589,
        "nauc_recall_at_5_diff1": 0.165239,
        "nauc_recall_at_10_max": 0.256612,
        "nauc_recall_at_10_std": 0.222772,
        "nauc_recall_at_10_diff1": 0.127869,
        "nauc_recall_at_20_max": 0.263346,
        "nauc_recall_at_20_std": 0.272824,
        "nauc_recall_at_20_diff1": 0.106198,
        "nauc_recall_at_100_max": 0.266036,
        "nauc_recall_at_100_std": 0.368729,
        "nauc_recall_at_100_diff1": 0.07381,
        "nauc_recall_at_1000_max": 0.292025,
        "nauc_recall_at_1000_std": 0.41344,
        "nauc_recall_at_1000_diff1": 0.037238,
        "nauc_precision_at_1_max": 0.206197,
        "nauc_precision_at_1_std": 0.096131,
        "nauc_precision_at_1_diff1": 0.213423,
        "nauc_precision_at_3_max": 0.253259,
        "nauc_precision_at_3_std": 0.147311,
        "nauc_precision_at_3_diff1": 0.182935,
        "nauc_precision_at_5_max": 0.251346,
        "nauc_precision_at_5_std": 0.174805,
        "nauc_precision_at_5_diff1": 0.167578,
        "nauc_precision_at_10_max": 0.259817,
        "nauc_precision_at_10_std": 0.224124,
        "nauc_precision_at_10_diff1": 0.130815,
        "nauc_precision_at_20_max": 0.267462,
        "nauc_precision_at_20_std": 0.273086,
        "nauc_precision_at_20_diff1": 0.109281,
        "nauc_precision_at_100_max": 0.268624,
        "nauc_precision_at_100_std": 0.363426,
        "nauc_precision_at_100_diff1": 0.077127,
        "nauc_precision_at_1000_max": 0.293381,
        "nauc_precision_at_1000_std": 0.403769,
        "nauc_precision_at_1000_diff1": 0.040989,
        "nauc_mrr_at_1_max": 0.206197,
        "nauc_mrr_at_1_std": 0.096131,
        "nauc_mrr_at_1_diff1": 0.213423,
        "nauc_mrr_at_3_max": 0.229461,
        "nauc_mrr_at_3_std": 0.141282,
        "nauc_mrr_at_3_diff1": 0.186961,
        "nauc_mrr_at_5_max": 0.230184,
        "nauc_mrr_at_5_std": 0.154765,
        "nauc_mrr_at_5_diff1": 0.179539,
        "nauc_mrr_at_10_max": 0.23185,
        "nauc_mrr_at_10_std": 0.161169,
        "nauc_mrr_at_10_diff1": 0.176576,
        "nauc_mrr_at_20_max": 0.233336,
        "nauc_mrr_at_20_std": 0.165622,
        "nauc_mrr_at_20_diff1": 0.175794,
        "nauc_mrr_at_100_max": 0.23416,
        "nauc_mrr_at_100_std": 0.16581,
        "nauc_mrr_at_100_diff1": 0.177132,
        "nauc_mrr_at_1000_max": 0.234142,
        "nauc_mrr_at_1000_std": 0.165574,
        "nauc_mrr_at_1000_diff1": 0.17735,
        "main_score": 0.13578,
        "hf_subset": "default",
        "languages": [
          "eng-Latn"
        ]
      }
    ]
  },
  "evaluation_time": 124.03293704986572,
  "kg_co2_emissions": null
}