{
  "dataset_revision": "27a168819829fe9bcd655c2df245fb19452e8e06",
  "task_name": "FiQA2018",
  "mteb_version": "1.39.7",
  "scores": {
    "test": [
      {
        "ndcg_at_1": 0.01235,
        "ndcg_at_3": 0.01547,
        "ndcg_at_5": 0.01737,
        "ndcg_at_10": 0.02172,
        "ndcg_at_20": 0.02633,
        "ndcg_at_100": 0.03654,
        "ndcg_at_1000": 0.05683,
        "map_at_1": 0.00649,
        "map_at_3": 0.01104,
        "map_at_5": 0.01225,
        "map_at_10": 0.01391,
        "map_at_20": 0.01503,
        "map_at_100": 0.01609,
        "map_at_1000": 0.01663,
        "recall_at_1": 0.00649,
        "recall_at_3": 0.01575,
        "recall_at_5": 0.02038,
        "recall_at_10": 0.0319,
        "recall_at_20": 0.04785,
        "recall_at_100": 0.0935,
        "recall_at_1000": 0.22379,
        "precision_at_1": 0.01235,
        "precision_at_3": 0.0108,
        "precision_at_5": 0.00926,
        "precision_at_10": 0.00725,
        "precision_at_20": 0.00509,
        "precision_at_100": 0.00218,
        "precision_at_1000": 0.00059,
        "mrr_at_1": 0.012346,
        "mrr_at_3": 0.020062,
        "mrr_at_5": 0.022917,
        "mrr_at_10": 0.026268,
        "mrr_at_20": 0.028062,
        "mrr_at_100": 0.029987,
        "mrr_at_1000": 0.030671,
        "nauc_ndcg_at_1_max": 0.113715,
        "nauc_ndcg_at_1_std": 0.20172,
        "nauc_ndcg_at_1_diff1": 0.010149,
        "nauc_ndcg_at_3_max": 0.099702,
        "nauc_ndcg_at_3_std": 0.199866,
        "nauc_ndcg_at_3_diff1": 0.12741,
        "nauc_ndcg_at_5_max": 0.153569,
        "nauc_ndcg_at_5_std": 0.191332,
        "nauc_ndcg_at_5_diff1": 0.126652,
        "nauc_ndcg_at_10_max": 0.192122,
        "nauc_ndcg_at_10_std": 0.207633,
        "nauc_ndcg_at_10_diff1": 0.165615,
        "nauc_ndcg_at_20_max": 0.16229,
        "nauc_ndcg_at_20_std": 0.195485,
        "nauc_ndcg_at_20_diff1": 0.094714,
        "nauc_ndcg_at_100_max": 0.132697,
        "nauc_ndcg_at_100_std": 0.168576,
        "nauc_ndcg_at_100_diff1": 0.07697,
        "nauc_ndcg_at_1000_max": 0.125466,
        "nauc_ndcg_at_1000_std": 0.151291,
        "nauc_ndcg_at_1000_diff1": 0.061103,
        "nauc_map_at_1_max": 0.316067,
        "nauc_map_at_1_std": 0.060483,
        "nauc_map_at_1_diff1": 0.166438,
        "nauc_map_at_3_max": 0.179661,
        "nauc_map_at_3_std": 0.170906,
        "nauc_map_at_3_diff1": 0.200008,
        "nauc_map_at_5_max": 0.188783,
        "nauc_map_at_5_std": 0.171341,
        "nauc_map_at_5_diff1": 0.175175,
        "nauc_map_at_10_max": 0.21205,
        "nauc_map_at_10_std": 0.180968,
        "nauc_map_at_10_diff1": 0.190738,
        "nauc_map_at_20_max": 0.199575,
        "nauc_map_at_20_std": 0.178265,
        "nauc_map_at_20_diff1": 0.158393,
        "nauc_map_at_100_max": 0.188291,
        "nauc_map_at_100_std": 0.177438,
        "nauc_map_at_100_diff1": 0.153479,
        "nauc_map_at_1000_max": 0.186222,
        "nauc_map_at_1000_std": 0.177249,
        "nauc_map_at_1000_diff1": 0.151693,
        "nauc_recall_at_1_max": 0.316067,
        "nauc_recall_at_1_std": 0.060483,
        "nauc_recall_at_1_diff1": 0.166438,
        "nauc_recall_at_3_max": 0.116482,
        "nauc_recall_at_3_std": 0.226355,
        "nauc_recall_at_3_diff1": 0.214215,
        "nauc_recall_at_5_max": 0.15142,
        "nauc_recall_at_5_std": 0.201258,
        "nauc_recall_at_5_diff1": 0.153913,
        "nauc_recall_at_10_max": 0.231315,
        "nauc_recall_at_10_std": 0.214725,
        "nauc_recall_at_10_diff1": 0.212716,
        "nauc_recall_at_20_max": 0.157978,
        "nauc_recall_at_20_std": 0.194598,
        "nauc_recall_at_20_diff1": 0.055984,
        "nauc_recall_at_100_max": 0.108829,
        "nauc_recall_at_100_std": 0.124187,
        "nauc_recall_at_100_diff1": 0.022914,
        "nauc_recall_at_1000_max": 0.094903,
        "nauc_recall_at_1000_std": 0.096426,
        "nauc_recall_at_1000_diff1": 0.003606,
        "nauc_precision_at_1_max": 0.113715,
        "nauc_precision_at_1_std": 0.20172,
        "nauc_precision_at_1_diff1": 0.010149,
        "nauc_precision_at_3_max": 0.004455,
        "nauc_precision_at_3_std": 0.266333,
        "nauc_precision_at_3_diff1": 0.035856,
        "nauc_precision_at_5_max": 0.109011,
        "nauc_precision_at_5_std": 0.223463,
        "nauc_precision_at_5_diff1": 0.058517,
        "nauc_precision_at_10_max": 0.139099,
        "nauc_precision_at_10_std": 0.232364,
        "nauc_precision_at_10_diff1": 0.112179,
        "nauc_precision_at_20_max": 0.115965,
        "nauc_precision_at_20_std": 0.204584,
        "nauc_precision_at_20_diff1": 0.03093,
        "nauc_precision_at_100_max": 0.090811,
        "nauc_precision_at_100_std": 0.156822,
        "nauc_precision_at_100_diff1": 0.037574,
        "nauc_precision_at_1000_max": 0.089203,
        "nauc_precision_at_1000_std": 0.108808,
        "nauc_precision_at_1000_diff1": 0.042202,
        "nauc_mrr_at_1_max": 0.113715,
        "nauc_mrr_at_1_std": 0.20172,
        "nauc_mrr_at_1_diff1": 0.010149,
        "nauc_mrr_at_3_max": 0.082749,
        "nauc_mrr_at_3_std": 0.242767,
        "nauc_mrr_at_3_diff1": 0.041529,
        "nauc_mrr_at_5_max": 0.122499,
        "nauc_mrr_at_5_std": 0.218885,
        "nauc_mrr_at_5_diff1": 0.057557,
        "nauc_mrr_at_10_max": 0.138144,
        "nauc_mrr_at_10_std": 0.224524,
        "nauc_mrr_at_10_diff1": 0.082251,
        "nauc_mrr_at_20_max": 0.130069,
        "nauc_mrr_at_20_std": 0.216041,
        "nauc_mrr_at_20_diff1": 0.063161,
        "nauc_mrr_at_100_max": 0.120341,
        "nauc_mrr_at_100_std": 0.211983,
        "nauc_mrr_at_100_diff1": 0.064661,
        "nauc_mrr_at_1000_max": 0.12011,
        "nauc_mrr_at_1000_std": 0.209748,
        "nauc_mrr_at_1000_diff1": 0.063525,
        "main_score": 0.02172,
        "hf_subset": "default",
        "languages": [
          "eng-Latn"
        ]
      }
    ]
  },
  "evaluation_time": 633.2675244808197,
  "kg_co2_emissions": null
}