{
  "dataset_revision": "bb9466bac8153a0349341eb1b22e06409e78ef4e",
  "task_name": "TRECCOVID",
  "mteb_version": "1.39.7",
  "scores": {
    "test": [
      {
        "ndcg_at_1": 0.11,
        "ndcg_at_3": 0.15307,
        "ndcg_at_5": 0.14814,
        "ndcg_at_10": 0.12842,
        "ndcg_at_20": 0.11604,
        "ndcg_at_100": 0.08712,
        "ndcg_at_1000": 0.08435,
        "map_at_1": 0.00034,
        "map_at_3": 0.00112,
        "map_at_5": 0.00158,
        "map_at_10": 0.00216,
        "map_at_20": 0.0032,
        "map_at_100": 0.00876,
        "map_at_1000": 0.01693,
        "recall_at_1": 0.00034,
        "recall_at_3": 0.00146,
        "recall_at_5": 0.00228,
        "recall_at_10": 0.00332,
        "recall_at_20": 0.00572,
        "recall_at_100": 0.02075,
        "recall_at_1000": 0.08119,
        "precision_at_1": 0.14,
        "precision_at_3": 0.18667,
        "precision_at_5": 0.172,
        "precision_at_10": 0.132,
        "precision_at_20": 0.116,
        "precision_at_100": 0.087,
        "precision_at_1000": 0.03738,
        "mrr_at_1": 0.14,
        "mrr_at_3": 0.226667,
        "mrr_at_5": 0.234667,
        "mrr_at_10": 0.24869,
        "mrr_at_20": 0.257523,
        "mrr_at_100": 0.262195,
        "mrr_at_1000": 0.263703,
        "nauc_ndcg_at_1_max": 0.215168,
        "nauc_ndcg_at_1_std": 0.110222,
        "nauc_ndcg_at_1_diff1": 0.206747,
        "nauc_ndcg_at_3_max": 0.277741,
        "nauc_ndcg_at_3_std": 0.2393,
        "nauc_ndcg_at_3_diff1": 0.030742,
        "nauc_ndcg_at_5_max": 0.318541,
        "nauc_ndcg_at_5_std": 0.2417,
        "nauc_ndcg_at_5_diff1": -0.009898,
        "nauc_ndcg_at_10_max": 0.333878,
        "nauc_ndcg_at_10_std": 0.314323,
        "nauc_ndcg_at_10_diff1": -0.042344,
        "nauc_ndcg_at_20_max": 0.376935,
        "nauc_ndcg_at_20_std": 0.349187,
        "nauc_ndcg_at_20_diff1": -0.060891,
        "nauc_ndcg_at_100_max": 0.407845,
        "nauc_ndcg_at_100_std": 0.448576,
        "nauc_ndcg_at_100_diff1": -0.135967,
        "nauc_ndcg_at_1000_max": 0.401045,
        "nauc_ndcg_at_1000_std": 0.393548,
        "nauc_ndcg_at_1000_diff1": -0.144934,
        "nauc_map_at_1_max": 0.1937,
        "nauc_map_at_1_std": 0.328078,
        "nauc_map_at_1_diff1": 0.312756,
        "nauc_map_at_3_max": 0.16763,
        "nauc_map_at_3_std": 0.343437,
        "nauc_map_at_3_diff1": 0.206273,
        "nauc_map_at_5_max": 0.19205,
        "nauc_map_at_5_std": 0.307716,
        "nauc_map_at_5_diff1": 0.086219,
        "nauc_map_at_10_max": 0.238396,
        "nauc_map_at_10_std": 0.383981,
        "nauc_map_at_10_diff1": 0.006899,
        "nauc_map_at_20_max": 0.297142,
        "nauc_map_at_20_std": 0.456375,
        "nauc_map_at_20_diff1": -0.057493,
        "nauc_map_at_100_max": 0.366528,
        "nauc_map_at_100_std": 0.677964,
        "nauc_map_at_100_diff1": -0.140743,
        "nauc_map_at_1000_max": 0.456458,
        "nauc_map_at_1000_std": 0.70598,
        "nauc_map_at_1000_diff1": -0.219166,
        "nauc_recall_at_1_max": 0.1937,
        "nauc_recall_at_1_std": 0.328078,
        "nauc_recall_at_1_diff1": 0.312756,
        "nauc_recall_at_3_max": 0.156769,
        "nauc_recall_at_3_std": 0.2945,
        "nauc_recall_at_3_diff1": 0.116752,
        "nauc_recall_at_5_max": 0.179414,
        "nauc_recall_at_5_std": 0.210355,
        "nauc_recall_at_5_diff1": 0.0373,
        "nauc_recall_at_10_max": 0.23475,
        "nauc_recall_at_10_std": 0.310266,
        "nauc_recall_at_10_diff1": -0.003891,
        "nauc_recall_at_20_max": 0.303589,
        "nauc_recall_at_20_std": 0.354216,
        "nauc_recall_at_20_diff1": -0.061697,
        "nauc_recall_at_100_max": 0.331867,
        "nauc_recall_at_100_std": 0.455013,
        "nauc_recall_at_100_diff1": -0.144868,
        "nauc_recall_at_1000_max": 0.410923,
        "nauc_recall_at_1000_std": 0.340681,
        "nauc_recall_at_1000_diff1": -0.178117,
        "nauc_precision_at_1_max": 0.274725,
        "nauc_precision_at_1_std": 0.215792,
        "nauc_precision_at_1_diff1": 0.124783,
        "nauc_precision_at_3_max": 0.300179,
        "nauc_precision_at_3_std": 0.245468,
        "nauc_precision_at_3_diff1": -0.038767,
        "nauc_precision_at_5_max": 0.359355,
        "nauc_precision_at_5_std": 0.23568,
        "nauc_precision_at_5_diff1": -0.050607,
        "nauc_precision_at_10_max": 0.369082,
        "nauc_precision_at_10_std": 0.338035,
        "nauc_precision_at_10_diff1": -0.081023,
        "nauc_precision_at_20_max": 0.420046,
        "nauc_precision_at_20_std": 0.379831,
        "nauc_precision_at_20_diff1": -0.097328,
        "nauc_precision_at_100_max": 0.434209,
        "nauc_precision_at_100_std": 0.478615,
        "nauc_precision_at_100_diff1": -0.168689,
        "nauc_precision_at_1000_max": 0.480024,
        "nauc_precision_at_1000_std": 0.350641,
        "nauc_precision_at_1000_diff1": -0.188992,
        "nauc_mrr_at_1_max": 0.274725,
        "nauc_mrr_at_1_std": 0.215792,
        "nauc_mrr_at_1_diff1": 0.124783,
        "nauc_mrr_at_3_max": 0.289568,
        "nauc_mrr_at_3_std": 0.184101,
        "nauc_mrr_at_3_diff1": 0.023017,
        "nauc_mrr_at_5_max": 0.288851,
        "nauc_mrr_at_5_std": 0.156758,
        "nauc_mrr_at_5_diff1": 0.04995,
        "nauc_mrr_at_10_max": 0.276693,
        "nauc_mrr_at_10_std": 0.16705,
        "nauc_mrr_at_10_diff1": 0.060251,
        "nauc_mrr_at_20_max": 0.287394,
        "nauc_mrr_at_20_std": 0.17654,
        "nauc_mrr_at_20_diff1": 0.047246,
        "nauc_mrr_at_100_max": 0.286229,
        "nauc_mrr_at_100_std": 0.177129,
        "nauc_mrr_at_100_diff1": 0.048775,
        "nauc_mrr_at_1000_max": 0.285088,
        "nauc_mrr_at_1000_std": 0.177605,
        "nauc_mrr_at_1000_diff1": 0.049052,
        "main_score": 0.12842,
        "hf_subset": "default",
        "languages": [
          "eng-Latn"
        ]
      }
    ]
  },
  "evaluation_time": 1140.9350941181183,
  "kg_co2_emissions": null
}