{
  "dataset_revision": "ec0fa4fe99da2ff19ca1214b7966684033a58814",
  "task_name": "NFCorpus",
  "mteb_version": "1.39.7",
  "scores": {
    "test": [
      {
        "ndcg_at_1": 0.00464,
        "ndcg_at_3": 0.01038,
        "ndcg_at_5": 0.01092,
        "ndcg_at_10": 0.01041,
        "ndcg_at_20": 0.01071,
        "ndcg_at_100": 0.01841,
        "ndcg_at_1000": 0.09156,
        "map_at_1": 0.00014,
        "map_at_3": 0.00082,
        "map_at_5": 0.00087,
        "map_at_10": 0.00103,
        "map_at_20": 0.00129,
        "map_at_100": 0.00189,
        "map_at_1000": 0.00487,
        "recall_at_1": 0.00014,
        "recall_at_3": 0.00178,
        "recall_at_5": 0.00202,
        "recall_at_10": 0.00319,
        "recall_at_20": 0.00713,
        "recall_at_100": 0.02907,
        "recall_at_1000": 0.28286,
        "precision_at_1": 0.00619,
        "precision_at_3": 0.01342,
        "precision_at_5": 0.013,
        "precision_at_10": 0.01053,
        "precision_at_20": 0.00929,
        "precision_at_100": 0.00963,
        "precision_at_1000": 0.01023,
        "mrr_at_1": 0.006192,
        "mrr_at_3": 0.021156,
        "mrr_at_5": 0.0258,
        "mrr_at_10": 0.02956,
        "mrr_at_20": 0.033159,
        "mrr_at_100": 0.038769,
        "mrr_at_1000": 0.040629,
        "nauc_ndcg_at_1_max": 1.0,
        "nauc_ndcg_at_1_std": 0.500361,
        "nauc_ndcg_at_1_diff1": -0.355965,
        "nauc_ndcg_at_3_max": 0.271568,
        "nauc_ndcg_at_3_std": 0.14004,
        "nauc_ndcg_at_3_diff1": -0.130966,
        "nauc_ndcg_at_5_max": 0.215616,
        "nauc_ndcg_at_5_std": 0.167977,
        "nauc_ndcg_at_5_diff1": -0.126627,
        "nauc_ndcg_at_10_max": 0.16249,
        "nauc_ndcg_at_10_std": 0.187342,
        "nauc_ndcg_at_10_diff1": -0.106487,
        "nauc_ndcg_at_20_max": 0.07824,
        "nauc_ndcg_at_20_std": 0.119959,
        "nauc_ndcg_at_20_diff1": -0.116737,
        "nauc_ndcg_at_100_max": 0.036629,
        "nauc_ndcg_at_100_std": 0.03357,
        "nauc_ndcg_at_100_diff1": -0.093961,
        "nauc_ndcg_at_1000_max": -0.016569,
        "nauc_ndcg_at_1000_std": 0.024325,
        "nauc_ndcg_at_1000_diff1": -0.078656,
        "nauc_map_at_1_max": 1.0,
        "nauc_map_at_1_std": -0.42969,
        "nauc_map_at_1_diff1": -0.089866,
        "nauc_map_at_3_max": -0.002813,
        "nauc_map_at_3_std": -0.238116,
        "nauc_map_at_3_diff1": 0.048571,
        "nauc_map_at_5_max": -0.003737,
        "nauc_map_at_5_std": -0.218976,
        "nauc_map_at_5_diff1": 0.040968,
        "nauc_map_at_10_max": 0.023773,
        "nauc_map_at_10_std": -0.134745,
        "nauc_map_at_10_diff1": -0.017306,
        "nauc_map_at_20_max": 0.014838,
        "nauc_map_at_20_std": -0.12886,
        "nauc_map_at_20_diff1": -0.042542,
        "nauc_map_at_100_max": 0.045653,
        "nauc_map_at_100_std": -0.096165,
        "nauc_map_at_100_diff1": -0.045919,
        "nauc_map_at_1000_max": 0.03915,
        "nauc_map_at_1000_std": -0.001775,
        "nauc_map_at_1000_diff1": -0.077836,
        "nauc_recall_at_1_max": 1.0,
        "nauc_recall_at_1_std": -0.42969,
        "nauc_recall_at_1_diff1": -0.089866,
        "nauc_recall_at_3_max": -0.140892,
        "nauc_recall_at_3_std": -0.212102,
        "nauc_recall_at_3_diff1": 0.144725,
        "nauc_recall_at_5_max": -0.135189,
        "nauc_recall_at_5_std": -0.188747,
        "nauc_recall_at_5_diff1": 0.12513,
        "nauc_recall_at_10_max": -0.051819,
        "nauc_recall_at_10_std": -0.00279,
        "nauc_recall_at_10_diff1": -0.066048,
        "nauc_recall_at_20_max": -0.121741,
        "nauc_recall_at_20_std": -0.043662,
        "nauc_recall_at_20_diff1": -0.10874,
        "nauc_recall_at_100_max": 0.037126,
        "nauc_recall_at_100_std": -0.039285,
        "nauc_recall_at_100_diff1": -0.003015,
        "nauc_recall_at_1000_max": 0.048014,
        "nauc_recall_at_1000_std": 0.069312,
        "nauc_recall_at_1000_diff1": -0.017343,
        "nauc_precision_at_1_max": 1.0,
        "nauc_precision_at_1_std": 0.250541,
        "nauc_precision_at_1_diff1": -0.284488,
        "nauc_precision_at_3_max": 0.245105,
        "nauc_precision_at_3_std": 0.046948,
        "nauc_precision_at_3_diff1": -0.129897,
        "nauc_precision_at_5_max": 0.183957,
        "nauc_precision_at_5_std": 0.110175,
        "nauc_precision_at_5_diff1": -0.113364,
        "nauc_precision_at_10_max": 0.140456,
        "nauc_precision_at_10_std": 0.190448,
        "nauc_precision_at_10_diff1": -0.110496,
        "nauc_precision_at_20_max": 0.080357,
        "nauc_precision_at_20_std": 0.119854,
        "nauc_precision_at_20_diff1": -0.137336,
        "nauc_precision_at_100_max": 0.040292,
        "nauc_precision_at_100_std": 0.090531,
        "nauc_precision_at_100_diff1": -0.114274,
        "nauc_precision_at_1000_max": 0.02979,
        "nauc_precision_at_1000_std": 0.109621,
        "nauc_precision_at_1000_diff1": -0.094895,
        "nauc_mrr_at_1_max": 1.0,
        "nauc_mrr_at_1_std": 0.250541,
        "nauc_mrr_at_1_diff1": -0.284488,
        "nauc_mrr_at_3_max": 0.334981,
        "nauc_mrr_at_3_std": 0.055756,
        "nauc_mrr_at_3_diff1": -0.159641,
        "nauc_mrr_at_5_max": 0.271693,
        "nauc_mrr_at_5_std": 0.072556,
        "nauc_mrr_at_5_diff1": -0.140627,
        "nauc_mrr_at_10_max": 0.237129,
        "nauc_mrr_at_10_std": 0.100567,
        "nauc_mrr_at_10_diff1": -0.154772,
        "nauc_mrr_at_20_max": 0.198422,
        "nauc_mrr_at_20_std": 0.073955,
        "nauc_mrr_at_20_diff1": -0.156062,
        "nauc_mrr_at_100_max": 0.175965,
        "nauc_mrr_at_100_std": 0.058693,
        "nauc_mrr_at_100_diff1": -0.147935,
        "nauc_mrr_at_1000_max": 0.17638,
        "nauc_mrr_at_1000_std": 0.057245,
        "nauc_mrr_at_1000_diff1": -0.147671,
        "main_score": 0.01041,
        "hf_subset": "default",
        "languages": [
          "eng-Latn"
        ]
      }
    ]
  },
  "evaluation_time": 28.606470346450806,
  "kg_co2_emissions": null
}