{
  "dataset_revision": "0228b52cf27578f30900b9e5271d331663a030d7",
  "task_name": "SciFact",
  "mteb_version": "1.39.7",
  "scores": {
    "test": [
      {
        "ndcg_at_1": 0.42667,
        "ndcg_at_3": 0.49473,
        "ndcg_at_5": 0.51763,
        "ndcg_at_10": 0.53888,
        "ndcg_at_20": 0.55634,
        "ndcg_at_100": 0.57797,
        "ndcg_at_1000": 0.59476,
        "map_at_1": 0.40428,
        "map_at_3": 0.4695,
        "map_at_5": 0.483,
        "map_at_10": 0.49206,
        "map_at_20": 0.49795,
        "map_at_100": 0.5012,
        "map_at_1000": 0.50181,
        "recall_at_1": 0.40428,
        "recall_at_3": 0.54144,
        "recall_at_5": 0.59961,
        "recall_at_10": 0.66444,
        "recall_at_20": 0.72939,
        "recall_at_100": 0.84256,
        "recall_at_1000": 0.97433,
        "precision_at_1": 0.42667,
        "precision_at_3": 0.19667,
        "precision_at_5": 0.13267,
        "precision_at_10": 0.07367,
        "precision_at_20": 0.04117,
        "precision_at_100": 0.00953,
        "precision_at_1000": 0.0011,
        "mrr_at_1": 0.426667,
        "mrr_at_3": 0.49,
        "mrr_at_5": 0.502833,
        "mrr_at_10": 0.510966,
        "mrr_at_20": 0.514498,
        "mrr_at_100": 0.517233,
        "mrr_at_1000": 0.517788,
        "nauc_ndcg_at_1_max": 0.432639,
        "nauc_ndcg_at_1_std": 0.026068,
        "nauc_ndcg_at_1_diff1": 0.720052,
        "nauc_ndcg_at_3_max": 0.459314,
        "nauc_ndcg_at_3_std": 0.033061,
        "nauc_ndcg_at_3_diff1": 0.673054,
        "nauc_ndcg_at_5_max": 0.47846,
        "nauc_ndcg_at_5_std": 0.057546,
        "nauc_ndcg_at_5_diff1": 0.659559,
        "nauc_ndcg_at_10_max": 0.491539,
        "nauc_ndcg_at_10_std": 0.070384,
        "nauc_ndcg_at_10_diff1": 0.657622,
        "nauc_ndcg_at_20_max": 0.505518,
        "nauc_ndcg_at_20_std": 0.093368,
        "nauc_ndcg_at_20_diff1": 0.656818,
        "nauc_ndcg_at_100_max": 0.498548,
        "nauc_ndcg_at_100_std": 0.07771,
        "nauc_ndcg_at_100_diff1": 0.6586,
        "nauc_ndcg_at_1000_max": 0.488647,
        "nauc_ndcg_at_1000_std": 0.077709,
        "nauc_ndcg_at_1000_diff1": 0.660411,
        "nauc_map_at_1_max": 0.397907,
        "nauc_map_at_1_std": -0.016233,
        "nauc_map_at_1_diff1": 0.694185,
        "nauc_map_at_3_max": 0.43808,
        "nauc_map_at_3_std": 0.011431,
        "nauc_map_at_3_diff1": 0.674072,
        "nauc_map_at_5_max": 0.451323,
        "nauc_map_at_5_std": 0.027799,
        "nauc_map_at_5_diff1": 0.666827,
        "nauc_map_at_10_max": 0.457515,
        "nauc_map_at_10_std": 0.0342,
        "nauc_map_at_10_diff1": 0.666417,
        "nauc_map_at_20_max": 0.463711,
        "nauc_map_at_20_std": 0.043909,
        "nauc_map_at_20_diff1": 0.666075,
        "nauc_map_at_100_max": 0.463408,
        "nauc_map_at_100_std": 0.042942,
        "nauc_map_at_100_diff1": 0.666334,
        "nauc_map_at_1000_max": 0.463038,
        "nauc_map_at_1000_std": 0.042897,
        "nauc_map_at_1000_diff1": 0.666386,
        "nauc_recall_at_1_max": 0.397907,
        "nauc_recall_at_1_std": -0.016233,
        "nauc_recall_at_1_diff1": 0.694185,
        "nauc_recall_at_3_max": 0.469364,
        "nauc_recall_at_3_std": 0.037029,
        "nauc_recall_at_3_diff1": 0.64262,
        "nauc_recall_at_5_max": 0.520133,
        "nauc_recall_at_5_std": 0.099411,
        "nauc_recall_at_5_diff1": 0.607691,
        "nauc_recall_at_10_max": 0.5593,
        "nauc_recall_at_10_std": 0.139981,
        "nauc_recall_at_10_diff1": 0.586733,
        "nauc_recall_at_20_max": 0.632794,
        "nauc_recall_at_20_std": 0.24671,
        "nauc_recall_at_20_diff1": 0.574314,
        "nauc_recall_at_100_max": 0.62968,
        "nauc_recall_at_100_std": 0.147697,
        "nauc_recall_at_100_diff1": 0.55953,
        "nauc_recall_at_1000_max": 0.472001,
        "nauc_recall_at_1000_std": 0.480016,
        "nauc_recall_at_1000_diff1": 0.325864,
        "nauc_precision_at_1_max": 0.432639,
        "nauc_precision_at_1_std": 0.026068,
        "nauc_precision_at_1_diff1": 0.720052,
        "nauc_precision_at_3_max": 0.503482,
        "nauc_precision_at_3_std": 0.152006,
        "nauc_precision_at_3_diff1": 0.599613,
        "nauc_precision_at_5_max": 0.55343,
        "nauc_precision_at_5_std": 0.253462,
        "nauc_precision_at_5_diff1": 0.516232,
        "nauc_precision_at_10_max": 0.585331,
        "nauc_precision_at_10_std": 0.315078,
        "nauc_precision_at_10_diff1": 0.466291,
        "nauc_precision_at_20_max": 0.565111,
        "nauc_precision_at_20_std": 0.414581,
        "nauc_precision_at_20_diff1": 0.357761,
        "nauc_precision_at_100_max": 0.484988,
        "nauc_precision_at_100_std": 0.39615,
        "nauc_precision_at_100_diff1": 0.24316,
        "nauc_precision_at_1000_max": 0.316816,
        "nauc_precision_at_1000_std": 0.502116,
        "nauc_precision_at_1000_diff1": 0.021473,
        "nauc_mrr_at_1_max": 0.432639,
        "nauc_mrr_at_1_std": 0.026068,
        "nauc_mrr_at_1_diff1": 0.720052,
        "nauc_mrr_at_3_max": 0.467863,
        "nauc_mrr_at_3_std": 0.05648,
        "nauc_mrr_at_3_diff1": 0.690565,
        "nauc_mrr_at_5_max": 0.479306,
        "nauc_mrr_at_5_std": 0.069239,
        "nauc_mrr_at_5_diff1": 0.686764,
        "nauc_mrr_at_10_max": 0.483762,
        "nauc_mrr_at_10_std": 0.073786,
        "nauc_mrr_at_10_diff1": 0.686597,
        "nauc_mrr_at_20_max": 0.484642,
        "nauc_mrr_at_20_std": 0.075456,
        "nauc_mrr_at_20_diff1": 0.686208,
        "nauc_mrr_at_100_max": 0.48309,
        "nauc_mrr_at_100_std": 0.073008,
        "nauc_mrr_at_100_diff1": 0.686043,
        "nauc_mrr_at_1000_max": 0.482711,
        "nauc_mrr_at_1000_std": 0.072972,
        "nauc_mrr_at_1000_diff1": 0.686028,
        "main_score": 0.53888,
        "hf_subset": "default",
        "languages": [
          "eng-Latn"
        ]
      }
    ]
  },
  "evaluation_time": 11.166111707687378,
  "kg_co2_emissions": null
}