{
  "dataset_revision": "c22ab2a51041ffd869aaddef7af8d8215647e41a",
  "task_name": "ArguAna",
  "mteb_version": "1.39.7",
  "scores": {
    "test": [
      {
        "ndcg_at_1": 0.26529,
        "ndcg_at_3": 0.4089,
        "ndcg_at_5": 0.45836,
        "ndcg_at_10": 0.50266,
        "ndcg_at_20": 0.52677,
        "ndcg_at_100": 0.54371,
        "ndcg_at_1000": 0.54875,
        "map_at_1": 0.26529,
        "map_at_3": 0.37328,
        "map_at_5": 0.4007,
        "map_at_10": 0.41921,
        "map_at_20": 0.42602,
        "map_at_100": 0.42839,
        "map_at_1000": 0.42861,
        "recall_at_1": 0.26529,
        "recall_at_3": 0.51209,
        "recall_at_5": 0.63229,
        "recall_at_10": 0.76814,
        "recall_at_20": 0.86202,
        "recall_at_100": 0.95306,
        "recall_at_1000": 0.99147,
        "precision_at_1": 0.26529,
        "precision_at_3": 0.1707,
        "precision_at_5": 0.12646,
        "precision_at_10": 0.07681,
        "precision_at_20": 0.0431,
        "precision_at_100": 0.00953,
        "precision_at_1000": 0.00099,
        "mrr_at_1": 0.270982,
        "mrr_at_3": 0.374941,
        "mrr_at_5": 0.402715,
        "mrr_at_10": 0.42115,
        "mrr_at_20": 0.428035,
        "mrr_at_100": 0.430405,
        "mrr_at_1000": 0.430621,
        "nauc_ndcg_at_1_max": -0.04591,
        "nauc_ndcg_at_1_std": -0.084932,
        "nauc_ndcg_at_1_diff1": 0.151411,
        "nauc_ndcg_at_3_max": 0.007612,
        "nauc_ndcg_at_3_std": -0.066651,
        "nauc_ndcg_at_3_diff1": 0.120862,
        "nauc_ndcg_at_5_max": 0.01433,
        "nauc_ndcg_at_5_std": -0.053728,
        "nauc_ndcg_at_5_diff1": 0.11132,
        "nauc_ndcg_at_10_max": 0.015179,
        "nauc_ndcg_at_10_std": -0.05735,
        "nauc_ndcg_at_10_diff1": 0.10601,
        "nauc_ndcg_at_20_max": 0.01929,
        "nauc_ndcg_at_20_std": -0.054158,
        "nauc_ndcg_at_20_diff1": 0.110772,
        "nauc_ndcg_at_100_max": 0.011514,
        "nauc_ndcg_at_100_std": -0.051241,
        "nauc_ndcg_at_100_diff1": 0.118356,
        "nauc_ndcg_at_1000_max": 0.005798,
        "nauc_ndcg_at_1000_std": -0.057911,
        "nauc_ndcg_at_1000_diff1": 0.116654,
        "nauc_map_at_1_max": -0.04591,
        "nauc_map_at_1_std": -0.084932,
        "nauc_map_at_1_diff1": 0.151411,
        "nauc_map_at_3_max": -0.00734,
        "nauc_map_at_3_std": -0.072803,
        "nauc_map_at_3_diff1": 0.127006,
        "nauc_map_at_5_max": -0.004288,
        "nauc_map_at_5_std": -0.066701,
        "nauc_map_at_5_diff1": 0.122225,
        "nauc_map_at_10_max": -0.004809,
        "nauc_map_at_10_std": -0.06895,
        "nauc_map_at_10_diff1": 0.120591,
        "nauc_map_at_20_max": -0.004107,
        "nauc_map_at_20_std": -0.068139,
        "nauc_map_at_20_diff1": 0.121916,
        "nauc_map_at_100_max": -0.005151,
        "nauc_map_at_100_std": -0.06802,
        "nauc_map_at_100_diff1": 0.122964,
        "nauc_map_at_1000_max": -0.005355,
        "nauc_map_at_1000_std": -0.0682,
        "nauc_map_at_1000_diff1": 0.122883,
        "nauc_recall_at_1_max": -0.04591,
        "nauc_recall_at_1_std": -0.084932,
        "nauc_recall_at_1_diff1": 0.151411,
        "nauc_recall_at_3_max": 0.050823,
        "nauc_recall_at_3_std": -0.048521,
        "nauc_recall_at_3_diff1": 0.103909,
        "nauc_recall_at_5_max": 0.076025,
        "nauc_recall_at_5_std": -0.008394,
        "nauc_recall_at_5_diff1": 0.075199,
        "nauc_recall_at_10_max": 0.106345,
        "nauc_recall_at_10_std": -0.002282,
        "nauc_recall_at_10_diff1": 0.037263,
        "nauc_recall_at_20_max": 0.191463,
        "nauc_recall_at_20_std": 0.051366,
        "nauc_recall_at_20_diff1": 0.037431,
        "nauc_recall_at_100_max": 0.276363,
        "nauc_recall_at_100_std": 0.338437,
        "nauc_recall_at_100_diff1": 0.115328,
        "nauc_recall_at_1000_max": 0.169975,
        "nauc_recall_at_1000_std": 0.469422,
        "nauc_recall_at_1000_diff1": -0.235923,
        "nauc_precision_at_1_max": -0.04591,
        "nauc_precision_at_1_std": -0.084932,
        "nauc_precision_at_1_diff1": 0.151411,
        "nauc_precision_at_3_max": 0.050823,
        "nauc_precision_at_3_std": -0.048521,
        "nauc_precision_at_3_diff1": 0.103909,
        "nauc_precision_at_5_max": 0.076025,
        "nauc_precision_at_5_std": -0.008394,
        "nauc_precision_at_5_diff1": 0.075199,
        "nauc_precision_at_10_max": 0.106345,
        "nauc_precision_at_10_std": -0.002282,
        "nauc_precision_at_10_diff1": 0.037263,
        "nauc_precision_at_20_max": 0.191463,
        "nauc_precision_at_20_std": 0.051366,
        "nauc_precision_at_20_diff1": 0.037431,
        "nauc_precision_at_100_max": 0.276363,
        "nauc_precision_at_100_std": 0.338437,
        "nauc_precision_at_100_diff1": 0.115328,
        "nauc_precision_at_1000_max": 0.169975,
        "nauc_precision_at_1000_std": 0.469422,
        "nauc_precision_at_1000_diff1": -0.235923,
        "nauc_mrr_at_1_max": -0.053974,
        "nauc_mrr_at_1_std": -0.088094,
        "nauc_mrr_at_1_diff1": 0.132651,
        "nauc_mrr_at_3_max": -0.018294,
        "nauc_mrr_at_3_std": -0.074921,
        "nauc_mrr_at_3_diff1": 0.112471,
        "nauc_mrr_at_5_max": -0.015065,
        "nauc_mrr_at_5_std": -0.068446,
        "nauc_mrr_at_5_diff1": 0.106718,
        "nauc_mrr_at_10_max": -0.015603,
        "nauc_mrr_at_10_std": -0.070252,
        "nauc_mrr_at_10_diff1": 0.104674,
        "nauc_mrr_at_20_max": -0.014788,
        "nauc_mrr_at_20_std": -0.069371,
        "nauc_mrr_at_20_diff1": 0.106021,
        "nauc_mrr_at_100_max": -0.01591,
        "nauc_mrr_at_100_std": -0.069262,
        "nauc_mrr_at_100_diff1": 0.106941,
        "nauc_mrr_at_1000_max": -0.016121,
        "nauc_mrr_at_1000_std": -0.069442,
        "nauc_mrr_at_1000_diff1": 0.106848,
        "main_score": 0.50266,
        "hf_subset": "default",
        "languages": [
          "eng-Latn"
        ]
      }
    ]
  },
  "evaluation_time": 28.850690603256226,
  "kg_co2_emissions": null
}