{
  "dataset_revision": "27a168819829fe9bcd655c2df245fb19452e8e06",
  "task_name": "FiQA2018",
  "mteb_version": "1.39.7",
  "scores": {
    "test": [
      {
        "ndcg_at_1": 0.07099,
        "ndcg_at_3": 0.06831,
        "ndcg_at_5": 0.07392,
        "ndcg_at_10": 0.0813,
        "ndcg_at_20": 0.08893,
        "ndcg_at_100": 0.1056,
        "ndcg_at_1000": 0.13387,
        "map_at_1": 0.03694,
        "map_at_3": 0.04937,
        "map_at_5": 0.05465,
        "map_at_10": 0.05828,
        "map_at_20": 0.06037,
        "map_at_100": 0.06258,
        "map_at_1000": 0.0636,
        "recall_at_1": 0.03694,
        "recall_at_3": 0.06185,
        "recall_at_5": 0.081,
        "recall_at_10": 0.10403,
        "recall_at_20": 0.12789,
        "recall_at_100": 0.19464,
        "recall_at_1000": 0.37608,
        "precision_at_1": 0.07099,
        "precision_at_3": 0.04475,
        "precision_at_5": 0.03611,
        "precision_at_10": 0.02407,
        "precision_at_20": 0.01505,
        "precision_at_100": 0.00503,
        "precision_at_1000": 0.00097,
        "mrr_at_1": 0.070988,
        "mrr_at_3": 0.091564,
        "mrr_at_5": 0.099588,
        "mrr_at_10": 0.105404,
        "mrr_at_20": 0.108297,
        "mrr_at_100": 0.111503,
        "mrr_at_1000": 0.112349,
        "nauc_ndcg_at_1_max": 0.137248,
        "nauc_ndcg_at_1_std": 0.101984,
        "nauc_ndcg_at_1_diff1": 0.452389,
        "nauc_ndcg_at_3_max": 0.1518,
        "nauc_ndcg_at_3_std": 0.197821,
        "nauc_ndcg_at_3_diff1": 0.425291,
        "nauc_ndcg_at_5_max": 0.145726,
        "nauc_ndcg_at_5_std": 0.221912,
        "nauc_ndcg_at_5_diff1": 0.399417,
        "nauc_ndcg_at_10_max": 0.134076,
        "nauc_ndcg_at_10_std": 0.216155,
        "nauc_ndcg_at_10_diff1": 0.387322,
        "nauc_ndcg_at_20_max": 0.133127,
        "nauc_ndcg_at_20_std": 0.220004,
        "nauc_ndcg_at_20_diff1": 0.376179,
        "nauc_ndcg_at_100_max": 0.144648,
        "nauc_ndcg_at_100_std": 0.211074,
        "nauc_ndcg_at_100_diff1": 0.345078,
        "nauc_ndcg_at_1000_max": 0.14811,
        "nauc_ndcg_at_1000_std": 0.206533,
        "nauc_ndcg_at_1000_diff1": 0.315974,
        "nauc_map_at_1_max": 0.121042,
        "nauc_map_at_1_std": 0.157765,
        "nauc_map_at_1_diff1": 0.516188,
        "nauc_map_at_3_max": 0.135888,
        "nauc_map_at_3_std": 0.196922,
        "nauc_map_at_3_diff1": 0.459212,
        "nauc_map_at_5_max": 0.137536,
        "nauc_map_at_5_std": 0.212987,
        "nauc_map_at_5_diff1": 0.434956,
        "nauc_map_at_10_max": 0.133324,
        "nauc_map_at_10_std": 0.211443,
        "nauc_map_at_10_diff1": 0.427993,
        "nauc_map_at_20_max": 0.132763,
        "nauc_map_at_20_std": 0.214462,
        "nauc_map_at_20_diff1": 0.423539,
        "nauc_map_at_100_max": 0.135156,
        "nauc_map_at_100_std": 0.212835,
        "nauc_map_at_100_diff1": 0.41593,
        "nauc_map_at_1000_max": 0.135455,
        "nauc_map_at_1000_std": 0.213359,
        "nauc_map_at_1000_diff1": 0.413191,
        "nauc_recall_at_1_max": 0.121042,
        "nauc_recall_at_1_std": 0.157765,
        "nauc_recall_at_1_diff1": 0.516188,
        "nauc_recall_at_3_max": 0.145027,
        "nauc_recall_at_3_std": 0.235312,
        "nauc_recall_at_3_diff1": 0.421896,
        "nauc_recall_at_5_max": 0.134162,
        "nauc_recall_at_5_std": 0.253323,
        "nauc_recall_at_5_diff1": 0.348851,
        "nauc_recall_at_10_max": 0.115837,
        "nauc_recall_at_10_std": 0.223415,
        "nauc_recall_at_10_diff1": 0.32734,
        "nauc_recall_at_20_max": 0.106564,
        "nauc_recall_at_20_std": 0.226764,
        "nauc_recall_at_20_diff1": 0.298634,
        "nauc_recall_at_100_max": 0.12493,
        "nauc_recall_at_100_std": 0.196632,
        "nauc_recall_at_100_diff1": 0.230512,
        "nauc_recall_at_1000_max": 0.1124,
        "nauc_recall_at_1000_std": 0.164348,
        "nauc_recall_at_1000_diff1": 0.138756,
        "nauc_precision_at_1_max": 0.137248,
        "nauc_precision_at_1_std": 0.101984,
        "nauc_precision_at_1_diff1": 0.452389,
        "nauc_precision_at_3_max": 0.168459,
        "nauc_precision_at_3_std": 0.234734,
        "nauc_precision_at_3_diff1": 0.375025,
        "nauc_precision_at_5_max": 0.182485,
        "nauc_precision_at_5_std": 0.274389,
        "nauc_precision_at_5_diff1": 0.344029,
        "nauc_precision_at_10_max": 0.158485,
        "nauc_precision_at_10_std": 0.24577,
        "nauc_precision_at_10_diff1": 0.310079,
        "nauc_precision_at_20_max": 0.170711,
        "nauc_precision_at_20_std": 0.237023,
        "nauc_precision_at_20_diff1": 0.291545,
        "nauc_precision_at_100_max": 0.187824,
        "nauc_precision_at_100_std": 0.18935,
        "nauc_precision_at_100_diff1": 0.183654,
        "nauc_precision_at_1000_max": 0.188536,
        "nauc_precision_at_1000_std": 0.114883,
        "nauc_precision_at_1000_diff1": 0.090476,
        "nauc_mrr_at_1_max": 0.137248,
        "nauc_mrr_at_1_std": 0.101984,
        "nauc_mrr_at_1_diff1": 0.452389,
        "nauc_mrr_at_3_max": 0.151428,
        "nauc_mrr_at_3_std": 0.175143,
        "nauc_mrr_at_3_diff1": 0.423262,
        "nauc_mrr_at_5_max": 0.145798,
        "nauc_mrr_at_5_std": 0.178647,
        "nauc_mrr_at_5_diff1": 0.401242,
        "nauc_mrr_at_10_max": 0.142448,
        "nauc_mrr_at_10_std": 0.174335,
        "nauc_mrr_at_10_diff1": 0.392946,
        "nauc_mrr_at_20_max": 0.143324,
        "nauc_mrr_at_20_std": 0.174557,
        "nauc_mrr_at_20_diff1": 0.389615,
        "nauc_mrr_at_100_max": 0.146031,
        "nauc_mrr_at_100_std": 0.171441,
        "nauc_mrr_at_100_diff1": 0.38316,
        "nauc_mrr_at_1000_max": 0.145899,
        "nauc_mrr_at_1000_std": 0.171584,
        "nauc_mrr_at_1000_diff1": 0.382351,
        "main_score": 0.0813,
        "hf_subset": "default",
        "languages": [
          "eng-Latn"
        ]
      }
    ]
  },
  "evaluation_time": 158.947247505188,
  "kg_co2_emissions": null
}