{
  "dataset_revision": "a34f9a33db75fa0cbb21bb5cfc3dae8dc8bec93f",
  "task_name": "Touche2020",
  "mteb_version": "1.39.7",
  "scores": {
    "test": [
      {
        "ndcg_at_1": 0.16327,
        "ndcg_at_3": 0.19505,
        "ndcg_at_5": 0.19859,
        "ndcg_at_10": 0.20136,
        "ndcg_at_20": 0.2158,
        "ndcg_at_100": 0.3142,
        "ndcg_at_1000": 0.42041,
        "map_at_1": 0.01513,
        "map_at_3": 0.03888,
        "map_at_5": 0.05506,
        "map_at_10": 0.08234,
        "map_at_20": 0.10219,
        "map_at_100": 0.1349,
        "map_at_1000": 0.14792,
        "recall_at_1": 0.01513,
        "recall_at_3": 0.05321,
        "recall_at_5": 0.08534,
        "recall_at_10": 0.14687,
        "recall_at_20": 0.21651,
        "recall_at_100": 0.42669,
        "recall_at_1000": 0.74871,
        "precision_at_1": 0.18367,
        "precision_at_3": 0.23129,
        "precision_at_5": 0.22449,
        "precision_at_10": 0.19388,
        "precision_at_20": 0.15306,
        "precision_at_100": 0.06857,
        "precision_at_1000": 0.01388,
        "mrr_at_1": 0.204082,
        "mrr_at_3": 0.323129,
        "mrr_at_5": 0.355782,
        "mrr_at_10": 0.367055,
        "mrr_at_20": 0.374914,
        "mrr_at_100": 0.379972,
        "mrr_at_1000": 0.380159,
        "nauc_ndcg_at_1_max": -0.268284,
        "nauc_ndcg_at_1_std": -0.15489,
        "nauc_ndcg_at_1_diff1": -0.081108,
        "nauc_ndcg_at_3_max": -0.270366,
        "nauc_ndcg_at_3_std": -0.122395,
        "nauc_ndcg_at_3_diff1": -0.0331,
        "nauc_ndcg_at_5_max": -0.257762,
        "nauc_ndcg_at_5_std": -0.130564,
        "nauc_ndcg_at_5_diff1": -0.061633,
        "nauc_ndcg_at_10_max": -0.250126,
        "nauc_ndcg_at_10_std": -0.176908,
        "nauc_ndcg_at_10_diff1": -0.082964,
        "nauc_ndcg_at_20_max": -0.276109,
        "nauc_ndcg_at_20_std": -0.175406,
        "nauc_ndcg_at_20_diff1": -0.05722,
        "nauc_ndcg_at_100_max": -0.2519,
        "nauc_ndcg_at_100_std": 0.075153,
        "nauc_ndcg_at_100_diff1": -0.105628,
        "nauc_ndcg_at_1000_max": -0.220021,
        "nauc_ndcg_at_1000_std": 0.206924,
        "nauc_ndcg_at_1000_diff1": -0.188941,
        "nauc_map_at_1_max": -0.264705,
        "nauc_map_at_1_std": -0.275438,
        "nauc_map_at_1_diff1": -0.149321,
        "nauc_map_at_3_max": -0.236598,
        "nauc_map_at_3_std": -0.255419,
        "nauc_map_at_3_diff1": -0.101378,
        "nauc_map_at_5_max": -0.209212,
        "nauc_map_at_5_std": -0.261323,
        "nauc_map_at_5_diff1": -0.141799,
        "nauc_map_at_10_max": -0.195911,
        "nauc_map_at_10_std": -0.30615,
        "nauc_map_at_10_diff1": -0.122151,
        "nauc_map_at_20_max": -0.207059,
        "nauc_map_at_20_std": -0.269889,
        "nauc_map_at_20_diff1": -0.113283,
        "nauc_map_at_100_max": -0.192765,
        "nauc_map_at_100_std": -0.137487,
        "nauc_map_at_100_diff1": -0.112688,
        "nauc_map_at_1000_max": -0.197464,
        "nauc_map_at_1000_std": -0.098907,
        "nauc_map_at_1000_diff1": -0.136109,
        "nauc_recall_at_1_max": -0.264705,
        "nauc_recall_at_1_std": -0.275438,
        "nauc_recall_at_1_diff1": -0.149321,
        "nauc_recall_at_3_max": -0.277826,
        "nauc_recall_at_3_std": -0.26187,
        "nauc_recall_at_3_diff1": -0.022112,
        "nauc_recall_at_5_max": -0.255059,
        "nauc_recall_at_5_std": -0.255549,
        "nauc_recall_at_5_diff1": -0.081854,
        "nauc_recall_at_10_max": -0.248291,
        "nauc_recall_at_10_std": -0.286941,
        "nauc_recall_at_10_diff1": -0.064758,
        "nauc_recall_at_20_max": -0.287159,
        "nauc_recall_at_20_std": -0.222094,
        "nauc_recall_at_20_diff1": -0.034881,
        "nauc_recall_at_100_max": -0.246408,
        "nauc_recall_at_100_std": 0.206524,
        "nauc_recall_at_100_diff1": -0.140883,
        "nauc_recall_at_1000_max": -0.125381,
        "nauc_recall_at_1000_std": 0.616081,
        "nauc_recall_at_1000_diff1": -0.347899,
        "nauc_precision_at_1_max": -0.288158,
        "nauc_precision_at_1_std": -0.14805,
        "nauc_precision_at_1_diff1": -0.080651,
        "nauc_precision_at_3_max": -0.308351,
        "nauc_precision_at_3_std": -0.132711,
        "nauc_precision_at_3_diff1": -0.020259,
        "nauc_precision_at_5_max": -0.270683,
        "nauc_precision_at_5_std": -0.13889,
        "nauc_precision_at_5_diff1": -0.06526,
        "nauc_precision_at_10_max": -0.204801,
        "nauc_precision_at_10_std": -0.147349,
        "nauc_precision_at_10_diff1": -0.095212,
        "nauc_precision_at_20_max": -0.223912,
        "nauc_precision_at_20_std": -0.030319,
        "nauc_precision_at_20_diff1": -0.030266,
        "nauc_precision_at_100_max": -0.084437,
        "nauc_precision_at_100_std": 0.520411,
        "nauc_precision_at_100_diff1": -0.158619,
        "nauc_precision_at_1000_max": 0.295602,
        "nauc_precision_at_1000_std": 0.514297,
        "nauc_precision_at_1000_diff1": -0.149441,
        "nauc_mrr_at_1_max": -0.253482,
        "nauc_mrr_at_1_std": -0.05663,
        "nauc_mrr_at_1_diff1": -0.1449,
        "nauc_mrr_at_3_max": -0.295852,
        "nauc_mrr_at_3_std": -0.084368,
        "nauc_mrr_at_3_diff1": -0.010047,
        "nauc_mrr_at_5_max": -0.33449,
        "nauc_mrr_at_5_std": -0.093096,
        "nauc_mrr_at_5_diff1": -0.016703,
        "nauc_mrr_at_10_max": -0.30546,
        "nauc_mrr_at_10_std": -0.06318,
        "nauc_mrr_at_10_diff1": -0.027328,
        "nauc_mrr_at_20_max": -0.310632,
        "nauc_mrr_at_20_std": -0.066128,
        "nauc_mrr_at_20_diff1": -0.0417,
        "nauc_mrr_at_100_max": -0.310795,
        "nauc_mrr_at_100_std": -0.063148,
        "nauc_mrr_at_100_diff1": -0.03989,
        "nauc_mrr_at_1000_max": -0.309899,
        "nauc_mrr_at_1000_std": -0.063747,
        "nauc_mrr_at_1000_diff1": -0.039562,
        "main_score": 0.20136,
        "hf_subset": "default",
        "languages": [
          "eng-Latn"
        ]
      }
    ]
  },
  "evaluation_time": 952.3437385559082,
  "kg_co2_emissions": null
}