{
  "dataset_revision": "ec0fa4fe99da2ff19ca1214b7966684033a58814",
  "task_name": "NFCorpus",
  "mteb_version": "1.39.7",
  "scores": {
    "test": [
      {
        "ndcg_at_1": 0.32972,
        "ndcg_at_3": 0.28316,
        "ndcg_at_5": 0.2668,
        "ndcg_at_10": 0.23849,
        "ndcg_at_20": 0.21567,
        "ndcg_at_100": 0.20924,
        "ndcg_at_1000": 0.30093,
        "map_at_1": 0.03658,
        "map_at_3": 0.05385,
        "map_at_5": 0.06562,
        "map_at_10": 0.07691,
        "map_at_20": 0.08312,
        "map_at_100": 0.09239,
        "map_at_1000": 0.10232,
        "recall_at_1": 0.03658,
        "recall_at_3": 0.06036,
        "recall_at_5": 0.08453,
        "recall_at_10": 0.10969,
        "recall_at_20": 0.13249,
        "recall_at_100": 0.21405,
        "recall_at_1000": 0.53979,
        "precision_at_1": 0.34056,
        "precision_at_3": 0.26522,
        "precision_at_5": 0.23158,
        "precision_at_10": 0.17678,
        "precision_at_20": 0.12601,
        "precision_at_100": 0.05139,
        "precision_at_1000": 0.01724,
        "mrr_at_1": 0.340557,
        "mrr_at_3": 0.405573,
        "mrr_at_5": 0.420124,
        "mrr_at_10": 0.426542,
        "mrr_at_20": 0.42954,
        "mrr_at_100": 0.433499,
        "mrr_at_1000": 0.434239,
        "nauc_ndcg_at_1_max": 0.33168,
        "nauc_ndcg_at_1_std": 0.206434,
        "nauc_ndcg_at_1_diff1": 0.319821,
        "nauc_ndcg_at_3_max": 0.349199,
        "nauc_ndcg_at_3_std": 0.219852,
        "nauc_ndcg_at_3_diff1": 0.197566,
        "nauc_ndcg_at_5_max": 0.371631,
        "nauc_ndcg_at_5_std": 0.217867,
        "nauc_ndcg_at_5_diff1": 0.169837,
        "nauc_ndcg_at_10_max": 0.386741,
        "nauc_ndcg_at_10_std": 0.243993,
        "nauc_ndcg_at_10_diff1": 0.161349,
        "nauc_ndcg_at_20_max": 0.386544,
        "nauc_ndcg_at_20_std": 0.233924,
        "nauc_ndcg_at_20_diff1": 0.174192,
        "nauc_ndcg_at_100_max": 0.431456,
        "nauc_ndcg_at_100_std": 0.254657,
        "nauc_ndcg_at_100_diff1": 0.213056,
        "nauc_ndcg_at_1000_max": 0.511711,
        "nauc_ndcg_at_1000_std": 0.326586,
        "nauc_ndcg_at_1000_diff1": 0.210997,
        "nauc_map_at_1_max": 0.250619,
        "nauc_map_at_1_std": -0.032567,
        "nauc_map_at_1_diff1": 0.432015,
        "nauc_map_at_3_max": 0.275462,
        "nauc_map_at_3_std": 0.007905,
        "nauc_map_at_3_diff1": 0.347373,
        "nauc_map_at_5_max": 0.318978,
        "nauc_map_at_5_std": 0.042213,
        "nauc_map_at_5_diff1": 0.304509,
        "nauc_map_at_10_max": 0.350168,
        "nauc_map_at_10_std": 0.099032,
        "nauc_map_at_10_diff1": 0.252354,
        "nauc_map_at_20_max": 0.363976,
        "nauc_map_at_20_std": 0.122965,
        "nauc_map_at_20_diff1": 0.239372,
        "nauc_map_at_100_max": 0.373344,
        "nauc_map_at_100_std": 0.153045,
        "nauc_map_at_100_diff1": 0.223891,
        "nauc_map_at_1000_max": 0.378923,
        "nauc_map_at_1000_std": 0.178388,
        "nauc_map_at_1000_diff1": 0.210008,
        "nauc_recall_at_1_max": 0.250619,
        "nauc_recall_at_1_std": -0.032567,
        "nauc_recall_at_1_diff1": 0.432015,
        "nauc_recall_at_3_max": 0.269517,
        "nauc_recall_at_3_std": -0.00612,
        "nauc_recall_at_3_diff1": 0.292496,
        "nauc_recall_at_5_max": 0.320163,
        "nauc_recall_at_5_std": 0.025374,
        "nauc_recall_at_5_diff1": 0.246052,
        "nauc_recall_at_10_max": 0.350917,
        "nauc_recall_at_10_std": 0.100309,
        "nauc_recall_at_10_diff1": 0.208035,
        "nauc_recall_at_20_max": 0.356277,
        "nauc_recall_at_20_std": 0.125458,
        "nauc_recall_at_20_diff1": 0.18009,
        "nauc_recall_at_100_max": 0.330677,
        "nauc_recall_at_100_std": 0.180571,
        "nauc_recall_at_100_diff1": 0.121937,
        "nauc_recall_at_1000_max": 0.31099,
        "nauc_recall_at_1000_std": 0.206441,
        "nauc_recall_at_1000_diff1": 0.06049,
        "nauc_precision_at_1_max": 0.341384,
        "nauc_precision_at_1_std": 0.211485,
        "nauc_precision_at_1_diff1": 0.308554,
        "nauc_precision_at_3_max": 0.344942,
        "nauc_precision_at_3_std": 0.240236,
        "nauc_precision_at_3_diff1": 0.104334,
        "nauc_precision_at_5_max": 0.368086,
        "nauc_precision_at_5_std": 0.260347,
        "nauc_precision_at_5_diff1": 0.04374,
        "nauc_precision_at_10_max": 0.360466,
        "nauc_precision_at_10_std": 0.32959,
        "nauc_precision_at_10_diff1": 0.003175,
        "nauc_precision_at_20_max": 0.284927,
        "nauc_precision_at_20_std": 0.313766,
        "nauc_precision_at_20_diff1": -0.020892,
        "nauc_precision_at_100_max": 0.179457,
        "nauc_precision_at_100_std": 0.307914,
        "nauc_precision_at_100_diff1": -0.06656,
        "nauc_precision_at_1000_max": 0.033419,
        "nauc_precision_at_1000_std": 0.216029,
        "nauc_precision_at_1000_diff1": -0.080171,
        "nauc_mrr_at_1_max": 0.341384,
        "nauc_mrr_at_1_std": 0.211485,
        "nauc_mrr_at_1_diff1": 0.308554,
        "nauc_mrr_at_3_max": 0.368665,
        "nauc_mrr_at_3_std": 0.22254,
        "nauc_mrr_at_3_diff1": 0.279642,
        "nauc_mrr_at_5_max": 0.388886,
        "nauc_mrr_at_5_std": 0.240018,
        "nauc_mrr_at_5_diff1": 0.278821,
        "nauc_mrr_at_10_max": 0.392466,
        "nauc_mrr_at_10_std": 0.245001,
        "nauc_mrr_at_10_diff1": 0.277712,
        "nauc_mrr_at_20_max": 0.392741,
        "nauc_mrr_at_20_std": 0.247165,
        "nauc_mrr_at_20_diff1": 0.277432,
        "nauc_mrr_at_100_max": 0.393816,
        "nauc_mrr_at_100_std": 0.247729,
        "nauc_mrr_at_100_diff1": 0.278465,
        "nauc_mrr_at_1000_max": 0.393398,
        "nauc_mrr_at_1000_std": 0.247342,
        "nauc_mrr_at_1000_diff1": 0.278476,
        "main_score": 0.23849,
        "hf_subset": "default",
        "languages": [
          "eng-Latn"
        ]
      }
    ]
  },
  "evaluation_time": 6.896954774856567,
  "kg_co2_emissions": null
}