{
  "map_at_10": 0.00066,
  "mrr_at_10": 0.028259373925008595,
  "ndcg_at_10": 0.00766,
  "recall_at_10": 0.0024,
  "recall_at_100": 0.02611
}
