{
  "map_at_10": 0.00196,
  "mrr_at_10": 0.04882303798712467,
  "ndcg_at_10": 0.01528,
  "recall_at_10": 0.00532,
  "recall_at_100": 0.04609
}
