{
  "map_at_10": 0.00066,
  "mrr_at_10": 0.023777581207921766,
  "ndcg_at_10": 0.01024,
  "recall_at_10": 0.00255,
  "recall_at_100": 0.02976
}
