{
  "map_at_10": 0.00159,
  "mrr_at_10": 0.04068873163300407,
  "ndcg_at_10": 0.01392,
  "recall_at_10": 0.00526,
  "recall_at_100": 0.03445
}
