{
  "map_at_10": 0.00092,
  "mrr_at_10": 0.027105754582534773,
  "ndcg_at_10": 0.00873,
  "recall_at_10": 0.00357,
  "recall_at_100": 0.02345
}
