{
  "map_at_10": 0.00058,
  "mrr_at_10": 0.01734974691631038,
  "ndcg_at_10": 0.00648,
  "recall_at_10": 0.00234,
  "recall_at_100": 0.02814
}
