{
  "map_at_10": 0.00055,
  "mrr_at_10": 0.021206201778957202,
  "ndcg_at_10": 0.00844,
  "recall_at_10": 0.00195,
  "recall_at_100": 0.02817
}
