{
  "map_at_10": 0.00103,
  "mrr_at_10": 0.029560420659491864,
  "ndcg_at_10": 0.01041,
  "recall_at_10": 0.00319,
  "recall_at_100": 0.02907
}
