{
  "map_at_10": 0.00078,
  "mrr_at_10": 0.03312939210772027,
  "ndcg_at_10": 0.01216,
  "recall_at_10": 0.00325,
  "recall_at_100": 0.03532
}
