{
  "map_at_10": 0.00102,
  "mrr_at_10": 0.03683719101675757,
  "ndcg_at_10": 0.01331,
  "recall_at_10": 0.00367,
  "recall_at_100": 0.03258
}
