{
  "dataset_revision": "f8c2fcf00f625baaa80f62ec5bd9e1fff3b8ae88",
  "task_name": "SCIDOCS",
  "mteb_version": "1.39.7",
  "scores": {
    "test": [
      {
        "ndcg_at_1": 0.095,
        "ndcg_at_3": 0.07166,
        "ndcg_at_5": 0.06184,
        "ndcg_at_10": 0.07375,
        "ndcg_at_20": 0.08415,
        "ndcg_at_100": 0.10614,
        "ndcg_at_1000": 0.13933,
        "map_at_1": 0.01935,
        "map_at_3": 0.03008,
        "map_at_5": 0.03494,
        "map_at_10": 0.0397,
        "map_at_20": 0.0427,
        "map_at_100": 0.04589,
        "map_at_1000": 0.04704,
        "recall_at_1": 0.01935,
        "recall_at_3": 0.03965,
        "recall_at_5": 0.05335,
        "recall_at_10": 0.0752,
        "recall_at_20": 0.09948,
        "recall_at_100": 0.17152,
        "recall_at_1000": 0.33708,
        "precision_at_1": 0.095,
        "precision_at_3": 0.06533,
        "precision_at_5": 0.0528,
        "precision_at_10": 0.0372,
        "precision_at_20": 0.0246,
        "precision_at_100": 0.00846,
        "precision_at_1000": 0.00166,
        "mrr_at_1": 0.095,
        "mrr_at_3": 0.128,
        "mrr_at_5": 0.13735,
        "mrr_at_10": 0.145063,
        "mrr_at_20": 0.149631,
        "mrr_at_100": 0.153272,
        "mrr_at_1000": 0.154319,
        "nauc_ndcg_at_1_max": 0.382427,
        "nauc_ndcg_at_1_std": 0.043057,
        "nauc_ndcg_at_1_diff1": 0.30075,
        "nauc_ndcg_at_3_max": 0.40228,
        "nauc_ndcg_at_3_std": 0.082513,
        "nauc_ndcg_at_3_diff1": 0.298818,
        "nauc_ndcg_at_5_max": 0.404004,
        "nauc_ndcg_at_5_std": 0.086539,
        "nauc_ndcg_at_5_diff1": 0.282469,
        "nauc_ndcg_at_10_max": 0.405131,
        "nauc_ndcg_at_10_std": 0.109734,
        "nauc_ndcg_at_10_diff1": 0.266527,
        "nauc_ndcg_at_20_max": 0.402239,
        "nauc_ndcg_at_20_std": 0.126434,
        "nauc_ndcg_at_20_diff1": 0.253358,
        "nauc_ndcg_at_100_max": 0.40267,
        "nauc_ndcg_at_100_std": 0.132904,
        "nauc_ndcg_at_100_diff1": 0.231569,
        "nauc_ndcg_at_1000_max": 0.397311,
        "nauc_ndcg_at_1000_std": 0.141881,
        "nauc_ndcg_at_1000_diff1": 0.215628,
        "nauc_map_at_1_max": 0.384554,
        "nauc_map_at_1_std": 0.038572,
        "nauc_map_at_1_diff1": 0.301006,
        "nauc_map_at_3_max": 0.419596,
        "nauc_map_at_3_std": 0.079326,
        "nauc_map_at_3_diff1": 0.294291,
        "nauc_map_at_5_max": 0.427926,
        "nauc_map_at_5_std": 0.081776,
        "nauc_map_at_5_diff1": 0.296747,
        "nauc_map_at_10_max": 0.428609,
        "nauc_map_at_10_std": 0.099775,
        "nauc_map_at_10_diff1": 0.29067,
        "nauc_map_at_20_max": 0.43202,
        "nauc_map_at_20_std": 0.110919,
        "nauc_map_at_20_diff1": 0.282637,
        "nauc_map_at_100_max": 0.437936,
        "nauc_map_at_100_std": 0.119581,
        "nauc_map_at_100_diff1": 0.273025,
        "nauc_map_at_1000_max": 0.437728,
        "nauc_map_at_1000_std": 0.120588,
        "nauc_map_at_1000_diff1": 0.271565,
        "nauc_recall_at_1_max": 0.384554,
        "nauc_recall_at_1_std": 0.038572,
        "nauc_recall_at_1_diff1": 0.301006,
        "nauc_recall_at_3_max": 0.40494,
        "nauc_recall_at_3_std": 0.093273,
        "nauc_recall_at_3_diff1": 0.294075,
        "nauc_recall_at_5_max": 0.404493,
        "nauc_recall_at_5_std": 0.101384,
        "nauc_recall_at_5_diff1": 0.264044,
        "nauc_recall_at_10_max": 0.392388,
        "nauc_recall_at_10_std": 0.136284,
        "nauc_recall_at_10_diff1": 0.227688,
        "nauc_recall_at_20_max": 0.377496,
        "nauc_recall_at_20_std": 0.16481,
        "nauc_recall_at_20_diff1": 0.201331,
        "nauc_recall_at_100_max": 0.352373,
        "nauc_recall_at_100_std": 0.155457,
        "nauc_recall_at_100_diff1": 0.153684,
        "nauc_recall_at_1000_max": 0.304937,
        "nauc_recall_at_1000_std": 0.166681,
        "nauc_recall_at_1000_diff1": 0.100624,
        "nauc_precision_at_1_max": 0.382427,
        "nauc_precision_at_1_std": 0.043057,
        "nauc_precision_at_1_diff1": 0.30075,
        "nauc_precision_at_3_max": 0.404978,
        "nauc_precision_at_3_std": 0.097908,
        "nauc_precision_at_3_diff1": 0.294711,
        "nauc_precision_at_5_max": 0.404193,
        "nauc_precision_at_5_std": 0.105722,
        "nauc_precision_at_5_diff1": 0.264347,
        "nauc_precision_at_10_max": 0.392917,
        "nauc_precision_at_10_std": 0.140909,
        "nauc_precision_at_10_diff1": 0.228004,
        "nauc_precision_at_20_max": 0.378268,
        "nauc_precision_at_20_std": 0.167174,
        "nauc_precision_at_20_diff1": 0.199305,
        "nauc_precision_at_100_max": 0.351966,
        "nauc_precision_at_100_std": 0.156708,
        "nauc_precision_at_100_diff1": 0.149534,
        "nauc_precision_at_1000_max": 0.300358,
        "nauc_precision_at_1000_std": 0.166145,
        "nauc_precision_at_1000_diff1": 0.096868,
        "nauc_mrr_at_1_max": 0.382427,
        "nauc_mrr_at_1_std": 0.043057,
        "nauc_mrr_at_1_diff1": 0.30075,
        "nauc_mrr_at_3_max": 0.380725,
        "nauc_mrr_at_3_std": 0.067124,
        "nauc_mrr_at_3_diff1": 0.304303,
        "nauc_mrr_at_5_max": 0.376006,
        "nauc_mrr_at_5_std": 0.073687,
        "nauc_mrr_at_5_diff1": 0.284159,
        "nauc_mrr_at_10_max": 0.37576,
        "nauc_mrr_at_10_std": 0.080411,
        "nauc_mrr_at_10_diff1": 0.276126,
        "nauc_mrr_at_20_max": 0.3726,
        "nauc_mrr_at_20_std": 0.081295,
        "nauc_mrr_at_20_diff1": 0.274592,
        "nauc_mrr_at_100_max": 0.370816,
        "nauc_mrr_at_100_std": 0.079317,
        "nauc_mrr_at_100_diff1": 0.272024,
        "nauc_mrr_at_1000_max": 0.371211,
        "nauc_mrr_at_1000_std": 0.079243,
        "nauc_mrr_at_1000_diff1": 0.272176,
        "main_score": 0.07375,
        "hf_subset": "default",
        "languages": [
          "eng-Latn"
        ]
      }
    ]
  },
  "evaluation_time": 43.650187969207764,
  "kg_co2_emissions": null
}