{
  "dataset_revision": "bb9466bac8153a0349341eb1b22e06409e78ef4e",
  "task_name": "TRECCOVID",
  "mteb_version": "1.39.7",
  "scores": {
    "test": [
      {
        "ndcg_at_1": 0.69,
        "ndcg_at_3": 0.7148,
        "ndcg_at_5": 0.70268,
        "ndcg_at_10": 0.66521,
        "ndcg_at_20": 0.62645,
        "ndcg_at_100": 0.48367,
        "ndcg_at_1000": 0.41319,
        "map_at_1": 0.00196,
        "map_at_3": 0.00543,
        "map_at_5": 0.00852,
        "map_at_10": 0.01479,
        "map_at_20": 0.0257,
        "map_at_100": 0.07741,
        "map_at_1000": 0.17709,
        "recall_at_1": 0.00196,
        "recall_at_3": 0.00587,
        "recall_at_5": 0.00964,
        "recall_at_10": 0.01757,
        "recall_at_20": 0.03182,
        "recall_at_100": 0.11114,
        "recall_at_1000": 0.38313,
        "precision_at_1": 0.76,
        "precision_at_3": 0.77333,
        "precision_at_5": 0.768,
        "precision_at_10": 0.71,
        "precision_at_20": 0.663,
        "precision_at_100": 0.4928,
        "precision_at_1000": 0.18638,
        "mrr_at_1": 0.76,
        "mrr_at_3": 0.846667,
        "mrr_at_5": 0.860667,
        "mrr_at_10": 0.860667,
        "mrr_at_20": 0.860667,
        "mrr_at_100": 0.860667,
        "mrr_at_1000": 0.860667,
        "nauc_ndcg_at_1_max": 0.247478,
        "nauc_ndcg_at_1_std": 0.23002,
        "nauc_ndcg_at_1_diff1": 0.198608,
        "nauc_ndcg_at_3_max": 0.368158,
        "nauc_ndcg_at_3_std": 0.43617,
        "nauc_ndcg_at_3_diff1": -0.068209,
        "nauc_ndcg_at_5_max": 0.370268,
        "nauc_ndcg_at_5_std": 0.495929,
        "nauc_ndcg_at_5_diff1": -0.061793,
        "nauc_ndcg_at_10_max": 0.39607,
        "nauc_ndcg_at_10_std": 0.592195,
        "nauc_ndcg_at_10_diff1": -0.122051,
        "nauc_ndcg_at_20_max": 0.386361,
        "nauc_ndcg_at_20_std": 0.628838,
        "nauc_ndcg_at_20_diff1": -0.159157,
        "nauc_ndcg_at_100_max": 0.516415,
        "nauc_ndcg_at_100_std": 0.796549,
        "nauc_ndcg_at_100_diff1": -0.190353,
        "nauc_ndcg_at_1000_max": 0.599349,
        "nauc_ndcg_at_1000_std": 0.830637,
        "nauc_ndcg_at_1000_diff1": -0.221549,
        "nauc_map_at_1_max": 0.09268,
        "nauc_map_at_1_std": -0.079916,
        "nauc_map_at_1_diff1": 0.186446,
        "nauc_map_at_3_max": 0.127099,
        "nauc_map_at_3_std": 0.036143,
        "nauc_map_at_3_diff1": -0.045361,
        "nauc_map_at_5_max": 0.057326,
        "nauc_map_at_5_std": 0.079065,
        "nauc_map_at_5_diff1": -0.070019,
        "nauc_map_at_10_max": 0.133043,
        "nauc_map_at_10_std": 0.22344,
        "nauc_map_at_10_diff1": -0.153424,
        "nauc_map_at_20_max": 0.207007,
        "nauc_map_at_20_std": 0.35057,
        "nauc_map_at_20_diff1": -0.199934,
        "nauc_map_at_100_max": 0.528304,
        "nauc_map_at_100_std": 0.770976,
        "nauc_map_at_100_diff1": -0.194524,
        "nauc_map_at_1000_max": 0.613994,
        "nauc_map_at_1000_std": 0.872125,
        "nauc_map_at_1000_diff1": -0.192749,
        "nauc_recall_at_1_max": 0.09268,
        "nauc_recall_at_1_std": -0.079916,
        "nauc_recall_at_1_diff1": 0.186446,
        "nauc_recall_at_3_max": 0.102368,
        "nauc_recall_at_3_std": 0.002047,
        "nauc_recall_at_3_diff1": -0.039127,
        "nauc_recall_at_5_max": -0.010603,
        "nauc_recall_at_5_std": -0.010282,
        "nauc_recall_at_5_diff1": -0.05634,
        "nauc_recall_at_10_max": 0.067019,
        "nauc_recall_at_10_std": 0.10628,
        "nauc_recall_at_10_diff1": -0.138914,
        "nauc_recall_at_20_max": 0.146623,
        "nauc_recall_at_20_std": 0.216656,
        "nauc_recall_at_20_diff1": -0.165269,
        "nauc_recall_at_100_max": 0.473876,
        "nauc_recall_at_100_std": 0.617735,
        "nauc_recall_at_100_diff1": -0.184738,
        "nauc_recall_at_1000_max": 0.585847,
        "nauc_recall_at_1000_std": 0.739168,
        "nauc_recall_at_1000_diff1": -0.18504,
        "nauc_precision_at_1_max": 0.250454,
        "nauc_precision_at_1_std": 0.258198,
        "nauc_precision_at_1_diff1": 0.274249,
        "nauc_precision_at_3_max": 0.429341,
        "nauc_precision_at_3_std": 0.518342,
        "nauc_precision_at_3_diff1": -0.069205,
        "nauc_precision_at_5_max": 0.29728,
        "nauc_precision_at_5_std": 0.504295,
        "nauc_precision_at_5_diff1": -0.058734,
        "nauc_precision_at_10_max": 0.425009,
        "nauc_precision_at_10_std": 0.674589,
        "nauc_precision_at_10_diff1": -0.165032,
        "nauc_precision_at_20_max": 0.404867,
        "nauc_precision_at_20_std": 0.673844,
        "nauc_precision_at_20_diff1": -0.186453,
        "nauc_precision_at_100_max": 0.554694,
        "nauc_precision_at_100_std": 0.827175,
        "nauc_precision_at_100_diff1": -0.163432,
        "nauc_precision_at_1000_max": 0.444252,
        "nauc_precision_at_1000_std": 0.661143,
        "nauc_precision_at_1000_diff1": -0.125349,
        "nauc_mrr_at_1_max": 0.250454,
        "nauc_mrr_at_1_std": 0.258198,
        "nauc_mrr_at_1_diff1": 0.274249,
        "nauc_mrr_at_3_max": 0.372645,
        "nauc_mrr_at_3_std": 0.37151,
        "nauc_mrr_at_3_diff1": 0.24832,
        "nauc_mrr_at_5_max": 0.33398,
        "nauc_mrr_at_5_std": 0.330794,
        "nauc_mrr_at_5_diff1": 0.259766,
        "nauc_mrr_at_10_max": 0.33398,
        "nauc_mrr_at_10_std": 0.330794,
        "nauc_mrr_at_10_diff1": 0.259766,
        "nauc_mrr_at_20_max": 0.33398,
        "nauc_mrr_at_20_std": 0.330794,
        "nauc_mrr_at_20_diff1": 0.259766,
        "nauc_mrr_at_100_max": 0.33398,
        "nauc_mrr_at_100_std": 0.330794,
        "nauc_mrr_at_100_diff1": 0.259766,
        "nauc_mrr_at_1000_max": 0.33398,
        "nauc_mrr_at_1000_std": 0.330794,
        "nauc_mrr_at_1000_diff1": 0.259766,
        "main_score": 0.66521,
        "hf_subset": "default",
        "languages": [
          "eng-Latn"
        ]
      }
    ]
  },
  "evaluation_time": 495.26114869117737,
  "kg_co2_emissions": null
}