{
  "dataset_revision": "f8c2fcf00f625baaa80f62ec5bd9e1fff3b8ae88",
  "task_name": "SCIDOCS",
  "mteb_version": "1.39.7",
  "scores": {
    "test": [
      {
        "ndcg_at_1": 0.169,
        "ndcg_at_3": 0.13497,
        "ndcg_at_5": 0.1179,
        "ndcg_at_10": 0.13762,
        "ndcg_at_20": 0.15751,
        "ndcg_at_100": 0.19905,
        "ndcg_at_1000": 0.25061,
        "map_at_1": 0.0341,
        "map_at_3": 0.05863,
        "map_at_5": 0.06983,
        "map_at_10": 0.07861,
        "map_at_20": 0.08501,
        "map_at_100": 0.09234,
        "map_at_1000": 0.09472,
        "recall_at_1": 0.0341,
        "recall_at_3": 0.07555,
        "recall_at_5": 0.10423,
        "recall_at_10": 0.14058,
        "recall_at_20": 0.1876,
        "recall_at_100": 0.32152,
        "recall_at_1000": 0.57763,
        "precision_at_1": 0.169,
        "precision_at_3": 0.12467,
        "precision_at_5": 0.1028,
        "precision_at_10": 0.0693,
        "precision_at_20": 0.0462,
        "precision_at_100": 0.01585,
        "precision_at_1000": 0.00284,
        "mrr_at_1": 0.169,
        "mrr_at_3": 0.2285,
        "mrr_at_5": 0.2445,
        "mrr_at_10": 0.255884,
        "mrr_at_20": 0.26206,
        "mrr_at_100": 0.26692,
        "mrr_at_1000": 0.267741,
        "nauc_ndcg_at_1_max": 0.240874,
        "nauc_ndcg_at_1_std": 0.09226,
        "nauc_ndcg_at_1_diff1": 0.209284,
        "nauc_ndcg_at_3_max": 0.255707,
        "nauc_ndcg_at_3_std": 0.130553,
        "nauc_ndcg_at_3_diff1": 0.190037,
        "nauc_ndcg_at_5_max": 0.256832,
        "nauc_ndcg_at_5_std": 0.148496,
        "nauc_ndcg_at_5_diff1": 0.163384,
        "nauc_ndcg_at_10_max": 0.274409,
        "nauc_ndcg_at_10_std": 0.174321,
        "nauc_ndcg_at_10_diff1": 0.153045,
        "nauc_ndcg_at_20_max": 0.288773,
        "nauc_ndcg_at_20_std": 0.204012,
        "nauc_ndcg_at_20_diff1": 0.147514,
        "nauc_ndcg_at_100_max": 0.303159,
        "nauc_ndcg_at_100_std": 0.265505,
        "nauc_ndcg_at_100_diff1": 0.141918,
        "nauc_ndcg_at_1000_max": 0.31725,
        "nauc_ndcg_at_1000_std": 0.289818,
        "nauc_ndcg_at_1000_diff1": 0.149252,
        "nauc_map_at_1_max": 0.24082,
        "nauc_map_at_1_std": 0.09395,
        "nauc_map_at_1_diff1": 0.206978,
        "nauc_map_at_3_max": 0.259724,
        "nauc_map_at_3_std": 0.116452,
        "nauc_map_at_3_diff1": 0.198596,
        "nauc_map_at_5_max": 0.258627,
        "nauc_map_at_5_std": 0.125654,
        "nauc_map_at_5_diff1": 0.175706,
        "nauc_map_at_10_max": 0.277536,
        "nauc_map_at_10_std": 0.148678,
        "nauc_map_at_10_diff1": 0.167882,
        "nauc_map_at_20_max": 0.288769,
        "nauc_map_at_20_std": 0.168225,
        "nauc_map_at_20_diff1": 0.163093,
        "nauc_map_at_100_max": 0.292384,
        "nauc_map_at_100_std": 0.192103,
        "nauc_map_at_100_diff1": 0.159544,
        "nauc_map_at_1000_max": 0.293601,
        "nauc_map_at_1000_std": 0.195804,
        "nauc_map_at_1000_diff1": 0.159163,
        "nauc_recall_at_1_max": 0.24082,
        "nauc_recall_at_1_std": 0.09395,
        "nauc_recall_at_1_diff1": 0.206978,
        "nauc_recall_at_3_max": 0.258148,
        "nauc_recall_at_3_std": 0.147006,
        "nauc_recall_at_3_diff1": 0.177923,
        "nauc_recall_at_5_max": 0.251219,
        "nauc_recall_at_5_std": 0.166706,
        "nauc_recall_at_5_diff1": 0.131698,
        "nauc_recall_at_10_max": 0.277042,
        "nauc_recall_at_10_std": 0.207947,
        "nauc_recall_at_10_diff1": 0.113343,
        "nauc_recall_at_20_max": 0.289056,
        "nauc_recall_at_20_std": 0.255314,
        "nauc_recall_at_20_diff1": 0.099411,
        "nauc_recall_at_100_max": 0.296823,
        "nauc_recall_at_100_std": 0.368507,
        "nauc_recall_at_100_diff1": 0.081317,
        "nauc_recall_at_1000_max": 0.309762,
        "nauc_recall_at_1000_std": 0.420233,
        "nauc_recall_at_1000_diff1": 0.092877,
        "nauc_precision_at_1_max": 0.240874,
        "nauc_precision_at_1_std": 0.09226,
        "nauc_precision_at_1_diff1": 0.209284,
        "nauc_precision_at_3_max": 0.258632,
        "nauc_precision_at_3_std": 0.145179,
        "nauc_precision_at_3_diff1": 0.180353,
        "nauc_precision_at_5_max": 0.255437,
        "nauc_precision_at_5_std": 0.168238,
        "nauc_precision_at_5_diff1": 0.13652,
        "nauc_precision_at_10_max": 0.281727,
        "nauc_precision_at_10_std": 0.208998,
        "nauc_precision_at_10_diff1": 0.117263,
        "nauc_precision_at_20_max": 0.292331,
        "nauc_precision_at_20_std": 0.253734,
        "nauc_precision_at_20_diff1": 0.100145,
        "nauc_precision_at_100_max": 0.296845,
        "nauc_precision_at_100_std": 0.362511,
        "nauc_precision_at_100_diff1": 0.081855,
        "nauc_precision_at_1000_max": 0.310417,
        "nauc_precision_at_1000_std": 0.409319,
        "nauc_precision_at_1000_diff1": 0.09496,
        "nauc_mrr_at_1_max": 0.240874,
        "nauc_mrr_at_1_std": 0.09226,
        "nauc_mrr_at_1_diff1": 0.209284,
        "nauc_mrr_at_3_max": 0.246704,
        "nauc_mrr_at_3_std": 0.134137,
        "nauc_mrr_at_3_diff1": 0.184953,
        "nauc_mrr_at_5_max": 0.24983,
        "nauc_mrr_at_5_std": 0.147959,
        "nauc_mrr_at_5_diff1": 0.173904,
        "nauc_mrr_at_10_max": 0.248449,
        "nauc_mrr_at_10_std": 0.150022,
        "nauc_mrr_at_10_diff1": 0.170004,
        "nauc_mrr_at_20_max": 0.249571,
        "nauc_mrr_at_20_std": 0.152019,
        "nauc_mrr_at_20_diff1": 0.170704,
        "nauc_mrr_at_100_max": 0.250356,
        "nauc_mrr_at_100_std": 0.154055,
        "nauc_mrr_at_100_diff1": 0.172049,
        "nauc_mrr_at_1000_max": 0.250362,
        "nauc_mrr_at_1000_std": 0.153982,
        "nauc_mrr_at_1000_diff1": 0.172076,
        "main_score": 0.13762,
        "hf_subset": "default",
        "languages": [
          "eng-Latn"
        ]
      }
    ]
  },
  "evaluation_time": 160.25841617584229,
  "kg_co2_emissions": null
}