{
  "dataset_revision": "c22ab2a51041ffd869aaddef7af8d8215647e41a",
  "task_name": "ArguAna",
  "mteb_version": "1.39.7",
  "scores": {
    "test": [
      {
        "ndcg_at_1": 0.00142,
        "ndcg_at_3": 0.00178,
        "ndcg_at_5": 0.00322,
        "ndcg_at_10": 0.00413,
        "ndcg_at_20": 0.0052,
        "ndcg_at_100": 0.00976,
        "ndcg_at_1000": 0.0317,
        "map_at_1": 0.00142,
        "map_at_3": 0.00166,
        "map_at_5": 0.00244,
        "map_at_10": 0.00282,
        "map_at_20": 0.00311,
        "map_at_100": 0.00366,
        "map_at_1000": 0.00418,
        "recall_at_1": 0.00142,
        "recall_at_3": 0.00213,
        "recall_at_5": 0.00569,
        "recall_at_10": 0.00853,
        "recall_at_20": 0.0128,
        "recall_at_100": 0.03841,
        "recall_at_1000": 0.22973,
        "precision_at_1": 0.00142,
        "precision_at_3": 0.00071,
        "precision_at_5": 0.00114,
        "precision_at_10": 0.00085,
        "precision_at_20": 0.00064,
        "precision_at_100": 0.00038,
        "precision_at_1000": 0.00023,
        "mrr_at_1": 0.001422,
        "mrr_at_3": 0.00166,
        "mrr_at_5": 0.002442,
        "mrr_at_10": 0.00282,
        "mrr_at_20": 0.003108,
        "mrr_at_100": 0.003664,
        "mrr_at_1000": 0.004182,
        "nauc_ndcg_at_1_max": 0.171974,
        "nauc_ndcg_at_1_std": 0.295998,
        "nauc_ndcg_at_1_diff1": 0.228334,
        "nauc_ndcg_at_3_max": 0.02255,
        "nauc_ndcg_at_3_std": 0.436799,
        "nauc_ndcg_at_3_diff1": 0.382667,
        "nauc_ndcg_at_5_max": 0.08439,
        "nauc_ndcg_at_5_std": 0.284371,
        "nauc_ndcg_at_5_diff1": 0.134906,
        "nauc_ndcg_at_10_max": 0.022398,
        "nauc_ndcg_at_10_std": 0.225911,
        "nauc_ndcg_at_10_diff1": 0.101398,
        "nauc_ndcg_at_20_max": -0.006639,
        "nauc_ndcg_at_20_std": 0.220604,
        "nauc_ndcg_at_20_diff1": 0.083786,
        "nauc_ndcg_at_100_max": 0.007155,
        "nauc_ndcg_at_100_std": 0.179524,
        "nauc_ndcg_at_100_diff1": 0.098845,
        "nauc_ndcg_at_1000_max": 0.013135,
        "nauc_ndcg_at_1000_std": 0.063383,
        "nauc_ndcg_at_1000_diff1": 0.04622,
        "nauc_map_at_1_max": 0.171974,
        "nauc_map_at_1_std": 0.295998,
        "nauc_map_at_1_diff1": 0.228334,
        "nauc_map_at_3_max": 0.065243,
        "nauc_map_at_3_std": 0.39657,
        "nauc_map_at_3_diff1": 0.338572,
        "nauc_map_at_5_max": 0.099637,
        "nauc_map_at_5_std": 0.296712,
        "nauc_map_at_5_diff1": 0.177046,
        "nauc_map_at_10_max": 0.064719,
        "nauc_map_at_10_std": 0.260788,
        "nauc_map_at_10_diff1": 0.147905,
        "nauc_map_at_20_max": 0.046855,
        "nauc_map_at_20_std": 0.252284,
        "nauc_map_at_20_diff1": 0.134378,
        "nauc_map_at_100_max": 0.043059,
        "nauc_map_at_100_std": 0.235742,
        "nauc_map_at_100_diff1": 0.135927,
        "nauc_map_at_1000_max": 0.035826,
        "nauc_map_at_1000_std": 0.210357,
        "nauc_map_at_1000_diff1": 0.120696,
        "nauc_recall_at_1_max": 0.171974,
        "nauc_recall_at_1_std": 0.295998,
        "nauc_recall_at_1_diff1": 0.228334,
        "nauc_recall_at_3_max": -0.077066,
        "nauc_recall_at_3_std": 0.530666,
        "nauc_recall_at_3_diff1": 0.485556,
        "nauc_recall_at_5_max": 0.064945,
        "nauc_recall_at_5_std": 0.26521,
        "nauc_recall_at_5_diff1": 0.071598,
        "nauc_recall_at_10_max": -0.029404,
        "nauc_recall_at_10_std": 0.181803,
        "nauc_recall_at_10_diff1": 0.047929,
        "nauc_recall_at_20_max": -0.057981,
        "nauc_recall_at_20_std": 0.193497,
        "nauc_recall_at_20_diff1": 0.039625,
        "nauc_recall_at_100_max": -0.002811,
        "nauc_recall_at_100_std": 0.150721,
        "nauc_recall_at_100_diff1": 0.084269,
        "nauc_recall_at_1000_max": 0.019398,
        "nauc_recall_at_1000_std": 0.028354,
        "nauc_recall_at_1000_diff1": 0.032361,
        "nauc_precision_at_1_max": 0.171974,
        "nauc_precision_at_1_std": 0.295998,
        "nauc_precision_at_1_diff1": 0.228334,
        "nauc_precision_at_3_max": -0.077066,
        "nauc_precision_at_3_std": 0.530666,
        "nauc_precision_at_3_diff1": 0.485556,
        "nauc_precision_at_5_max": 0.064945,
        "nauc_precision_at_5_std": 0.26521,
        "nauc_precision_at_5_diff1": 0.071598,
        "nauc_precision_at_10_max": -0.029404,
        "nauc_precision_at_10_std": 0.181803,
        "nauc_precision_at_10_diff1": 0.047929,
        "nauc_precision_at_20_max": -0.057981,
        "nauc_precision_at_20_std": 0.193497,
        "nauc_precision_at_20_diff1": 0.039625,
        "nauc_precision_at_100_max": -0.002811,
        "nauc_precision_at_100_std": 0.150721,
        "nauc_precision_at_100_diff1": 0.084269,
        "nauc_precision_at_1000_max": 0.019398,
        "nauc_precision_at_1000_std": 0.028354,
        "nauc_precision_at_1000_diff1": 0.032361,
        "nauc_mrr_at_1_max": 0.171974,
        "nauc_mrr_at_1_std": 0.295998,
        "nauc_mrr_at_1_diff1": 0.228334,
        "nauc_mrr_at_3_max": 0.065243,
        "nauc_mrr_at_3_std": 0.39657,
        "nauc_mrr_at_3_diff1": 0.338572,
        "nauc_mrr_at_5_max": 0.099637,
        "nauc_mrr_at_5_std": 0.296712,
        "nauc_mrr_at_5_diff1": 0.177046,
        "nauc_mrr_at_10_max": 0.064719,
        "nauc_mrr_at_10_std": 0.260788,
        "nauc_mrr_at_10_diff1": 0.147905,
        "nauc_mrr_at_20_max": 0.046855,
        "nauc_mrr_at_20_std": 0.252284,
        "nauc_mrr_at_20_diff1": 0.134378,
        "nauc_mrr_at_100_max": 0.043058,
        "nauc_mrr_at_100_std": 0.235728,
        "nauc_mrr_at_100_diff1": 0.135973,
        "nauc_mrr_at_1000_max": 0.035826,
        "nauc_mrr_at_1000_std": 0.210344,
        "nauc_mrr_at_1000_diff1": 0.120737,
        "main_score": 0.00413,
        "hf_subset": "default",
        "languages": [
          "eng-Latn"
        ]
      }
    ]
  },
  "evaluation_time": 39.31580400466919,
  "kg_co2_emissions": null
}