{
  "dataset_revision": "a34f9a33db75fa0cbb21bb5cfc3dae8dc8bec93f",
  "task_name": "Touche2020",
  "mteb_version": "1.39.7",
  "scores": {
    "test": [
      {
        "ndcg_at_1": 0.15306,
        "ndcg_at_3": 0.15588,
        "ndcg_at_5": 0.14321,
        "ndcg_at_10": 0.12608,
        "ndcg_at_20": 0.13301,
        "ndcg_at_100": 0.19345,
        "ndcg_at_1000": 0.27556,
        "map_at_1": 0.01411,
        "map_at_3": 0.02744,
        "map_at_5": 0.03361,
        "map_at_10": 0.04343,
        "map_at_20": 0.05455,
        "map_at_100": 0.06742,
        "map_at_1000": 0.07428,
        "recall_at_1": 0.01411,
        "recall_at_3": 0.03546,
        "recall_at_5": 0.04834,
        "recall_at_10": 0.07646,
        "recall_at_20": 0.1276,
        "recall_at_100": 0.25354,
        "recall_at_1000": 0.49555,
        "precision_at_1": 0.18367,
        "precision_at_3": 0.17687,
        "precision_at_5": 0.14694,
        "precision_at_10": 0.11633,
        "precision_at_20": 0.09592,
        "precision_at_100": 0.04286,
        "precision_at_1000": 0.00949,
        "mrr_at_1": 0.183673,
        "mrr_at_3": 0.268707,
        "mrr_at_5": 0.282993,
        "mrr_at_10": 0.298235,
        "mrr_at_20": 0.309802,
        "mrr_at_100": 0.314206,
        "mrr_at_1000": 0.314609,
        "nauc_ndcg_at_1_max": -0.126358,
        "nauc_ndcg_at_1_std": 0.065804,
        "nauc_ndcg_at_1_diff1": -0.276818,
        "nauc_ndcg_at_3_max": 0.042115,
        "nauc_ndcg_at_3_std": 0.07616,
        "nauc_ndcg_at_3_diff1": -0.269127,
        "nauc_ndcg_at_5_max": 0.118365,
        "nauc_ndcg_at_5_std": 0.088107,
        "nauc_ndcg_at_5_diff1": -0.174259,
        "nauc_ndcg_at_10_max": 0.168714,
        "nauc_ndcg_at_10_std": 0.12873,
        "nauc_ndcg_at_10_diff1": -0.185403,
        "nauc_ndcg_at_20_max": 0.077026,
        "nauc_ndcg_at_20_std": 0.119297,
        "nauc_ndcg_at_20_diff1": -0.132436,
        "nauc_ndcg_at_100_max": 0.105922,
        "nauc_ndcg_at_100_std": 0.262833,
        "nauc_ndcg_at_100_diff1": -0.125434,
        "nauc_ndcg_at_1000_max": 0.223422,
        "nauc_ndcg_at_1000_std": 0.468402,
        "nauc_ndcg_at_1000_diff1": -0.158217,
        "nauc_map_at_1_max": -0.320477,
        "nauc_map_at_1_std": -0.040136,
        "nauc_map_at_1_diff1": -0.186413,
        "nauc_map_at_3_max": -0.195524,
        "nauc_map_at_3_std": 0.050406,
        "nauc_map_at_3_diff1": -0.201283,
        "nauc_map_at_5_max": -0.055873,
        "nauc_map_at_5_std": 0.10028,
        "nauc_map_at_5_diff1": -0.154767,
        "nauc_map_at_10_max": 0.059115,
        "nauc_map_at_10_std": 0.099331,
        "nauc_map_at_10_diff1": -0.195285,
        "nauc_map_at_20_max": 0.046188,
        "nauc_map_at_20_std": 0.103153,
        "nauc_map_at_20_diff1": -0.187768,
        "nauc_map_at_100_max": 0.067713,
        "nauc_map_at_100_std": 0.175127,
        "nauc_map_at_100_diff1": -0.173325,
        "nauc_map_at_1000_max": 0.084699,
        "nauc_map_at_1000_std": 0.214967,
        "nauc_map_at_1000_diff1": -0.182527,
        "nauc_recall_at_1_max": -0.320477,
        "nauc_recall_at_1_std": -0.040136,
        "nauc_recall_at_1_diff1": -0.186413,
        "nauc_recall_at_3_max": -0.11351,
        "nauc_recall_at_3_std": 0.021961,
        "nauc_recall_at_3_diff1": -0.204563,
        "nauc_recall_at_5_max": 0.044577,
        "nauc_recall_at_5_std": 0.066643,
        "nauc_recall_at_5_diff1": -0.078524,
        "nauc_recall_at_10_max": 0.102454,
        "nauc_recall_at_10_std": 0.088573,
        "nauc_recall_at_10_diff1": -0.141303,
        "nauc_recall_at_20_max": -0.024804,
        "nauc_recall_at_20_std": 0.087109,
        "nauc_recall_at_20_diff1": -0.074325,
        "nauc_recall_at_100_max": 0.04402,
        "nauc_recall_at_100_std": 0.324047,
        "nauc_recall_at_100_diff1": -0.078185,
        "nauc_recall_at_1000_max": 0.221177,
        "nauc_recall_at_1000_std": 0.629078,
        "nauc_recall_at_1000_diff1": -0.11451,
        "nauc_precision_at_1_max": -0.186408,
        "nauc_precision_at_1_std": -0.019185,
        "nauc_precision_at_1_diff1": -0.260392,
        "nauc_precision_at_3_max": 0.047159,
        "nauc_precision_at_3_std": 0.049138,
        "nauc_precision_at_3_diff1": -0.273863,
        "nauc_precision_at_5_max": 0.166414,
        "nauc_precision_at_5_std": 0.072007,
        "nauc_precision_at_5_diff1": -0.131286,
        "nauc_precision_at_10_max": 0.290121,
        "nauc_precision_at_10_std": 0.137717,
        "nauc_precision_at_10_diff1": -0.170056,
        "nauc_precision_at_20_max": 0.205813,
        "nauc_precision_at_20_std": 0.193454,
        "nauc_precision_at_20_diff1": -0.143333,
        "nauc_precision_at_100_max": 0.28622,
        "nauc_precision_at_100_std": 0.517185,
        "nauc_precision_at_100_diff1": -0.141739,
        "nauc_precision_at_1000_max": 0.49866,
        "nauc_precision_at_1000_std": 0.686828,
        "nauc_precision_at_1000_diff1": -0.090428,
        "nauc_mrr_at_1_max": -0.186408,
        "nauc_mrr_at_1_std": -0.019185,
        "nauc_mrr_at_1_diff1": -0.260392,
        "nauc_mrr_at_3_max": -0.115511,
        "nauc_mrr_at_3_std": -0.102227,
        "nauc_mrr_at_3_diff1": -0.254276,
        "nauc_mrr_at_5_max": -0.128408,
        "nauc_mrr_at_5_std": -0.108847,
        "nauc_mrr_at_5_diff1": -0.200284,
        "nauc_mrr_at_10_max": -0.112337,
        "nauc_mrr_at_10_std": -0.093032,
        "nauc_mrr_at_10_diff1": -0.173277,
        "nauc_mrr_at_20_max": -0.121682,
        "nauc_mrr_at_20_std": -0.08393,
        "nauc_mrr_at_20_diff1": -0.184937,
        "nauc_mrr_at_100_max": -0.115802,
        "nauc_mrr_at_100_std": -0.080919,
        "nauc_mrr_at_100_diff1": -0.189006,
        "nauc_mrr_at_1000_max": -0.117135,
        "nauc_mrr_at_1000_std": -0.081824,
        "nauc_mrr_at_1000_diff1": -0.189261,
        "main_score": 0.12608,
        "hf_subset": "default",
        "languages": [
          "eng-Latn"
        ]
      }
    ]
  },
  "evaluation_time": 1004.1375904083252,
  "kg_co2_emissions": null
}