{
  "dataset_revision": "0228b52cf27578f30900b9e5271d331663a030d7",
  "task_name": "SciFact",
  "mteb_version": "1.39.7",
  "scores": {
    "test": [
      {
        "ndcg_at_1": 0.42667,
        "ndcg_at_3": 0.49596,
        "ndcg_at_5": 0.51013,
        "ndcg_at_10": 0.53727,
        "ndcg_at_20": 0.55519,
        "ndcg_at_100": 0.5773,
        "ndcg_at_1000": 0.59356,
        "map_at_1": 0.40428,
        "map_at_3": 0.47006,
        "map_at_5": 0.47897,
        "map_at_10": 0.49125,
        "map_at_20": 0.49674,
        "map_at_100": 0.49996,
        "map_at_1000": 0.50053,
        "recall_at_1": 0.40428,
        "recall_at_3": 0.54478,
        "recall_at_5": 0.58128,
        "recall_at_10": 0.66094,
        "recall_at_20": 0.72939,
        "recall_at_100": 0.84689,
        "recall_at_1000": 0.975,
        "precision_at_1": 0.42667,
        "precision_at_3": 0.19778,
        "precision_at_5": 0.12867,
        "precision_at_10": 0.074,
        "precision_at_20": 0.04117,
        "precision_at_100": 0.00957,
        "precision_at_1000": 0.0011,
        "mrr_at_1": 0.426667,
        "mrr_at_3": 0.490556,
        "mrr_at_5": 0.498556,
        "mrr_at_10": 0.509149,
        "mrr_at_20": 0.513204,
        "mrr_at_100": 0.515894,
        "mrr_at_1000": 0.516408,
        "nauc_ndcg_at_1_max": 0.458053,
        "nauc_ndcg_at_1_std": 0.047403,
        "nauc_ndcg_at_1_diff1": 0.750182,
        "nauc_ndcg_at_3_max": 0.486534,
        "nauc_ndcg_at_3_std": 0.049024,
        "nauc_ndcg_at_3_diff1": 0.689714,
        "nauc_ndcg_at_5_max": 0.499826,
        "nauc_ndcg_at_5_std": 0.069697,
        "nauc_ndcg_at_5_diff1": 0.678848,
        "nauc_ndcg_at_10_max": 0.527628,
        "nauc_ndcg_at_10_std": 0.098927,
        "nauc_ndcg_at_10_diff1": 0.669655,
        "nauc_ndcg_at_20_max": 0.531508,
        "nauc_ndcg_at_20_std": 0.108987,
        "nauc_ndcg_at_20_diff1": 0.669571,
        "nauc_ndcg_at_100_max": 0.524335,
        "nauc_ndcg_at_100_std": 0.093498,
        "nauc_ndcg_at_100_diff1": 0.673419,
        "nauc_ndcg_at_1000_max": 0.515509,
        "nauc_ndcg_at_1000_std": 0.094641,
        "nauc_ndcg_at_1000_diff1": 0.678192,
        "nauc_map_at_1_max": 0.42459,
        "nauc_map_at_1_std": 0.002075,
        "nauc_map_at_1_diff1": 0.723131,
        "nauc_map_at_3_max": 0.467002,
        "nauc_map_at_3_std": 0.028474,
        "nauc_map_at_3_diff1": 0.694289,
        "nauc_map_at_5_max": 0.47699,
        "nauc_map_at_5_std": 0.043011,
        "nauc_map_at_5_diff1": 0.688743,
        "nauc_map_at_10_max": 0.491158,
        "nauc_map_at_10_std": 0.057572,
        "nauc_map_at_10_diff1": 0.685313,
        "nauc_map_at_20_max": 0.491951,
        "nauc_map_at_20_std": 0.06126,
        "nauc_map_at_20_diff1": 0.685391,
        "nauc_map_at_100_max": 0.491446,
        "nauc_map_at_100_std": 0.06038,
        "nauc_map_at_100_diff1": 0.686021,
        "nauc_map_at_1000_max": 0.491111,
        "nauc_map_at_1000_std": 0.060387,
        "nauc_map_at_1000_diff1": 0.686253,
        "nauc_recall_at_1_max": 0.42459,
        "nauc_recall_at_1_std": 0.002075,
        "nauc_recall_at_1_diff1": 0.723131,
        "nauc_recall_at_3_max": 0.497365,
        "nauc_recall_at_3_std": 0.046033,
        "nauc_recall_at_3_diff1": 0.647407,
        "nauc_recall_at_5_max": 0.531295,
        "nauc_recall_at_5_std": 0.098194,
        "nauc_recall_at_5_diff1": 0.620835,
        "nauc_recall_at_10_max": 0.614436,
        "nauc_recall_at_10_std": 0.191119,
        "nauc_recall_at_10_diff1": 0.572062,
        "nauc_recall_at_20_max": 0.653423,
        "nauc_recall_at_20_std": 0.252976,
        "nauc_recall_at_20_diff1": 0.555248,
        "nauc_recall_at_100_max": 0.652123,
        "nauc_recall_at_100_std": 0.150173,
        "nauc_recall_at_100_diff1": 0.542831,
        "nauc_recall_at_1000_max": 0.557703,
        "nauc_recall_at_1000_std": 0.50915,
        "nauc_recall_at_1000_diff1": 0.370495,
        "nauc_precision_at_1_max": 0.458053,
        "nauc_precision_at_1_std": 0.047403,
        "nauc_precision_at_1_diff1": 0.750182,
        "nauc_precision_at_3_max": 0.522481,
        "nauc_precision_at_3_std": 0.163517,
        "nauc_precision_at_3_diff1": 0.605073,
        "nauc_precision_at_5_max": 0.549748,
        "nauc_precision_at_5_std": 0.249507,
        "nauc_precision_at_5_diff1": 0.528977,
        "nauc_precision_at_10_max": 0.608657,
        "nauc_precision_at_10_std": 0.360735,
        "nauc_precision_at_10_diff1": 0.422608,
        "nauc_precision_at_20_max": 0.566463,
        "nauc_precision_at_20_std": 0.421543,
        "nauc_precision_at_20_diff1": 0.340751,
        "nauc_precision_at_100_max": 0.474325,
        "nauc_precision_at_100_std": 0.402074,
        "nauc_precision_at_100_diff1": 0.225794,
        "nauc_precision_at_1000_max": 0.273477,
        "nauc_precision_at_1000_std": 0.496016,
        "nauc_precision_at_1000_diff1": 0.021913,
        "nauc_mrr_at_1_max": 0.458053,
        "nauc_mrr_at_1_std": 0.047403,
        "nauc_mrr_at_1_diff1": 0.750182,
        "nauc_mrr_at_3_max": 0.493759,
        "nauc_mrr_at_3_std": 0.075278,
        "nauc_mrr_at_3_diff1": 0.713297,
        "nauc_mrr_at_5_max": 0.502288,
        "nauc_mrr_at_5_std": 0.086931,
        "nauc_mrr_at_5_diff1": 0.709948,
        "nauc_mrr_at_10_max": 0.510516,
        "nauc_mrr_at_10_std": 0.095738,
        "nauc_mrr_at_10_diff1": 0.707357,
        "nauc_mrr_at_20_max": 0.510146,
        "nauc_mrr_at_20_std": 0.094748,
        "nauc_mrr_at_20_diff1": 0.707426,
        "nauc_mrr_at_100_max": 0.508763,
        "nauc_mrr_at_100_std": 0.092273,
        "nauc_mrr_at_100_diff1": 0.707627,
        "nauc_mrr_at_1000_max": 0.508463,
        "nauc_mrr_at_1000_std": 0.092281,
        "nauc_mrr_at_1000_diff1": 0.707714,
        "main_score": 0.53727,
        "hf_subset": "default",
        "languages": [
          "eng-Latn"
        ]
      }
    ]
  },
  "evaluation_time": 18.85532855987549,
  "kg_co2_emissions": null
}