{
  "map_at_10": 0.01556,
  "mrr_at_10": 0.10711337166445525,
  "ndcg_at_10": 0.04756,
  "recall_at_10": 0.02769,
  "recall_at_100": 0.08324
}
