{
  "map_at_10": 0.01397,
  "mrr_at_10": 0.10238463806575263,
  "ndcg_at_10": 0.04467,
  "recall_at_10": 0.0268,
  "recall_at_100": 0.08444
}
