{
  "map_at_10": 0.0124,
  "mrr_at_10": 0.09775664651825641,
  "ndcg_at_10": 0.04086,
  "recall_at_10": 0.02153,
  "recall_at_100": 0.08415
}
