{
  "map_at_10": 0.01994,
  "mrr_at_10": 0.12259570494864616,
  "ndcg_at_10": 0.05707,
  "recall_at_10": 0.0325,
  "recall_at_100": 0.09536
}
