{
  "map_at_10": 0.03358,
  "mrr_at_10": 0.2038417121234459,
  "ndcg_at_10": 0.10031,
  "recall_at_10": 0.0523,
  "recall_at_100": 0.11877
}
