{
  "map_at_10": 0.02631,
  "mrr_at_10": 0.17134134355496589,
  "ndcg_at_10": 0.08037,
  "recall_at_10": 0.04458,
  "recall_at_100": 0.1122
}
