{
  "map_at_10": 0.05258,
  "mrr_at_10": 0.2984114698510984,
  "ndcg_at_10": 0.1556,
  "recall_at_10": 0.07308,
  "recall_at_100": 0.15025
}
