{
  "map_at_10": 0.02264,
  "mrr_at_10": 0.1399454518649566,
  "ndcg_at_10": 0.06726,
  "recall_at_10": 0.03849,
  "recall_at_100": 0.10521
}
