{
  "map_at_10": 0.02041,
  "mrr_at_10": 0.12820531721460512,
  "ndcg_at_10": 0.05886,
  "recall_at_10": 0.03244,
  "recall_at_100": 0.09942
}
