{
  "map_at_10": 0.01712,
  "mrr_at_10": 0.11185807656395892,
  "ndcg_at_10": 0.05173,
  "recall_at_10": 0.03074,
  "recall_at_100": 0.08562
}
