{
  "dataset_revision": "ec0fa4fe99da2ff19ca1214b7966684033a58814",
  "task_name": "NFCorpus",
  "mteb_version": "1.39.7",
  "scores": {
    "test": [
      {
        "ndcg_at_1": 0.34211,
        "ndcg_at_3": 0.2926,
        "ndcg_at_5": 0.26724,
        "ndcg_at_10": 0.23299,
        "ndcg_at_20": 0.21477,
        "ndcg_at_100": 0.2101,
        "ndcg_at_1000": 0.29878,
        "map_at_1": 0.03612,
        "map_at_3": 0.05729,
        "map_at_5": 0.06641,
        "map_at_10": 0.07579,
        "map_at_20": 0.08323,
        "map_at_100": 0.09268,
        "map_at_1000": 0.10223,
        "recall_at_1": 0.03612,
        "recall_at_3": 0.06614,
        "recall_at_5": 0.0815,
        "recall_at_10": 0.10348,
        "recall_at_20": 0.13529,
        "recall_at_100": 0.21885,
        "recall_at_1000": 0.52632,
        "precision_at_1": 0.35604,
        "precision_at_3": 0.27451,
        "precision_at_5": 0.22724,
        "precision_at_10": 0.16625,
        "precision_at_20": 0.12276,
        "precision_at_100": 0.05111,
        "precision_at_1000": 0.01699,
        "mrr_at_1": 0.356037,
        "mrr_at_3": 0.420021,
        "mrr_at_5": 0.42838,
        "mrr_at_10": 0.4354,
        "mrr_at_20": 0.439911,
        "mrr_at_100": 0.442899,
        "mrr_at_1000": 0.443529,
        "nauc_ndcg_at_1_max": 0.376425,
        "nauc_ndcg_at_1_std": 0.217406,
        "nauc_ndcg_at_1_diff1": 0.341938,
        "nauc_ndcg_at_3_max": 0.347029,
        "nauc_ndcg_at_3_std": 0.219789,
        "nauc_ndcg_at_3_diff1": 0.233885,
        "nauc_ndcg_at_5_max": 0.356771,
        "nauc_ndcg_at_5_std": 0.218837,
        "nauc_ndcg_at_5_diff1": 0.228455,
        "nauc_ndcg_at_10_max": 0.37587,
        "nauc_ndcg_at_10_std": 0.223281,
        "nauc_ndcg_at_10_diff1": 0.224816,
        "nauc_ndcg_at_20_max": 0.399121,
        "nauc_ndcg_at_20_std": 0.229583,
        "nauc_ndcg_at_20_diff1": 0.228667,
        "nauc_ndcg_at_100_max": 0.443491,
        "nauc_ndcg_at_100_std": 0.256088,
        "nauc_ndcg_at_100_diff1": 0.237146,
        "nauc_ndcg_at_1000_max": 0.524972,
        "nauc_ndcg_at_1000_std": 0.35273,
        "nauc_ndcg_at_1000_diff1": 0.249804,
        "nauc_map_at_1_max": 0.328956,
        "nauc_map_at_1_std": -0.014152,
        "nauc_map_at_1_diff1": 0.510935,
        "nauc_map_at_3_max": 0.354844,
        "nauc_map_at_3_std": 0.001974,
        "nauc_map_at_3_diff1": 0.43369,
        "nauc_map_at_5_max": 0.363478,
        "nauc_map_at_5_std": 0.033929,
        "nauc_map_at_5_diff1": 0.392282,
        "nauc_map_at_10_max": 0.377877,
        "nauc_map_at_10_std": 0.069578,
        "nauc_map_at_10_diff1": 0.34245,
        "nauc_map_at_20_max": 0.395397,
        "nauc_map_at_20_std": 0.098165,
        "nauc_map_at_20_diff1": 0.323221,
        "nauc_map_at_100_max": 0.4024,
        "nauc_map_at_100_std": 0.140672,
        "nauc_map_at_100_diff1": 0.30087,
        "nauc_map_at_1000_max": 0.407522,
        "nauc_map_at_1000_std": 0.169336,
        "nauc_map_at_1000_diff1": 0.285785,
        "nauc_recall_at_1_max": 0.328956,
        "nauc_recall_at_1_std": -0.014152,
        "nauc_recall_at_1_diff1": 0.510935,
        "nauc_recall_at_3_max": 0.325148,
        "nauc_recall_at_3_std": -0.017284,
        "nauc_recall_at_3_diff1": 0.372856,
        "nauc_recall_at_5_max": 0.307253,
        "nauc_recall_at_5_std": 0.004472,
        "nauc_recall_at_5_diff1": 0.316395,
        "nauc_recall_at_10_max": 0.329213,
        "nauc_recall_at_10_std": 0.050003,
        "nauc_recall_at_10_diff1": 0.254269,
        "nauc_recall_at_20_max": 0.336294,
        "nauc_recall_at_20_std": 0.08541,
        "nauc_recall_at_20_diff1": 0.20069,
        "nauc_recall_at_100_max": 0.287156,
        "nauc_recall_at_100_std": 0.146344,
        "nauc_recall_at_100_diff1": 0.092562,
        "nauc_recall_at_1000_max": 0.315475,
        "nauc_recall_at_1000_std": 0.270488,
        "nauc_recall_at_1000_diff1": 0.108267,
        "nauc_precision_at_1_max": 0.389196,
        "nauc_precision_at_1_std": 0.22941,
        "nauc_precision_at_1_diff1": 0.333885,
        "nauc_precision_at_3_max": 0.331672,
        "nauc_precision_at_3_std": 0.246867,
        "nauc_precision_at_3_diff1": 0.149463,
        "nauc_precision_at_5_max": 0.336052,
        "nauc_precision_at_5_std": 0.269814,
        "nauc_precision_at_5_diff1": 0.117846,
        "nauc_precision_at_10_max": 0.323163,
        "nauc_precision_at_10_std": 0.307979,
        "nauc_precision_at_10_diff1": 0.056258,
        "nauc_precision_at_20_max": 0.299776,
        "nauc_precision_at_20_std": 0.345584,
        "nauc_precision_at_20_diff1": 0.015924,
        "nauc_precision_at_100_max": 0.180795,
        "nauc_precision_at_100_std": 0.338126,
        "nauc_precision_at_100_diff1": -0.075441,
        "nauc_precision_at_1000_max": 0.035282,
        "nauc_precision_at_1000_std": 0.230704,
        "nauc_precision_at_1000_diff1": -0.107148,
        "nauc_mrr_at_1_max": 0.389196,
        "nauc_mrr_at_1_std": 0.22941,
        "nauc_mrr_at_1_diff1": 0.333885,
        "nauc_mrr_at_3_max": 0.409143,
        "nauc_mrr_at_3_std": 0.251572,
        "nauc_mrr_at_3_diff1": 0.314345,
        "nauc_mrr_at_5_max": 0.407178,
        "nauc_mrr_at_5_std": 0.250687,
        "nauc_mrr_at_5_diff1": 0.314467,
        "nauc_mrr_at_10_max": 0.417937,
        "nauc_mrr_at_10_std": 0.259709,
        "nauc_mrr_at_10_diff1": 0.315925,
        "nauc_mrr_at_20_max": 0.423387,
        "nauc_mrr_at_20_std": 0.263965,
        "nauc_mrr_at_20_diff1": 0.313947,
        "nauc_mrr_at_100_max": 0.422795,
        "nauc_mrr_at_100_std": 0.26315,
        "nauc_mrr_at_100_diff1": 0.313846,
        "nauc_mrr_at_1000_max": 0.422539,
        "nauc_mrr_at_1000_std": 0.263244,
        "nauc_mrr_at_1000_diff1": 0.314059,
        "main_score": 0.23299,
        "hf_subset": "default",
        "languages": [
          "eng-Latn"
        ]
      }
    ]
  },
  "evaluation_time": 18.11683201789856,
  "kg_co2_emissions": null
}