{
  "dataset_revision": "bb9466bac8153a0349341eb1b22e06409e78ef4e",
  "task_name": "TRECCOVID",
  "mteb_version": "1.39.7",
  "scores": {
    "test": [
      {
        "ndcg_at_1": 0.11,
        "ndcg_at_3": 0.08704,
        "ndcg_at_5": 0.07122,
        "ndcg_at_10": 0.0558,
        "ndcg_at_20": 0.04805,
        "ndcg_at_100": 0.03022,
        "ndcg_at_1000": 0.02413,
        "map_at_1": 0.00028,
        "map_at_3": 0.00043,
        "map_at_5": 0.00048,
        "map_at_10": 0.00057,
        "map_at_20": 0.00069,
        "map_at_100": 0.00103,
        "map_at_1000": 0.00152,
        "recall_at_1": 0.00028,
        "recall_at_3": 0.00055,
        "recall_at_5": 0.00072,
        "recall_at_10": 0.00103,
        "recall_at_20": 0.0019,
        "recall_at_100": 0.00564,
        "recall_at_1000": 0.02316,
        "precision_at_1": 0.12,
        "precision_at_3": 0.08667,
        "precision_at_5": 0.068,
        "precision_at_10": 0.05,
        "precision_at_20": 0.046,
        "precision_at_100": 0.0286,
        "precision_at_1000": 0.01098,
        "mrr_at_1": 0.12,
        "mrr_at_3": 0.163333,
        "mrr_at_5": 0.177333,
        "mrr_at_10": 0.182056,
        "mrr_at_20": 0.194781,
        "mrr_at_100": 0.200959,
        "mrr_at_1000": 0.201618,
        "nauc_ndcg_at_1_max": 0.421849,
        "nauc_ndcg_at_1_std": 0.23955,
        "nauc_ndcg_at_1_diff1": 0.276543,
        "nauc_ndcg_at_3_max": 0.327557,
        "nauc_ndcg_at_3_std": 0.01512,
        "nauc_ndcg_at_3_diff1": 0.068479,
        "nauc_ndcg_at_5_max": 0.308494,
        "nauc_ndcg_at_5_std": 0.016082,
        "nauc_ndcg_at_5_diff1": 0.02062,
        "nauc_ndcg_at_10_max": 0.375798,
        "nauc_ndcg_at_10_std": 0.040802,
        "nauc_ndcg_at_10_diff1": 0.086189,
        "nauc_ndcg_at_20_max": 0.353564,
        "nauc_ndcg_at_20_std": -0.026592,
        "nauc_ndcg_at_20_diff1": 0.039729,
        "nauc_ndcg_at_100_max": 0.437784,
        "nauc_ndcg_at_100_std": -0.045295,
        "nauc_ndcg_at_100_diff1": 0.027215,
        "nauc_ndcg_at_1000_max": 0.420229,
        "nauc_ndcg_at_1000_std": -0.058604,
        "nauc_ndcg_at_1000_diff1": 0.061833,
        "nauc_map_at_1_max": 0.269245,
        "nauc_map_at_1_std": 0.194747,
        "nauc_map_at_1_diff1": 0.228942,
        "nauc_map_at_3_max": 0.241863,
        "nauc_map_at_3_std": 0.021879,
        "nauc_map_at_3_diff1": 0.093661,
        "nauc_map_at_5_max": 0.224117,
        "nauc_map_at_5_std": 0.030646,
        "nauc_map_at_5_diff1": 0.063615,
        "nauc_map_at_10_max": 0.316451,
        "nauc_map_at_10_std": 0.04188,
        "nauc_map_at_10_diff1": 0.132076,
        "nauc_map_at_20_max": 0.296841,
        "nauc_map_at_20_std": 0.00691,
        "nauc_map_at_20_diff1": 0.094324,
        "nauc_map_at_100_max": 0.373258,
        "nauc_map_at_100_std": -0.021248,
        "nauc_map_at_100_diff1": 0.08377,
        "nauc_map_at_1000_max": 0.376953,
        "nauc_map_at_1000_std": -0.022946,
        "nauc_map_at_1000_diff1": 0.049406,
        "nauc_recall_at_1_max": 0.269245,
        "nauc_recall_at_1_std": 0.194747,
        "nauc_recall_at_1_diff1": 0.228942,
        "nauc_recall_at_3_max": 0.176198,
        "nauc_recall_at_3_std": -0.06955,
        "nauc_recall_at_3_diff1": -0.01825,
        "nauc_recall_at_5_max": 0.111236,
        "nauc_recall_at_5_std": -0.047263,
        "nauc_recall_at_5_diff1": -0.101498,
        "nauc_recall_at_10_max": 0.284728,
        "nauc_recall_at_10_std": 0.031135,
        "nauc_recall_at_10_diff1": 0.068235,
        "nauc_recall_at_20_max": 0.243877,
        "nauc_recall_at_20_std": -0.059032,
        "nauc_recall_at_20_diff1": 0.041528,
        "nauc_recall_at_100_max": 0.395255,
        "nauc_recall_at_100_std": -0.018802,
        "nauc_recall_at_100_diff1": 0.06984,
        "nauc_recall_at_1000_max": 0.410615,
        "nauc_recall_at_1000_std": -0.05199,
        "nauc_recall_at_1000_diff1": 0.105326,
        "nauc_precision_at_1_max": 0.379016,
        "nauc_precision_at_1_std": 0.254147,
        "nauc_precision_at_1_diff1": 0.254147,
        "nauc_precision_at_3_max": 0.251192,
        "nauc_precision_at_3_std": -0.076758,
        "nauc_precision_at_3_diff1": -0.018117,
        "nauc_precision_at_5_max": 0.212755,
        "nauc_precision_at_5_std": -0.038251,
        "nauc_precision_at_5_diff1": -0.091147,
        "nauc_precision_at_10_max": 0.338955,
        "nauc_precision_at_10_std": -0.009631,
        "nauc_precision_at_10_diff1": 0.031333,
        "nauc_precision_at_20_max": 0.293579,
        "nauc_precision_at_20_std": -0.106129,
        "nauc_precision_at_20_diff1": -0.023391,
        "nauc_precision_at_100_max": 0.428093,
        "nauc_precision_at_100_std": -0.065623,
        "nauc_precision_at_100_diff1": -0.031368,
        "nauc_precision_at_1000_max": 0.411751,
        "nauc_precision_at_1000_std": -0.07658,
        "nauc_precision_at_1000_diff1": -0.043495,
        "nauc_mrr_at_1_max": 0.379016,
        "nauc_mrr_at_1_std": 0.254147,
        "nauc_mrr_at_1_diff1": 0.254147,
        "nauc_mrr_at_3_max": 0.28736,
        "nauc_mrr_at_3_std": 0.099172,
        "nauc_mrr_at_3_diff1": 0.088978,
        "nauc_mrr_at_5_max": 0.269677,
        "nauc_mrr_at_5_std": 0.070717,
        "nauc_mrr_at_5_diff1": 0.043221,
        "nauc_mrr_at_10_max": 0.27075,
        "nauc_mrr_at_10_std": 0.076918,
        "nauc_mrr_at_10_diff1": 0.051071,
        "nauc_mrr_at_20_max": 0.288319,
        "nauc_mrr_at_20_std": 0.059985,
        "nauc_mrr_at_20_diff1": 0.068244,
        "nauc_mrr_at_100_max": 0.29064,
        "nauc_mrr_at_100_std": 0.064562,
        "nauc_mrr_at_100_diff1": 0.06749,
        "nauc_mrr_at_1000_max": 0.29103,
        "nauc_mrr_at_1000_std": 0.06467,
        "nauc_mrr_at_1000_diff1": 0.067419,
        "main_score": 0.0558,
        "hf_subset": "default",
        "languages": [
          "eng-Latn"
        ]
      }
    ]
  },
  "evaluation_time": 224.51828742027283,
  "kg_co2_emissions": null
}