{
  "map_at_10": 0.19562,
  "mrr_at_10": 0.3183899176954732,
  "ndcg_at_10": 0.25898,
  "recall_at_10": 0.3228,
  "recall_at_100": 0.54014
}
