{
  "map_at_10": 0.19606,
  "mrr_at_10": 0.31897474524789343,
  "ndcg_at_10": 0.25903,
  "recall_at_10": 0.32156,
  "recall_at_100": 0.54054
}
