{
  "map_at_10": 0.19687,
  "mrr_at_10": 0.3207622966882226,
  "ndcg_at_10": 0.25975,
  "recall_at_10": 0.32195,
  "recall_at_100": 0.54028
}
