{
  "map_at_10": 0.19698,
  "mrr_at_10": 0.3198927101704879,
  "ndcg_at_10": 0.26009,
  "recall_at_10": 0.3231,
  "recall_at_100": 0.5408
}
