{
  "map_at_10": 0.19685,
  "mrr_at_10": 0.320572457378013,
  "ndcg_at_10": 0.26013,
  "recall_at_10": 0.32297,
  "recall_at_100": 0.5405
}
