{
  "map_at_10": 0.19523,
  "mrr_at_10": 0.3185460758377425,
  "ndcg_at_10": 0.25901,
  "recall_at_10": 0.32375,
  "recall_at_100": 0.5399
}
