{
  "map_at_10": 0.19725,
  "mrr_at_10": 0.31690182245737797,
  "ndcg_at_10": 0.25855,
  "recall_at_10": 0.31797,
  "recall_at_100": 0.54555
}
