{
  "map_at_10": 0.19664,
  "mrr_at_10": 0.31918111894963747,
  "ndcg_at_10": 0.2597,
  "recall_at_10": 0.32259,
  "recall_at_100": 0.5399
}
