{
  "map_at_10": 0.1959,
  "mrr_at_10": 0.3184603419557123,
  "ndcg_at_10": 0.25917,
  "recall_at_10": 0.32323,
  "recall_at_100": 0.53913
}
