{
  "map_at_10": 0.19623,
  "mrr_at_10": 0.31889574759945133,
  "ndcg_at_10": 0.25935,
  "recall_at_10": 0.32246,
  "recall_at_100": 0.53977
}
