{
  "dataset_revision": "f8c2fcf00f625baaa80f62ec5bd9e1fff3b8ae88",
  "task_name": "SCIDOCS",
  "mteb_version": "1.39.7",
  "scores": {
    "test": [
      {
        "ndcg_at_1": 0.17,
        "ndcg_at_3": 0.13555,
        "ndcg_at_5": 0.11857,
        "ndcg_at_10": 0.13798,
        "ndcg_at_20": 0.15751,
        "ndcg_at_100": 0.19919,
        "ndcg_at_1000": 0.25082,
        "map_at_1": 0.0343,
        "map_at_3": 0.05883,
        "map_at_5": 0.07002,
        "map_at_10": 0.07879,
        "map_at_20": 0.08501,
        "map_at_100": 0.09242,
        "map_at_1000": 0.0948,
        "recall_at_1": 0.0343,
        "recall_at_3": 0.07595,
        "recall_at_5": 0.10503,
        "recall_at_10": 0.14098,
        "recall_at_20": 0.1872,
        "recall_at_100": 0.32152,
        "recall_at_1000": 0.57803,
        "precision_at_1": 0.17,
        "precision_at_3": 0.12533,
        "precision_at_5": 0.1036,
        "precision_at_10": 0.0695,
        "precision_at_20": 0.0461,
        "precision_at_100": 0.01585,
        "precision_at_1000": 0.00284,
        "mrr_at_1": 0.17,
        "mrr_at_3": 0.2295,
        "mrr_at_5": 0.24605,
        "mrr_at_10": 0.256669,
        "mrr_at_20": 0.262848,
        "mrr_at_100": 0.267628,
        "mrr_at_1000": 0.268464,
        "nauc_ndcg_at_1_max": 0.233097,
        "nauc_ndcg_at_1_std": 0.089545,
        "nauc_ndcg_at_1_diff1": 0.200625,
        "nauc_ndcg_at_3_max": 0.253164,
        "nauc_ndcg_at_3_std": 0.129078,
        "nauc_ndcg_at_3_diff1": 0.183268,
        "nauc_ndcg_at_5_max": 0.251201,
        "nauc_ndcg_at_5_std": 0.145875,
        "nauc_ndcg_at_5_diff1": 0.156433,
        "nauc_ndcg_at_10_max": 0.270073,
        "nauc_ndcg_at_10_std": 0.171955,
        "nauc_ndcg_at_10_diff1": 0.145762,
        "nauc_ndcg_at_20_max": 0.282531,
        "nauc_ndcg_at_20_std": 0.202007,
        "nauc_ndcg_at_20_diff1": 0.141411,
        "nauc_ndcg_at_100_max": 0.299085,
        "nauc_ndcg_at_100_std": 0.263361,
        "nauc_ndcg_at_100_diff1": 0.137883,
        "nauc_ndcg_at_1000_max": 0.311949,
        "nauc_ndcg_at_1000_std": 0.287536,
        "nauc_ndcg_at_1000_diff1": 0.142128,
        "nauc_map_at_1_max": 0.233351,
        "nauc_map_at_1_std": 0.091255,
        "nauc_map_at_1_diff1": 0.198417,
        "nauc_map_at_3_max": 0.256676,
        "nauc_map_at_3_std": 0.115477,
        "nauc_map_at_3_diff1": 0.192026,
        "nauc_map_at_5_max": 0.253673,
        "nauc_map_at_5_std": 0.123386,
        "nauc_map_at_5_diff1": 0.169012,
        "nauc_map_at_10_max": 0.272796,
        "nauc_map_at_10_std": 0.146896,
        "nauc_map_at_10_diff1": 0.160645,
        "nauc_map_at_20_max": 0.283267,
        "nauc_map_at_20_std": 0.166843,
        "nauc_map_at_20_diff1": 0.155869,
        "nauc_map_at_100_max": 0.287807,
        "nauc_map_at_100_std": 0.190631,
        "nauc_map_at_100_diff1": 0.152806,
        "nauc_map_at_1000_max": 0.288776,
        "nauc_map_at_1000_std": 0.194353,
        "nauc_map_at_1000_diff1": 0.152127,
        "nauc_recall_at_1_max": 0.233351,
        "nauc_recall_at_1_std": 0.091255,
        "nauc_recall_at_1_diff1": 0.198417,
        "nauc_recall_at_3_max": 0.25733,
        "nauc_recall_at_3_std": 0.144474,
        "nauc_recall_at_3_diff1": 0.171378,
        "nauc_recall_at_5_max": 0.244179,
        "nauc_recall_at_5_std": 0.162295,
        "nauc_recall_at_5_diff1": 0.124786,
        "nauc_recall_at_10_max": 0.272679,
        "nauc_recall_at_10_std": 0.203951,
        "nauc_recall_at_10_diff1": 0.105765,
        "nauc_recall_at_20_max": 0.281334,
        "nauc_recall_at_20_std": 0.253496,
        "nauc_recall_at_20_diff1": 0.095142,
        "nauc_recall_at_100_max": 0.29476,
        "nauc_recall_at_100_std": 0.366006,
        "nauc_recall_at_100_diff1": 0.083654,
        "nauc_recall_at_1000_max": 0.304657,
        "nauc_recall_at_1000_std": 0.416795,
        "nauc_recall_at_1000_diff1": 0.086313,
        "nauc_precision_at_1_max": 0.233097,
        "nauc_precision_at_1_std": 0.089545,
        "nauc_precision_at_1_diff1": 0.200625,
        "nauc_precision_at_3_max": 0.257678,
        "nauc_precision_at_3_std": 0.142612,
        "nauc_precision_at_3_diff1": 0.173626,
        "nauc_precision_at_5_max": 0.248189,
        "nauc_precision_at_5_std": 0.163755,
        "nauc_precision_at_5_diff1": 0.128871,
        "nauc_precision_at_10_max": 0.27711,
        "nauc_precision_at_10_std": 0.205124,
        "nauc_precision_at_10_diff1": 0.108959,
        "nauc_precision_at_20_max": 0.284345,
        "nauc_precision_at_20_std": 0.252037,
        "nauc_precision_at_20_diff1": 0.095322,
        "nauc_precision_at_100_max": 0.294597,
        "nauc_precision_at_100_std": 0.360106,
        "nauc_precision_at_100_diff1": 0.083899,
        "nauc_precision_at_1000_max": 0.30487,
        "nauc_precision_at_1000_std": 0.406236,
        "nauc_precision_at_1000_diff1": 0.087905,
        "nauc_mrr_at_1_max": 0.233097,
        "nauc_mrr_at_1_std": 0.089545,
        "nauc_mrr_at_1_diff1": 0.200625,
        "nauc_mrr_at_3_max": 0.243366,
        "nauc_mrr_at_3_std": 0.133037,
        "nauc_mrr_at_3_diff1": 0.178136,
        "nauc_mrr_at_5_max": 0.24442,
        "nauc_mrr_at_5_std": 0.146402,
        "nauc_mrr_at_5_diff1": 0.166708,
        "nauc_mrr_at_10_max": 0.244426,
        "nauc_mrr_at_10_std": 0.148514,
        "nauc_mrr_at_10_diff1": 0.163186,
        "nauc_mrr_at_20_max": 0.244657,
        "nauc_mrr_at_20_std": 0.150155,
        "nauc_mrr_at_20_diff1": 0.164455,
        "nauc_mrr_at_100_max": 0.245734,
        "nauc_mrr_at_100_std": 0.152401,
        "nauc_mrr_at_100_diff1": 0.165672,
        "nauc_mrr_at_1000_max": 0.245783,
        "nauc_mrr_at_1000_std": 0.152362,
        "nauc_mrr_at_1000_diff1": 0.165623,
        "main_score": 0.13798,
        "hf_subset": "default",
        "languages": [
          "eng-Latn"
        ]
      }
    ]
  },
  "evaluation_time": 53.8596978187561,
  "kg_co2_emissions": null
}