{
  "dataset_revision": "bb9466bac8153a0349341eb1b22e06409e78ef4e",
  "task_name": "TRECCOVID",
  "mteb_version": "1.39.7",
  "scores": {
    "test": [
      {
        "ndcg_at_1": 0.71,
        "ndcg_at_3": 0.68715,
        "ndcg_at_5": 0.6722,
        "ndcg_at_10": 0.65311,
        "ndcg_at_20": 0.61935,
        "ndcg_at_100": 0.48059,
        "ndcg_at_1000": 0.40885,
        "map_at_1": 0.002,
        "map_at_3": 0.00522,
        "map_at_5": 0.00811,
        "map_at_10": 0.01432,
        "map_at_20": 0.02486,
        "map_at_100": 0.07607,
        "map_at_1000": 0.17377,
        "recall_at_1": 0.002,
        "recall_at_3": 0.00555,
        "recall_at_5": 0.00905,
        "recall_at_10": 0.01749,
        "recall_at_20": 0.03141,
        "recall_at_100": 0.10979,
        "recall_at_1000": 0.37945,
        "precision_at_1": 0.78,
        "precision_at_3": 0.73333,
        "precision_at_5": 0.716,
        "precision_at_10": 0.704,
        "precision_at_20": 0.657,
        "precision_at_100": 0.492,
        "precision_at_1000": 0.18466,
        "mrr_at_1": 0.78,
        "mrr_at_3": 0.846667,
        "mrr_at_5": 0.856667,
        "mrr_at_10": 0.863333,
        "mrr_at_20": 0.863333,
        "mrr_at_100": 0.863333,
        "mrr_at_1000": 0.863333,
        "nauc_ndcg_at_1_max": 0.292306,
        "nauc_ndcg_at_1_std": 0.368115,
        "nauc_ndcg_at_1_diff1": 0.210578,
        "nauc_ndcg_at_3_max": 0.413535,
        "nauc_ndcg_at_3_std": 0.447015,
        "nauc_ndcg_at_3_diff1": -0.064286,
        "nauc_ndcg_at_5_max": 0.403611,
        "nauc_ndcg_at_5_std": 0.473283,
        "nauc_ndcg_at_5_diff1": 0.024297,
        "nauc_ndcg_at_10_max": 0.421813,
        "nauc_ndcg_at_10_std": 0.561321,
        "nauc_ndcg_at_10_diff1": -0.013587,
        "nauc_ndcg_at_20_max": 0.423405,
        "nauc_ndcg_at_20_std": 0.635597,
        "nauc_ndcg_at_20_diff1": -0.040958,
        "nauc_ndcg_at_100_max": 0.520309,
        "nauc_ndcg_at_100_std": 0.790695,
        "nauc_ndcg_at_100_diff1": -0.028615,
        "nauc_ndcg_at_1000_max": 0.638138,
        "nauc_ndcg_at_1000_std": 0.839723,
        "nauc_ndcg_at_1000_diff1": -0.103211,
        "nauc_map_at_1_max": 0.066484,
        "nauc_map_at_1_std": -0.048553,
        "nauc_map_at_1_diff1": 0.111259,
        "nauc_map_at_3_max": 0.109054,
        "nauc_map_at_3_std": 0.037547,
        "nauc_map_at_3_diff1": -0.08717,
        "nauc_map_at_5_max": 0.068296,
        "nauc_map_at_5_std": 0.086017,
        "nauc_map_at_5_diff1": -0.038834,
        "nauc_map_at_10_max": 0.169312,
        "nauc_map_at_10_std": 0.223532,
        "nauc_map_at_10_diff1": -0.079718,
        "nauc_map_at_20_max": 0.245562,
        "nauc_map_at_20_std": 0.376231,
        "nauc_map_at_20_diff1": -0.097213,
        "nauc_map_at_100_max": 0.555797,
        "nauc_map_at_100_std": 0.794333,
        "nauc_map_at_100_diff1": -0.024855,
        "nauc_map_at_1000_max": 0.645434,
        "nauc_map_at_1000_std": 0.876929,
        "nauc_map_at_1000_diff1": -0.061087,
        "nauc_recall_at_1_max": 0.066484,
        "nauc_recall_at_1_std": -0.048553,
        "nauc_recall_at_1_diff1": 0.111259,
        "nauc_recall_at_3_max": 0.110553,
        "nauc_recall_at_3_std": 0.015432,
        "nauc_recall_at_3_diff1": -0.069096,
        "nauc_recall_at_5_max": 0.042575,
        "nauc_recall_at_5_std": 0.020966,
        "nauc_recall_at_5_diff1": -0.001756,
        "nauc_recall_at_10_max": 0.102049,
        "nauc_recall_at_10_std": 0.085939,
        "nauc_recall_at_10_diff1": -0.084783,
        "nauc_recall_at_20_max": 0.160901,
        "nauc_recall_at_20_std": 0.23445,
        "nauc_recall_at_20_diff1": -0.110368,
        "nauc_recall_at_100_max": 0.500199,
        "nauc_recall_at_100_std": 0.658969,
        "nauc_recall_at_100_diff1": -0.025025,
        "nauc_recall_at_1000_max": 0.620187,
        "nauc_recall_at_1000_std": 0.744348,
        "nauc_recall_at_1000_diff1": -0.122457,
        "nauc_precision_at_1_max": 0.307692,
        "nauc_precision_at_1_std": 0.393889,
        "nauc_precision_at_1_diff1": 0.266472,
        "nauc_precision_at_3_max": 0.444088,
        "nauc_precision_at_3_std": 0.461351,
        "nauc_precision_at_3_diff1": -0.05872,
        "nauc_precision_at_5_max": 0.343462,
        "nauc_precision_at_5_std": 0.444513,
        "nauc_precision_at_5_diff1": 0.082264,
        "nauc_precision_at_10_max": 0.455643,
        "nauc_precision_at_10_std": 0.625217,
        "nauc_precision_at_10_diff1": -0.028329,
        "nauc_precision_at_20_max": 0.436506,
        "nauc_precision_at_20_std": 0.672548,
        "nauc_precision_at_20_diff1": -0.064572,
        "nauc_precision_at_100_max": 0.547126,
        "nauc_precision_at_100_std": 0.814139,
        "nauc_precision_at_100_diff1": -0.006972,
        "nauc_precision_at_1000_max": 0.468088,
        "nauc_precision_at_1000_std": 0.641332,
        "nauc_precision_at_1000_diff1": -0.081993,
        "nauc_mrr_at_1_max": 0.307692,
        "nauc_mrr_at_1_std": 0.393889,
        "nauc_mrr_at_1_diff1": 0.266472,
        "nauc_mrr_at_3_max": 0.45592,
        "nauc_mrr_at_3_std": 0.46853,
        "nauc_mrr_at_3_diff1": 0.280387,
        "nauc_mrr_at_5_max": 0.439271,
        "nauc_mrr_at_5_std": 0.445507,
        "nauc_mrr_at_5_diff1": 0.264297,
        "nauc_mrr_at_10_max": 0.41334,
        "nauc_mrr_at_10_std": 0.439819,
        "nauc_mrr_at_10_diff1": 0.263713,
        "nauc_mrr_at_20_max": 0.41334,
        "nauc_mrr_at_20_std": 0.439819,
        "nauc_mrr_at_20_diff1": 0.263713,
        "nauc_mrr_at_100_max": 0.41334,
        "nauc_mrr_at_100_std": 0.439819,
        "nauc_mrr_at_100_diff1": 0.263713,
        "nauc_mrr_at_1000_max": 0.41334,
        "nauc_mrr_at_1000_std": 0.439819,
        "nauc_mrr_at_1000_diff1": 0.263713,
        "main_score": 0.65311,
        "hf_subset": "default",
        "languages": [
          "eng-Latn"
        ]
      }
    ]
  },
  "evaluation_time": 97.70117688179016,
  "kg_co2_emissions": null
}