{
  "dataset_revision": "ec0fa4fe99da2ff19ca1214b7966684033a58814",
  "task_name": "NFCorpus",
  "mteb_version": "1.39.7",
  "scores": {
    "test": [
      {
        "ndcg_at_1": 0.00619,
        "ndcg_at_3": 0.00717,
        "ndcg_at_5": 0.0075,
        "ndcg_at_10": 0.00873,
        "ndcg_at_20": 0.00973,
        "ndcg_at_100": 0.01583,
        "ndcg_at_1000": 0.088,
        "map_at_1": 0.00018,
        "map_at_3": 0.00056,
        "map_at_5": 0.00073,
        "map_at_10": 0.00092,
        "map_at_20": 0.00109,
        "map_at_100": 0.00155,
        "map_at_1000": 0.00472,
        "recall_at_1": 0.00018,
        "recall_at_3": 0.0012,
        "recall_at_5": 0.00205,
        "recall_at_10": 0.00357,
        "recall_at_20": 0.00612,
        "recall_at_100": 0.02345,
        "recall_at_1000": 0.26165,
        "precision_at_1": 0.00619,
        "precision_at_3": 0.00826,
        "precision_at_5": 0.00805,
        "precision_at_10": 0.0096,
        "precision_at_20": 0.01006,
        "precision_at_100": 0.00916,
        "precision_at_1000": 0.01062,
        "mrr_at_1": 0.009288,
        "mrr_at_3": 0.017028,
        "mrr_at_5": 0.021981,
        "mrr_at_10": 0.027106,
        "mrr_at_20": 0.031882,
        "mrr_at_100": 0.036884,
        "mrr_at_1000": 0.038753,
        "nauc_ndcg_at_1_max": 0.098982,
        "nauc_ndcg_at_1_std": -0.205503,
        "nauc_ndcg_at_1_diff1": 0.211387,
        "nauc_ndcg_at_3_max": 0.05559,
        "nauc_ndcg_at_3_std": -0.162016,
        "nauc_ndcg_at_3_diff1": 0.157367,
        "nauc_ndcg_at_5_max": 0.108113,
        "nauc_ndcg_at_5_std": -0.133065,
        "nauc_ndcg_at_5_diff1": 0.197918,
        "nauc_ndcg_at_10_max": 0.108207,
        "nauc_ndcg_at_10_std": -0.028767,
        "nauc_ndcg_at_10_diff1": 0.154742,
        "nauc_ndcg_at_20_max": 0.067049,
        "nauc_ndcg_at_20_std": -0.032915,
        "nauc_ndcg_at_20_diff1": 0.109756,
        "nauc_ndcg_at_100_max": 0.085431,
        "nauc_ndcg_at_100_std": 0.020819,
        "nauc_ndcg_at_100_diff1": 0.090827,
        "nauc_ndcg_at_1000_max": 0.052604,
        "nauc_ndcg_at_1000_std": 0.014203,
        "nauc_ndcg_at_1000_diff1": 0.124014,
        "nauc_map_at_1_max": 0.098982,
        "nauc_map_at_1_std": -0.205503,
        "nauc_map_at_1_diff1": 0.252649,
        "nauc_map_at_3_max": -0.192185,
        "nauc_map_at_3_std": -0.199523,
        "nauc_map_at_3_diff1": -0.126007,
        "nauc_map_at_5_max": -0.141294,
        "nauc_map_at_5_std": -0.092474,
        "nauc_map_at_5_diff1": -0.146197,
        "nauc_map_at_10_max": -0.057526,
        "nauc_map_at_10_std": -0.030169,
        "nauc_map_at_10_diff1": -0.075693,
        "nauc_map_at_20_max": -0.061491,
        "nauc_map_at_20_std": -0.053702,
        "nauc_map_at_20_diff1": -0.047658,
        "nauc_map_at_100_max": -0.023219,
        "nauc_map_at_100_std": -0.038599,
        "nauc_map_at_100_diff1": -0.027433,
        "nauc_map_at_1000_max": 0.057097,
        "nauc_map_at_1000_std": 0.059674,
        "nauc_map_at_1000_diff1": 0.070713,
        "nauc_recall_at_1_max": 0.098982,
        "nauc_recall_at_1_std": -0.205503,
        "nauc_recall_at_1_diff1": 0.252649,
        "nauc_recall_at_3_max": -0.282974,
        "nauc_recall_at_3_std": -0.246302,
        "nauc_recall_at_3_diff1": -0.242157,
        "nauc_recall_at_5_max": -0.162297,
        "nauc_recall_at_5_std": -0.034509,
        "nauc_recall_at_5_diff1": -0.234908,
        "nauc_recall_at_10_max": 0.009633,
        "nauc_recall_at_10_std": 0.066822,
        "nauc_recall_at_10_diff1": -0.060838,
        "nauc_recall_at_20_max": -0.019116,
        "nauc_recall_at_20_std": -0.041882,
        "nauc_recall_at_20_diff1": 0.015037,
        "nauc_recall_at_100_max": 0.041965,
        "nauc_recall_at_100_std": -0.069137,
        "nauc_recall_at_100_diff1": 0.032566,
        "nauc_recall_at_1000_max": -0.035859,
        "nauc_recall_at_1000_std": -0.035513,
        "nauc_recall_at_1000_diff1": 0.059914,
        "nauc_precision_at_1_max": 0.098982,
        "nauc_precision_at_1_std": -0.205503,
        "nauc_precision_at_1_diff1": 0.211387,
        "nauc_precision_at_3_max": -0.011437,
        "nauc_precision_at_3_std": -0.100673,
        "nauc_precision_at_3_diff1": 0.085349,
        "nauc_precision_at_5_max": 0.097651,
        "nauc_precision_at_5_std": -0.081042,
        "nauc_precision_at_5_diff1": 0.19061,
        "nauc_precision_at_10_max": 0.15655,
        "nauc_precision_at_10_std": 0.056589,
        "nauc_precision_at_10_diff1": 0.17296,
        "nauc_precision_at_20_max": 0.095516,
        "nauc_precision_at_20_std": 0.006966,
        "nauc_precision_at_20_diff1": 0.143825,
        "nauc_precision_at_100_max": 0.129935,
        "nauc_precision_at_100_std": 0.133656,
        "nauc_precision_at_100_diff1": 0.143809,
        "nauc_precision_at_1000_max": 0.105259,
        "nauc_precision_at_1000_std": 0.1483,
        "nauc_precision_at_1000_diff1": 0.134009,
        "nauc_mrr_at_1_max": 0.098982,
        "nauc_mrr_at_1_std": -0.160355,
        "nauc_mrr_at_1_diff1": 0.072423,
        "nauc_mrr_at_3_max": -0.004603,
        "nauc_mrr_at_3_std": -0.003009,
        "nauc_mrr_at_3_diff1": 0.105781,
        "nauc_mrr_at_5_max": -0.027554,
        "nauc_mrr_at_5_std": -0.076854,
        "nauc_mrr_at_5_diff1": 0.084334,
        "nauc_mrr_at_10_max": 0.003553,
        "nauc_mrr_at_10_std": -0.052135,
        "nauc_mrr_at_10_diff1": 0.100062,
        "nauc_mrr_at_20_max": 0.016685,
        "nauc_mrr_at_20_std": -0.016481,
        "nauc_mrr_at_20_diff1": 0.102503,
        "nauc_mrr_at_100_max": 0.02817,
        "nauc_mrr_at_100_std": -0.014865,
        "nauc_mrr_at_100_diff1": 0.116509,
        "nauc_mrr_at_1000_max": 0.02474,
        "nauc_mrr_at_1000_std": -0.01734,
        "nauc_mrr_at_1000_diff1": 0.112197,
        "main_score": 0.00873,
        "hf_subset": "default",
        "languages": [
          "eng-Latn"
        ]
      }
    ]
  },
  "evaluation_time": 62.359450578689575,
  "kg_co2_emissions": null
}