{
  "dataset_revision": "c22ab2a51041ffd869aaddef7af8d8215647e41a",
  "task_name": "ArguAna",
  "mteb_version": "1.39.7",
  "scores": {
    "test": [
      {
        "ndcg_at_1": 0.26671,
        "ndcg_at_3": 0.40997,
        "ndcg_at_5": 0.45851,
        "ndcg_at_10": 0.50325,
        "ndcg_at_20": 0.52701,
        "ndcg_at_100": 0.54416,
        "ndcg_at_1000": 0.5493,
        "map_at_1": 0.26671,
        "map_at_3": 0.37447,
        "map_at_5": 0.40135,
        "map_at_10": 0.42003,
        "map_at_20": 0.42676,
        "map_at_100": 0.42918,
        "map_at_1000": 0.42941,
        "recall_at_1": 0.26671,
        "recall_at_3": 0.5128,
        "recall_at_5": 0.63087,
        "recall_at_10": 0.76814,
        "recall_at_20": 0.8606,
        "recall_at_100": 0.95235,
        "recall_at_1000": 0.99147,
        "precision_at_1": 0.26671,
        "precision_at_3": 0.17093,
        "precision_at_5": 0.12617,
        "precision_at_10": 0.07681,
        "precision_at_20": 0.04303,
        "precision_at_100": 0.00952,
        "precision_at_1000": 0.00099,
        "mrr_at_1": 0.270982,
        "mrr_at_3": 0.375771,
        "mrr_at_5": 0.402833,
        "mrr_at_10": 0.42144,
        "mrr_at_20": 0.428234,
        "mrr_at_100": 0.430662,
        "mrr_at_1000": 0.430884,
        "nauc_ndcg_at_1_max": -0.044197,
        "nauc_ndcg_at_1_std": -0.084978,
        "nauc_ndcg_at_1_diff1": 0.147458,
        "nauc_ndcg_at_3_max": 0.007638,
        "nauc_ndcg_at_3_std": -0.067907,
        "nauc_ndcg_at_3_diff1": 0.118665,
        "nauc_ndcg_at_5_max": 0.013334,
        "nauc_ndcg_at_5_std": -0.053298,
        "nauc_ndcg_at_5_diff1": 0.108255,
        "nauc_ndcg_at_10_max": 0.017046,
        "nauc_ndcg_at_10_std": -0.054984,
        "nauc_ndcg_at_10_diff1": 0.103857,
        "nauc_ndcg_at_20_max": 0.02115,
        "nauc_ndcg_at_20_std": -0.052665,
        "nauc_ndcg_at_20_diff1": 0.109467,
        "nauc_ndcg_at_100_max": 0.012405,
        "nauc_ndcg_at_100_std": -0.050567,
        "nauc_ndcg_at_100_diff1": 0.115197,
        "nauc_ndcg_at_1000_max": 0.006315,
        "nauc_ndcg_at_1000_std": -0.057646,
        "nauc_ndcg_at_1000_diff1": 0.114185,
        "nauc_map_at_1_max": -0.044197,
        "nauc_map_at_1_std": -0.084978,
        "nauc_map_at_1_diff1": 0.147458,
        "nauc_map_at_3_max": -0.007167,
        "nauc_map_at_3_std": -0.073709,
        "nauc_map_at_3_diff1": 0.124198,
        "nauc_map_at_5_max": -0.004535,
        "nauc_map_at_5_std": -0.066555,
        "nauc_map_at_5_diff1": 0.118982,
        "nauc_map_at_10_max": -0.00396,
        "nauc_map_at_10_std": -0.068125,
        "nauc_map_at_10_diff1": 0.117715,
        "nauc_map_at_20_max": -0.003372,
        "nauc_map_at_20_std": -0.067657,
        "nauc_map_at_20_diff1": 0.1192,
        "nauc_map_at_100_max": -0.004641,
        "nauc_map_at_100_std": -0.067739,
        "nauc_map_at_100_diff1": 0.119996,
        "nauc_map_at_1000_max": -0.004866,
        "nauc_map_at_1000_std": -0.067941,
        "nauc_map_at_1000_diff1": 0.119945,
        "nauc_recall_at_1_max": -0.044197,
        "nauc_recall_at_1_std": -0.084978,
        "nauc_recall_at_1_diff1": 0.147458,
        "nauc_recall_at_3_max": 0.050592,
        "nauc_recall_at_3_std": -0.050767,
        "nauc_recall_at_3_diff1": 0.103496,
        "nauc_recall_at_5_max": 0.072357,
        "nauc_recall_at_5_std": -0.007032,
        "nauc_recall_at_5_diff1": 0.072604,
        "nauc_recall_at_10_max": 0.114378,
        "nauc_recall_at_10_std": 0.008416,
        "nauc_recall_at_10_diff1": 0.038421,
        "nauc_recall_at_20_max": 0.203122,
        "nauc_recall_at_20_std": 0.060679,
        "nauc_recall_at_20_diff1": 0.048547,
        "nauc_recall_at_100_max": 0.28684,
        "nauc_recall_at_100_std": 0.343918,
        "nauc_recall_at_100_diff1": 0.095127,
        "nauc_recall_at_1000_max": 0.169975,
        "nauc_recall_at_1000_std": 0.444894,
        "nauc_recall_at_1000_diff1": -0.186869,
        "nauc_precision_at_1_max": -0.044197,
        "nauc_precision_at_1_std": -0.084978,
        "nauc_precision_at_1_diff1": 0.147458,
        "nauc_precision_at_3_max": 0.050592,
        "nauc_precision_at_3_std": -0.050767,
        "nauc_precision_at_3_diff1": 0.103496,
        "nauc_precision_at_5_max": 0.072357,
        "nauc_precision_at_5_std": -0.007032,
        "nauc_precision_at_5_diff1": 0.072604,
        "nauc_precision_at_10_max": 0.114378,
        "nauc_precision_at_10_std": 0.008416,
        "nauc_precision_at_10_diff1": 0.038421,
        "nauc_precision_at_20_max": 0.203122,
        "nauc_precision_at_20_std": 0.060679,
        "nauc_precision_at_20_diff1": 0.048547,
        "nauc_precision_at_100_max": 0.28684,
        "nauc_precision_at_100_std": 0.343918,
        "nauc_precision_at_100_diff1": 0.095127,
        "nauc_precision_at_1000_max": 0.169975,
        "nauc_precision_at_1000_std": 0.444894,
        "nauc_precision_at_1000_diff1": -0.186869,
        "nauc_mrr_at_1_max": -0.051605,
        "nauc_mrr_at_1_std": -0.082139,
        "nauc_mrr_at_1_diff1": 0.133416,
        "nauc_mrr_at_3_max": -0.015738,
        "nauc_mrr_at_3_std": -0.07346,
        "nauc_mrr_at_3_diff1": 0.113388,
        "nauc_mrr_at_5_max": -0.013772,
        "nauc_mrr_at_5_std": -0.066456,
        "nauc_mrr_at_5_diff1": 0.107003,
        "nauc_mrr_at_10_max": -0.013257,
        "nauc_mrr_at_10_std": -0.067511,
        "nauc_mrr_at_10_diff1": 0.105415,
        "nauc_mrr_at_20_max": -0.012519,
        "nauc_mrr_at_20_std": -0.066929,
        "nauc_mrr_at_20_diff1": 0.106989,
        "nauc_mrr_at_100_max": -0.013856,
        "nauc_mrr_at_100_std": -0.067006,
        "nauc_mrr_at_100_diff1": 0.107685,
        "nauc_mrr_at_1000_max": -0.014087,
        "nauc_mrr_at_1000_std": -0.067206,
        "nauc_mrr_at_1000_diff1": 0.107625,
        "main_score": 0.50325,
        "hf_subset": "default",
        "languages": [
          "eng-Latn"
        ]
      }
    ]
  },
  "evaluation_time": 62.67759299278259,
  "kg_co2_emissions": null
}