{
  "dataset_revision": "bb9466bac8153a0349341eb1b22e06409e78ef4e",
  "task_name": "TRECCOVID",
  "mteb_version": "1.39.7",
  "scores": {
    "test": [
      {
        "ndcg_at_1": 0.66,
        "ndcg_at_3": 0.59335,
        "ndcg_at_5": 0.55799,
        "ndcg_at_10": 0.54673,
        "ndcg_at_20": 0.50852,
        "ndcg_at_100": 0.37567,
        "ndcg_at_1000": 0.28453,
        "map_at_1": 0.00186,
        "map_at_3": 0.00478,
        "map_at_5": 0.00725,
        "map_at_10": 0.01278,
        "map_at_20": 0.02095,
        "map_at_100": 0.05717,
        "map_at_1000": 0.10822,
        "recall_at_1": 0.00186,
        "recall_at_3": 0.00513,
        "recall_at_5": 0.0081,
        "recall_at_10": 0.01528,
        "recall_at_20": 0.02647,
        "recall_at_100": 0.08488,
        "recall_at_1000": 0.24956,
        "precision_at_1": 0.72,
        "precision_at_3": 0.64667,
        "precision_at_5": 0.6,
        "precision_at_10": 0.588,
        "precision_at_20": 0.534,
        "precision_at_100": 0.376,
        "precision_at_1000": 0.11918,
        "mrr_at_1": 0.72,
        "mrr_at_3": 0.78,
        "mrr_at_5": 0.785,
        "mrr_at_10": 0.796389,
        "mrr_at_20": 0.796389,
        "mrr_at_100": 0.797429,
        "mrr_at_1000": 0.797429,
        "nauc_ndcg_at_1_max": 0.241995,
        "nauc_ndcg_at_1_std": 0.396123,
        "nauc_ndcg_at_1_diff1": 0.42327,
        "nauc_ndcg_at_3_max": 0.320261,
        "nauc_ndcg_at_3_std": 0.427771,
        "nauc_ndcg_at_3_diff1": 0.379854,
        "nauc_ndcg_at_5_max": 0.338304,
        "nauc_ndcg_at_5_std": 0.425285,
        "nauc_ndcg_at_5_diff1": 0.383183,
        "nauc_ndcg_at_10_max": 0.406873,
        "nauc_ndcg_at_10_std": 0.505609,
        "nauc_ndcg_at_10_diff1": 0.304515,
        "nauc_ndcg_at_20_max": 0.424671,
        "nauc_ndcg_at_20_std": 0.58173,
        "nauc_ndcg_at_20_diff1": 0.242926,
        "nauc_ndcg_at_100_max": 0.462053,
        "nauc_ndcg_at_100_std": 0.714682,
        "nauc_ndcg_at_100_diff1": 0.095108,
        "nauc_ndcg_at_1000_max": 0.608842,
        "nauc_ndcg_at_1000_std": 0.693015,
        "nauc_ndcg_at_1000_diff1": 0.123586,
        "nauc_map_at_1_max": 0.14088,
        "nauc_map_at_1_std": 0.154345,
        "nauc_map_at_1_diff1": 0.466686,
        "nauc_map_at_3_max": 0.231108,
        "nauc_map_at_3_std": 0.14745,
        "nauc_map_at_3_diff1": 0.530055,
        "nauc_map_at_5_max": 0.254248,
        "nauc_map_at_5_std": 0.167369,
        "nauc_map_at_5_diff1": 0.555298,
        "nauc_map_at_10_max": 0.337698,
        "nauc_map_at_10_std": 0.254212,
        "nauc_map_at_10_diff1": 0.512314,
        "nauc_map_at_20_max": 0.378126,
        "nauc_map_at_20_std": 0.359098,
        "nauc_map_at_20_diff1": 0.407694,
        "nauc_map_at_100_max": 0.532571,
        "nauc_map_at_100_std": 0.651554,
        "nauc_map_at_100_diff1": 0.183031,
        "nauc_map_at_1000_max": 0.611093,
        "nauc_map_at_1000_std": 0.737665,
        "nauc_map_at_1000_diff1": 0.047353,
        "nauc_recall_at_1_max": 0.14088,
        "nauc_recall_at_1_std": 0.154345,
        "nauc_recall_at_1_diff1": 0.466686,
        "nauc_recall_at_3_max": 0.254176,
        "nauc_recall_at_3_std": 0.143787,
        "nauc_recall_at_3_diff1": 0.536583,
        "nauc_recall_at_5_max": 0.239813,
        "nauc_recall_at_5_std": 0.139348,
        "nauc_recall_at_5_diff1": 0.568909,
        "nauc_recall_at_10_max": 0.33028,
        "nauc_recall_at_10_std": 0.236169,
        "nauc_recall_at_10_diff1": 0.504087,
        "nauc_recall_at_20_max": 0.360915,
        "nauc_recall_at_20_std": 0.333923,
        "nauc_recall_at_20_diff1": 0.417275,
        "nauc_recall_at_100_max": 0.541651,
        "nauc_recall_at_100_std": 0.646768,
        "nauc_recall_at_100_diff1": 0.206307,
        "nauc_recall_at_1000_max": 0.633123,
        "nauc_recall_at_1000_std": 0.630045,
        "nauc_recall_at_1000_diff1": 0.042006,
        "nauc_precision_at_1_max": 0.238782,
        "nauc_precision_at_1_std": 0.514919,
        "nauc_precision_at_1_diff1": 0.371146,
        "nauc_precision_at_3_max": 0.315973,
        "nauc_precision_at_3_std": 0.477827,
        "nauc_precision_at_3_diff1": 0.339459,
        "nauc_precision_at_5_max": 0.330816,
        "nauc_precision_at_5_std": 0.464677,
        "nauc_precision_at_5_diff1": 0.384469,
        "nauc_precision_at_10_max": 0.437394,
        "nauc_precision_at_10_std": 0.558879,
        "nauc_precision_at_10_diff1": 0.272079,
        "nauc_precision_at_20_max": 0.420785,
        "nauc_precision_at_20_std": 0.614398,
        "nauc_precision_at_20_diff1": 0.175637,
        "nauc_precision_at_100_max": 0.454619,
        "nauc_precision_at_100_std": 0.735619,
        "nauc_precision_at_100_diff1": 0.008839,
        "nauc_precision_at_1000_max": 0.460312,
        "nauc_precision_at_1000_std": 0.642624,
        "nauc_precision_at_1000_diff1": -0.091037,
        "nauc_mrr_at_1_max": 0.238782,
        "nauc_mrr_at_1_std": 0.514919,
        "nauc_mrr_at_1_diff1": 0.371146,
        "nauc_mrr_at_3_max": 0.323852,
        "nauc_mrr_at_3_std": 0.610397,
        "nauc_mrr_at_3_diff1": 0.441802,
        "nauc_mrr_at_5_max": 0.335518,
        "nauc_mrr_at_5_std": 0.614842,
        "nauc_mrr_at_5_diff1": 0.456109,
        "nauc_mrr_at_10_max": 0.316005,
        "nauc_mrr_at_10_std": 0.599861,
        "nauc_mrr_at_10_diff1": 0.449405,
        "nauc_mrr_at_20_max": 0.316005,
        "nauc_mrr_at_20_std": 0.599861,
        "nauc_mrr_at_20_diff1": 0.449405,
        "nauc_mrr_at_100_max": 0.314528,
        "nauc_mrr_at_100_std": 0.600257,
        "nauc_mrr_at_100_diff1": 0.44869,
        "nauc_mrr_at_1000_max": 0.314528,
        "nauc_mrr_at_1000_std": 0.600257,
        "nauc_mrr_at_1000_diff1": 0.44869,
        "main_score": 0.54673,
        "hf_subset": "default",
        "languages": [
          "eng-Latn"
        ]
      }
    ]
  },
  "evaluation_time": 224.92772102355957,
  "kg_co2_emissions": null
}