{
  "dataset_revision": "c22ab2a51041ffd869aaddef7af8d8215647e41a",
  "task_name": "ArguAna",
  "mteb_version": "1.39.7",
  "scores": {
    "test": [
      {
        "ndcg_at_1": 0.27169,
        "ndcg_at_3": 0.40162,
        "ndcg_at_5": 0.45537,
        "ndcg_at_10": 0.50143,
        "ndcg_at_20": 0.52326,
        "ndcg_at_100": 0.54134,
        "ndcg_at_1000": 0.5463,
        "map_at_1": 0.27169,
        "map_at_3": 0.3683,
        "map_at_5": 0.39821,
        "map_at_10": 0.41725,
        "map_at_20": 0.42339,
        "map_at_100": 0.42587,
        "map_at_1000": 0.42609,
        "recall_at_1": 0.27169,
        "recall_at_3": 0.49858,
        "recall_at_5": 0.62873,
        "recall_at_10": 0.77098,
        "recall_at_20": 0.85633,
        "recall_at_100": 0.95377,
        "recall_at_1000": 0.99147,
        "precision_at_1": 0.27169,
        "precision_at_3": 0.16619,
        "precision_at_5": 0.12575,
        "precision_at_10": 0.0771,
        "precision_at_20": 0.04282,
        "precision_at_100": 0.00954,
        "precision_at_1000": 0.00099,
        "mrr_at_1": 0.275249,
        "mrr_at_3": 0.370436,
        "mrr_at_5": 0.399455,
        "mrr_at_10": 0.41844,
        "mrr_at_20": 0.424634,
        "mrr_at_100": 0.427123,
        "mrr_at_1000": 0.427337,
        "nauc_ndcg_at_1_max": -0.080841,
        "nauc_ndcg_at_1_std": -0.070357,
        "nauc_ndcg_at_1_diff1": 0.108803,
        "nauc_ndcg_at_3_max": -0.019293,
        "nauc_ndcg_at_3_std": -0.068826,
        "nauc_ndcg_at_3_diff1": 0.075222,
        "nauc_ndcg_at_5_max": -0.007429,
        "nauc_ndcg_at_5_std": -0.062359,
        "nauc_ndcg_at_5_diff1": 0.084886,
        "nauc_ndcg_at_10_max": -0.007234,
        "nauc_ndcg_at_10_std": -0.054292,
        "nauc_ndcg_at_10_diff1": 0.07408,
        "nauc_ndcg_at_20_max": -0.006657,
        "nauc_ndcg_at_20_std": -0.047461,
        "nauc_ndcg_at_20_diff1": 0.073435,
        "nauc_ndcg_at_100_max": -0.008126,
        "nauc_ndcg_at_100_std": -0.042784,
        "nauc_ndcg_at_100_diff1": 0.082566,
        "nauc_ndcg_at_1000_max": -0.015704,
        "nauc_ndcg_at_1000_std": -0.051096,
        "nauc_ndcg_at_1000_diff1": 0.082201,
        "nauc_map_at_1_max": -0.080841,
        "nauc_map_at_1_std": -0.070357,
        "nauc_map_at_1_diff1": 0.108803,
        "nauc_map_at_3_max": -0.034303,
        "nauc_map_at_3_std": -0.069543,
        "nauc_map_at_3_diff1": 0.083421,
        "nauc_map_at_5_max": -0.028211,
        "nauc_map_at_5_std": -0.065772,
        "nauc_map_at_5_diff1": 0.088797,
        "nauc_map_at_10_max": -0.028685,
        "nauc_map_at_10_std": -0.062397,
        "nauc_map_at_10_diff1": 0.084477,
        "nauc_map_at_20_max": -0.028426,
        "nauc_map_at_20_std": -0.060558,
        "nauc_map_at_20_diff1": 0.084568,
        "nauc_map_at_100_max": -0.028361,
        "nauc_map_at_100_std": -0.060285,
        "nauc_map_at_100_diff1": 0.086048,
        "nauc_map_at_1000_max": -0.028623,
        "nauc_map_at_1000_std": -0.060527,
        "nauc_map_at_1000_diff1": 0.086007,
        "nauc_recall_at_1_max": -0.080841,
        "nauc_recall_at_1_std": -0.070357,
        "nauc_recall_at_1_diff1": 0.108803,
        "nauc_recall_at_3_max": 0.023258,
        "nauc_recall_at_3_std": -0.066664,
        "nauc_recall_at_3_diff1": 0.051976,
        "nauc_recall_at_5_max": 0.060947,
        "nauc_recall_at_5_std": -0.050613,
        "nauc_recall_at_5_diff1": 0.074058,
        "nauc_recall_at_10_max": 0.08984,
        "nauc_recall_at_10_std": -0.013763,
        "nauc_recall_at_10_diff1": 0.024998,
        "nauc_recall_at_20_max": 0.136011,
        "nauc_recall_at_20_std": 0.05547,
        "nauc_recall_at_20_diff1": -0.006364,
        "nauc_recall_at_100_max": 0.336229,
        "nauc_recall_at_100_std": 0.419712,
        "nauc_recall_at_100_diff1": 0.073933,
        "nauc_recall_at_1000_max": 0.111028,
        "nauc_recall_at_1000_std": 0.470208,
        "nauc_recall_at_1000_diff1": 0.008015,
        "nauc_precision_at_1_max": -0.080841,
        "nauc_precision_at_1_std": -0.070357,
        "nauc_precision_at_1_diff1": 0.108803,
        "nauc_precision_at_3_max": 0.023258,
        "nauc_precision_at_3_std": -0.066664,
        "nauc_precision_at_3_diff1": 0.051976,
        "nauc_precision_at_5_max": 0.060947,
        "nauc_precision_at_5_std": -0.050613,
        "nauc_precision_at_5_diff1": 0.074058,
        "nauc_precision_at_10_max": 0.08984,
        "nauc_precision_at_10_std": -0.013763,
        "nauc_precision_at_10_diff1": 0.024998,
        "nauc_precision_at_20_max": 0.136011,
        "nauc_precision_at_20_std": 0.05547,
        "nauc_precision_at_20_diff1": -0.006364,
        "nauc_precision_at_100_max": 0.336229,
        "nauc_precision_at_100_std": 0.419712,
        "nauc_precision_at_100_diff1": 0.073933,
        "nauc_precision_at_1000_max": 0.111028,
        "nauc_precision_at_1000_std": 0.470208,
        "nauc_precision_at_1000_diff1": 0.008015,
        "nauc_mrr_at_1_max": -0.082978,
        "nauc_mrr_at_1_std": -0.06721,
        "nauc_mrr_at_1_diff1": 0.09742,
        "nauc_mrr_at_3_max": -0.040376,
        "nauc_mrr_at_3_std": -0.067728,
        "nauc_mrr_at_3_diff1": 0.072447,
        "nauc_mrr_at_5_max": -0.03482,
        "nauc_mrr_at_5_std": -0.064964,
        "nauc_mrr_at_5_diff1": 0.077123,
        "nauc_mrr_at_10_max": -0.036427,
        "nauc_mrr_at_10_std": -0.061819,
        "nauc_mrr_at_10_diff1": 0.072128,
        "nauc_mrr_at_20_max": -0.035466,
        "nauc_mrr_at_20_std": -0.059805,
        "nauc_mrr_at_20_diff1": 0.072886,
        "nauc_mrr_at_100_max": -0.035466,
        "nauc_mrr_at_100_std": -0.059529,
        "nauc_mrr_at_100_diff1": 0.074259,
        "nauc_mrr_at_1000_max": -0.035732,
        "nauc_mrr_at_1000_std": -0.05977,
        "nauc_mrr_at_1000_diff1": 0.07421,
        "main_score": 0.50143,
        "hf_subset": "default",
        "languages": [
          "eng-Latn"
        ]
      }
    ]
  },
  "evaluation_time": 22.132288694381714,
  "kg_co2_emissions": null
}