{
  "dataset_revision": "bb9466bac8153a0349341eb1b22e06409e78ef4e",
  "task_name": "TRECCOVID",
  "mteb_version": "1.39.7",
  "scores": {
    "test": [
      {
        "ndcg_at_1": 0.32,
        "ndcg_at_3": 0.25754,
        "ndcg_at_5": 0.24057,
        "ndcg_at_10": 0.22111,
        "ndcg_at_20": 0.1951,
        "ndcg_at_100": 0.12658,
        "ndcg_at_1000": 0.11124,
        "map_at_1": 0.00075,
        "map_at_3": 0.00178,
        "map_at_5": 0.00248,
        "map_at_10": 0.00376,
        "map_at_20": 0.00564,
        "map_at_100": 0.01364,
        "map_at_1000": 0.02661,
        "recall_at_1": 0.00075,
        "recall_at_3": 0.00194,
        "recall_at_5": 0.00295,
        "recall_at_10": 0.00518,
        "recall_at_20": 0.00902,
        "recall_at_100": 0.02741,
        "recall_at_1000": 0.10304,
        "precision_at_1": 0.34,
        "precision_at_3": 0.26,
        "precision_at_5": 0.244,
        "precision_at_10": 0.22,
        "precision_at_20": 0.195,
        "precision_at_100": 0.1192,
        "precision_at_1000": 0.04714,
        "mrr_at_1": 0.34,
        "mrr_at_3": 0.386667,
        "mrr_at_5": 0.399667,
        "mrr_at_10": 0.41119,
        "mrr_at_20": 0.424058,
        "mrr_at_100": 0.426841,
        "mrr_at_1000": 0.427339,
        "nauc_ndcg_at_1_max": -0.037327,
        "nauc_ndcg_at_1_std": 0.365434,
        "nauc_ndcg_at_1_diff1": 0.411163,
        "nauc_ndcg_at_3_max": 0.104457,
        "nauc_ndcg_at_3_std": 0.40327,
        "nauc_ndcg_at_3_diff1": 0.355022,
        "nauc_ndcg_at_5_max": 0.178448,
        "nauc_ndcg_at_5_std": 0.406406,
        "nauc_ndcg_at_5_diff1": 0.287411,
        "nauc_ndcg_at_10_max": 0.230163,
        "nauc_ndcg_at_10_std": 0.459027,
        "nauc_ndcg_at_10_diff1": 0.196046,
        "nauc_ndcg_at_20_max": 0.243036,
        "nauc_ndcg_at_20_std": 0.435492,
        "nauc_ndcg_at_20_diff1": 0.139278,
        "nauc_ndcg_at_100_max": 0.297504,
        "nauc_ndcg_at_100_std": 0.458545,
        "nauc_ndcg_at_100_diff1": 0.051549,
        "nauc_ndcg_at_1000_max": 0.418848,
        "nauc_ndcg_at_1000_std": 0.443088,
        "nauc_ndcg_at_1000_diff1": -0.052082,
        "nauc_map_at_1_max": 0.109013,
        "nauc_map_at_1_std": 0.337228,
        "nauc_map_at_1_diff1": 0.395668,
        "nauc_map_at_3_max": 0.182906,
        "nauc_map_at_3_std": 0.380208,
        "nauc_map_at_3_diff1": 0.334257,
        "nauc_map_at_5_max": 0.219635,
        "nauc_map_at_5_std": 0.358329,
        "nauc_map_at_5_diff1": 0.245652,
        "nauc_map_at_10_max": 0.29633,
        "nauc_map_at_10_std": 0.364535,
        "nauc_map_at_10_diff1": 0.15688,
        "nauc_map_at_20_max": 0.285213,
        "nauc_map_at_20_std": 0.384803,
        "nauc_map_at_20_diff1": 0.097464,
        "nauc_map_at_100_max": 0.277438,
        "nauc_map_at_100_std": 0.454373,
        "nauc_map_at_100_diff1": 0.016231,
        "nauc_map_at_1000_max": 0.452981,
        "nauc_map_at_1000_std": 0.537917,
        "nauc_map_at_1000_diff1": -0.125201,
        "nauc_recall_at_1_max": 0.109013,
        "nauc_recall_at_1_std": 0.337228,
        "nauc_recall_at_1_diff1": 0.395668,
        "nauc_recall_at_3_max": 0.227381,
        "nauc_recall_at_3_std": 0.398638,
        "nauc_recall_at_3_diff1": 0.327964,
        "nauc_recall_at_5_max": 0.283999,
        "nauc_recall_at_5_std": 0.356878,
        "nauc_recall_at_5_diff1": 0.204017,
        "nauc_recall_at_10_max": 0.350769,
        "nauc_recall_at_10_std": 0.37036,
        "nauc_recall_at_10_diff1": 0.084561,
        "nauc_recall_at_20_max": 0.31503,
        "nauc_recall_at_20_std": 0.363754,
        "nauc_recall_at_20_diff1": 0.034688,
        "nauc_recall_at_100_max": 0.322033,
        "nauc_recall_at_100_std": 0.392325,
        "nauc_recall_at_100_diff1": -0.015396,
        "nauc_recall_at_1000_max": 0.451669,
        "nauc_recall_at_1000_std": 0.404401,
        "nauc_recall_at_1000_diff1": -0.117423,
        "nauc_precision_at_1_max": -0.035587,
        "nauc_precision_at_1_std": 0.391081,
        "nauc_precision_at_1_diff1": 0.455841,
        "nauc_precision_at_3_max": 0.115893,
        "nauc_precision_at_3_std": 0.454718,
        "nauc_precision_at_3_diff1": 0.380619,
        "nauc_precision_at_5_max": 0.206494,
        "nauc_precision_at_5_std": 0.426098,
        "nauc_precision_at_5_diff1": 0.24972,
        "nauc_precision_at_10_max": 0.267152,
        "nauc_precision_at_10_std": 0.485859,
        "nauc_precision_at_10_diff1": 0.096583,
        "nauc_precision_at_20_max": 0.252394,
        "nauc_precision_at_20_std": 0.439336,
        "nauc_precision_at_20_diff1": 0.034378,
        "nauc_precision_at_100_max": 0.297039,
        "nauc_precision_at_100_std": 0.466495,
        "nauc_precision_at_100_diff1": -0.023703,
        "nauc_precision_at_1000_max": 0.428416,
        "nauc_precision_at_1000_std": 0.481744,
        "nauc_precision_at_1000_diff1": -0.149512,
        "nauc_mrr_at_1_max": -0.035587,
        "nauc_mrr_at_1_std": 0.391081,
        "nauc_mrr_at_1_diff1": 0.455841,
        "nauc_mrr_at_3_max": 0.086651,
        "nauc_mrr_at_3_std": 0.474341,
        "nauc_mrr_at_3_diff1": 0.424736,
        "nauc_mrr_at_5_max": 0.075589,
        "nauc_mrr_at_5_std": 0.474765,
        "nauc_mrr_at_5_diff1": 0.40851,
        "nauc_mrr_at_10_max": 0.062355,
        "nauc_mrr_at_10_std": 0.483611,
        "nauc_mrr_at_10_diff1": 0.403507,
        "nauc_mrr_at_20_max": 0.064257,
        "nauc_mrr_at_20_std": 0.476508,
        "nauc_mrr_at_20_diff1": 0.400457,
        "nauc_mrr_at_100_max": 0.063706,
        "nauc_mrr_at_100_std": 0.477203,
        "nauc_mrr_at_100_diff1": 0.401312,
        "nauc_mrr_at_1000_max": 0.063509,
        "nauc_mrr_at_1000_std": 0.477209,
        "nauc_mrr_at_1000_diff1": 0.402361,
        "main_score": 0.22111,
        "hf_subset": "default",
        "languages": [
          "eng-Latn"
        ]
      }
    ]
  },
  "evaluation_time": 671.233320236206,
  "kg_co2_emissions": null
}