{
  "dataset_revision": "c22ab2a51041ffd869aaddef7af8d8215647e41a",
  "task_name": "ArguAna",
  "mteb_version": "1.39.7",
  "scores": {
    "test": [
      {
        "ndcg_at_1": 0.03841,
        "ndcg_at_3": 0.06863,
        "ndcg_at_5": 0.08241,
        "ndcg_at_10": 0.10419,
        "ndcg_at_20": 0.12156,
        "ndcg_at_100": 0.15148,
        "ndcg_at_1000": 0.18991,
        "map_at_1": 0.03841,
        "map_at_3": 0.06093,
        "map_at_5": 0.06858,
        "map_at_10": 0.07752,
        "map_at_20": 0.08225,
        "map_at_100": 0.08617,
        "map_at_1000": 0.08736,
        "recall_at_1": 0.03841,
        "recall_at_3": 0.09104,
        "recall_at_5": 0.12447,
        "recall_at_10": 0.19203,
        "recall_at_20": 0.26102,
        "recall_at_100": 0.42532,
        "recall_at_1000": 0.74395,
        "precision_at_1": 0.03841,
        "precision_at_3": 0.03035,
        "precision_at_5": 0.02489,
        "precision_at_10": 0.0192,
        "precision_at_20": 0.01305,
        "precision_at_100": 0.00425,
        "precision_at_1000": 0.00074,
        "mrr_at_1": 0.039118,
        "mrr_at_3": 0.061166,
        "mrr_at_5": 0.068812,
        "mrr_at_10": 0.077743,
        "mrr_at_20": 0.082468,
        "mrr_at_100": 0.086393,
        "mrr_at_1000": 0.087578,
        "nauc_ndcg_at_1_max": 0.167616,
        "nauc_ndcg_at_1_std": 0.055304,
        "nauc_ndcg_at_1_diff1": 0.043997,
        "nauc_ndcg_at_3_max": 0.180401,
        "nauc_ndcg_at_3_std": 0.167513,
        "nauc_ndcg_at_3_diff1": -0.018917,
        "nauc_ndcg_at_5_max": 0.204356,
        "nauc_ndcg_at_5_std": 0.214614,
        "nauc_ndcg_at_5_diff1": -0.01267,
        "nauc_ndcg_at_10_max": 0.210091,
        "nauc_ndcg_at_10_std": 0.218397,
        "nauc_ndcg_at_10_diff1": 0.002017,
        "nauc_ndcg_at_20_max": 0.206556,
        "nauc_ndcg_at_20_std": 0.221181,
        "nauc_ndcg_at_20_diff1": 0.00697,
        "nauc_ndcg_at_100_max": 0.207982,
        "nauc_ndcg_at_100_std": 0.228519,
        "nauc_ndcg_at_100_diff1": 0.003792,
        "nauc_ndcg_at_1000_max": 0.196511,
        "nauc_ndcg_at_1000_std": 0.233537,
        "nauc_ndcg_at_1000_diff1": 8.7e-05,
        "nauc_map_at_1_max": 0.167616,
        "nauc_map_at_1_std": 0.055304,
        "nauc_map_at_1_diff1": 0.043997,
        "nauc_map_at_3_max": 0.178585,
        "nauc_map_at_3_std": 0.14859,
        "nauc_map_at_3_diff1": -0.010635,
        "nauc_map_at_5_max": 0.194037,
        "nauc_map_at_5_std": 0.180893,
        "nauc_map_at_5_diff1": -0.007081,
        "nauc_map_at_10_max": 0.198083,
        "nauc_map_at_10_std": 0.186409,
        "nauc_map_at_10_diff1": -1.6e-05,
        "nauc_map_at_20_max": 0.197251,
        "nauc_map_at_20_std": 0.187941,
        "nauc_map_at_20_diff1": 0.002086,
        "nauc_map_at_100_max": 0.196863,
        "nauc_map_at_100_std": 0.190547,
        "nauc_map_at_100_diff1": 0.001534,
        "nauc_map_at_1000_max": 0.196085,
        "nauc_map_at_1000_std": 0.190752,
        "nauc_map_at_1000_diff1": 0.001303,
        "nauc_recall_at_1_max": 0.167616,
        "nauc_recall_at_1_std": 0.055304,
        "nauc_recall_at_1_diff1": 0.043997,
        "nauc_recall_at_3_max": 0.183873,
        "nauc_recall_at_3_std": 0.204576,
        "nauc_recall_at_3_diff1": -0.034558,
        "nauc_recall_at_5_max": 0.223754,
        "nauc_recall_at_5_std": 0.275049,
        "nauc_recall_at_5_diff1": -0.021256,
        "nauc_recall_at_10_max": 0.228258,
        "nauc_recall_at_10_std": 0.263282,
        "nauc_recall_at_10_diff1": 0.008151,
        "nauc_recall_at_20_max": 0.217853,
        "nauc_recall_at_20_std": 0.264028,
        "nauc_recall_at_20_diff1": 0.017106,
        "nauc_recall_at_100_max": 0.224213,
        "nauc_recall_at_100_std": 0.274524,
        "nauc_recall_at_100_diff1": 0.00735,
        "nauc_recall_at_1000_max": 0.173159,
        "nauc_recall_at_1000_std": 0.327398,
        "nauc_recall_at_1000_diff1": -0.01366,
        "nauc_precision_at_1_max": 0.167616,
        "nauc_precision_at_1_std": 0.055304,
        "nauc_precision_at_1_diff1": 0.043997,
        "nauc_precision_at_3_max": 0.183873,
        "nauc_precision_at_3_std": 0.204576,
        "nauc_precision_at_3_diff1": -0.034558,
        "nauc_precision_at_5_max": 0.223754,
        "nauc_precision_at_5_std": 0.275049,
        "nauc_precision_at_5_diff1": -0.021256,
        "nauc_precision_at_10_max": 0.228258,
        "nauc_precision_at_10_std": 0.263282,
        "nauc_precision_at_10_diff1": 0.008151,
        "nauc_precision_at_20_max": 0.217853,
        "nauc_precision_at_20_std": 0.264028,
        "nauc_precision_at_20_diff1": 0.017106,
        "nauc_precision_at_100_max": 0.224213,
        "nauc_precision_at_100_std": 0.274524,
        "nauc_precision_at_100_diff1": 0.00735,
        "nauc_precision_at_1000_max": 0.173159,
        "nauc_precision_at_1000_std": 0.327398,
        "nauc_precision_at_1000_diff1": -0.01366,
        "nauc_mrr_at_1_max": 0.176617,
        "nauc_mrr_at_1_std": 0.07248,
        "nauc_mrr_at_1_diff1": 0.03274,
        "nauc_mrr_at_3_max": 0.179808,
        "nauc_mrr_at_3_std": 0.15189,
        "nauc_mrr_at_3_diff1": -0.014566,
        "nauc_mrr_at_5_max": 0.195098,
        "nauc_mrr_at_5_std": 0.183791,
        "nauc_mrr_at_5_diff1": -0.010682,
        "nauc_mrr_at_10_max": 0.198922,
        "nauc_mrr_at_10_std": 0.189216,
        "nauc_mrr_at_10_diff1": -0.003331,
        "nauc_mrr_at_20_max": 0.198056,
        "nauc_mrr_at_20_std": 0.190674,
        "nauc_mrr_at_20_diff1": -0.001151,
        "nauc_mrr_at_100_max": 0.197657,
        "nauc_mrr_at_100_std": 0.193244,
        "nauc_mrr_at_100_diff1": -0.00169,
        "nauc_mrr_at_1000_max": 0.196883,
        "nauc_mrr_at_1000_std": 0.193455,
        "nauc_mrr_at_1000_diff1": -0.001929,
        "main_score": 0.10419,
        "hf_subset": "default",
        "languages": [
          "eng-Latn"
        ]
      }
    ]
  },
  "evaluation_time": 82.82131719589233,
  "kg_co2_emissions": null
}