{
  "map_at_10": 0.10445,
  "mrr_at_10": 0.10462445528235005,
  "ndcg_at_10": 0.13025,
  "recall_at_10": 0.21408,
  "recall_at_100": 0.45946
}
