{
  "map_at_10": 0.00282,
  "mrr_at_10": 0.002820113346429136,
  "ndcg_at_10": 0.00413,
  "recall_at_10": 0.00853,
  "recall_at_100": 0.03841
}
