{
  "map_at_10": 0.00017,
  "mrr_at_10": 0.00042956490324911375,
  "ndcg_at_10": 0.00044,
  "recall_at_10": 0.00142,
  "recall_at_100": 0.02063
}
