{
  "map_at_10": 0.00052,
  "mrr_at_10": 0.0004512971618234776,
  "ndcg_at_10": 0.0012,
  "recall_at_10": 0.00356,
  "recall_at_100": 0.02134
}
