{
  "map_at_10": 0.00018,
  "mrr_at_10": 0.0004346451714872768,
  "ndcg_at_10": 0.00031,
  "recall_at_10": 0.00071,
  "recall_at_100": 0.01138
}
