{
  "map_at_10": 0.00237,
  "mrr_at_10": 0.0023707918444760548,
  "ndcg_at_10": 0.00268,
  "recall_at_10": 0.00356,
  "recall_at_100": 0.03201
}
