{
  "map_at_10": 0.00087,
  "mrr_at_10": 0.0008721127142179773,
  "ndcg_at_10": 0.00149,
  "recall_at_10": 0.00356,
  "recall_at_100": 0.02916
}
