{
  "map_at_10": 0.00145,
  "mrr_at_10": 0.002496105127684075,
  "ndcg_at_10": 0.00224,
  "recall_at_10": 0.00498,
  "recall_at_100": 0.01209
}
