{
  "dataset_revision": "0228b52cf27578f30900b9e5271d331663a030d7",
  "task_name": "SciFact",
  "mteb_version": "1.39.7",
  "scores": {
    "test": [
      {
        "ndcg_at_1": 0.0,
        "ndcg_at_3": 0.0,
        "ndcg_at_5": 0.00144,
        "ndcg_at_10": 0.00255,
        "ndcg_at_20": 0.00284,
        "ndcg_at_100": 0.0045,
        "ndcg_at_1000": 0.0231,
        "map_at_1": 0.0,
        "map_at_3": 0.0,
        "map_at_5": 0.00083,
        "map_at_10": 0.00131,
        "map_at_20": 0.00136,
        "map_at_100": 0.00152,
        "map_at_1000": 0.00193,
        "recall_at_1": 0.0,
        "recall_at_3": 0.0,
        "recall_at_5": 0.00333,
        "recall_at_10": 0.00667,
        "recall_at_20": 0.00733,
        "recall_at_100": 0.01733,
        "recall_at_1000": 0.1755,
        "precision_at_1": 0.0,
        "precision_at_3": 0.0,
        "precision_at_5": 0.00067,
        "precision_at_10": 0.00067,
        "precision_at_20": 0.0005,
        "precision_at_100": 0.0002,
        "precision_at_1000": 0.00021,
        "mrr_at_1": 0.0,
        "mrr_at_3": 0.001111,
        "mrr_at_5": 0.001111,
        "mrr_at_10": 0.001587,
        "mrr_at_20": 0.00181,
        "mrr_at_100": 0.002002,
        "mrr_at_1000": 0.002438,
        "nauc_ndcg_at_1_max": NaN,
        "nauc_ndcg_at_1_std": NaN,
        "nauc_ndcg_at_1_diff1": NaN,
        "nauc_ndcg_at_3_max": NaN,
        "nauc_ndcg_at_3_std": NaN,
        "nauc_ndcg_at_3_diff1": NaN,
        "nauc_ndcg_at_5_max": 0.661926,
        "nauc_ndcg_at_5_std": -0.205796,
        "nauc_ndcg_at_5_diff1": -0.070566,
        "nauc_ndcg_at_10_max": 0.661926,
        "nauc_ndcg_at_10_std": -0.146796,
        "nauc_ndcg_at_10_diff1": 0.249016,
        "nauc_ndcg_at_20_max": 0.604436,
        "nauc_ndcg_at_20_std": -0.121771,
        "nauc_ndcg_at_20_diff1": 0.216409,
        "nauc_ndcg_at_100_max": 0.3367,
        "nauc_ndcg_at_100_std": -0.100632,
        "nauc_ndcg_at_100_diff1": 0.085519,
        "nauc_ndcg_at_1000_max": 0.015772,
        "nauc_ndcg_at_1000_std": 0.040214,
        "nauc_ndcg_at_1000_diff1": 0.131157,
        "nauc_map_at_1_max": NaN,
        "nauc_map_at_1_std": NaN,
        "nauc_map_at_1_diff1": NaN,
        "nauc_map_at_3_max": NaN,
        "nauc_map_at_3_std": NaN,
        "nauc_map_at_3_diff1": NaN,
        "nauc_map_at_5_max": 0.661926,
        "nauc_map_at_5_std": -0.205796,
        "nauc_map_at_5_diff1": -0.070566,
        "nauc_map_at_10_max": 0.661926,
        "nauc_map_at_10_std": -0.156621,
        "nauc_map_at_10_diff1": 0.195795,
        "nauc_map_at_20_max": 0.642156,
        "nauc_map_at_20_std": -0.147671,
        "nauc_map_at_20_diff1": 0.186449,
        "nauc_map_at_100_max": 0.556775,
        "nauc_map_at_100_std": -0.140438,
        "nauc_map_at_100_diff1": 0.153203,
        "nauc_map_at_1000_max": 0.42211,
        "nauc_map_at_1000_std": -0.097599,
        "nauc_map_at_1000_diff1": 0.14686,
        "nauc_recall_at_1_max": NaN,
        "nauc_recall_at_1_std": NaN,
        "nauc_recall_at_1_diff1": NaN,
        "nauc_recall_at_3_max": NaN,
        "nauc_recall_at_3_std": NaN,
        "nauc_recall_at_3_diff1": NaN,
        "nauc_recall_at_5_max": 0.661926,
        "nauc_recall_at_5_std": -0.205796,
        "nauc_recall_at_5_diff1": -0.070566,
        "nauc_recall_at_10_max": 0.661926,
        "nauc_recall_at_10_std": -0.138181,
        "nauc_recall_at_10_diff1": 0.29568,
        "nauc_recall_at_20_max": 0.610703,
        "nauc_recall_at_20_std": -0.116667,
        "nauc_recall_at_20_diff1": 0.262385,
        "nauc_recall_at_100_max": 0.196559,
        "nauc_recall_at_100_std": -0.083569,
        "nauc_recall_at_100_diff1": 0.029122,
        "nauc_recall_at_1000_max": -0.040197,
        "nauc_recall_at_1000_std": 0.061838,
        "nauc_recall_at_1000_diff1": 0.14039,
        "nauc_precision_at_1_max": NaN,
        "nauc_precision_at_1_std": NaN,
        "nauc_precision_at_1_diff1": NaN,
        "nauc_precision_at_3_max": NaN,
        "nauc_precision_at_3_std": NaN,
        "nauc_precision_at_3_diff1": NaN,
        "nauc_precision_at_5_max": 0.661926,
        "nauc_precision_at_5_std": -0.205796,
        "nauc_precision_at_5_diff1": -0.070566,
        "nauc_precision_at_10_max": 0.661926,
        "nauc_precision_at_10_std": -0.138181,
        "nauc_precision_at_10_diff1": 0.29568,
        "nauc_precision_at_20_max": 0.474108,
        "nauc_precision_at_20_std": -0.059297,
        "nauc_precision_at_20_diff1": 0.173598,
        "nauc_precision_at_100_max": 0.183481,
        "nauc_precision_at_100_std": -0.059297,
        "nauc_precision_at_100_diff1": 0.01583,
        "nauc_precision_at_1000_max": -0.029131,
        "nauc_precision_at_1000_std": 0.069912,
        "nauc_precision_at_1000_diff1": 0.106614,
        "nauc_mrr_at_1_max": NaN,
        "nauc_mrr_at_1_std": NaN,
        "nauc_mrr_at_1_diff1": NaN,
        "nauc_mrr_at_3_max": 0.661926,
        "nauc_mrr_at_3_std": -0.205796,
        "nauc_mrr_at_3_diff1": -0.070566,
        "nauc_mrr_at_5_max": 0.661926,
        "nauc_mrr_at_5_std": -0.205796,
        "nauc_mrr_at_5_diff1": -0.070566,
        "nauc_mrr_at_10_max": 0.661926,
        "nauc_mrr_at_10_std": -0.165227,
        "nauc_mrr_at_10_diff1": 0.149182,
        "nauc_mrr_at_20_max": 0.59273,
        "nauc_mrr_at_20_std": -0.132843,
        "nauc_mrr_at_20_diff1": 0.122195,
        "nauc_mrr_at_100_max": 0.505637,
        "nauc_mrr_at_100_std": -0.132833,
        "nauc_mrr_at_100_diff1": 0.095778,
        "nauc_mrr_at_1000_max": 0.40242,
        "nauc_mrr_at_1000_std": -0.094977,
        "nauc_mrr_at_1000_diff1": 0.095487,
        "main_score": 0.00255,
        "hf_subset": "default",
        "languages": [
          "eng-Latn"
        ]
      }
    ]
  },
  "evaluation_time": 72.1237382888794,
  "kg_co2_emissions": null
}