{
  "dataset_revision": "0228b52cf27578f30900b9e5271d331663a030d7",
  "task_name": "SciFact",
  "mteb_version": "1.39.7",
  "scores": {
    "test": [
      {
        "ndcg_at_1": 0.41,
        "ndcg_at_3": 0.48303,
        "ndcg_at_5": 0.50899,
        "ndcg_at_10": 0.53424,
        "ndcg_at_20": 0.55005,
        "ndcg_at_100": 0.5724,
        "ndcg_at_1000": 0.58837,
        "map_at_1": 0.38733,
        "map_at_3": 0.45594,
        "map_at_5": 0.4716,
        "map_at_10": 0.4829,
        "map_at_20": 0.48805,
        "map_at_100": 0.49132,
        "map_at_1000": 0.49191,
        "recall_at_1": 0.38733,
        "recall_at_3": 0.53578,
        "recall_at_5": 0.60128,
        "recall_at_10": 0.67389,
        "recall_at_20": 0.73272,
        "recall_at_100": 0.85189,
        "recall_at_1000": 0.97667,
        "precision_at_1": 0.41,
        "precision_at_3": 0.19556,
        "precision_at_5": 0.13267,
        "precision_at_10": 0.075,
        "precision_at_20": 0.0415,
        "precision_at_100": 0.00963,
        "precision_at_1000": 0.00111,
        "mrr_at_1": 0.41,
        "mrr_at_3": 0.475556,
        "mrr_at_5": 0.489889,
        "mrr_at_10": 0.50093,
        "mrr_at_20": 0.50435,
        "mrr_at_100": 0.506866,
        "mrr_at_1000": 0.5074,
        "nauc_ndcg_at_1_max": 0.456132,
        "nauc_ndcg_at_1_std": 0.029494,
        "nauc_ndcg_at_1_diff1": 0.722813,
        "nauc_ndcg_at_3_max": 0.493456,
        "nauc_ndcg_at_3_std": 0.057438,
        "nauc_ndcg_at_3_diff1": 0.644834,
        "nauc_ndcg_at_5_max": 0.50631,
        "nauc_ndcg_at_5_std": 0.076718,
        "nauc_ndcg_at_5_diff1": 0.637433,
        "nauc_ndcg_at_10_max": 0.514839,
        "nauc_ndcg_at_10_std": 0.081111,
        "nauc_ndcg_at_10_diff1": 0.637212,
        "nauc_ndcg_at_20_max": 0.518209,
        "nauc_ndcg_at_20_std": 0.093752,
        "nauc_ndcg_at_20_diff1": 0.63091,
        "nauc_ndcg_at_100_max": 0.510277,
        "nauc_ndcg_at_100_std": 0.083365,
        "nauc_ndcg_at_100_diff1": 0.629986,
        "nauc_ndcg_at_1000_max": 0.503287,
        "nauc_ndcg_at_1000_std": 0.080779,
        "nauc_ndcg_at_1000_diff1": 0.637447,
        "nauc_map_at_1_max": 0.42085,
        "nauc_map_at_1_std": -0.009162,
        "nauc_map_at_1_diff1": 0.702136,
        "nauc_map_at_3_max": 0.470325,
        "nauc_map_at_3_std": 0.031109,
        "nauc_map_at_3_diff1": 0.656755,
        "nauc_map_at_5_max": 0.480043,
        "nauc_map_at_5_std": 0.046092,
        "nauc_map_at_5_diff1": 0.652631,
        "nauc_map_at_10_max": 0.484346,
        "nauc_map_at_10_std": 0.049345,
        "nauc_map_at_10_diff1": 0.652064,
        "nauc_map_at_20_max": 0.48739,
        "nauc_map_at_20_std": 0.05515,
        "nauc_map_at_20_diff1": 0.650362,
        "nauc_map_at_100_max": 0.486608,
        "nauc_map_at_100_std": 0.054472,
        "nauc_map_at_100_diff1": 0.650583,
        "nauc_map_at_1000_max": 0.486303,
        "nauc_map_at_1000_std": 0.054307,
        "nauc_map_at_1000_diff1": 0.650771,
        "nauc_recall_at_1_max": 0.42085,
        "nauc_recall_at_1_std": -0.009162,
        "nauc_recall_at_1_diff1": 0.702136,
        "nauc_recall_at_3_max": 0.513014,
        "nauc_recall_at_3_std": 0.070093,
        "nauc_recall_at_3_diff1": 0.585106,
        "nauc_recall_at_5_max": 0.553319,
        "nauc_recall_at_5_std": 0.125518,
        "nauc_recall_at_5_diff1": 0.559587,
        "nauc_recall_at_10_max": 0.577524,
        "nauc_recall_at_10_std": 0.136427,
        "nauc_recall_at_10_diff1": 0.543462,
        "nauc_recall_at_20_max": 0.596539,
        "nauc_recall_at_20_std": 0.194429,
        "nauc_recall_at_20_diff1": 0.499464,
        "nauc_recall_at_100_max": 0.57139,
        "nauc_recall_at_100_std": 0.130156,
        "nauc_recall_at_100_diff1": 0.419137,
        "nauc_recall_at_1000_max": 0.272576,
        "nauc_recall_at_1000_std": 0.116847,
        "nauc_recall_at_1000_diff1": 0.127184,
        "nauc_precision_at_1_max": 0.456132,
        "nauc_precision_at_1_std": 0.029494,
        "nauc_precision_at_1_diff1": 0.722813,
        "nauc_precision_at_3_max": 0.547923,
        "nauc_precision_at_3_std": 0.19298,
        "nauc_precision_at_3_diff1": 0.534156,
        "nauc_precision_at_5_max": 0.562126,
        "nauc_precision_at_5_std": 0.265679,
        "nauc_precision_at_5_diff1": 0.469963,
        "nauc_precision_at_10_max": 0.582669,
        "nauc_precision_at_10_std": 0.315036,
        "nauc_precision_at_10_diff1": 0.417223,
        "nauc_precision_at_20_max": 0.538263,
        "nauc_precision_at_20_std": 0.387897,
        "nauc_precision_at_20_diff1": 0.310805,
        "nauc_precision_at_100_max": 0.429861,
        "nauc_precision_at_100_std": 0.376421,
        "nauc_precision_at_100_diff1": 0.1833,
        "nauc_precision_at_1000_max": 0.25118,
        "nauc_precision_at_1000_std": 0.442384,
        "nauc_precision_at_1000_diff1": 0.025333,
        "nauc_mrr_at_1_max": 0.456132,
        "nauc_mrr_at_1_std": 0.029494,
        "nauc_mrr_at_1_diff1": 0.722813,
        "nauc_mrr_at_3_max": 0.488832,
        "nauc_mrr_at_3_std": 0.069246,
        "nauc_mrr_at_3_diff1": 0.671058,
        "nauc_mrr_at_5_max": 0.497546,
        "nauc_mrr_at_5_std": 0.081267,
        "nauc_mrr_at_5_diff1": 0.667292,
        "nauc_mrr_at_10_max": 0.502031,
        "nauc_mrr_at_10_std": 0.082925,
        "nauc_mrr_at_10_diff1": 0.670082,
        "nauc_mrr_at_20_max": 0.500739,
        "nauc_mrr_at_20_std": 0.082697,
        "nauc_mrr_at_20_diff1": 0.668614,
        "nauc_mrr_at_100_max": 0.499225,
        "nauc_mrr_at_100_std": 0.08081,
        "nauc_mrr_at_100_diff1": 0.668014,
        "nauc_mrr_at_1000_max": 0.498957,
        "nauc_mrr_at_1000_std": 0.080632,
        "nauc_mrr_at_1000_diff1": 0.668183,
        "main_score": 0.53424,
        "hf_subset": "default",
        "languages": [
          "eng-Latn"
        ]
      }
    ]
  },
  "evaluation_time": 25.56851625442505,
  "kg_co2_emissions": null
}