{
  "dataset_revision": "c22ab2a51041ffd869aaddef7af8d8215647e41a",
  "task_name": "ArguAna",
  "mteb_version": "1.39.7",
  "scores": {
    "test": [
      {
        "ndcg_at_1": 0.27098,
        "ndcg_at_3": 0.40323,
        "ndcg_at_5": 0.45618,
        "ndcg_at_10": 0.5041,
        "ndcg_at_20": 0.52397,
        "ndcg_at_100": 0.54221,
        "ndcg_at_1000": 0.54702,
        "map_at_1": 0.27098,
        "map_at_3": 0.36925,
        "map_at_5": 0.39859,
        "map_at_10": 0.41843,
        "map_at_20": 0.42402,
        "map_at_100": 0.42654,
        "map_at_1000": 0.42674,
        "recall_at_1": 0.27098,
        "recall_at_3": 0.50213,
        "recall_at_5": 0.63087,
        "recall_at_10": 0.77881,
        "recall_at_20": 0.85633,
        "recall_at_100": 0.95448,
        "recall_at_1000": 0.99147,
        "precision_at_1": 0.27098,
        "precision_at_3": 0.16738,
        "precision_at_5": 0.12617,
        "precision_at_10": 0.07788,
        "precision_at_20": 0.04282,
        "precision_at_100": 0.00954,
        "precision_at_1000": 0.00099,
        "mrr_at_1": 0.273115,
        "mrr_at_3": 0.370081,
        "mrr_at_5": 0.399526,
        "mrr_at_10": 0.419287,
        "mrr_at_20": 0.424945,
        "mrr_at_100": 0.427466,
        "mrr_at_1000": 0.427666,
        "nauc_ndcg_at_1_max": -0.072881,
        "nauc_ndcg_at_1_std": -0.058341,
        "nauc_ndcg_at_1_diff1": 0.120899,
        "nauc_ndcg_at_3_max": -0.0116,
        "nauc_ndcg_at_3_std": -0.052922,
        "nauc_ndcg_at_3_diff1": 0.098025,
        "nauc_ndcg_at_5_max": 0.001201,
        "nauc_ndcg_at_5_std": -0.042817,
        "nauc_ndcg_at_5_diff1": 0.08916,
        "nauc_ndcg_at_10_max": 0.002142,
        "nauc_ndcg_at_10_std": -0.032951,
        "nauc_ndcg_at_10_diff1": 0.088092,
        "nauc_ndcg_at_20_max": -0.000903,
        "nauc_ndcg_at_20_std": -0.032982,
        "nauc_ndcg_at_20_diff1": 0.084704,
        "nauc_ndcg_at_100_max": -0.002746,
        "nauc_ndcg_at_100_std": -0.028073,
        "nauc_ndcg_at_100_diff1": 0.093358,
        "nauc_ndcg_at_1000_max": -0.00976,
        "nauc_ndcg_at_1000_std": -0.03569,
        "nauc_ndcg_at_1000_diff1": 0.094216,
        "nauc_map_at_1_max": -0.072881,
        "nauc_map_at_1_std": -0.058341,
        "nauc_map_at_1_diff1": 0.120899,
        "nauc_map_at_3_max": -0.026276,
        "nauc_map_at_3_std": -0.053419,
        "nauc_map_at_3_diff1": 0.10224,
        "nauc_map_at_5_max": -0.01963,
        "nauc_map_at_5_std": -0.047915,
        "nauc_map_at_5_diff1": 0.097611,
        "nauc_map_at_10_max": -0.02081,
        "nauc_map_at_10_std": -0.045229,
        "nauc_map_at_10_diff1": 0.097521,
        "nauc_map_at_20_max": -0.021665,
        "nauc_map_at_20_std": -0.045374,
        "nauc_map_at_20_diff1": 0.096812,
        "nauc_map_at_100_max": -0.021674,
        "nauc_map_at_100_std": -0.044989,
        "nauc_map_at_100_diff1": 0.09827,
        "nauc_map_at_1000_max": -0.021909,
        "nauc_map_at_1000_std": -0.045182,
        "nauc_map_at_1000_diff1": 0.098283,
        "nauc_recall_at_1_max": -0.072881,
        "nauc_recall_at_1_std": -0.058341,
        "nauc_recall_at_1_diff1": 0.120899,
        "nauc_recall_at_3_max": 0.029945,
        "nauc_recall_at_3_std": -0.051829,
        "nauc_recall_at_3_diff1": 0.08659,
        "nauc_recall_at_5_max": 0.06989,
        "nauc_recall_at_5_std": -0.025223,
        "nauc_recall_at_5_diff1": 0.061115,
        "nauc_recall_at_10_max": 0.112572,
        "nauc_recall_at_10_std": 0.0342,
        "nauc_recall_at_10_diff1": 0.04345,
        "nauc_recall_at_20_max": 0.136235,
        "nauc_recall_at_20_std": 0.064433,
        "nauc_recall_at_20_diff1": -0.003807,
        "nauc_recall_at_100_max": 0.323408,
        "nauc_recall_at_100_std": 0.420242,
        "nauc_recall_at_100_diff1": 0.041725,
        "nauc_recall_at_1000_max": 0.111028,
        "nauc_recall_at_1000_std": 0.494735,
        "nauc_recall_at_1000_diff1": 0.058076,
        "nauc_precision_at_1_max": -0.072881,
        "nauc_precision_at_1_std": -0.058341,
        "nauc_precision_at_1_diff1": 0.120899,
        "nauc_precision_at_3_max": 0.029945,
        "nauc_precision_at_3_std": -0.051829,
        "nauc_precision_at_3_diff1": 0.08659,
        "nauc_precision_at_5_max": 0.06989,
        "nauc_precision_at_5_std": -0.025223,
        "nauc_precision_at_5_diff1": 0.061115,
        "nauc_precision_at_10_max": 0.112572,
        "nauc_precision_at_10_std": 0.0342,
        "nauc_precision_at_10_diff1": 0.04345,
        "nauc_precision_at_20_max": 0.136235,
        "nauc_precision_at_20_std": 0.064433,
        "nauc_precision_at_20_diff1": -0.003807,
        "nauc_precision_at_100_max": 0.323408,
        "nauc_precision_at_100_std": 0.420242,
        "nauc_precision_at_100_diff1": 0.041725,
        "nauc_precision_at_1000_max": 0.111028,
        "nauc_precision_at_1000_std": 0.494735,
        "nauc_precision_at_1000_diff1": 0.058076,
        "nauc_mrr_at_1_max": -0.07415,
        "nauc_mrr_at_1_std": -0.053749,
        "nauc_mrr_at_1_diff1": 0.114,
        "nauc_mrr_at_3_max": -0.034029,
        "nauc_mrr_at_3_std": -0.052723,
        "nauc_mrr_at_3_diff1": 0.092356,
        "nauc_mrr_at_5_max": -0.024543,
        "nauc_mrr_at_5_std": -0.046468,
        "nauc_mrr_at_5_diff1": 0.089942,
        "nauc_mrr_at_10_max": -0.026091,
        "nauc_mrr_at_10_std": -0.043985,
        "nauc_mrr_at_10_diff1": 0.089209,
        "nauc_mrr_at_20_max": -0.02674,
        "nauc_mrr_at_20_std": -0.044009,
        "nauc_mrr_at_20_diff1": 0.088669,
        "nauc_mrr_at_100_max": -0.026798,
        "nauc_mrr_at_100_std": -0.043615,
        "nauc_mrr_at_100_diff1": 0.090049,
        "nauc_mrr_at_1000_max": -0.027036,
        "nauc_mrr_at_1000_std": -0.043806,
        "nauc_mrr_at_1000_diff1": 0.090057,
        "main_score": 0.5041,
        "hf_subset": "default",
        "languages": [
          "eng-Latn"
        ]
      }
    ]
  },
  "evaluation_time": 8.53288722038269,
  "kg_co2_emissions": null
}