{
  "dataset_revision": "0228b52cf27578f30900b9e5271d331663a030d7",
  "task_name": "SciFact",
  "mteb_version": "1.39.7",
  "scores": {
    "test": [
      {
        "ndcg_at_1": 0.42333,
        "ndcg_at_3": 0.48218,
        "ndcg_at_5": 0.50661,
        "ndcg_at_10": 0.53932,
        "ndcg_at_20": 0.54874,
        "ndcg_at_100": 0.57271,
        "ndcg_at_1000": 0.58955,
        "map_at_1": 0.39844,
        "map_at_3": 0.45877,
        "map_at_5": 0.47367,
        "map_at_10": 0.48787,
        "map_at_20": 0.49099,
        "map_at_100": 0.49473,
        "map_at_1000": 0.49535,
        "recall_at_1": 0.39844,
        "recall_at_3": 0.52511,
        "recall_at_5": 0.58561,
        "recall_at_10": 0.6825,
        "recall_at_20": 0.71678,
        "recall_at_100": 0.84189,
        "recall_at_1000": 0.97433,
        "precision_at_1": 0.42333,
        "precision_at_3": 0.19,
        "precision_at_5": 0.12867,
        "precision_at_10": 0.07633,
        "precision_at_20": 0.0405,
        "precision_at_100": 0.00953,
        "precision_at_1000": 0.0011,
        "mrr_at_1": 0.423333,
        "mrr_at_3": 0.478889,
        "mrr_at_5": 0.492556,
        "mrr_at_10": 0.505721,
        "mrr_at_20": 0.507849,
        "mrr_at_100": 0.510852,
        "mrr_at_1000": 0.511392,
        "nauc_ndcg_at_1_max": 0.471797,
        "nauc_ndcg_at_1_std": 0.127968,
        "nauc_ndcg_at_1_diff1": 0.673753,
        "nauc_ndcg_at_3_max": 0.475492,
        "nauc_ndcg_at_3_std": 0.102317,
        "nauc_ndcg_at_3_diff1": 0.615041,
        "nauc_ndcg_at_5_max": 0.471024,
        "nauc_ndcg_at_5_std": 0.112385,
        "nauc_ndcg_at_5_diff1": 0.604323,
        "nauc_ndcg_at_10_max": 0.500103,
        "nauc_ndcg_at_10_std": 0.138309,
        "nauc_ndcg_at_10_diff1": 0.594068,
        "nauc_ndcg_at_20_max": 0.500646,
        "nauc_ndcg_at_20_std": 0.1406,
        "nauc_ndcg_at_20_diff1": 0.591896,
        "nauc_ndcg_at_100_max": 0.500514,
        "nauc_ndcg_at_100_std": 0.130427,
        "nauc_ndcg_at_100_diff1": 0.593297,
        "nauc_ndcg_at_1000_max": 0.491051,
        "nauc_ndcg_at_1000_std": 0.134869,
        "nauc_ndcg_at_1000_diff1": 0.596021,
        "nauc_map_at_1_max": 0.42937,
        "nauc_map_at_1_std": 0.075394,
        "nauc_map_at_1_diff1": 0.657474,
        "nauc_map_at_3_max": 0.458828,
        "nauc_map_at_3_std": 0.084437,
        "nauc_map_at_3_diff1": 0.625715,
        "nauc_map_at_5_max": 0.459175,
        "nauc_map_at_5_std": 0.094427,
        "nauc_map_at_5_diff1": 0.619224,
        "nauc_map_at_10_max": 0.473324,
        "nauc_map_at_10_std": 0.107354,
        "nauc_map_at_10_diff1": 0.61332,
        "nauc_map_at_20_max": 0.473881,
        "nauc_map_at_20_std": 0.109026,
        "nauc_map_at_20_diff1": 0.612934,
        "nauc_map_at_100_max": 0.474831,
        "nauc_map_at_100_std": 0.109421,
        "nauc_map_at_100_diff1": 0.614094,
        "nauc_map_at_1000_max": 0.47446,
        "nauc_map_at_1000_std": 0.109591,
        "nauc_map_at_1000_diff1": 0.614036,
        "nauc_recall_at_1_max": 0.42937,
        "nauc_recall_at_1_std": 0.075394,
        "nauc_recall_at_1_diff1": 0.657474,
        "nauc_recall_at_3_max": 0.46767,
        "nauc_recall_at_3_std": 0.080738,
        "nauc_recall_at_3_diff1": 0.57154,
        "nauc_recall_at_5_max": 0.466355,
        "nauc_recall_at_5_std": 0.1162,
        "nauc_recall_at_5_diff1": 0.540556,
        "nauc_recall_at_10_max": 0.556428,
        "nauc_recall_at_10_std": 0.1924,
        "nauc_recall_at_10_diff1": 0.495335,
        "nauc_recall_at_20_max": 0.560073,
        "nauc_recall_at_20_std": 0.199804,
        "nauc_recall_at_20_diff1": 0.472878,
        "nauc_recall_at_100_max": 0.587402,
        "nauc_recall_at_100_std": 0.093713,
        "nauc_recall_at_100_diff1": 0.412661,
        "nauc_recall_at_1000_max": 0.213595,
        "nauc_recall_at_1000_std": 0.228582,
        "nauc_recall_at_1000_diff1": -0.033644,
        "nauc_precision_at_1_max": 0.471797,
        "nauc_precision_at_1_std": 0.127968,
        "nauc_precision_at_1_diff1": 0.673753,
        "nauc_precision_at_3_max": 0.520014,
        "nauc_precision_at_3_std": 0.192968,
        "nauc_precision_at_3_diff1": 0.528451,
        "nauc_precision_at_5_max": 0.505809,
        "nauc_precision_at_5_std": 0.243501,
        "nauc_precision_at_5_diff1": 0.453375,
        "nauc_precision_at_10_max": 0.563789,
        "nauc_precision_at_10_std": 0.354757,
        "nauc_precision_at_10_diff1": 0.32745,
        "nauc_precision_at_20_max": 0.520857,
        "nauc_precision_at_20_std": 0.365219,
        "nauc_precision_at_20_diff1": 0.266478,
        "nauc_precision_at_100_max": 0.455396,
        "nauc_precision_at_100_std": 0.35667,
        "nauc_precision_at_100_diff1": 0.164875,
        "nauc_precision_at_1000_max": 0.276579,
        "nauc_precision_at_1000_std": 0.464004,
        "nauc_precision_at_1000_diff1": -0.041441,
        "nauc_mrr_at_1_max": 0.471797,
        "nauc_mrr_at_1_std": 0.127968,
        "nauc_mrr_at_1_diff1": 0.673753,
        "nauc_mrr_at_3_max": 0.484263,
        "nauc_mrr_at_3_std": 0.134334,
        "nauc_mrr_at_3_diff1": 0.632857,
        "nauc_mrr_at_5_max": 0.48592,
        "nauc_mrr_at_5_std": 0.139577,
        "nauc_mrr_at_5_diff1": 0.629033,
        "nauc_mrr_at_10_max": 0.49552,
        "nauc_mrr_at_10_std": 0.149063,
        "nauc_mrr_at_10_diff1": 0.627622,
        "nauc_mrr_at_20_max": 0.495151,
        "nauc_mrr_at_20_std": 0.148393,
        "nauc_mrr_at_20_diff1": 0.62678,
        "nauc_mrr_at_100_max": 0.494642,
        "nauc_mrr_at_100_std": 0.146253,
        "nauc_mrr_at_100_diff1": 0.626206,
        "nauc_mrr_at_1000_max": 0.49436,
        "nauc_mrr_at_1000_std": 0.146477,
        "nauc_mrr_at_1000_diff1": 0.626181,
        "main_score": 0.53932,
        "hf_subset": "default",
        "languages": [
          "eng-Latn"
        ]
      }
    ]
  },
  "evaluation_time": 27.121780157089233,
  "kg_co2_emissions": null
}