{
  "dataset_revision": "f8c2fcf00f625baaa80f62ec5bd9e1fff3b8ae88",
  "task_name": "SCIDOCS",
  "mteb_version": "1.39.7",
  "scores": {
    "test": [
      {
        "ndcg_at_1": 0.013,
        "ndcg_at_3": 0.01183,
        "ndcg_at_5": 0.00987,
        "ndcg_at_10": 0.01243,
        "ndcg_at_20": 0.01517,
        "ndcg_at_100": 0.02671,
        "ndcg_at_1000": 0.05373,
        "map_at_1": 0.0026,
        "map_at_3": 0.00453,
        "map_at_5": 0.005,
        "map_at_10": 0.00576,
        "map_at_20": 0.00639,
        "map_at_100": 0.00756,
        "map_at_1000": 0.00828,
        "recall_at_1": 0.0026,
        "recall_at_3": 0.00685,
        "recall_at_5": 0.0087,
        "recall_at_10": 0.01335,
        "recall_at_20": 0.0199,
        "recall_at_100": 0.05795,
        "recall_at_1000": 0.1947,
        "precision_at_1": 0.013,
        "precision_at_3": 0.01133,
        "precision_at_5": 0.0086,
        "precision_at_10": 0.0066,
        "precision_at_20": 0.0049,
        "precision_at_100": 0.00287,
        "precision_at_1000": 0.00096,
        "mrr_at_1": 0.013,
        "mrr_at_3": 0.021833,
        "mrr_at_5": 0.023733,
        "mrr_at_10": 0.026328,
        "mrr_at_20": 0.027838,
        "mrr_at_100": 0.030907,
        "mrr_at_1000": 0.032038,
        "nauc_ndcg_at_1_max": 0.4945,
        "nauc_ndcg_at_1_std": 0.239644,
        "nauc_ndcg_at_1_diff1": 0.547729,
        "nauc_ndcg_at_3_max": 0.467773,
        "nauc_ndcg_at_3_std": 0.291893,
        "nauc_ndcg_at_3_diff1": 0.360975,
        "nauc_ndcg_at_5_max": 0.418909,
        "nauc_ndcg_at_5_std": 0.266317,
        "nauc_ndcg_at_5_diff1": 0.277054,
        "nauc_ndcg_at_10_max": 0.329869,
        "nauc_ndcg_at_10_std": 0.238412,
        "nauc_ndcg_at_10_diff1": 0.233881,
        "nauc_ndcg_at_20_max": 0.334807,
        "nauc_ndcg_at_20_std": 0.196711,
        "nauc_ndcg_at_20_diff1": 0.181231,
        "nauc_ndcg_at_100_max": 0.23624,
        "nauc_ndcg_at_100_std": 0.174263,
        "nauc_ndcg_at_100_diff1": 0.139778,
        "nauc_ndcg_at_1000_max": 0.176435,
        "nauc_ndcg_at_1000_std": 0.161737,
        "nauc_ndcg_at_1000_diff1": 0.10374,
        "nauc_map_at_1_max": 0.4945,
        "nauc_map_at_1_std": 0.239644,
        "nauc_map_at_1_diff1": 0.547729,
        "nauc_map_at_3_max": 0.483957,
        "nauc_map_at_3_std": 0.303188,
        "nauc_map_at_3_diff1": 0.400908,
        "nauc_map_at_5_max": 0.447394,
        "nauc_map_at_5_std": 0.28315,
        "nauc_map_at_5_diff1": 0.333238,
        "nauc_map_at_10_max": 0.383508,
        "nauc_map_at_10_std": 0.26184,
        "nauc_map_at_10_diff1": 0.289079,
        "nauc_map_at_20_max": 0.384748,
        "nauc_map_at_20_std": 0.242734,
        "nauc_map_at_20_diff1": 0.250486,
        "nauc_map_at_100_max": 0.350988,
        "nauc_map_at_100_std": 0.225413,
        "nauc_map_at_100_diff1": 0.227895,
        "nauc_map_at_1000_max": 0.340017,
        "nauc_map_at_1000_std": 0.220767,
        "nauc_map_at_1000_diff1": 0.219248,
        "nauc_recall_at_1_max": 0.4945,
        "nauc_recall_at_1_std": 0.239644,
        "nauc_recall_at_1_diff1": 0.547729,
        "nauc_recall_at_3_max": 0.454359,
        "nauc_recall_at_3_std": 0.30173,
        "nauc_recall_at_3_diff1": 0.303038,
        "nauc_recall_at_5_max": 0.375276,
        "nauc_recall_at_5_std": 0.254866,
        "nauc_recall_at_5_diff1": 0.175828,
        "nauc_recall_at_10_max": 0.238085,
        "nauc_recall_at_10_std": 0.211351,
        "nauc_recall_at_10_diff1": 0.136955,
        "nauc_recall_at_20_max": 0.275568,
        "nauc_recall_at_20_std": 0.141775,
        "nauc_recall_at_20_diff1": 0.070294,
        "nauc_recall_at_100_max": 0.150091,
        "nauc_recall_at_100_std": 0.144027,
        "nauc_recall_at_100_diff1": 0.070086,
        "nauc_recall_at_1000_max": 0.078616,
        "nauc_recall_at_1000_std": 0.130127,
        "nauc_recall_at_1000_diff1": 0.039303,
        "nauc_precision_at_1_max": 0.4945,
        "nauc_precision_at_1_std": 0.239644,
        "nauc_precision_at_1_diff1": 0.547729,
        "nauc_precision_at_3_max": 0.452832,
        "nauc_precision_at_3_std": 0.296596,
        "nauc_precision_at_3_diff1": 0.297913,
        "nauc_precision_at_5_max": 0.375219,
        "nauc_precision_at_5_std": 0.253212,
        "nauc_precision_at_5_diff1": 0.17391,
        "nauc_precision_at_10_max": 0.237538,
        "nauc_precision_at_10_std": 0.21195,
        "nauc_precision_at_10_diff1": 0.136709,
        "nauc_precision_at_20_max": 0.273104,
        "nauc_precision_at_20_std": 0.143531,
        "nauc_precision_at_20_diff1": 0.071609,
        "nauc_precision_at_100_max": 0.149917,
        "nauc_precision_at_100_std": 0.144533,
        "nauc_precision_at_100_diff1": 0.06992,
        "nauc_precision_at_1000_max": 0.084008,
        "nauc_precision_at_1000_std": 0.128063,
        "nauc_precision_at_1000_diff1": 0.041517,
        "nauc_mrr_at_1_max": 0.4945,
        "nauc_mrr_at_1_std": 0.239644,
        "nauc_mrr_at_1_diff1": 0.547729,
        "nauc_mrr_at_3_max": 0.467181,
        "nauc_mrr_at_3_std": 0.277922,
        "nauc_mrr_at_3_diff1": 0.389508,
        "nauc_mrr_at_5_max": 0.437541,
        "nauc_mrr_at_5_std": 0.25984,
        "nauc_mrr_at_5_diff1": 0.336246,
        "nauc_mrr_at_10_max": 0.398348,
        "nauc_mrr_at_10_std": 0.24903,
        "nauc_mrr_at_10_diff1": 0.317089,
        "nauc_mrr_at_20_max": 0.390816,
        "nauc_mrr_at_20_std": 0.234916,
        "nauc_mrr_at_20_diff1": 0.299121,
        "nauc_mrr_at_100_max": 0.360938,
        "nauc_mrr_at_100_std": 0.223384,
        "nauc_mrr_at_100_diff1": 0.280501,
        "nauc_mrr_at_1000_max": 0.356992,
        "nauc_mrr_at_1000_std": 0.222251,
        "nauc_mrr_at_1000_diff1": 0.277102,
        "main_score": 0.01243,
        "hf_subset": "default",
        "languages": [
          "eng-Latn"
        ]
      }
    ]
  },
  "evaluation_time": 213.64575815200806,
  "kg_co2_emissions": null
}