{
  "dataset_revision": "ec0fa4fe99da2ff19ca1214b7966684033a58814",
  "task_name": "NFCorpus",
  "mteb_version": "1.39.7",
  "scores": {
    "test": [
      {
        "ndcg_at_1": 0.34211,
        "ndcg_at_3": 0.29151,
        "ndcg_at_5": 0.2679,
        "ndcg_at_10": 0.23249,
        "ndcg_at_20": 0.21458,
        "ndcg_at_100": 0.21025,
        "ndcg_at_1000": 0.29855,
        "map_at_1": 0.03612,
        "map_at_3": 0.05686,
        "map_at_5": 0.06635,
        "map_at_10": 0.07563,
        "map_at_20": 0.08312,
        "map_at_100": 0.09261,
        "map_at_1000": 0.10213,
        "recall_at_1": 0.03612,
        "recall_at_3": 0.06545,
        "recall_at_5": 0.0816,
        "recall_at_10": 0.10303,
        "recall_at_20": 0.13517,
        "recall_at_100": 0.21945,
        "recall_at_1000": 0.52583,
        "precision_at_1": 0.35604,
        "precision_at_3": 0.27245,
        "precision_at_5": 0.22848,
        "precision_at_10": 0.16563,
        "precision_at_20": 0.12245,
        "precision_at_100": 0.05121,
        "precision_at_1000": 0.01698,
        "mrr_at_1": 0.356037,
        "mrr_at_3": 0.418989,
        "mrr_at_5": 0.428122,
        "mrr_at_10": 0.435142,
        "mrr_at_20": 0.43981,
        "mrr_at_100": 0.442648,
        "mrr_at_1000": 0.443276,
        "nauc_ndcg_at_1_max": 0.38362,
        "nauc_ndcg_at_1_std": 0.217406,
        "nauc_ndcg_at_1_diff1": 0.338747,
        "nauc_ndcg_at_3_max": 0.353453,
        "nauc_ndcg_at_3_std": 0.224632,
        "nauc_ndcg_at_3_diff1": 0.235355,
        "nauc_ndcg_at_5_max": 0.358524,
        "nauc_ndcg_at_5_std": 0.219296,
        "nauc_ndcg_at_5_diff1": 0.22667,
        "nauc_ndcg_at_10_max": 0.380379,
        "nauc_ndcg_at_10_std": 0.227935,
        "nauc_ndcg_at_10_diff1": 0.224907,
        "nauc_ndcg_at_20_max": 0.401864,
        "nauc_ndcg_at_20_std": 0.231191,
        "nauc_ndcg_at_20_diff1": 0.224659,
        "nauc_ndcg_at_100_max": 0.4518,
        "nauc_ndcg_at_100_std": 0.260669,
        "nauc_ndcg_at_100_diff1": 0.231139,
        "nauc_ndcg_at_1000_max": 0.530536,
        "nauc_ndcg_at_1000_std": 0.356081,
        "nauc_ndcg_at_1000_diff1": 0.244509,
        "nauc_map_at_1_max": 0.337222,
        "nauc_map_at_1_std": -0.012839,
        "nauc_map_at_1_diff1": 0.501532,
        "nauc_map_at_3_max": 0.370698,
        "nauc_map_at_3_std": 0.012178,
        "nauc_map_at_3_diff1": 0.431362,
        "nauc_map_at_5_max": 0.372402,
        "nauc_map_at_5_std": 0.039798,
        "nauc_map_at_5_diff1": 0.384068,
        "nauc_map_at_10_max": 0.385745,
        "nauc_map_at_10_std": 0.074543,
        "nauc_map_at_10_diff1": 0.333193,
        "nauc_map_at_20_max": 0.402803,
        "nauc_map_at_20_std": 0.102574,
        "nauc_map_at_20_diff1": 0.312158,
        "nauc_map_at_100_max": 0.410653,
        "nauc_map_at_100_std": 0.145829,
        "nauc_map_at_100_diff1": 0.290459,
        "nauc_map_at_1000_max": 0.415254,
        "nauc_map_at_1000_std": 0.174418,
        "nauc_map_at_1000_diff1": 0.27633,
        "nauc_recall_at_1_max": 0.337222,
        "nauc_recall_at_1_std": -0.012839,
        "nauc_recall_at_1_diff1": 0.501532,
        "nauc_recall_at_3_max": 0.34176,
        "nauc_recall_at_3_std": -0.006461,
        "nauc_recall_at_3_diff1": 0.37335,
        "nauc_recall_at_5_max": 0.313067,
        "nauc_recall_at_5_std": 0.008332,
        "nauc_recall_at_5_diff1": 0.308643,
        "nauc_recall_at_10_max": 0.333765,
        "nauc_recall_at_10_std": 0.053333,
        "nauc_recall_at_10_diff1": 0.249772,
        "nauc_recall_at_20_max": 0.339733,
        "nauc_recall_at_20_std": 0.087417,
        "nauc_recall_at_20_diff1": 0.192445,
        "nauc_recall_at_100_max": 0.295894,
        "nauc_recall_at_100_std": 0.151441,
        "nauc_recall_at_100_diff1": 0.086518,
        "nauc_recall_at_1000_max": 0.318084,
        "nauc_recall_at_1000_std": 0.274629,
        "nauc_recall_at_1000_diff1": 0.104212,
        "nauc_precision_at_1_max": 0.396343,
        "nauc_precision_at_1_std": 0.22941,
        "nauc_precision_at_1_diff1": 0.330715,
        "nauc_precision_at_3_max": 0.335939,
        "nauc_precision_at_3_std": 0.253727,
        "nauc_precision_at_3_diff1": 0.154815,
        "nauc_precision_at_5_max": 0.333269,
        "nauc_precision_at_5_std": 0.268345,
        "nauc_precision_at_5_diff1": 0.119198,
        "nauc_precision_at_10_max": 0.324457,
        "nauc_precision_at_10_std": 0.314106,
        "nauc_precision_at_10_diff1": 0.060181,
        "nauc_precision_at_20_max": 0.293736,
        "nauc_precision_at_20_std": 0.343753,
        "nauc_precision_at_20_diff1": 0.01313,
        "nauc_precision_at_100_max": 0.183525,
        "nauc_precision_at_100_std": 0.342701,
        "nauc_precision_at_100_diff1": -0.070669,
        "nauc_precision_at_1000_max": 0.032632,
        "nauc_precision_at_1000_std": 0.237314,
        "nauc_precision_at_1000_diff1": -0.099626,
        "nauc_mrr_at_1_max": 0.396343,
        "nauc_mrr_at_1_std": 0.22941,
        "nauc_mrr_at_1_diff1": 0.330715,
        "nauc_mrr_at_3_max": 0.413387,
        "nauc_mrr_at_3_std": 0.251665,
        "nauc_mrr_at_3_diff1": 0.312618,
        "nauc_mrr_at_5_max": 0.412613,
        "nauc_mrr_at_5_std": 0.25071,
        "nauc_mrr_at_5_diff1": 0.311229,
        "nauc_mrr_at_10_max": 0.423408,
        "nauc_mrr_at_10_std": 0.259731,
        "nauc_mrr_at_10_diff1": 0.313293,
        "nauc_mrr_at_20_max": 0.428755,
        "nauc_mrr_at_20_std": 0.263796,
        "nauc_mrr_at_20_diff1": 0.310947,
        "nauc_mrr_at_100_max": 0.428491,
        "nauc_mrr_at_100_std": 0.262969,
        "nauc_mrr_at_100_diff1": 0.311149,
        "nauc_mrr_at_1000_max": 0.428218,
        "nauc_mrr_at_1000_std": 0.263079,
        "nauc_mrr_at_1000_diff1": 0.311347,
        "main_score": 0.23249,
        "hf_subset": "default",
        "languages": [
          "eng-Latn"
        ]
      }
    ]
  },
  "evaluation_time": 13.066867589950562,
  "kg_co2_emissions": null
}