{
  "dataset_revision": "f8c2fcf00f625baaa80f62ec5bd9e1fff3b8ae88",
  "task_name": "SCIDOCS",
  "mteb_version": "1.39.7",
  "scores": {
    "test": [
      {
        "ndcg_at_1": 0.008,
        "ndcg_at_3": 0.007,
        "ndcg_at_5": 0.00599,
        "ndcg_at_10": 0.00706,
        "ndcg_at_20": 0.00916,
        "ndcg_at_100": 0.0165,
        "ndcg_at_1000": 0.03806,
        "map_at_1": 0.0016,
        "map_at_3": 0.00263,
        "map_at_5": 0.003,
        "map_at_10": 0.00332,
        "map_at_20": 0.00373,
        "map_at_100": 0.0044,
        "map_at_1000": 0.0049,
        "recall_at_1": 0.0016,
        "recall_at_3": 0.004,
        "recall_at_5": 0.0054,
        "recall_at_10": 0.0074,
        "recall_at_20": 0.0123,
        "recall_at_100": 0.037,
        "recall_at_1000": 0.1459,
        "precision_at_1": 0.008,
        "precision_at_3": 0.00667,
        "precision_at_5": 0.0054,
        "precision_at_10": 0.0037,
        "precision_at_20": 0.00305,
        "precision_at_100": 0.00183,
        "precision_at_1000": 0.00072,
        "mrr_at_1": 0.008,
        "mrr_at_3": 0.013167,
        "mrr_at_5": 0.014217,
        "mrr_at_10": 0.015092,
        "mrr_at_20": 0.016476,
        "mrr_at_100": 0.01854,
        "mrr_at_1000": 0.019655,
        "nauc_ndcg_at_1_max": 0.363295,
        "nauc_ndcg_at_1_std": 0.389019,
        "nauc_ndcg_at_1_diff1": 0.354306,
        "nauc_ndcg_at_3_max": 0.23148,
        "nauc_ndcg_at_3_std": 0.284667,
        "nauc_ndcg_at_3_diff1": 0.196764,
        "nauc_ndcg_at_5_max": 0.261016,
        "nauc_ndcg_at_5_std": 0.257206,
        "nauc_ndcg_at_5_diff1": 0.189975,
        "nauc_ndcg_at_10_max": 0.273131,
        "nauc_ndcg_at_10_std": 0.26238,
        "nauc_ndcg_at_10_diff1": 0.18326,
        "nauc_ndcg_at_20_max": 0.245153,
        "nauc_ndcg_at_20_std": 0.186642,
        "nauc_ndcg_at_20_diff1": 0.134827,
        "nauc_ndcg_at_100_max": 0.197901,
        "nauc_ndcg_at_100_std": 0.120343,
        "nauc_ndcg_at_100_diff1": 0.120713,
        "nauc_ndcg_at_1000_max": 0.147799,
        "nauc_ndcg_at_1000_std": 0.109767,
        "nauc_ndcg_at_1000_diff1": 0.082594,
        "nauc_map_at_1_max": 0.363295,
        "nauc_map_at_1_std": 0.389019,
        "nauc_map_at_1_diff1": 0.354306,
        "nauc_map_at_3_max": 0.245193,
        "nauc_map_at_3_std": 0.301451,
        "nauc_map_at_3_diff1": 0.21648,
        "nauc_map_at_5_max": 0.260662,
        "nauc_map_at_5_std": 0.272783,
        "nauc_map_at_5_diff1": 0.215945,
        "nauc_map_at_10_max": 0.277709,
        "nauc_map_at_10_std": 0.282569,
        "nauc_map_at_10_diff1": 0.220934,
        "nauc_map_at_20_max": 0.260071,
        "nauc_map_at_20_std": 0.247866,
        "nauc_map_at_20_diff1": 0.186495,
        "nauc_map_at_100_max": 0.250795,
        "nauc_map_at_100_std": 0.214991,
        "nauc_map_at_100_diff1": 0.179926,
        "nauc_map_at_1000_max": 0.242659,
        "nauc_map_at_1000_std": 0.208094,
        "nauc_map_at_1000_diff1": 0.170776,
        "nauc_recall_at_1_max": 0.363295,
        "nauc_recall_at_1_std": 0.389019,
        "nauc_recall_at_1_diff1": 0.354306,
        "nauc_recall_at_3_max": 0.206949,
        "nauc_recall_at_3_std": 0.252375,
        "nauc_recall_at_3_diff1": 0.160223,
        "nauc_recall_at_5_max": 0.261465,
        "nauc_recall_at_5_std": 0.216826,
        "nauc_recall_at_5_diff1": 0.160779,
        "nauc_recall_at_10_max": 0.282874,
        "nauc_recall_at_10_std": 0.235303,
        "nauc_recall_at_10_diff1": 0.155926,
        "nauc_recall_at_20_max": 0.23058,
        "nauc_recall_at_20_std": 0.113143,
        "nauc_recall_at_20_diff1": 0.086593,
        "nauc_recall_at_100_max": 0.159499,
        "nauc_recall_at_100_std": 0.054818,
        "nauc_recall_at_100_diff1": 0.092554,
        "nauc_recall_at_1000_max": 0.10353,
        "nauc_recall_at_1000_std": 0.074989,
        "nauc_recall_at_1000_diff1": 0.048665,
        "nauc_precision_at_1_max": 0.363295,
        "nauc_precision_at_1_std": 0.389019,
        "nauc_precision_at_1_diff1": 0.354306,
        "nauc_precision_at_3_max": 0.206949,
        "nauc_precision_at_3_std": 0.252375,
        "nauc_precision_at_3_diff1": 0.160223,
        "nauc_precision_at_5_max": 0.261465,
        "nauc_precision_at_5_std": 0.216826,
        "nauc_precision_at_5_diff1": 0.160779,
        "nauc_precision_at_10_max": 0.282874,
        "nauc_precision_at_10_std": 0.235303,
        "nauc_precision_at_10_diff1": 0.155926,
        "nauc_precision_at_20_max": 0.230727,
        "nauc_precision_at_20_std": 0.116219,
        "nauc_precision_at_20_diff1": 0.088204,
        "nauc_precision_at_100_max": 0.159259,
        "nauc_precision_at_100_std": 0.055072,
        "nauc_precision_at_100_diff1": 0.089718,
        "nauc_precision_at_1000_max": 0.101549,
        "nauc_precision_at_1000_std": 0.071887,
        "nauc_precision_at_1000_diff1": 0.050047,
        "nauc_mrr_at_1_max": 0.363295,
        "nauc_mrr_at_1_std": 0.389019,
        "nauc_mrr_at_1_diff1": 0.354306,
        "nauc_mrr_at_3_max": 0.245193,
        "nauc_mrr_at_3_std": 0.301451,
        "nauc_mrr_at_3_diff1": 0.21648,
        "nauc_mrr_at_5_max": 0.265667,
        "nauc_mrr_at_5_std": 0.2907,
        "nauc_mrr_at_5_diff1": 0.201946,
        "nauc_mrr_at_10_max": 0.259964,
        "nauc_mrr_at_10_std": 0.283387,
        "nauc_mrr_at_10_diff1": 0.186287,
        "nauc_mrr_at_20_max": 0.25475,
        "nauc_mrr_at_20_std": 0.250224,
        "nauc_mrr_at_20_diff1": 0.171978,
        "nauc_mrr_at_100_max": 0.244032,
        "nauc_mrr_at_100_std": 0.231869,
        "nauc_mrr_at_100_diff1": 0.165299,
        "nauc_mrr_at_1000_max": 0.237268,
        "nauc_mrr_at_1000_std": 0.22894,
        "nauc_mrr_at_1000_diff1": 0.162218,
        "main_score": 0.00706,
        "hf_subset": "default",
        "languages": [
          "eng-Latn"
        ]
      }
    ]
  },
  "evaluation_time": 425.95548033714294,
  "kg_co2_emissions": null
}