{
  "dataset_revision": "27a168819829fe9bcd655c2df245fb19452e8e06",
  "task_name": "FiQA2018",
  "mteb_version": "1.39.7",
  "scores": {
    "test": [
      {
        "ndcg_at_1": 0.23611,
        "ndcg_at_3": 0.2212,
        "ndcg_at_5": 0.22917,
        "ndcg_at_10": 0.25041,
        "ndcg_at_20": 0.26951,
        "ndcg_at_100": 0.31044,
        "ndcg_at_1000": 0.349,
        "map_at_1": 0.11363,
        "map_at_3": 0.16423,
        "map_at_5": 0.1774,
        "map_at_10": 0.19083,
        "map_at_20": 0.19742,
        "map_at_100": 0.20426,
        "map_at_1000": 0.2062,
        "recall_at_1": 0.11363,
        "recall_at_3": 0.20273,
        "recall_at_5": 0.24152,
        "recall_at_10": 0.30462,
        "recall_at_20": 0.36232,
        "recall_at_100": 0.53644,
        "recall_at_1000": 0.77599,
        "precision_at_1": 0.23611,
        "precision_at_3": 0.14969,
        "precision_at_5": 0.11049,
        "precision_at_10": 0.07253,
        "precision_at_20": 0.04437,
        "precision_at_100": 0.01347,
        "precision_at_1000": 0.00199,
        "mrr_at_1": 0.236111,
        "mrr_at_3": 0.290895,
        "mrr_at_5": 0.302855,
        "mrr_at_10": 0.313648,
        "mrr_at_20": 0.318253,
        "mrr_at_100": 0.32264,
        "mrr_at_1000": 0.323391,
        "nauc_ndcg_at_1_max": 0.244233,
        "nauc_ndcg_at_1_std": -0.010414,
        "nauc_ndcg_at_1_diff1": 0.356356,
        "nauc_ndcg_at_3_max": 0.219467,
        "nauc_ndcg_at_3_std": -0.03551,
        "nauc_ndcg_at_3_diff1": 0.345329,
        "nauc_ndcg_at_5_max": 0.202364,
        "nauc_ndcg_at_5_std": -0.039936,
        "nauc_ndcg_at_5_diff1": 0.347968,
        "nauc_ndcg_at_10_max": 0.197757,
        "nauc_ndcg_at_10_std": -0.029778,
        "nauc_ndcg_at_10_diff1": 0.337745,
        "nauc_ndcg_at_20_max": 0.199268,
        "nauc_ndcg_at_20_std": -0.010199,
        "nauc_ndcg_at_20_diff1": 0.332436,
        "nauc_ndcg_at_100_max": 0.218459,
        "nauc_ndcg_at_100_std": 0.027509,
        "nauc_ndcg_at_100_diff1": 0.330022,
        "nauc_ndcg_at_1000_max": 0.238617,
        "nauc_ndcg_at_1000_std": 0.049634,
        "nauc_ndcg_at_1000_diff1": 0.32167,
        "nauc_map_at_1_max": 0.163802,
        "nauc_map_at_1_std": -0.065024,
        "nauc_map_at_1_diff1": 0.405429,
        "nauc_map_at_3_max": 0.176454,
        "nauc_map_at_3_std": -0.060274,
        "nauc_map_at_3_diff1": 0.382551,
        "nauc_map_at_5_max": 0.183713,
        "nauc_map_at_5_std": -0.055064,
        "nauc_map_at_5_diff1": 0.375349,
        "nauc_map_at_10_max": 0.186942,
        "nauc_map_at_10_std": -0.048173,
        "nauc_map_at_10_diff1": 0.366351,
        "nauc_map_at_20_max": 0.18786,
        "nauc_map_at_20_std": -0.039424,
        "nauc_map_at_20_diff1": 0.362825,
        "nauc_map_at_100_max": 0.192999,
        "nauc_map_at_100_std": -0.031213,
        "nauc_map_at_100_diff1": 0.363043,
        "nauc_map_at_1000_max": 0.194184,
        "nauc_map_at_1000_std": -0.029338,
        "nauc_map_at_1000_diff1": 0.362275,
        "nauc_recall_at_1_max": 0.163802,
        "nauc_recall_at_1_std": -0.065024,
        "nauc_recall_at_1_diff1": 0.405429,
        "nauc_recall_at_3_max": 0.150195,
        "nauc_recall_at_3_std": -0.051961,
        "nauc_recall_at_3_diff1": 0.330221,
        "nauc_recall_at_5_max": 0.146058,
        "nauc_recall_at_5_std": -0.054802,
        "nauc_recall_at_5_diff1": 0.316766,
        "nauc_recall_at_10_max": 0.143957,
        "nauc_recall_at_10_std": -0.033151,
        "nauc_recall_at_10_diff1": 0.269943,
        "nauc_recall_at_20_max": 0.143073,
        "nauc_recall_at_20_std": 0.017864,
        "nauc_recall_at_20_diff1": 0.253178,
        "nauc_recall_at_100_max": 0.170482,
        "nauc_recall_at_100_std": 0.15609,
        "nauc_recall_at_100_diff1": 0.208227,
        "nauc_recall_at_1000_max": 0.277442,
        "nauc_recall_at_1000_std": 0.376957,
        "nauc_recall_at_1000_diff1": 0.121624,
        "nauc_precision_at_1_max": 0.244233,
        "nauc_precision_at_1_std": -0.010414,
        "nauc_precision_at_1_diff1": 0.356356,
        "nauc_precision_at_3_max": 0.266138,
        "nauc_precision_at_3_std": -0.008981,
        "nauc_precision_at_3_diff1": 0.291868,
        "nauc_precision_at_5_max": 0.264248,
        "nauc_precision_at_5_std": 0.007764,
        "nauc_precision_at_5_diff1": 0.256861,
        "nauc_precision_at_10_max": 0.257873,
        "nauc_precision_at_10_std": 0.058649,
        "nauc_precision_at_10_diff1": 0.200329,
        "nauc_precision_at_20_max": 0.251008,
        "nauc_precision_at_20_std": 0.113775,
        "nauc_precision_at_20_diff1": 0.159056,
        "nauc_precision_at_100_max": 0.292095,
        "nauc_precision_at_100_std": 0.201685,
        "nauc_precision_at_100_diff1": 0.103219,
        "nauc_precision_at_1000_max": 0.320878,
        "nauc_precision_at_1000_std": 0.253027,
        "nauc_precision_at_1000_diff1": 0.003236,
        "nauc_mrr_at_1_max": 0.244233,
        "nauc_mrr_at_1_std": -0.010414,
        "nauc_mrr_at_1_diff1": 0.356356,
        "nauc_mrr_at_3_max": 0.241474,
        "nauc_mrr_at_3_std": -0.00768,
        "nauc_mrr_at_3_diff1": 0.33552,
        "nauc_mrr_at_5_max": 0.234958,
        "nauc_mrr_at_5_std": -0.014931,
        "nauc_mrr_at_5_diff1": 0.330546,
        "nauc_mrr_at_10_max": 0.236962,
        "nauc_mrr_at_10_std": -0.00797,
        "nauc_mrr_at_10_diff1": 0.321496,
        "nauc_mrr_at_20_max": 0.23851,
        "nauc_mrr_at_20_std": -0.0041,
        "nauc_mrr_at_20_diff1": 0.321056,
        "nauc_mrr_at_100_max": 0.238779,
        "nauc_mrr_at_100_std": -0.001628,
        "nauc_mrr_at_100_diff1": 0.321163,
        "nauc_mrr_at_1000_max": 0.238929,
        "nauc_mrr_at_1000_std": -0.001694,
        "nauc_mrr_at_1000_diff1": 0.321227,
        "main_score": 0.25041,
        "hf_subset": "default",
        "languages": [
          "eng-Latn"
        ]
      }
    ]
  },
  "evaluation_time": 103.95431280136108,
  "kg_co2_emissions": null
}