{
  "dataset_revision": "bb9466bac8153a0349341eb1b22e06409e78ef4e",
  "task_name": "TRECCOVID",
  "mteb_version": "1.39.7",
  "scores": {
    "test": [
      {
        "ndcg_at_1": 0.1,
        "ndcg_at_3": 0.10939,
        "ndcg_at_5": 0.10007,
        "ndcg_at_10": 0.10894,
        "ndcg_at_20": 0.0994,
        "ndcg_at_100": 0.06953,
        "ndcg_at_1000": 0.06723,
        "map_at_1": 0.00031,
        "map_at_3": 0.00076,
        "map_at_5": 0.00097,
        "map_at_10": 0.00177,
        "map_at_20": 0.00262,
        "map_at_100": 0.00609,
        "map_at_1000": 0.01223,
        "recall_at_1": 0.00031,
        "recall_at_3": 0.00102,
        "recall_at_5": 0.00146,
        "recall_at_10": 0.00298,
        "recall_at_20": 0.00524,
        "recall_at_100": 0.01644,
        "recall_at_1000": 0.06513,
        "precision_at_1": 0.1,
        "precision_at_3": 0.12667,
        "precision_at_5": 0.112,
        "precision_at_10": 0.124,
        "precision_at_20": 0.109,
        "precision_at_100": 0.0708,
        "precision_at_1000": 0.0297,
        "mrr_at_1": 0.1,
        "mrr_at_3": 0.163333,
        "mrr_at_5": 0.172333,
        "mrr_at_10": 0.187214,
        "mrr_at_20": 0.194928,
        "mrr_at_100": 0.199113,
        "mrr_at_1000": 0.200265,
        "nauc_ndcg_at_1_max": -0.102817,
        "nauc_ndcg_at_1_std": 0.51092,
        "nauc_ndcg_at_1_diff1": 0.145801,
        "nauc_ndcg_at_3_max": -0.102452,
        "nauc_ndcg_at_3_std": 0.464021,
        "nauc_ndcg_at_3_diff1": 0.075511,
        "nauc_ndcg_at_5_max": -0.051997,
        "nauc_ndcg_at_5_std": 0.421031,
        "nauc_ndcg_at_5_diff1": 0.099786,
        "nauc_ndcg_at_10_max": 0.02375,
        "nauc_ndcg_at_10_std": 0.375983,
        "nauc_ndcg_at_10_diff1": 0.046312,
        "nauc_ndcg_at_20_max": 0.083073,
        "nauc_ndcg_at_20_std": 0.302184,
        "nauc_ndcg_at_20_diff1": 0.006885,
        "nauc_ndcg_at_100_max": 0.179832,
        "nauc_ndcg_at_100_std": 0.257795,
        "nauc_ndcg_at_100_diff1": -0.045744,
        "nauc_ndcg_at_1000_max": 0.193286,
        "nauc_ndcg_at_1000_std": 0.145561,
        "nauc_ndcg_at_1000_diff1": -0.107329,
        "nauc_map_at_1_max": -0.201272,
        "nauc_map_at_1_std": 0.489603,
        "nauc_map_at_1_diff1": 0.031546,
        "nauc_map_at_3_max": -0.212644,
        "nauc_map_at_3_std": 0.487103,
        "nauc_map_at_3_diff1": -0.011361,
        "nauc_map_at_5_max": -0.142538,
        "nauc_map_at_5_std": 0.468659,
        "nauc_map_at_5_diff1": -0.009755,
        "nauc_map_at_10_max": -0.060521,
        "nauc_map_at_10_std": 0.352901,
        "nauc_map_at_10_diff1": -0.060889,
        "nauc_map_at_20_max": 0.007225,
        "nauc_map_at_20_std": 0.273715,
        "nauc_map_at_20_diff1": -0.090875,
        "nauc_map_at_100_max": 0.141928,
        "nauc_map_at_100_std": 0.265244,
        "nauc_map_at_100_diff1": -0.129137,
        "nauc_map_at_1000_max": 0.296656,
        "nauc_map_at_1000_std": 0.217041,
        "nauc_map_at_1000_diff1": -0.199048,
        "nauc_recall_at_1_max": -0.201272,
        "nauc_recall_at_1_std": 0.489603,
        "nauc_recall_at_1_diff1": 0.031546,
        "nauc_recall_at_3_max": -0.125063,
        "nauc_recall_at_3_std": 0.358559,
        "nauc_recall_at_3_diff1": -0.013933,
        "nauc_recall_at_5_max": 0.030223,
        "nauc_recall_at_5_std": 0.282211,
        "nauc_recall_at_5_diff1": -0.016283,
        "nauc_recall_at_10_max": 0.065677,
        "nauc_recall_at_10_std": 0.238313,
        "nauc_recall_at_10_diff1": -0.06353,
        "nauc_recall_at_20_max": 0.083961,
        "nauc_recall_at_20_std": 0.164895,
        "nauc_recall_at_20_diff1": -0.078575,
        "nauc_recall_at_100_max": 0.147214,
        "nauc_recall_at_100_std": 0.150546,
        "nauc_recall_at_100_diff1": -0.090585,
        "nauc_recall_at_1000_max": 0.233192,
        "nauc_recall_at_1000_std": 0.059388,
        "nauc_recall_at_1000_diff1": -0.141406,
        "nauc_precision_at_1_max": -0.102817,
        "nauc_precision_at_1_std": 0.51092,
        "nauc_precision_at_1_diff1": 0.145801,
        "nauc_precision_at_3_max": -0.092111,
        "nauc_precision_at_3_std": 0.430583,
        "nauc_precision_at_3_diff1": 0.037786,
        "nauc_precision_at_5_max": -0.00715,
        "nauc_precision_at_5_std": 0.37219,
        "nauc_precision_at_5_diff1": 0.060287,
        "nauc_precision_at_10_max": 0.050325,
        "nauc_precision_at_10_std": 0.338656,
        "nauc_precision_at_10_diff1": 0.007423,
        "nauc_precision_at_20_max": 0.105968,
        "nauc_precision_at_20_std": 0.25203,
        "nauc_precision_at_20_diff1": -0.033021,
        "nauc_precision_at_100_max": 0.193973,
        "nauc_precision_at_100_std": 0.225579,
        "nauc_precision_at_100_diff1": -0.078905,
        "nauc_precision_at_1000_max": 0.273203,
        "nauc_precision_at_1000_std": 0.130397,
        "nauc_precision_at_1000_diff1": -0.13025,
        "nauc_mrr_at_1_max": -0.102817,
        "nauc_mrr_at_1_std": 0.51092,
        "nauc_mrr_at_1_diff1": 0.145801,
        "nauc_mrr_at_3_max": -0.037076,
        "nauc_mrr_at_3_std": 0.399913,
        "nauc_mrr_at_3_diff1": 0.117864,
        "nauc_mrr_at_5_max": -0.025415,
        "nauc_mrr_at_5_std": 0.378387,
        "nauc_mrr_at_5_diff1": 0.124873,
        "nauc_mrr_at_10_max": -0.028357,
        "nauc_mrr_at_10_std": 0.403679,
        "nauc_mrr_at_10_diff1": 0.132784,
        "nauc_mrr_at_20_max": -0.032506,
        "nauc_mrr_at_20_std": 0.395388,
        "nauc_mrr_at_20_diff1": 0.128666,
        "nauc_mrr_at_100_max": -0.031314,
        "nauc_mrr_at_100_std": 0.390549,
        "nauc_mrr_at_100_diff1": 0.128585,
        "nauc_mrr_at_1000_max": -0.032741,
        "nauc_mrr_at_1000_std": 0.39296,
        "nauc_mrr_at_1000_diff1": 0.128428,
        "main_score": 0.10894,
        "hf_subset": "default",
        "languages": [
          "eng-Latn"
        ]
      }
    ]
  },
  "evaluation_time": 2011.3131976127625,
  "kg_co2_emissions": null
}