{
  "dataset_revision": "0228b52cf27578f30900b9e5271d331663a030d7",
  "task_name": "SciFact",
  "mteb_version": "1.39.7",
  "scores": {
    "test": [
      {
        "ndcg_at_1": 0.40667,
        "ndcg_at_3": 0.48312,
        "ndcg_at_5": 0.50961,
        "ndcg_at_10": 0.53374,
        "ndcg_at_20": 0.54956,
        "ndcg_at_100": 0.57189,
        "ndcg_at_1000": 0.58788,
        "map_at_1": 0.384,
        "map_at_3": 0.45519,
        "map_at_5": 0.47125,
        "map_at_10": 0.48205,
        "map_at_20": 0.48724,
        "map_at_100": 0.49051,
        "map_at_1000": 0.49109,
        "recall_at_1": 0.384,
        "recall_at_3": 0.538,
        "recall_at_5": 0.60461,
        "recall_at_10": 0.67389,
        "recall_at_20": 0.73272,
        "recall_at_100": 0.85189,
        "recall_at_1000": 0.97667,
        "precision_at_1": 0.40667,
        "precision_at_3": 0.19556,
        "precision_at_5": 0.13333,
        "precision_at_10": 0.075,
        "precision_at_20": 0.0415,
        "precision_at_100": 0.00963,
        "precision_at_1000": 0.00111,
        "mrr_at_1": 0.406667,
        "mrr_at_3": 0.475556,
        "mrr_at_5": 0.489722,
        "mrr_at_10": 0.500307,
        "mrr_at_20": 0.503713,
        "mrr_at_100": 0.506218,
        "mrr_at_1000": 0.506756,
        "nauc_ndcg_at_1_max": 0.461925,
        "nauc_ndcg_at_1_std": 0.032759,
        "nauc_ndcg_at_1_diff1": 0.728498,
        "nauc_ndcg_at_3_max": 0.492116,
        "nauc_ndcg_at_3_std": 0.057977,
        "nauc_ndcg_at_3_diff1": 0.646569,
        "nauc_ndcg_at_5_max": 0.505007,
        "nauc_ndcg_at_5_std": 0.076629,
        "nauc_ndcg_at_5_diff1": 0.641689,
        "nauc_ndcg_at_10_max": 0.515937,
        "nauc_ndcg_at_10_std": 0.081146,
        "nauc_ndcg_at_10_diff1": 0.639817,
        "nauc_ndcg_at_20_max": 0.519514,
        "nauc_ndcg_at_20_std": 0.094023,
        "nauc_ndcg_at_20_diff1": 0.634636,
        "nauc_ndcg_at_100_max": 0.511586,
        "nauc_ndcg_at_100_std": 0.083378,
        "nauc_ndcg_at_100_diff1": 0.633065,
        "nauc_ndcg_at_1000_max": 0.504437,
        "nauc_ndcg_at_1000_std": 0.080777,
        "nauc_ndcg_at_1000_diff1": 0.640548,
        "nauc_map_at_1_max": 0.427583,
        "nauc_map_at_1_std": -0.00585,
        "nauc_map_at_1_diff1": 0.709318,
        "nauc_map_at_3_max": 0.469569,
        "nauc_map_at_3_std": 0.030311,
        "nauc_map_at_3_diff1": 0.660817,
        "nauc_map_at_5_max": 0.480012,
        "nauc_map_at_5_std": 0.045692,
        "nauc_map_at_5_diff1": 0.657794,
        "nauc_map_at_10_max": 0.485369,
        "nauc_map_at_10_std": 0.049071,
        "nauc_map_at_10_diff1": 0.656778,
        "nauc_map_at_20_max": 0.488689,
        "nauc_map_at_20_std": 0.054823,
        "nauc_map_at_20_diff1": 0.655405,
        "nauc_map_at_100_max": 0.487876,
        "nauc_map_at_100_std": 0.054117,
        "nauc_map_at_100_diff1": 0.655448,
        "nauc_map_at_1000_max": 0.487563,
        "nauc_map_at_1000_std": 0.053946,
        "nauc_map_at_1000_diff1": 0.655633,
        "nauc_recall_at_1_max": 0.427583,
        "nauc_recall_at_1_std": -0.00585,
        "nauc_recall_at_1_diff1": 0.709318,
        "nauc_recall_at_3_max": 0.509535,
        "nauc_recall_at_3_std": 0.073977,
        "nauc_recall_at_3_diff1": 0.580098,
        "nauc_recall_at_5_max": 0.547118,
        "nauc_recall_at_5_std": 0.125867,
        "nauc_recall_at_5_diff1": 0.560533,
        "nauc_recall_at_10_max": 0.579117,
        "nauc_recall_at_10_std": 0.136427,
        "nauc_recall_at_10_diff1": 0.538861,
        "nauc_recall_at_20_max": 0.598389,
        "nauc_recall_at_20_std": 0.196279,
        "nauc_recall_at_20_diff1": 0.499273,
        "nauc_recall_at_100_max": 0.574463,
        "nauc_recall_at_100_std": 0.130156,
        "nauc_recall_at_100_diff1": 0.411412,
        "nauc_recall_at_1000_max": 0.272576,
        "nauc_recall_at_1000_std": 0.116847,
        "nauc_recall_at_1000_diff1": 0.071162,
        "nauc_precision_at_1_max": 0.461925,
        "nauc_precision_at_1_std": 0.032759,
        "nauc_precision_at_1_diff1": 0.728498,
        "nauc_precision_at_3_max": 0.547087,
        "nauc_precision_at_3_std": 0.189546,
        "nauc_precision_at_3_diff1": 0.544489,
        "nauc_precision_at_5_max": 0.557447,
        "nauc_precision_at_5_std": 0.266784,
        "nauc_precision_at_5_diff1": 0.470805,
        "nauc_precision_at_10_max": 0.583928,
        "nauc_precision_at_10_std": 0.315036,
        "nauc_precision_at_10_diff1": 0.41217,
        "nauc_precision_at_20_max": 0.539465,
        "nauc_precision_at_20_std": 0.3891,
        "nauc_precision_at_20_diff1": 0.309327,
        "nauc_precision_at_100_max": 0.431209,
        "nauc_precision_at_100_std": 0.376421,
        "nauc_precision_at_100_diff1": 0.176879,
        "nauc_precision_at_1000_max": 0.25118,
        "nauc_precision_at_1000_std": 0.442384,
        "nauc_precision_at_1000_diff1": 0.016165,
        "nauc_mrr_at_1_max": 0.461925,
        "nauc_mrr_at_1_std": 0.032759,
        "nauc_mrr_at_1_diff1": 0.728498,
        "nauc_mrr_at_3_max": 0.490361,
        "nauc_mrr_at_3_std": 0.072179,
        "nauc_mrr_at_3_diff1": 0.672751,
        "nauc_mrr_at_5_max": 0.497689,
        "nauc_mrr_at_5_std": 0.081812,
        "nauc_mrr_at_5_diff1": 0.671283,
        "nauc_mrr_at_10_max": 0.503302,
        "nauc_mrr_at_10_std": 0.083782,
        "nauc_mrr_at_10_diff1": 0.673316,
        "nauc_mrr_at_20_max": 0.502009,
        "nauc_mrr_at_20_std": 0.083582,
        "nauc_mrr_at_20_diff1": 0.672148,
        "nauc_mrr_at_100_max": 0.500531,
        "nauc_mrr_at_100_std": 0.081664,
        "nauc_mrr_at_100_diff1": 0.671557,
        "nauc_mrr_at_1000_max": 0.500255,
        "nauc_mrr_at_1000_std": 0.081483,
        "nauc_mrr_at_1000_diff1": 0.671721,
        "main_score": 0.53374,
        "hf_subset": "default",
        "languages": [
          "eng-Latn"
        ]
      }
    ]
  },
  "evaluation_time": 29.167177438735962,
  "kg_co2_emissions": null
}