{
  "dataset_revision": "ec0fa4fe99da2ff19ca1214b7966684033a58814",
  "task_name": "NFCorpus",
  "mteb_version": "1.39.7",
  "scores": {
    "test": [
      {
        "ndcg_at_1": 0.00929,
        "ndcg_at_3": 0.01321,
        "ndcg_at_5": 0.01099,
        "ndcg_at_10": 0.01024,
        "ndcg_at_20": 0.01052,
        "ndcg_at_100": 0.01916,
        "ndcg_at_1000": 0.09355,
        "map_at_1": 3e-05,
        "map_at_3": 0.00044,
        "map_at_5": 0.00048,
        "map_at_10": 0.00066,
        "map_at_20": 0.00085,
        "map_at_100": 0.00151,
        "map_at_1000": 0.00473,
        "recall_at_1": 3e-05,
        "recall_at_3": 0.00094,
        "recall_at_5": 0.00113,
        "recall_at_10": 0.00255,
        "recall_at_20": 0.00484,
        "recall_at_100": 0.02976,
        "recall_at_1000": 0.28454,
        "precision_at_1": 0.00929,
        "precision_at_3": 0.01445,
        "precision_at_5": 0.01053,
        "precision_at_10": 0.0096,
        "precision_at_20": 0.00975,
        "precision_at_100": 0.01077,
        "precision_at_1000": 0.0105,
        "mrr_at_1": 0.003096,
        "mrr_at_3": 0.014964,
        "mrr_at_5": 0.020072,
        "mrr_at_10": 0.023778,
        "mrr_at_20": 0.027884,
        "mrr_at_100": 0.034918,
        "mrr_at_1000": 0.036632,
        "nauc_ndcg_at_1_max": -0.06654,
        "nauc_ndcg_at_1_std": 0.297826,
        "nauc_ndcg_at_1_diff1": -0.435386,
        "nauc_ndcg_at_3_max": -0.03672,
        "nauc_ndcg_at_3_std": 0.151816,
        "nauc_ndcg_at_3_diff1": -0.022471,
        "nauc_ndcg_at_5_max": -0.079709,
        "nauc_ndcg_at_5_std": 0.176759,
        "nauc_ndcg_at_5_diff1": -0.010357,
        "nauc_ndcg_at_10_max": -0.071393,
        "nauc_ndcg_at_10_std": 0.113404,
        "nauc_ndcg_at_10_diff1": 0.015147,
        "nauc_ndcg_at_20_max": -0.021697,
        "nauc_ndcg_at_20_std": 0.076969,
        "nauc_ndcg_at_20_diff1": -0.006433,
        "nauc_ndcg_at_100_max": 0.014168,
        "nauc_ndcg_at_100_std": -0.008008,
        "nauc_ndcg_at_100_diff1": 0.057101,
        "nauc_ndcg_at_1000_max": 0.036553,
        "nauc_ndcg_at_1000_std": 0.002535,
        "nauc_ndcg_at_1000_diff1": 0.032105,
        "nauc_map_at_1_max": -0.114836,
        "nauc_map_at_1_std": 0.214738,
        "nauc_map_at_1_diff1": -0.445264,
        "nauc_map_at_3_max": 0.21152,
        "nauc_map_at_3_std": -0.218635,
        "nauc_map_at_3_diff1": 0.269726,
        "nauc_map_at_5_max": 0.147381,
        "nauc_map_at_5_std": -0.139887,
        "nauc_map_at_5_diff1": 0.226256,
        "nauc_map_at_10_max": 0.07719,
        "nauc_map_at_10_std": -0.078982,
        "nauc_map_at_10_diff1": 0.207767,
        "nauc_map_at_20_max": 0.129426,
        "nauc_map_at_20_std": -0.111681,
        "nauc_map_at_20_diff1": 0.1807,
        "nauc_map_at_100_max": 0.094441,
        "nauc_map_at_100_std": -0.101568,
        "nauc_map_at_100_diff1": 0.150665,
        "nauc_map_at_1000_max": 0.01971,
        "nauc_map_at_1000_std": 0.011831,
        "nauc_map_at_1000_diff1": 0.066126,
        "nauc_recall_at_1_max": -0.114836,
        "nauc_recall_at_1_std": 0.214738,
        "nauc_recall_at_1_diff1": -0.445264,
        "nauc_recall_at_3_max": 0.24773,
        "nauc_recall_at_3_std": -0.256668,
        "nauc_recall_at_3_diff1": 0.269469,
        "nauc_recall_at_5_max": 0.127344,
        "nauc_recall_at_5_std": -0.114419,
        "nauc_recall_at_5_diff1": 0.192156,
        "nauc_recall_at_10_max": -0.035177,
        "nauc_recall_at_10_std": 0.011999,
        "nauc_recall_at_10_diff1": 0.160726,
        "nauc_recall_at_20_max": 0.141162,
        "nauc_recall_at_20_std": -0.107053,
        "nauc_recall_at_20_diff1": 0.104666,
        "nauc_recall_at_100_max": 0.074136,
        "nauc_recall_at_100_std": -0.111851,
        "nauc_recall_at_100_diff1": 0.125563,
        "nauc_recall_at_1000_max": 0.023177,
        "nauc_recall_at_1000_std": 0.017354,
        "nauc_recall_at_1000_diff1": 0.018403,
        "nauc_precision_at_1_max": -0.06654,
        "nauc_precision_at_1_std": 0.297826,
        "nauc_precision_at_1_diff1": -0.435386,
        "nauc_precision_at_3_max": -0.023262,
        "nauc_precision_at_3_std": 0.075988,
        "nauc_precision_at_3_diff1": 0.001919,
        "nauc_precision_at_5_max": -0.095989,
        "nauc_precision_at_5_std": 0.136327,
        "nauc_precision_at_5_diff1": 0.006892,
        "nauc_precision_at_10_max": -0.063261,
        "nauc_precision_at_10_std": 0.050289,
        "nauc_precision_at_10_diff1": 0.032085,
        "nauc_precision_at_20_max": 0.001333,
        "nauc_precision_at_20_std": 0.030328,
        "nauc_precision_at_20_diff1": -0.04128,
        "nauc_precision_at_100_max": -0.072233,
        "nauc_precision_at_100_std": 0.097398,
        "nauc_precision_at_100_diff1": -0.019245,
        "nauc_precision_at_1000_max": -0.073669,
        "nauc_precision_at_1000_std": 0.10434,
        "nauc_precision_at_1000_diff1": -0.018867,
        "nauc_mrr_at_1_max": -0.317908,
        "nauc_mrr_at_1_std": -0.205503,
        "nauc_mrr_at_1_diff1": -0.573853,
        "nauc_mrr_at_3_max": -0.010225,
        "nauc_mrr_at_3_std": 0.188211,
        "nauc_mrr_at_3_diff1": 0.019835,
        "nauc_mrr_at_5_max": -0.009835,
        "nauc_mrr_at_5_std": 0.171284,
        "nauc_mrr_at_5_diff1": 0.000423,
        "nauc_mrr_at_10_max": -0.04895,
        "nauc_mrr_at_10_std": 0.131083,
        "nauc_mrr_at_10_diff1": -0.000539,
        "nauc_mrr_at_20_max": -0.045534,
        "nauc_mrr_at_20_std": 0.124672,
        "nauc_mrr_at_20_diff1": -0.017279,
        "nauc_mrr_at_100_max": -0.027656,
        "nauc_mrr_at_100_std": 0.09467,
        "nauc_mrr_at_100_diff1": -0.010384,
        "nauc_mrr_at_1000_max": -0.028806,
        "nauc_mrr_at_1000_std": 0.096041,
        "nauc_mrr_at_1000_diff1": -0.013882,
        "main_score": 0.01024,
        "hf_subset": "default",
        "languages": [
          "eng-Latn"
        ]
      }
    ]
  },
  "evaluation_time": 48.846383810043335,
  "kg_co2_emissions": null
}