{
  "dataset_revision": "c22ab2a51041ffd869aaddef7af8d8215647e41a",
  "task_name": "ArguAna",
  "mteb_version": "1.39.7",
  "scores": {
    "test": [
      {
        "ndcg_at_1": 0.15007,
        "ndcg_at_3": 0.24085,
        "ndcg_at_5": 0.28054,
        "ndcg_at_10": 0.32527,
        "ndcg_at_20": 0.35474,
        "ndcg_at_100": 0.37836,
        "ndcg_at_1000": 0.39647,
        "map_at_1": 0.15007,
        "map_at_3": 0.21776,
        "map_at_5": 0.2397,
        "map_at_10": 0.25808,
        "map_at_20": 0.26625,
        "map_at_100": 0.26961,
        "map_at_1000": 0.27023,
        "recall_at_1": 0.15007,
        "recall_at_3": 0.30797,
        "recall_at_5": 0.40469,
        "recall_at_10": 0.54339,
        "recall_at_20": 0.65932,
        "recall_at_100": 0.78521,
        "recall_at_1000": 0.93101,
        "precision_at_1": 0.15007,
        "precision_at_3": 0.10266,
        "precision_at_5": 0.08094,
        "precision_at_10": 0.05434,
        "precision_at_20": 0.03297,
        "precision_at_100": 0.00785,
        "precision_at_1000": 0.00093,
        "mrr_at_1": 0.152205,
        "mrr_at_3": 0.218231,
        "mrr_at_5": 0.240244,
        "mrr_at_10": 0.258747,
        "mrr_at_20": 0.26692,
        "mrr_at_100": 0.270282,
        "mrr_at_1000": 0.270905,
        "nauc_ndcg_at_1_max": 0.010474,
        "nauc_ndcg_at_1_std": 0.065829,
        "nauc_ndcg_at_1_diff1": 0.103466,
        "nauc_ndcg_at_3_max": 0.018994,
        "nauc_ndcg_at_3_std": 0.071297,
        "nauc_ndcg_at_3_diff1": 0.058318,
        "nauc_ndcg_at_5_max": 0.036259,
        "nauc_ndcg_at_5_std": 0.076128,
        "nauc_ndcg_at_5_diff1": 0.038788,
        "nauc_ndcg_at_10_max": 0.064678,
        "nauc_ndcg_at_10_std": 0.107867,
        "nauc_ndcg_at_10_diff1": 0.042921,
        "nauc_ndcg_at_20_max": 0.086924,
        "nauc_ndcg_at_20_std": 0.13174,
        "nauc_ndcg_at_20_diff1": 0.04881,
        "nauc_ndcg_at_100_max": 0.091374,
        "nauc_ndcg_at_100_std": 0.140692,
        "nauc_ndcg_at_100_diff1": 0.046809,
        "nauc_ndcg_at_1000_max": 0.078548,
        "nauc_ndcg_at_1000_std": 0.123335,
        "nauc_ndcg_at_1000_diff1": 0.050477,
        "nauc_map_at_1_max": 0.010474,
        "nauc_map_at_1_std": 0.065829,
        "nauc_map_at_1_diff1": 0.103466,
        "nauc_map_at_3_max": 0.018402,
        "nauc_map_at_3_std": 0.068662,
        "nauc_map_at_3_diff1": 0.068546,
        "nauc_map_at_5_max": 0.028659,
        "nauc_map_at_5_std": 0.071519,
        "nauc_map_at_5_diff1": 0.056671,
        "nauc_map_at_10_max": 0.040587,
        "nauc_map_at_10_std": 0.085404,
        "nauc_map_at_10_diff1": 0.058024,
        "nauc_map_at_20_max": 0.046545,
        "nauc_map_at_20_std": 0.091713,
        "nauc_map_at_20_diff1": 0.059749,
        "nauc_map_at_100_max": 0.046842,
        "nauc_map_at_100_std": 0.092593,
        "nauc_map_at_100_diff1": 0.059556,
        "nauc_map_at_1000_max": 0.046313,
        "nauc_map_at_1000_std": 0.091969,
        "nauc_map_at_1000_diff1": 0.059673,
        "nauc_recall_at_1_max": 0.010474,
        "nauc_recall_at_1_std": 0.065829,
        "nauc_recall_at_1_diff1": 0.103466,
        "nauc_recall_at_3_max": 0.020023,
        "nauc_recall_at_3_std": 0.078036,
        "nauc_recall_at_3_diff1": 0.03375,
        "nauc_recall_at_5_max": 0.055314,
        "nauc_recall_at_5_std": 0.087783,
        "nauc_recall_at_5_diff1": -0.004678,
        "nauc_recall_at_10_max": 0.136195,
        "nauc_recall_at_10_std": 0.175145,
        "nauc_recall_at_10_diff1": 0.006098,
        "nauc_recall_at_20_max": 0.238006,
        "nauc_recall_at_20_std": 0.2835,
        "nauc_recall_at_20_diff1": 0.023431,
        "nauc_recall_at_100_max": 0.333748,
        "nauc_recall_at_100_std": 0.41274,
        "nauc_recall_at_100_diff1": -0.001826,
        "nauc_recall_at_1000_max": 0.416635,
        "nauc_recall_at_1000_std": 0.404156,
        "nauc_recall_at_1000_diff1": 0.023738,
        "nauc_precision_at_1_max": 0.010474,
        "nauc_precision_at_1_std": 0.065829,
        "nauc_precision_at_1_diff1": 0.103466,
        "nauc_precision_at_3_max": 0.020023,
        "nauc_precision_at_3_std": 0.078036,
        "nauc_precision_at_3_diff1": 0.03375,
        "nauc_precision_at_5_max": 0.055314,
        "nauc_precision_at_5_std": 0.087783,
        "nauc_precision_at_5_diff1": -0.004678,
        "nauc_precision_at_10_max": 0.136195,
        "nauc_precision_at_10_std": 0.175145,
        "nauc_precision_at_10_diff1": 0.006098,
        "nauc_precision_at_20_max": 0.238006,
        "nauc_precision_at_20_std": 0.2835,
        "nauc_precision_at_20_diff1": 0.023431,
        "nauc_precision_at_100_max": 0.333748,
        "nauc_precision_at_100_std": 0.41274,
        "nauc_precision_at_100_diff1": -0.001826,
        "nauc_precision_at_1000_max": 0.416635,
        "nauc_precision_at_1000_std": 0.404156,
        "nauc_precision_at_1000_diff1": 0.023738,
        "nauc_mrr_at_1_max": 0.007604,
        "nauc_mrr_at_1_std": 0.058225,
        "nauc_mrr_at_1_diff1": 0.093269,
        "nauc_mrr_at_3_max": 0.012706,
        "nauc_mrr_at_3_std": 0.066743,
        "nauc_mrr_at_3_diff1": 0.060691,
        "nauc_mrr_at_5_max": 0.023138,
        "nauc_mrr_at_5_std": 0.069171,
        "nauc_mrr_at_5_diff1": 0.049034,
        "nauc_mrr_at_10_max": 0.035599,
        "nauc_mrr_at_10_std": 0.083199,
        "nauc_mrr_at_10_diff1": 0.050933,
        "nauc_mrr_at_20_max": 0.041371,
        "nauc_mrr_at_20_std": 0.089447,
        "nauc_mrr_at_20_diff1": 0.05248,
        "nauc_mrr_at_100_max": 0.041607,
        "nauc_mrr_at_100_std": 0.090307,
        "nauc_mrr_at_100_diff1": 0.05221,
        "nauc_mrr_at_1000_max": 0.041068,
        "nauc_mrr_at_1000_std": 0.08968,
        "nauc_mrr_at_1000_diff1": 0.052311,
        "main_score": 0.32527,
        "hf_subset": "default",
        "languages": [
          "eng-Latn"
        ]
      }
    ]
  },
  "evaluation_time": 18.678394317626953,
  "kg_co2_emissions": null
}