{
  "dataset_revision": "0228b52cf27578f30900b9e5271d331663a030d7",
  "task_name": "SciFact",
  "mteb_version": "1.39.7",
  "scores": {
    "test": [
      {
        "ndcg_at_1": 0.42333,
        "ndcg_at_3": 0.4956,
        "ndcg_at_5": 0.51643,
        "ndcg_at_10": 0.53744,
        "ndcg_at_20": 0.55589,
        "ndcg_at_100": 0.57744,
        "ndcg_at_1000": 0.59422,
        "map_at_1": 0.40094,
        "map_at_3": 0.4695,
        "map_at_5": 0.482,
        "map_at_10": 0.491,
        "map_at_20": 0.49724,
        "map_at_100": 0.50044,
        "map_at_1000": 0.50105,
        "recall_at_1": 0.40094,
        "recall_at_3": 0.54478,
        "recall_at_5": 0.59794,
        "recall_at_10": 0.66111,
        "recall_at_20": 0.72939,
        "recall_at_100": 0.84256,
        "recall_at_1000": 0.97433,
        "precision_at_1": 0.42333,
        "precision_at_3": 0.19778,
        "precision_at_5": 0.132,
        "precision_at_10": 0.07333,
        "precision_at_20": 0.04117,
        "precision_at_100": 0.00953,
        "precision_at_1000": 0.0011,
        "mrr_at_1": 0.423333,
        "mrr_at_3": 0.49,
        "mrr_at_5": 0.5015,
        "mrr_at_10": 0.509854,
        "mrr_at_20": 0.513747,
        "mrr_at_100": 0.516435,
        "mrr_at_1000": 0.516987,
        "nauc_ndcg_at_1_max": 0.435465,
        "nauc_ndcg_at_1_std": 0.027085,
        "nauc_ndcg_at_1_diff1": 0.727849,
        "nauc_ndcg_at_3_max": 0.467678,
        "nauc_ndcg_at_3_std": 0.04209,
        "nauc_ndcg_at_3_diff1": 0.683029,
        "nauc_ndcg_at_5_max": 0.479343,
        "nauc_ndcg_at_5_std": 0.060839,
        "nauc_ndcg_at_5_diff1": 0.665721,
        "nauc_ndcg_at_10_max": 0.493046,
        "nauc_ndcg_at_10_std": 0.0731,
        "nauc_ndcg_at_10_diff1": 0.666014,
        "nauc_ndcg_at_20_max": 0.506889,
        "nauc_ndcg_at_20_std": 0.09537,
        "nauc_ndcg_at_20_diff1": 0.663657,
        "nauc_ndcg_at_100_max": 0.500759,
        "nauc_ndcg_at_100_std": 0.080491,
        "nauc_ndcg_at_100_diff1": 0.664849,
        "nauc_ndcg_at_1000_max": 0.490928,
        "nauc_ndcg_at_1000_std": 0.080259,
        "nauc_ndcg_at_1000_diff1": 0.667254,
        "nauc_map_at_1_max": 0.401307,
        "nauc_map_at_1_std": -0.013379,
        "nauc_map_at_1_diff1": 0.702938,
        "nauc_map_at_3_max": 0.443965,
        "nauc_map_at_3_std": 0.01781,
        "nauc_map_at_3_diff1": 0.683587,
        "nauc_map_at_5_max": 0.453502,
        "nauc_map_at_5_std": 0.031238,
        "nauc_map_at_5_diff1": 0.674321,
        "nauc_map_at_10_max": 0.45994,
        "nauc_map_at_10_std": 0.037407,
        "nauc_map_at_10_diff1": 0.674698,
        "nauc_map_at_20_max": 0.466094,
        "nauc_map_at_20_std": 0.046897,
        "nauc_map_at_20_diff1": 0.673867,
        "nauc_map_at_100_max": 0.465964,
        "nauc_map_at_100_std": 0.04607,
        "nauc_map_at_100_diff1": 0.674077,
        "nauc_map_at_1000_max": 0.465598,
        "nauc_map_at_1000_std": 0.046012,
        "nauc_map_at_1000_diff1": 0.674141,
        "nauc_recall_at_1_max": 0.401307,
        "nauc_recall_at_1_std": -0.013379,
        "nauc_recall_at_1_diff1": 0.702938,
        "nauc_recall_at_3_max": 0.485454,
        "nauc_recall_at_3_std": 0.055975,
        "nauc_recall_at_3_diff1": 0.654577,
        "nauc_recall_at_5_max": 0.516123,
        "nauc_recall_at_5_std": 0.102588,
        "nauc_recall_at_5_diff1": 0.610174,
        "nauc_recall_at_10_max": 0.556379,
        "nauc_recall_at_10_std": 0.142148,
        "nauc_recall_at_10_diff1": 0.597042,
        "nauc_recall_at_20_max": 0.628674,
        "nauc_recall_at_20_std": 0.245337,
        "nauc_recall_at_20_diff1": 0.577159,
        "nauc_recall_at_100_max": 0.62968,
        "nauc_recall_at_100_std": 0.152056,
        "nauc_recall_at_100_diff1": 0.553251,
        "nauc_recall_at_1000_max": 0.472001,
        "nauc_recall_at_1000_std": 0.480016,
        "nauc_recall_at_1000_diff1": 0.327986,
        "nauc_precision_at_1_max": 0.435465,
        "nauc_precision_at_1_std": 0.027085,
        "nauc_precision_at_1_diff1": 0.727849,
        "nauc_precision_at_3_max": 0.518296,
        "nauc_precision_at_3_std": 0.167906,
        "nauc_precision_at_3_diff1": 0.610844,
        "nauc_precision_at_5_max": 0.54907,
        "nauc_precision_at_5_std": 0.254999,
        "nauc_precision_at_5_diff1": 0.516506,
        "nauc_precision_at_10_max": 0.582835,
        "nauc_precision_at_10_std": 0.313077,
        "nauc_precision_at_10_diff1": 0.473843,
        "nauc_precision_at_20_max": 0.56244,
        "nauc_precision_at_20_std": 0.41102,
        "nauc_precision_at_20_diff1": 0.357379,
        "nauc_precision_at_100_max": 0.484988,
        "nauc_precision_at_100_std": 0.394128,
        "nauc_precision_at_100_diff1": 0.237721,
        "nauc_precision_at_1000_max": 0.318877,
        "nauc_precision_at_1000_std": 0.493875,
        "nauc_precision_at_1000_diff1": 0.018268,
        "nauc_mrr_at_1_max": 0.435465,
        "nauc_mrr_at_1_std": 0.027085,
        "nauc_mrr_at_1_diff1": 0.727849,
        "nauc_mrr_at_3_max": 0.473417,
        "nauc_mrr_at_3_std": 0.061058,
        "nauc_mrr_at_3_diff1": 0.698947,
        "nauc_mrr_at_5_max": 0.480925,
        "nauc_mrr_at_5_std": 0.071065,
        "nauc_mrr_at_5_diff1": 0.693173,
        "nauc_mrr_at_10_max": 0.48573,
        "nauc_mrr_at_10_std": 0.074917,
        "nauc_mrr_at_10_diff1": 0.693991,
        "nauc_mrr_at_20_max": 0.486588,
        "nauc_mrr_at_20_std": 0.076427,
        "nauc_mrr_at_20_diff1": 0.693177,
        "nauc_mrr_at_100_max": 0.485192,
        "nauc_mrr_at_100_std": 0.074122,
        "nauc_mrr_at_100_diff1": 0.692954,
        "nauc_mrr_at_1000_max": 0.48482,
        "nauc_mrr_at_1000_std": 0.074093,
        "nauc_mrr_at_1000_diff1": 0.692954,
        "main_score": 0.53744,
        "hf_subset": "default",
        "languages": [
          "eng-Latn"
        ]
      }
    ]
  },
  "evaluation_time": 18.412682056427002,
  "kg_co2_emissions": null
}