{
  "dataset_revision": "bb9466bac8153a0349341eb1b22e06409e78ef4e",
  "task_name": "TRECCOVID",
  "mteb_version": "1.39.7",
  "scores": {
    "test": [
      {
        "ndcg_at_1": 0.8,
        "ndcg_at_3": 0.77469,
        "ndcg_at_5": 0.73079,
        "ndcg_at_10": 0.66444,
        "ndcg_at_20": 0.61991,
        "ndcg_at_100": 0.47899,
        "ndcg_at_1000": 0.41345,
        "map_at_1": 0.00226,
        "map_at_3": 0.00615,
        "map_at_5": 0.00922,
        "map_at_10": 0.01502,
        "map_at_20": 0.02532,
        "map_at_100": 0.07632,
        "map_at_1000": 0.17631,
        "recall_at_1": 0.00226,
        "recall_at_3": 0.00638,
        "recall_at_5": 0.00983,
        "recall_at_10": 0.01697,
        "recall_at_20": 0.03065,
        "recall_at_100": 0.10994,
        "recall_at_1000": 0.384,
        "precision_at_1": 0.86,
        "precision_at_3": 0.82667,
        "precision_at_5": 0.764,
        "precision_at_10": 0.688,
        "precision_at_20": 0.64,
        "precision_at_100": 0.4852,
        "precision_at_1000": 0.18598,
        "mrr_at_1": 0.86,
        "mrr_at_3": 0.906667,
        "mrr_at_5": 0.911667,
        "mrr_at_10": 0.914167,
        "mrr_at_20": 0.914167,
        "mrr_at_100": 0.914167,
        "mrr_at_1000": 0.914167,
        "nauc_ndcg_at_1_max": 0.155595,
        "nauc_ndcg_at_1_std": 0.137307,
        "nauc_ndcg_at_1_diff1": 0.121269,
        "nauc_ndcg_at_3_max": 0.374545,
        "nauc_ndcg_at_3_std": 0.390951,
        "nauc_ndcg_at_3_diff1": -0.144065,
        "nauc_ndcg_at_5_max": 0.36277,
        "nauc_ndcg_at_5_std": 0.447728,
        "nauc_ndcg_at_5_diff1": -0.134456,
        "nauc_ndcg_at_10_max": 0.449831,
        "nauc_ndcg_at_10_std": 0.566672,
        "nauc_ndcg_at_10_diff1": -0.213512,
        "nauc_ndcg_at_20_max": 0.472126,
        "nauc_ndcg_at_20_std": 0.630313,
        "nauc_ndcg_at_20_diff1": -0.180053,
        "nauc_ndcg_at_100_max": 0.563769,
        "nauc_ndcg_at_100_std": 0.759295,
        "nauc_ndcg_at_100_diff1": -0.16475,
        "nauc_ndcg_at_1000_max": 0.657524,
        "nauc_ndcg_at_1000_std": 0.78936,
        "nauc_ndcg_at_1000_diff1": -0.167663,
        "nauc_map_at_1_max": 0.055425,
        "nauc_map_at_1_std": -0.162113,
        "nauc_map_at_1_diff1": 0.041766,
        "nauc_map_at_3_max": 0.11891,
        "nauc_map_at_3_std": -0.030371,
        "nauc_map_at_3_diff1": -0.138587,
        "nauc_map_at_5_max": 0.158371,
        "nauc_map_at_5_std": 0.022925,
        "nauc_map_at_5_diff1": -0.127833,
        "nauc_map_at_10_max": 0.224319,
        "nauc_map_at_10_std": 0.189363,
        "nauc_map_at_10_diff1": -0.242104,
        "nauc_map_at_20_max": 0.340912,
        "nauc_map_at_20_std": 0.372974,
        "nauc_map_at_20_diff1": -0.255483,
        "nauc_map_at_100_max": 0.628527,
        "nauc_map_at_100_std": 0.736439,
        "nauc_map_at_100_diff1": -0.241802,
        "nauc_map_at_1000_max": 0.685836,
        "nauc_map_at_1000_std": 0.82829,
        "nauc_map_at_1000_diff1": -0.1553,
        "nauc_recall_at_1_max": 0.055425,
        "nauc_recall_at_1_std": -0.162113,
        "nauc_recall_at_1_diff1": 0.041766,
        "nauc_recall_at_3_max": 0.119304,
        "nauc_recall_at_3_std": -0.040006,
        "nauc_recall_at_3_diff1": -0.129837,
        "nauc_recall_at_5_max": 0.163848,
        "nauc_recall_at_5_std": -0.013201,
        "nauc_recall_at_5_diff1": -0.092503,
        "nauc_recall_at_10_max": 0.215686,
        "nauc_recall_at_10_std": 0.123058,
        "nauc_recall_at_10_diff1": -0.218018,
        "nauc_recall_at_20_max": 0.2848,
        "nauc_recall_at_20_std": 0.261108,
        "nauc_recall_at_20_diff1": -0.219244,
        "nauc_recall_at_100_max": 0.521971,
        "nauc_recall_at_100_std": 0.557154,
        "nauc_recall_at_100_diff1": -0.233903,
        "nauc_recall_at_1000_max": 0.635382,
        "nauc_recall_at_1000_std": 0.711812,
        "nauc_recall_at_1000_diff1": -0.140729,
        "nauc_precision_at_1_max": 0.239504,
        "nauc_precision_at_1_std": 0.126923,
        "nauc_precision_at_1_diff1": 0.101358,
        "nauc_precision_at_3_max": 0.452535,
        "nauc_precision_at_3_std": 0.484451,
        "nauc_precision_at_3_diff1": -0.294532,
        "nauc_precision_at_5_max": 0.399903,
        "nauc_precision_at_5_std": 0.499354,
        "nauc_precision_at_5_diff1": -0.209764,
        "nauc_precision_at_10_max": 0.470059,
        "nauc_precision_at_10_std": 0.613467,
        "nauc_precision_at_10_diff1": -0.270199,
        "nauc_precision_at_20_max": 0.516599,
        "nauc_precision_at_20_std": 0.677739,
        "nauc_precision_at_20_diff1": -0.18521,
        "nauc_precision_at_100_max": 0.595153,
        "nauc_precision_at_100_std": 0.781907,
        "nauc_precision_at_100_diff1": -0.157566,
        "nauc_precision_at_1000_max": 0.453432,
        "nauc_precision_at_1000_std": 0.629405,
        "nauc_precision_at_1000_diff1": -0.060238,
        "nauc_mrr_at_1_max": 0.239504,
        "nauc_mrr_at_1_std": 0.126923,
        "nauc_mrr_at_1_diff1": 0.101358,
        "nauc_mrr_at_3_max": 0.418725,
        "nauc_mrr_at_3_std": 0.249005,
        "nauc_mrr_at_3_diff1": 0.169549,
        "nauc_mrr_at_5_max": 0.384819,
        "nauc_mrr_at_5_std": 0.212824,
        "nauc_mrr_at_5_diff1": 0.147114,
        "nauc_mrr_at_10_max": 0.366338,
        "nauc_mrr_at_10_std": 0.197521,
        "nauc_mrr_at_10_diff1": 0.140777,
        "nauc_mrr_at_20_max": 0.366338,
        "nauc_mrr_at_20_std": 0.197521,
        "nauc_mrr_at_20_diff1": 0.140777,
        "nauc_mrr_at_100_max": 0.366338,
        "nauc_mrr_at_100_std": 0.197521,
        "nauc_mrr_at_100_diff1": 0.140777,
        "nauc_mrr_at_1000_max": 0.366338,
        "nauc_mrr_at_1000_std": 0.197521,
        "nauc_mrr_at_1000_diff1": 0.140777,
        "main_score": 0.66444,
        "hf_subset": "default",
        "languages": [
          "eng-Latn"
        ]
      }
    ]
  },
  "evaluation_time": 702.0280573368073,
  "kg_co2_emissions": null
}