{
  "dataset_revision": "c22ab2a51041ffd869aaddef7af8d8215647e41a",
  "task_name": "ArguAna",
  "mteb_version": "1.39.7",
  "scores": {
    "test": [
      {
        "ndcg_at_1": 0.02134,
        "ndcg_at_3": 0.04064,
        "ndcg_at_5": 0.05291,
        "ndcg_at_10": 0.06804,
        "ndcg_at_20": 0.08393,
        "ndcg_at_100": 0.11093,
        "ndcg_at_1000": 0.14916,
        "map_at_1": 0.02134,
        "map_at_3": 0.03556,
        "map_at_5": 0.04218,
        "map_at_10": 0.04825,
        "map_at_20": 0.05255,
        "map_at_100": 0.05606,
        "map_at_1000": 0.05723,
        "recall_at_1": 0.02134,
        "recall_at_3": 0.05548,
        "recall_at_5": 0.08606,
        "recall_at_10": 0.13371,
        "recall_at_20": 0.19701,
        "recall_at_100": 0.34566,
        "recall_at_1000": 0.66287,
        "precision_at_1": 0.02134,
        "precision_at_3": 0.01849,
        "precision_at_5": 0.01721,
        "precision_at_10": 0.01337,
        "precision_at_20": 0.00985,
        "precision_at_100": 0.00346,
        "precision_at_1000": 0.00066,
        "mrr_at_1": 0.021337,
        "mrr_at_3": 0.035562,
        "mrr_at_5": 0.042176,
        "mrr_at_10": 0.048324,
        "mrr_at_20": 0.052551,
        "mrr_at_100": 0.056057,
        "mrr_at_1000": 0.057222,
        "nauc_ndcg_at_1_max": 0.221898,
        "nauc_ndcg_at_1_std": 0.085177,
        "nauc_ndcg_at_1_diff1": -0.008132,
        "nauc_ndcg_at_3_max": 0.274002,
        "nauc_ndcg_at_3_std": 0.116986,
        "nauc_ndcg_at_3_diff1": -0.019397,
        "nauc_ndcg_at_5_max": 0.252983,
        "nauc_ndcg_at_5_std": 0.120504,
        "nauc_ndcg_at_5_diff1": -0.024327,
        "nauc_ndcg_at_10_max": 0.273593,
        "nauc_ndcg_at_10_std": 0.174092,
        "nauc_ndcg_at_10_diff1": -0.012569,
        "nauc_ndcg_at_20_max": 0.274885,
        "nauc_ndcg_at_20_std": 0.192331,
        "nauc_ndcg_at_20_diff1": -0.000357,
        "nauc_ndcg_at_100_max": 0.258122,
        "nauc_ndcg_at_100_std": 0.199176,
        "nauc_ndcg_at_100_diff1": 0.020437,
        "nauc_ndcg_at_1000_max": 0.257628,
        "nauc_ndcg_at_1000_std": 0.205921,
        "nauc_ndcg_at_1000_diff1": 0.020067,
        "nauc_map_at_1_max": 0.221898,
        "nauc_map_at_1_std": 0.085177,
        "nauc_map_at_1_diff1": -0.008132,
        "nauc_map_at_3_max": 0.268589,
        "nauc_map_at_3_std": 0.113856,
        "nauc_map_at_3_diff1": -0.020579,
        "nauc_map_at_5_max": 0.253835,
        "nauc_map_at_5_std": 0.116225,
        "nauc_map_at_5_diff1": -0.023365,
        "nauc_map_at_10_max": 0.266299,
        "nauc_map_at_10_std": 0.146035,
        "nauc_map_at_10_diff1": -0.017145,
        "nauc_map_at_20_max": 0.267726,
        "nauc_map_at_20_std": 0.154384,
        "nauc_map_at_20_diff1": -0.012085,
        "nauc_map_at_100_max": 0.264014,
        "nauc_map_at_100_std": 0.157764,
        "nauc_map_at_100_diff1": -0.007635,
        "nauc_map_at_1000_max": 0.26407,
        "nauc_map_at_1000_std": 0.158519,
        "nauc_map_at_1000_diff1": -0.00776,
        "nauc_recall_at_1_max": 0.221898,
        "nauc_recall_at_1_std": 0.085177,
        "nauc_recall_at_1_diff1": -0.008132,
        "nauc_recall_at_3_max": 0.283452,
        "nauc_recall_at_3_std": 0.122385,
        "nauc_recall_at_3_diff1": -0.016466,
        "nauc_recall_at_5_max": 0.250691,
        "nauc_recall_at_5_std": 0.126878,
        "nauc_recall_at_5_diff1": -0.025802,
        "nauc_recall_at_10_max": 0.283233,
        "nauc_recall_at_10_std": 0.21464,
        "nauc_recall_at_10_diff1": -0.005547,
        "nauc_recall_at_20_max": 0.282119,
        "nauc_recall_at_20_std": 0.239126,
        "nauc_recall_at_20_diff1": 0.015391,
        "nauc_recall_at_100_max": 0.244857,
        "nauc_recall_at_100_std": 0.241235,
        "nauc_recall_at_100_diff1": 0.059539,
        "nauc_recall_at_1000_max": 0.236988,
        "nauc_recall_at_1000_std": 0.270758,
        "nauc_recall_at_1000_diff1": 0.070895,
        "nauc_precision_at_1_max": 0.221898,
        "nauc_precision_at_1_std": 0.085177,
        "nauc_precision_at_1_diff1": -0.008132,
        "nauc_precision_at_3_max": 0.283452,
        "nauc_precision_at_3_std": 0.122385,
        "nauc_precision_at_3_diff1": -0.016466,
        "nauc_precision_at_5_max": 0.250691,
        "nauc_precision_at_5_std": 0.126878,
        "nauc_precision_at_5_diff1": -0.025802,
        "nauc_precision_at_10_max": 0.283233,
        "nauc_precision_at_10_std": 0.21464,
        "nauc_precision_at_10_diff1": -0.005547,
        "nauc_precision_at_20_max": 0.282119,
        "nauc_precision_at_20_std": 0.239126,
        "nauc_precision_at_20_diff1": 0.015391,
        "nauc_precision_at_100_max": 0.244857,
        "nauc_precision_at_100_std": 0.241235,
        "nauc_precision_at_100_diff1": 0.059539,
        "nauc_precision_at_1000_max": 0.236988,
        "nauc_precision_at_1000_std": 0.270758,
        "nauc_precision_at_1000_diff1": 0.070895,
        "nauc_mrr_at_1_max": 0.221898,
        "nauc_mrr_at_1_std": 0.085177,
        "nauc_mrr_at_1_diff1": -0.008132,
        "nauc_mrr_at_3_max": 0.268589,
        "nauc_mrr_at_3_std": 0.113856,
        "nauc_mrr_at_3_diff1": -0.020579,
        "nauc_mrr_at_5_max": 0.253835,
        "nauc_mrr_at_5_std": 0.116225,
        "nauc_mrr_at_5_diff1": -0.023365,
        "nauc_mrr_at_10_max": 0.267546,
        "nauc_mrr_at_10_std": 0.146891,
        "nauc_mrr_at_10_diff1": -0.016125,
        "nauc_mrr_at_20_max": 0.267751,
        "nauc_mrr_at_20_std": 0.154444,
        "nauc_mrr_at_20_diff1": -0.012019,
        "nauc_mrr_at_100_max": 0.264034,
        "nauc_mrr_at_100_std": 0.157823,
        "nauc_mrr_at_100_diff1": -0.007569,
        "nauc_mrr_at_1000_max": 0.26409,
        "nauc_mrr_at_1000_std": 0.158577,
        "nauc_mrr_at_1000_diff1": -0.007695,
        "main_score": 0.06804,
        "hf_subset": "default",
        "languages": [
          "eng-Latn"
        ]
      }
    ]
  },
  "evaluation_time": 117.06187176704407,
  "kg_co2_emissions": null
}