{
  "dataset_revision": "c22ab2a51041ffd869aaddef7af8d8215647e41a",
  "task_name": "ArguAna",
  "mteb_version": "1.39.7",
  "scores": {
    "test": [
      {
        "ndcg_at_1": 0.27169,
        "ndcg_at_3": 0.41356,
        "ndcg_at_5": 0.46379,
        "ndcg_at_10": 0.50874,
        "ndcg_at_20": 0.53181,
        "ndcg_at_100": 0.54825,
        "ndcg_at_1000": 0.55296,
        "map_at_1": 0.27169,
        "map_at_3": 0.3779,
        "map_at_5": 0.40586,
        "map_at_10": 0.42445,
        "map_at_20": 0.43091,
        "map_at_100": 0.43315,
        "map_at_1000": 0.43335,
        "recall_at_1": 0.27169,
        "recall_at_3": 0.51707,
        "recall_at_5": 0.63869,
        "recall_at_10": 0.77738,
        "recall_at_20": 0.86771,
        "recall_at_100": 0.95661,
        "recall_at_1000": 0.99218,
        "precision_at_1": 0.27169,
        "precision_at_3": 0.17236,
        "precision_at_5": 0.12774,
        "precision_at_10": 0.07774,
        "precision_at_20": 0.04339,
        "precision_at_100": 0.00957,
        "precision_at_1000": 0.00099,
        "mrr_at_1": 0.276671,
        "mrr_at_3": 0.379801,
        "mrr_at_5": 0.407539,
        "mrr_at_10": 0.426136,
        "mrr_at_20": 0.432591,
        "mrr_at_100": 0.434829,
        "mrr_at_1000": 0.435037,
        "nauc_ndcg_at_1_max": -0.050585,
        "nauc_ndcg_at_1_std": -0.093253,
        "nauc_ndcg_at_1_diff1": 0.156779,
        "nauc_ndcg_at_3_max": 0.008971,
        "nauc_ndcg_at_3_std": -0.074202,
        "nauc_ndcg_at_3_diff1": 0.120881,
        "nauc_ndcg_at_5_max": 0.00971,
        "nauc_ndcg_at_5_std": -0.083922,
        "nauc_ndcg_at_5_diff1": 0.1237,
        "nauc_ndcg_at_10_max": 0.013635,
        "nauc_ndcg_at_10_std": -0.065,
        "nauc_ndcg_at_10_diff1": 0.107696,
        "nauc_ndcg_at_20_max": 0.017304,
        "nauc_ndcg_at_20_std": -0.066058,
        "nauc_ndcg_at_20_diff1": 0.120569,
        "nauc_ndcg_at_100_max": 0.013419,
        "nauc_ndcg_at_100_std": -0.063297,
        "nauc_ndcg_at_100_diff1": 0.126347,
        "nauc_ndcg_at_1000_max": 0.006737,
        "nauc_ndcg_at_1000_std": -0.06991,
        "nauc_ndcg_at_1000_diff1": 0.124579,
        "nauc_map_at_1_max": -0.050585,
        "nauc_map_at_1_std": -0.093253,
        "nauc_map_at_1_diff1": 0.156779,
        "nauc_map_at_3_max": -0.005835,
        "nauc_map_at_3_std": -0.080522,
        "nauc_map_at_3_diff1": 0.129813,
        "nauc_map_at_5_max": -0.005845,
        "nauc_map_at_5_std": -0.08569,
        "nauc_map_at_5_diff1": 0.131486,
        "nauc_map_at_10_max": -0.004966,
        "nauc_map_at_10_std": -0.078681,
        "nauc_map_at_10_diff1": 0.125283,
        "nauc_map_at_20_max": -0.004131,
        "nauc_map_at_20_std": -0.079074,
        "nauc_map_at_20_diff1": 0.128751,
        "nauc_map_at_100_max": -0.004537,
        "nauc_map_at_100_std": -0.078893,
        "nauc_map_at_100_diff1": 0.129472,
        "nauc_map_at_1000_max": -0.004761,
        "nauc_map_at_1000_std": -0.079071,
        "nauc_map_at_1000_diff1": 0.129394,
        "nauc_recall_at_1_max": -0.050585,
        "nauc_recall_at_1_std": -0.093253,
        "nauc_recall_at_1_diff1": 0.156779,
        "nauc_recall_at_3_max": 0.051475,
        "nauc_recall_at_3_std": -0.05545,
        "nauc_recall_at_3_diff1": 0.095236,
        "nauc_recall_at_5_max": 0.060333,
        "nauc_recall_at_5_std": -0.07941,
        "nauc_recall_at_5_diff1": 0.099015,
        "nauc_recall_at_10_max": 0.100371,
        "nauc_recall_at_10_std": 0.0074,
        "nauc_recall_at_10_diff1": 0.020658,
        "nauc_recall_at_20_max": 0.177406,
        "nauc_recall_at_20_std": 0.039446,
        "nauc_recall_at_20_diff1": 0.076433,
        "nauc_recall_at_100_max": 0.345418,
        "nauc_recall_at_100_std": 0.334422,
        "nauc_recall_at_100_diff1": 0.174015,
        "nauc_recall_at_1000_max": 0.150666,
        "nauc_recall_at_1000_std": 0.40048,
        "nauc_recall_at_1000_diff1": -0.030056,
        "nauc_precision_at_1_max": -0.050585,
        "nauc_precision_at_1_std": -0.093253,
        "nauc_precision_at_1_diff1": 0.156779,
        "nauc_precision_at_3_max": 0.051475,
        "nauc_precision_at_3_std": -0.05545,
        "nauc_precision_at_3_diff1": 0.095236,
        "nauc_precision_at_5_max": 0.060333,
        "nauc_precision_at_5_std": -0.07941,
        "nauc_precision_at_5_diff1": 0.099015,
        "nauc_precision_at_10_max": 0.100371,
        "nauc_precision_at_10_std": 0.0074,
        "nauc_precision_at_10_diff1": 0.020658,
        "nauc_precision_at_20_max": 0.177406,
        "nauc_precision_at_20_std": 0.039446,
        "nauc_precision_at_20_diff1": 0.076433,
        "nauc_precision_at_100_max": 0.345418,
        "nauc_precision_at_100_std": 0.334422,
        "nauc_precision_at_100_diff1": 0.174015,
        "nauc_precision_at_1000_max": 0.150666,
        "nauc_precision_at_1000_std": 0.40048,
        "nauc_precision_at_1000_diff1": -0.030056,
        "nauc_mrr_at_1_max": -0.051519,
        "nauc_mrr_at_1_std": -0.09485,
        "nauc_mrr_at_1_diff1": 0.140477,
        "nauc_mrr_at_3_max": -0.011157,
        "nauc_mrr_at_3_std": -0.081895,
        "nauc_mrr_at_3_diff1": 0.117628,
        "nauc_mrr_at_5_max": -0.011961,
        "nauc_mrr_at_5_std": -0.086098,
        "nauc_mrr_at_5_diff1": 0.11825,
        "nauc_mrr_at_10_max": -0.01061,
        "nauc_mrr_at_10_std": -0.079714,
        "nauc_mrr_at_10_diff1": 0.112495,
        "nauc_mrr_at_20_max": -0.00991,
        "nauc_mrr_at_20_std": -0.080128,
        "nauc_mrr_at_20_diff1": 0.11569,
        "nauc_mrr_at_100_max": -0.010368,
        "nauc_mrr_at_100_std": -0.079957,
        "nauc_mrr_at_100_diff1": 0.116301,
        "nauc_mrr_at_1000_max": -0.010594,
        "nauc_mrr_at_1000_std": -0.080135,
        "nauc_mrr_at_1000_diff1": 0.116214,
        "main_score": 0.50874,
        "hf_subset": "default",
        "languages": [
          "eng-Latn"
        ]
      }
    ]
  },
  "evaluation_time": 18.563351154327393,
  "kg_co2_emissions": null
}