{
  "dataset_revision": "f8c2fcf00f625baaa80f62ec5bd9e1fff3b8ae88",
  "task_name": "SCIDOCS",
  "mteb_version": "1.39.7",
  "scores": {
    "test": [
      {
        "ndcg_at_1": 0.012,
        "ndcg_at_3": 0.00964,
        "ndcg_at_5": 0.0084,
        "ndcg_at_10": 0.01062,
        "ndcg_at_20": 0.01361,
        "ndcg_at_100": 0.02363,
        "ndcg_at_1000": 0.04982,
        "map_at_1": 0.0024,
        "map_at_3": 0.00368,
        "map_at_5": 0.00423,
        "map_at_10": 0.00491,
        "map_at_20": 0.00557,
        "map_at_100": 0.00652,
        "map_at_1000": 0.00717,
        "recall_at_1": 0.0024,
        "recall_at_3": 0.00545,
        "recall_at_5": 0.0075,
        "recall_at_10": 0.0115,
        "recall_at_20": 0.01865,
        "recall_at_100": 0.05215,
        "recall_at_1000": 0.18497,
        "precision_at_1": 0.012,
        "precision_at_3": 0.009,
        "precision_at_5": 0.0074,
        "precision_at_10": 0.0057,
        "precision_at_20": 0.0046,
        "precision_at_100": 0.00258,
        "precision_at_1000": 0.00091,
        "mrr_at_1": 0.012,
        "mrr_at_3": 0.018333,
        "mrr_at_5": 0.020133,
        "mrr_at_10": 0.022357,
        "mrr_at_20": 0.024095,
        "mrr_at_100": 0.02675,
        "mrr_at_1000": 0.02792,
        "nauc_ndcg_at_1_max": 0.499642,
        "nauc_ndcg_at_1_std": 0.28099,
        "nauc_ndcg_at_1_diff1": 0.459954,
        "nauc_ndcg_at_3_max": 0.48205,
        "nauc_ndcg_at_3_std": 0.270773,
        "nauc_ndcg_at_3_diff1": 0.291083,
        "nauc_ndcg_at_5_max": 0.425903,
        "nauc_ndcg_at_5_std": 0.230649,
        "nauc_ndcg_at_5_diff1": 0.204148,
        "nauc_ndcg_at_10_max": 0.373855,
        "nauc_ndcg_at_10_std": 0.247089,
        "nauc_ndcg_at_10_diff1": 0.162768,
        "nauc_ndcg_at_20_max": 0.323903,
        "nauc_ndcg_at_20_std": 0.189257,
        "nauc_ndcg_at_20_diff1": 0.142678,
        "nauc_ndcg_at_100_max": 0.236746,
        "nauc_ndcg_at_100_std": 0.15944,
        "nauc_ndcg_at_100_diff1": 0.120508,
        "nauc_ndcg_at_1000_max": 0.179045,
        "nauc_ndcg_at_1000_std": 0.168011,
        "nauc_ndcg_at_1000_diff1": 0.086075,
        "nauc_map_at_1_max": 0.499642,
        "nauc_map_at_1_std": 0.28099,
        "nauc_map_at_1_diff1": 0.459954,
        "nauc_map_at_3_max": 0.489269,
        "nauc_map_at_3_std": 0.270518,
        "nauc_map_at_3_diff1": 0.324033,
        "nauc_map_at_5_max": 0.455316,
        "nauc_map_at_5_std": 0.251049,
        "nauc_map_at_5_diff1": 0.260163,
        "nauc_map_at_10_max": 0.420881,
        "nauc_map_at_10_std": 0.250803,
        "nauc_map_at_10_diff1": 0.221805,
        "nauc_map_at_20_max": 0.394609,
        "nauc_map_at_20_std": 0.226927,
        "nauc_map_at_20_diff1": 0.195146,
        "nauc_map_at_100_max": 0.36141,
        "nauc_map_at_100_std": 0.212329,
        "nauc_map_at_100_diff1": 0.177728,
        "nauc_map_at_1000_max": 0.349289,
        "nauc_map_at_1000_std": 0.209499,
        "nauc_map_at_1000_diff1": 0.170229,
        "nauc_recall_at_1_max": 0.499642,
        "nauc_recall_at_1_std": 0.28099,
        "nauc_recall_at_1_diff1": 0.459954,
        "nauc_recall_at_3_max": 0.459338,
        "nauc_recall_at_3_std": 0.285836,
        "nauc_recall_at_3_diff1": 0.232174,
        "nauc_recall_at_5_max": 0.375083,
        "nauc_recall_at_5_std": 0.214779,
        "nauc_recall_at_5_diff1": 0.101386,
        "nauc_recall_at_10_max": 0.307064,
        "nauc_recall_at_10_std": 0.244118,
        "nauc_recall_at_10_diff1": 0.061465,
        "nauc_recall_at_20_max": 0.245612,
        "nauc_recall_at_20_std": 0.142415,
        "nauc_recall_at_20_diff1": 0.066265,
        "nauc_recall_at_100_max": 0.154636,
        "nauc_recall_at_100_std": 0.125175,
        "nauc_recall_at_100_diff1": 0.081387,
        "nauc_recall_at_1000_max": 0.089926,
        "nauc_recall_at_1000_std": 0.150592,
        "nauc_recall_at_1000_diff1": 0.042128,
        "nauc_precision_at_1_max": 0.499642,
        "nauc_precision_at_1_std": 0.28099,
        "nauc_precision_at_1_diff1": 0.459954,
        "nauc_precision_at_3_max": 0.46268,
        "nauc_precision_at_3_std": 0.279224,
        "nauc_precision_at_3_diff1": 0.228195,
        "nauc_precision_at_5_max": 0.378821,
        "nauc_precision_at_5_std": 0.211401,
        "nauc_precision_at_5_diff1": 0.099674,
        "nauc_precision_at_10_max": 0.308893,
        "nauc_precision_at_10_std": 0.242182,
        "nauc_precision_at_10_diff1": 0.060003,
        "nauc_precision_at_20_max": 0.244549,
        "nauc_precision_at_20_std": 0.142614,
        "nauc_precision_at_20_diff1": 0.065337,
        "nauc_precision_at_100_max": 0.154718,
        "nauc_precision_at_100_std": 0.12512,
        "nauc_precision_at_100_diff1": 0.07986,
        "nauc_precision_at_1000_max": 0.095104,
        "nauc_precision_at_1000_std": 0.147321,
        "nauc_precision_at_1000_diff1": 0.043002,
        "nauc_mrr_at_1_max": 0.499642,
        "nauc_mrr_at_1_std": 0.28099,
        "nauc_mrr_at_1_diff1": 0.459954,
        "nauc_mrr_at_3_max": 0.491046,
        "nauc_mrr_at_3_std": 0.267202,
        "nauc_mrr_at_3_diff1": 0.322497,
        "nauc_mrr_at_5_max": 0.451242,
        "nauc_mrr_at_5_std": 0.228701,
        "nauc_mrr_at_5_diff1": 0.266266,
        "nauc_mrr_at_10_max": 0.41814,
        "nauc_mrr_at_10_std": 0.249179,
        "nauc_mrr_at_10_diff1": 0.247393,
        "nauc_mrr_at_20_max": 0.393743,
        "nauc_mrr_at_20_std": 0.225734,
        "nauc_mrr_at_20_diff1": 0.237556,
        "nauc_mrr_at_100_max": 0.364877,
        "nauc_mrr_at_100_std": 0.213435,
        "nauc_mrr_at_100_diff1": 0.223238,
        "nauc_mrr_at_1000_max": 0.361299,
        "nauc_mrr_at_1000_std": 0.213779,
        "nauc_mrr_at_1000_diff1": 0.219557,
        "main_score": 0.01062,
        "hf_subset": "default",
        "languages": [
          "eng-Latn"
        ]
      }
    ]
  },
  "evaluation_time": 256.1154592037201,
  "kg_co2_emissions": null
}