{
  "dataset_revision": "bb9466bac8153a0349341eb1b22e06409e78ef4e",
  "task_name": "TRECCOVID",
  "mteb_version": "1.39.7",
  "scores": {
    "test": [
      {
        "ndcg_at_1": 0.09,
        "ndcg_at_3": 0.10654,
        "ndcg_at_5": 0.11042,
        "ndcg_at_10": 0.11237,
        "ndcg_at_20": 0.09646,
        "ndcg_at_100": 0.06925,
        "ndcg_at_1000": 0.06954,
        "map_at_1": 0.00024,
        "map_at_3": 0.00068,
        "map_at_5": 0.00103,
        "map_at_10": 0.00174,
        "map_at_20": 0.00268,
        "map_at_100": 0.00692,
        "map_at_1000": 0.01302,
        "recall_at_1": 0.00024,
        "recall_at_3": 0.00095,
        "recall_at_5": 0.00162,
        "recall_at_10": 0.00336,
        "recall_at_20": 0.00505,
        "recall_at_100": 0.01635,
        "recall_at_1000": 0.06732,
        "precision_at_1": 0.1,
        "precision_at_3": 0.12,
        "precision_at_5": 0.124,
        "precision_at_10": 0.128,
        "precision_at_20": 0.101,
        "precision_at_100": 0.0682,
        "precision_at_1000": 0.03104,
        "mrr_at_1": 0.1,
        "mrr_at_3": 0.156667,
        "mrr_at_5": 0.173667,
        "mrr_at_10": 0.199992,
        "mrr_at_20": 0.204678,
        "mrr_at_100": 0.209426,
        "mrr_at_1000": 0.21056,
        "nauc_ndcg_at_1_max": 0.222252,
        "nauc_ndcg_at_1_std": 0.147125,
        "nauc_ndcg_at_1_diff1": -0.171511,
        "nauc_ndcg_at_3_max": 0.254384,
        "nauc_ndcg_at_3_std": 0.262608,
        "nauc_ndcg_at_3_diff1": -0.019772,
        "nauc_ndcg_at_5_max": 0.320958,
        "nauc_ndcg_at_5_std": 0.244139,
        "nauc_ndcg_at_5_diff1": -0.007217,
        "nauc_ndcg_at_10_max": 0.288247,
        "nauc_ndcg_at_10_std": 0.267797,
        "nauc_ndcg_at_10_diff1": -0.081121,
        "nauc_ndcg_at_20_max": 0.337348,
        "nauc_ndcg_at_20_std": 0.317008,
        "nauc_ndcg_at_20_diff1": -0.152071,
        "nauc_ndcg_at_100_max": 0.374689,
        "nauc_ndcg_at_100_std": 0.356539,
        "nauc_ndcg_at_100_diff1": -0.164667,
        "nauc_ndcg_at_1000_max": 0.357329,
        "nauc_ndcg_at_1000_std": 0.275582,
        "nauc_ndcg_at_1000_diff1": -0.134836,
        "nauc_map_at_1_max": 0.076725,
        "nauc_map_at_1_std": 0.317032,
        "nauc_map_at_1_diff1": -0.037328,
        "nauc_map_at_3_max": 0.10127,
        "nauc_map_at_3_std": 0.367752,
        "nauc_map_at_3_diff1": 0.0156,
        "nauc_map_at_5_max": 0.14633,
        "nauc_map_at_5_std": 0.37047,
        "nauc_map_at_5_diff1": 0.042936,
        "nauc_map_at_10_max": 0.169146,
        "nauc_map_at_10_std": 0.39573,
        "nauc_map_at_10_diff1": -0.060002,
        "nauc_map_at_20_max": 0.246509,
        "nauc_map_at_20_std": 0.474721,
        "nauc_map_at_20_diff1": -0.174487,
        "nauc_map_at_100_max": 0.313489,
        "nauc_map_at_100_std": 0.618216,
        "nauc_map_at_100_diff1": -0.236168,
        "nauc_map_at_1000_max": 0.349933,
        "nauc_map_at_1000_std": 0.5083,
        "nauc_map_at_1000_diff1": -0.258191,
        "nauc_recall_at_1_max": 0.076725,
        "nauc_recall_at_1_std": 0.317032,
        "nauc_recall_at_1_diff1": -0.037328,
        "nauc_recall_at_3_max": 0.076477,
        "nauc_recall_at_3_std": 0.353629,
        "nauc_recall_at_3_diff1": 0.085716,
        "nauc_recall_at_5_max": 0.17303,
        "nauc_recall_at_5_std": 0.304959,
        "nauc_recall_at_5_diff1": 0.099166,
        "nauc_recall_at_10_max": 0.118648,
        "nauc_recall_at_10_std": 0.297122,
        "nauc_recall_at_10_diff1": 0.023587,
        "nauc_recall_at_20_max": 0.233837,
        "nauc_recall_at_20_std": 0.354587,
        "nauc_recall_at_20_diff1": -0.107233,
        "nauc_recall_at_100_max": 0.307092,
        "nauc_recall_at_100_std": 0.405329,
        "nauc_recall_at_100_diff1": -0.126897,
        "nauc_recall_at_1000_max": 0.377495,
        "nauc_recall_at_1000_std": 0.197964,
        "nauc_recall_at_1000_diff1": -0.113399,
        "nauc_precision_at_1_max": 0.300027,
        "nauc_precision_at_1_std": 0.164797,
        "nauc_precision_at_1_diff1": -0.161417,
        "nauc_precision_at_3_max": 0.261645,
        "nauc_precision_at_3_std": 0.303491,
        "nauc_precision_at_3_diff1": 0.029237,
        "nauc_precision_at_5_max": 0.365028,
        "nauc_precision_at_5_std": 0.244863,
        "nauc_precision_at_5_diff1": 0.016218,
        "nauc_precision_at_10_max": 0.296769,
        "nauc_precision_at_10_std": 0.257041,
        "nauc_precision_at_10_diff1": -0.085569,
        "nauc_precision_at_20_max": 0.370301,
        "nauc_precision_at_20_std": 0.328818,
        "nauc_precision_at_20_diff1": -0.179013,
        "nauc_precision_at_100_max": 0.399079,
        "nauc_precision_at_100_std": 0.369504,
        "nauc_precision_at_100_diff1": -0.163848,
        "nauc_precision_at_1000_max": 0.457387,
        "nauc_precision_at_1000_std": 0.166262,
        "nauc_precision_at_1000_diff1": -0.160256,
        "nauc_mrr_at_1_max": 0.300027,
        "nauc_mrr_at_1_std": 0.164797,
        "nauc_mrr_at_1_diff1": -0.161417,
        "nauc_mrr_at_3_max": 0.273628,
        "nauc_mrr_at_3_std": 0.215004,
        "nauc_mrr_at_3_diff1": -0.008937,
        "nauc_mrr_at_5_max": 0.304483,
        "nauc_mrr_at_5_std": 0.155831,
        "nauc_mrr_at_5_diff1": -0.037736,
        "nauc_mrr_at_10_max": 0.266499,
        "nauc_mrr_at_10_std": 0.158607,
        "nauc_mrr_at_10_diff1": -0.027456,
        "nauc_mrr_at_20_max": 0.280094,
        "nauc_mrr_at_20_std": 0.163359,
        "nauc_mrr_at_20_diff1": -0.027401,
        "nauc_mrr_at_100_max": 0.285888,
        "nauc_mrr_at_100_std": 0.163203,
        "nauc_mrr_at_100_diff1": -0.026578,
        "nauc_mrr_at_1000_max": 0.285102,
        "nauc_mrr_at_1000_std": 0.163475,
        "nauc_mrr_at_1000_diff1": -0.029293,
        "main_score": 0.11237,
        "hf_subset": "default",
        "languages": [
          "eng-Latn"
        ]
      }
    ]
  },
  "evaluation_time": 1599.0662291049957,
  "kg_co2_emissions": null
}