{
  "dataset_revision": "bb9466bac8153a0349341eb1b22e06409e78ef4e",
  "task_name": "TRECCOVID",
  "mteb_version": "1.39.7",
  "scores": {
    "test": [
      {
        "ndcg_at_1": 0.55,
        "ndcg_at_3": 0.47061,
        "ndcg_at_5": 0.46359,
        "ndcg_at_10": 0.42828,
        "ndcg_at_20": 0.40596,
        "ndcg_at_100": 0.30271,
        "ndcg_at_1000": 0.23497,
        "map_at_1": 0.00146,
        "map_at_3": 0.00338,
        "map_at_5": 0.00542,
        "map_at_10": 0.00893,
        "map_at_20": 0.01501,
        "map_at_100": 0.04025,
        "map_at_1000": 0.07933,
        "recall_at_1": 0.00146,
        "recall_at_3": 0.00378,
        "recall_at_5": 0.00656,
        "recall_at_10": 0.01156,
        "recall_at_20": 0.02107,
        "recall_at_100": 0.06664,
        "recall_at_1000": 0.20874,
        "precision_at_1": 0.6,
        "precision_at_3": 0.49333,
        "precision_at_5": 0.496,
        "precision_at_10": 0.454,
        "precision_at_20": 0.435,
        "precision_at_100": 0.3056,
        "precision_at_1000": 0.10082,
        "mrr_at_1": 0.6,
        "mrr_at_3": 0.693333,
        "mrr_at_5": 0.703333,
        "mrr_at_10": 0.70619,
        "mrr_at_20": 0.707729,
        "mrr_at_100": 0.710812,
        "mrr_at_1000": 0.711003,
        "nauc_ndcg_at_1_max": 0.470589,
        "nauc_ndcg_at_1_std": 0.311718,
        "nauc_ndcg_at_1_diff1": 0.065169,
        "nauc_ndcg_at_3_max": 0.484576,
        "nauc_ndcg_at_3_std": 0.40476,
        "nauc_ndcg_at_3_diff1": -0.071951,
        "nauc_ndcg_at_5_max": 0.511614,
        "nauc_ndcg_at_5_std": 0.452589,
        "nauc_ndcg_at_5_diff1": -0.044329,
        "nauc_ndcg_at_10_max": 0.512882,
        "nauc_ndcg_at_10_std": 0.484977,
        "nauc_ndcg_at_10_diff1": -0.108663,
        "nauc_ndcg_at_20_max": 0.480712,
        "nauc_ndcg_at_20_std": 0.545208,
        "nauc_ndcg_at_20_diff1": -0.153615,
        "nauc_ndcg_at_100_max": 0.48916,
        "nauc_ndcg_at_100_std": 0.673041,
        "nauc_ndcg_at_100_diff1": -0.199033,
        "nauc_ndcg_at_1000_max": 0.60656,
        "nauc_ndcg_at_1000_std": 0.684607,
        "nauc_ndcg_at_1000_diff1": -0.243488,
        "nauc_map_at_1_max": 0.483223,
        "nauc_map_at_1_std": 0.110888,
        "nauc_map_at_1_diff1": 0.189268,
        "nauc_map_at_3_max": 0.517778,
        "nauc_map_at_3_std": 0.166089,
        "nauc_map_at_3_diff1": 0.0895,
        "nauc_map_at_5_max": 0.509066,
        "nauc_map_at_5_std": 0.168338,
        "nauc_map_at_5_diff1": 0.121807,
        "nauc_map_at_10_max": 0.500377,
        "nauc_map_at_10_std": 0.197784,
        "nauc_map_at_10_diff1": 0.033916,
        "nauc_map_at_20_max": 0.50817,
        "nauc_map_at_20_std": 0.282203,
        "nauc_map_at_20_diff1": -0.066745,
        "nauc_map_at_100_max": 0.520882,
        "nauc_map_at_100_std": 0.592025,
        "nauc_map_at_100_diff1": -0.198737,
        "nauc_map_at_1000_max": 0.590509,
        "nauc_map_at_1000_std": 0.759263,
        "nauc_map_at_1000_diff1": -0.214268,
        "nauc_recall_at_1_max": 0.483223,
        "nauc_recall_at_1_std": 0.110888,
        "nauc_recall_at_1_diff1": 0.189268,
        "nauc_recall_at_3_max": 0.478427,
        "nauc_recall_at_3_std": 0.14392,
        "nauc_recall_at_3_diff1": 0.032555,
        "nauc_recall_at_5_max": 0.452822,
        "nauc_recall_at_5_std": 0.122329,
        "nauc_recall_at_5_diff1": 0.089747,
        "nauc_recall_at_10_max": 0.477496,
        "nauc_recall_at_10_std": 0.14285,
        "nauc_recall_at_10_diff1": 0.011477,
        "nauc_recall_at_20_max": 0.486386,
        "nauc_recall_at_20_std": 0.229418,
        "nauc_recall_at_20_diff1": -0.062989,
        "nauc_recall_at_100_max": 0.563723,
        "nauc_recall_at_100_std": 0.565723,
        "nauc_recall_at_100_diff1": -0.210691,
        "nauc_recall_at_1000_max": 0.604798,
        "nauc_recall_at_1000_std": 0.668808,
        "nauc_recall_at_1000_diff1": -0.276975,
        "nauc_precision_at_1_max": 0.44022,
        "nauc_precision_at_1_std": 0.384743,
        "nauc_precision_at_1_diff1": 0.181775,
        "nauc_precision_at_3_max": 0.475377,
        "nauc_precision_at_3_std": 0.465847,
        "nauc_precision_at_3_diff1": -0.100588,
        "nauc_precision_at_5_max": 0.517002,
        "nauc_precision_at_5_std": 0.515816,
        "nauc_precision_at_5_diff1": -0.039818,
        "nauc_precision_at_10_max": 0.510367,
        "nauc_precision_at_10_std": 0.497652,
        "nauc_precision_at_10_diff1": -0.13752,
        "nauc_precision_at_20_max": 0.484617,
        "nauc_precision_at_20_std": 0.561185,
        "nauc_precision_at_20_diff1": -0.188536,
        "nauc_precision_at_100_max": 0.467187,
        "nauc_precision_at_100_std": 0.712029,
        "nauc_precision_at_100_diff1": -0.213077,
        "nauc_precision_at_1000_max": 0.467753,
        "nauc_precision_at_1000_std": 0.737363,
        "nauc_precision_at_1000_diff1": -0.206908,
        "nauc_mrr_at_1_max": 0.44022,
        "nauc_mrr_at_1_std": 0.384743,
        "nauc_mrr_at_1_diff1": 0.181775,
        "nauc_mrr_at_3_max": 0.534654,
        "nauc_mrr_at_3_std": 0.461894,
        "nauc_mrr_at_3_diff1": 0.045901,
        "nauc_mrr_at_5_max": 0.539344,
        "nauc_mrr_at_5_std": 0.440298,
        "nauc_mrr_at_5_diff1": 0.080271,
        "nauc_mrr_at_10_max": 0.533134,
        "nauc_mrr_at_10_std": 0.440586,
        "nauc_mrr_at_10_diff1": 0.079651,
        "nauc_mrr_at_20_max": 0.531496,
        "nauc_mrr_at_20_std": 0.442234,
        "nauc_mrr_at_20_diff1": 0.075518,
        "nauc_mrr_at_100_max": 0.530027,
        "nauc_mrr_at_100_std": 0.439392,
        "nauc_mrr_at_100_diff1": 0.07654,
        "nauc_mrr_at_1000_max": 0.529654,
        "nauc_mrr_at_1000_std": 0.439301,
        "nauc_mrr_at_1000_diff1": 0.077515,
        "main_score": 0.42828,
        "hf_subset": "default",
        "languages": [
          "eng-Latn"
        ]
      }
    ]
  },
  "evaluation_time": 224.6264452934265,
  "kg_co2_emissions": null
}