{
  "dataset_revision": "27a168819829fe9bcd655c2df245fb19452e8e06",
  "task_name": "FiQA2018",
  "mteb_version": "1.39.7",
  "scores": {
    "test": [
      {
        "ndcg_at_1": 0.23148,
        "ndcg_at_3": 0.22726,
        "ndcg_at_5": 0.23547,
        "ndcg_at_10": 0.25898,
        "ndcg_at_20": 0.27689,
        "ndcg_at_100": 0.31616,
        "ndcg_at_1000": 0.35605,
        "map_at_1": 0.11334,
        "map_at_3": 0.16761,
        "map_at_5": 0.18176,
        "map_at_10": 0.19562,
        "map_at_20": 0.20184,
        "map_at_100": 0.20879,
        "map_at_1000": 0.21073,
        "recall_at_1": 0.11334,
        "recall_at_3": 0.20978,
        "recall_at_5": 0.25161,
        "recall_at_10": 0.3228,
        "recall_at_20": 0.37821,
        "recall_at_100": 0.54014,
        "recall_at_1000": 0.78904,
        "precision_at_1": 0.23148,
        "precision_at_3": 0.15844,
        "precision_at_5": 0.11543,
        "precision_at_10": 0.07639,
        "precision_at_20": 0.04545,
        "precision_at_100": 0.0137,
        "precision_at_1000": 0.00204,
        "mrr_at_1": 0.231481,
        "mrr_at_3": 0.296039,
        "mrr_at_5": 0.306301,
        "mrr_at_10": 0.31839,
        "mrr_at_20": 0.322999,
        "mrr_at_100": 0.326637,
        "mrr_at_1000": 0.327398,
        "nauc_ndcg_at_1_max": 0.140181,
        "nauc_ndcg_at_1_std": -0.08073,
        "nauc_ndcg_at_1_diff1": 0.393287,
        "nauc_ndcg_at_3_max": 0.152602,
        "nauc_ndcg_at_3_std": -0.030396,
        "nauc_ndcg_at_3_diff1": 0.337806,
        "nauc_ndcg_at_5_max": 0.146583,
        "nauc_ndcg_at_5_std": -0.04458,
        "nauc_ndcg_at_5_diff1": 0.342316,
        "nauc_ndcg_at_10_max": 0.149724,
        "nauc_ndcg_at_10_std": -0.016289,
        "nauc_ndcg_at_10_diff1": 0.331518,
        "nauc_ndcg_at_20_max": 0.146099,
        "nauc_ndcg_at_20_std": -0.009564,
        "nauc_ndcg_at_20_diff1": 0.330345,
        "nauc_ndcg_at_100_max": 0.163147,
        "nauc_ndcg_at_100_std": 0.029327,
        "nauc_ndcg_at_100_diff1": 0.313717,
        "nauc_ndcg_at_1000_max": 0.184399,
        "nauc_ndcg_at_1000_std": 0.049924,
        "nauc_ndcg_at_1000_diff1": 0.312712,
        "nauc_map_at_1_max": 0.089781,
        "nauc_map_at_1_std": -0.114721,
        "nauc_map_at_1_diff1": 0.438916,
        "nauc_map_at_3_max": 0.124965,
        "nauc_map_at_3_std": -0.05249,
        "nauc_map_at_3_diff1": 0.383688,
        "nauc_map_at_5_max": 0.135885,
        "nauc_map_at_5_std": -0.057295,
        "nauc_map_at_5_diff1": 0.376563,
        "nauc_map_at_10_max": 0.140276,
        "nauc_map_at_10_std": -0.041647,
        "nauc_map_at_10_diff1": 0.365851,
        "nauc_map_at_20_max": 0.140395,
        "nauc_map_at_20_std": -0.038146,
        "nauc_map_at_20_diff1": 0.364215,
        "nauc_map_at_100_max": 0.146166,
        "nauc_map_at_100_std": -0.028953,
        "nauc_map_at_100_diff1": 0.360623,
        "nauc_map_at_1000_max": 0.147427,
        "nauc_map_at_1000_std": -0.027081,
        "nauc_map_at_1000_diff1": 0.360223,
        "nauc_recall_at_1_max": 0.089781,
        "nauc_recall_at_1_std": -0.114721,
        "nauc_recall_at_1_diff1": 0.438916,
        "nauc_recall_at_3_max": 0.101126,
        "nauc_recall_at_3_std": -0.021937,
        "nauc_recall_at_3_diff1": 0.31156,
        "nauc_recall_at_5_max": 0.104386,
        "nauc_recall_at_5_std": -0.045798,
        "nauc_recall_at_5_diff1": 0.283717,
        "nauc_recall_at_10_max": 0.117335,
        "nauc_recall_at_10_std": 0.018974,
        "nauc_recall_at_10_diff1": 0.236745,
        "nauc_recall_at_20_max": 0.102188,
        "nauc_recall_at_20_std": 0.031941,
        "nauc_recall_at_20_diff1": 0.227519,
        "nauc_recall_at_100_max": 0.129875,
        "nauc_recall_at_100_std": 0.167909,
        "nauc_recall_at_100_diff1": 0.149892,
        "nauc_recall_at_1000_max": 0.261817,
        "nauc_recall_at_1000_std": 0.397353,
        "nauc_recall_at_1000_diff1": 0.073837,
        "nauc_precision_at_1_max": 0.140181,
        "nauc_precision_at_1_std": -0.08073,
        "nauc_precision_at_1_diff1": 0.393287,
        "nauc_precision_at_3_max": 0.202412,
        "nauc_precision_at_3_std": 0.017746,
        "nauc_precision_at_3_diff1": 0.255468,
        "nauc_precision_at_5_max": 0.21428,
        "nauc_precision_at_5_std": 0.01586,
        "nauc_precision_at_5_diff1": 0.233733,
        "nauc_precision_at_10_max": 0.217192,
        "nauc_precision_at_10_std": 0.082526,
        "nauc_precision_at_10_diff1": 0.158219,
        "nauc_precision_at_20_max": 0.205718,
        "nauc_precision_at_20_std": 0.113775,
        "nauc_precision_at_20_diff1": 0.134722,
        "nauc_precision_at_100_max": 0.22852,
        "nauc_precision_at_100_std": 0.204091,
        "nauc_precision_at_100_diff1": 0.032076,
        "nauc_precision_at_1000_max": 0.268274,
        "nauc_precision_at_1000_std": 0.239856,
        "nauc_precision_at_1000_diff1": -0.02067,
        "nauc_mrr_at_1_max": 0.140181,
        "nauc_mrr_at_1_std": -0.08073,
        "nauc_mrr_at_1_diff1": 0.393287,
        "nauc_mrr_at_3_max": 0.156591,
        "nauc_mrr_at_3_std": -0.037204,
        "nauc_mrr_at_3_diff1": 0.347192,
        "nauc_mrr_at_5_max": 0.155443,
        "nauc_mrr_at_5_std": -0.044686,
        "nauc_mrr_at_5_diff1": 0.344262,
        "nauc_mrr_at_10_max": 0.160227,
        "nauc_mrr_at_10_std": -0.032504,
        "nauc_mrr_at_10_diff1": 0.338573,
        "nauc_mrr_at_20_max": 0.159471,
        "nauc_mrr_at_20_std": -0.030621,
        "nauc_mrr_at_20_diff1": 0.337079,
        "nauc_mrr_at_100_max": 0.161202,
        "nauc_mrr_at_100_std": -0.028299,
        "nauc_mrr_at_100_diff1": 0.337015,
        "nauc_mrr_at_1000_max": 0.161285,
        "nauc_mrr_at_1000_std": -0.028244,
        "nauc_mrr_at_1000_diff1": 0.337279,
        "main_score": 0.25898,
        "hf_subset": "default",
        "languages": [
          "eng-Latn"
        ]
      }
    ]
  },
  "evaluation_time": 69.08333134651184,
  "kg_co2_emissions": null
}