{
  "dataset_revision": "a34f9a33db75fa0cbb21bb5cfc3dae8dc8bec93f",
  "task_name": "Touche2020",
  "mteb_version": "1.39.7",
  "scores": {
    "test": [
      {
        "ndcg_at_1": 0.18367,
        "ndcg_at_3": 0.19379,
        "ndcg_at_5": 0.20097,
        "ndcg_at_10": 0.20437,
        "ndcg_at_20": 0.21581,
        "ndcg_at_100": 0.31541,
        "ndcg_at_1000": 0.42199,
        "map_at_1": 0.0164,
        "map_at_3": 0.03926,
        "map_at_5": 0.05576,
        "map_at_10": 0.08354,
        "map_at_20": 0.10202,
        "map_at_100": 0.13543,
        "map_at_1000": 0.14862,
        "recall_at_1": 0.0164,
        "recall_at_3": 0.05243,
        "recall_at_5": 0.08534,
        "recall_at_10": 0.14789,
        "recall_at_20": 0.21359,
        "recall_at_100": 0.42484,
        "recall_at_1000": 0.74871,
        "precision_at_1": 0.20408,
        "precision_at_3": 0.22449,
        "precision_at_5": 0.22449,
        "precision_at_10": 0.19592,
        "precision_at_20": 0.15204,
        "precision_at_100": 0.06837,
        "precision_at_1000": 0.01388,
        "mrr_at_1": 0.22449,
        "mrr_at_3": 0.326531,
        "mrr_at_5": 0.364286,
        "mrr_at_10": 0.375559,
        "mrr_at_20": 0.383506,
        "mrr_at_100": 0.388547,
        "mrr_at_1000": 0.38873,
        "nauc_ndcg_at_1_max": -0.287428,
        "nauc_ndcg_at_1_std": -0.150876,
        "nauc_ndcg_at_1_diff1": -0.112534,
        "nauc_ndcg_at_3_max": -0.251698,
        "nauc_ndcg_at_3_std": -0.108039,
        "nauc_ndcg_at_3_diff1": -0.006649,
        "nauc_ndcg_at_5_max": -0.255744,
        "nauc_ndcg_at_5_std": -0.124492,
        "nauc_ndcg_at_5_diff1": -0.034818,
        "nauc_ndcg_at_10_max": -0.24543,
        "nauc_ndcg_at_10_std": -0.161418,
        "nauc_ndcg_at_10_diff1": -0.070435,
        "nauc_ndcg_at_20_max": -0.273782,
        "nauc_ndcg_at_20_std": -0.166816,
        "nauc_ndcg_at_20_diff1": -0.03652,
        "nauc_ndcg_at_100_max": -0.253063,
        "nauc_ndcg_at_100_std": 0.077033,
        "nauc_ndcg_at_100_diff1": -0.094696,
        "nauc_ndcg_at_1000_max": -0.221037,
        "nauc_ndcg_at_1000_std": 0.206268,
        "nauc_ndcg_at_1000_diff1": -0.173682,
        "nauc_map_at_1_max": -0.276448,
        "nauc_map_at_1_std": -0.264519,
        "nauc_map_at_1_diff1": -0.163848,
        "nauc_map_at_3_max": -0.235535,
        "nauc_map_at_3_std": -0.250256,
        "nauc_map_at_3_diff1": -0.090894,
        "nauc_map_at_5_max": -0.209032,
        "nauc_map_at_5_std": -0.254241,
        "nauc_map_at_5_diff1": -0.117572,
        "nauc_map_at_10_max": -0.194978,
        "nauc_map_at_10_std": -0.29439,
        "nauc_map_at_10_diff1": -0.112231,
        "nauc_map_at_20_max": -0.204439,
        "nauc_map_at_20_std": -0.262503,
        "nauc_map_at_20_diff1": -0.096663,
        "nauc_map_at_100_max": -0.193416,
        "nauc_map_at_100_std": -0.133974,
        "nauc_map_at_100_diff1": -0.103181,
        "nauc_map_at_1000_max": -0.197943,
        "nauc_map_at_1000_std": -0.095793,
        "nauc_map_at_1000_diff1": -0.125989,
        "nauc_recall_at_1_max": -0.276448,
        "nauc_recall_at_1_std": -0.264519,
        "nauc_recall_at_1_diff1": -0.163848,
        "nauc_recall_at_3_max": -0.265929,
        "nauc_recall_at_3_std": -0.25418,
        "nauc_recall_at_3_diff1": 0.002472,
        "nauc_recall_at_5_max": -0.255059,
        "nauc_recall_at_5_std": -0.255549,
        "nauc_recall_at_5_diff1": -0.058452,
        "nauc_recall_at_10_max": -0.246161,
        "nauc_recall_at_10_std": -0.277896,
        "nauc_recall_at_10_diff1": -0.060194,
        "nauc_recall_at_20_max": -0.283316,
        "nauc_recall_at_20_std": -0.213968,
        "nauc_recall_at_20_diff1": -0.015114,
        "nauc_recall_at_100_max": -0.247942,
        "nauc_recall_at_100_std": 0.211608,
        "nauc_recall_at_100_diff1": -0.134253,
        "nauc_recall_at_1000_max": -0.125381,
        "nauc_recall_at_1000_std": 0.616081,
        "nauc_recall_at_1000_diff1": -0.337834,
        "nauc_precision_at_1_max": -0.304196,
        "nauc_precision_at_1_std": -0.1449,
        "nauc_precision_at_1_diff1": -0.10961,
        "nauc_precision_at_3_max": -0.280098,
        "nauc_precision_at_3_std": -0.115017,
        "nauc_precision_at_3_diff1": 0.019963,
        "nauc_precision_at_5_max": -0.270683,
        "nauc_precision_at_5_std": -0.13889,
        "nauc_precision_at_5_diff1": -0.032586,
        "nauc_precision_at_10_max": -0.197594,
        "nauc_precision_at_10_std": -0.128061,
        "nauc_precision_at_10_diff1": -0.091907,
        "nauc_precision_at_20_max": -0.218943,
        "nauc_precision_at_20_std": -0.021473,
        "nauc_precision_at_20_diff1": -0.015687,
        "nauc_precision_at_100_max": -0.083912,
        "nauc_precision_at_100_std": 0.524844,
        "nauc_precision_at_100_diff1": -0.156098,
        "nauc_precision_at_1000_max": 0.295602,
        "nauc_precision_at_1000_std": 0.514297,
        "nauc_precision_at_1000_diff1": -0.15266,
        "nauc_mrr_at_1_max": -0.281517,
        "nauc_mrr_at_1_std": -0.062826,
        "nauc_mrr_at_1_diff1": -0.173533,
        "nauc_mrr_at_3_max": -0.28915,
        "nauc_mrr_at_3_std": -0.075037,
        "nauc_mrr_at_3_diff1": -0.002496,
        "nauc_mrr_at_5_max": -0.341503,
        "nauc_mrr_at_5_std": -0.092355,
        "nauc_mrr_at_5_diff1": -0.022661,
        "nauc_mrr_at_10_max": -0.313173,
        "nauc_mrr_at_10_std": -0.062989,
        "nauc_mrr_at_10_diff1": -0.031971,
        "nauc_mrr_at_20_max": -0.317458,
        "nauc_mrr_at_20_std": -0.065612,
        "nauc_mrr_at_20_diff1": -0.046452,
        "nauc_mrr_at_100_max": -0.317804,
        "nauc_mrr_at_100_std": -0.062629,
        "nauc_mrr_at_100_diff1": -0.044846,
        "nauc_mrr_at_1000_max": -0.316946,
        "nauc_mrr_at_1000_std": -0.063205,
        "nauc_mrr_at_1000_diff1": -0.044533,
        "main_score": 0.20437,
        "hf_subset": "default",
        "languages": [
          "eng-Latn"
        ]
      }
    ]
  },
  "evaluation_time": 1954.8474876880646,
  "kg_co2_emissions": null
}