{
  "dataset_revision": "bb9466bac8153a0349341eb1b22e06409e78ef4e",
  "task_name": "TRECCOVID",
  "mteb_version": "1.39.7",
  "scores": {
    "test": [
      {
        "ndcg_at_1": 0.17,
        "ndcg_at_3": 0.17603,
        "ndcg_at_5": 0.16282,
        "ndcg_at_10": 0.15288,
        "ndcg_at_20": 0.14419,
        "ndcg_at_100": 0.09453,
        "ndcg_at_1000": 0.09021,
        "map_at_1": 0.00047,
        "map_at_3": 0.00122,
        "map_at_5": 0.00166,
        "map_at_10": 0.00248,
        "map_at_20": 0.00412,
        "map_at_100": 0.00982,
        "map_at_1000": 0.01974,
        "recall_at_1": 0.00047,
        "recall_at_3": 0.00144,
        "recall_at_5": 0.00215,
        "recall_at_10": 0.00377,
        "recall_at_20": 0.00711,
        "recall_at_100": 0.02125,
        "recall_at_1000": 0.08555,
        "precision_at_1": 0.18,
        "precision_at_3": 0.18667,
        "precision_at_5": 0.168,
        "precision_at_10": 0.158,
        "precision_at_20": 0.148,
        "precision_at_100": 0.0902,
        "precision_at_1000": 0.03874,
        "mrr_at_1": 0.18,
        "mrr_at_3": 0.246667,
        "mrr_at_5": 0.255667,
        "mrr_at_10": 0.279357,
        "mrr_at_20": 0.285707,
        "mrr_at_100": 0.290266,
        "mrr_at_1000": 0.291429,
        "nauc_ndcg_at_1_max": -0.063826,
        "nauc_ndcg_at_1_std": 0.515613,
        "nauc_ndcg_at_1_diff1": -0.003869,
        "nauc_ndcg_at_3_max": 0.046086,
        "nauc_ndcg_at_3_std": 0.374611,
        "nauc_ndcg_at_3_diff1": 0.022411,
        "nauc_ndcg_at_5_max": 0.096923,
        "nauc_ndcg_at_5_std": 0.41433,
        "nauc_ndcg_at_5_diff1": -0.02237,
        "nauc_ndcg_at_10_max": 0.158576,
        "nauc_ndcg_at_10_std": 0.382577,
        "nauc_ndcg_at_10_diff1": -0.083738,
        "nauc_ndcg_at_20_max": 0.227528,
        "nauc_ndcg_at_20_std": 0.360884,
        "nauc_ndcg_at_20_diff1": -0.097588,
        "nauc_ndcg_at_100_max": 0.260593,
        "nauc_ndcg_at_100_std": 0.375672,
        "nauc_ndcg_at_100_diff1": -0.139413,
        "nauc_ndcg_at_1000_max": 0.351907,
        "nauc_ndcg_at_1000_std": 0.294931,
        "nauc_ndcg_at_1000_diff1": -0.13152,
        "nauc_map_at_1_max": -0.014281,
        "nauc_map_at_1_std": 0.395529,
        "nauc_map_at_1_diff1": 0.066492,
        "nauc_map_at_3_max": 0.062168,
        "nauc_map_at_3_std": 0.300917,
        "nauc_map_at_3_diff1": 0.006723,
        "nauc_map_at_5_max": 0.064318,
        "nauc_map_at_5_std": 0.357738,
        "nauc_map_at_5_diff1": -0.073205,
        "nauc_map_at_10_max": 0.132288,
        "nauc_map_at_10_std": 0.341176,
        "nauc_map_at_10_diff1": -0.159228,
        "nauc_map_at_20_max": 0.203737,
        "nauc_map_at_20_std": 0.330112,
        "nauc_map_at_20_diff1": -0.209148,
        "nauc_map_at_100_max": 0.205352,
        "nauc_map_at_100_std": 0.39451,
        "nauc_map_at_100_diff1": -0.285169,
        "nauc_map_at_1000_max": 0.384515,
        "nauc_map_at_1000_std": 0.403354,
        "nauc_map_at_1000_diff1": -0.234843,
        "nauc_recall_at_1_max": -0.014281,
        "nauc_recall_at_1_std": 0.395529,
        "nauc_recall_at_1_diff1": 0.066492,
        "nauc_recall_at_3_max": 0.097629,
        "nauc_recall_at_3_std": 0.259075,
        "nauc_recall_at_3_diff1": 0.055452,
        "nauc_recall_at_5_max": 0.136651,
        "nauc_recall_at_5_std": 0.336988,
        "nauc_recall_at_5_diff1": -0.042504,
        "nauc_recall_at_10_max": 0.182416,
        "nauc_recall_at_10_std": 0.301916,
        "nauc_recall_at_10_diff1": -0.075935,
        "nauc_recall_at_20_max": 0.25858,
        "nauc_recall_at_20_std": 0.26213,
        "nauc_recall_at_20_diff1": -0.11559,
        "nauc_recall_at_100_max": 0.244824,
        "nauc_recall_at_100_std": 0.300969,
        "nauc_recall_at_100_diff1": -0.19413,
        "nauc_recall_at_1000_max": 0.395531,
        "nauc_recall_at_1000_std": 0.245201,
        "nauc_recall_at_1000_diff1": -0.099877,
        "nauc_precision_at_1_max": -0.039891,
        "nauc_precision_at_1_std": 0.488685,
        "nauc_precision_at_1_diff1": 0.039575,
        "nauc_precision_at_3_max": 0.07623,
        "nauc_precision_at_3_std": 0.335769,
        "nauc_precision_at_3_diff1": 0.045032,
        "nauc_precision_at_5_max": 0.122858,
        "nauc_precision_at_5_std": 0.424734,
        "nauc_precision_at_5_diff1": -0.03617,
        "nauc_precision_at_10_max": 0.179054,
        "nauc_precision_at_10_std": 0.366074,
        "nauc_precision_at_10_diff1": -0.102527,
        "nauc_precision_at_20_max": 0.250329,
        "nauc_precision_at_20_std": 0.353306,
        "nauc_precision_at_20_diff1": -0.118592,
        "nauc_precision_at_100_max": 0.257981,
        "nauc_precision_at_100_std": 0.389182,
        "nauc_precision_at_100_diff1": -0.176618,
        "nauc_precision_at_1000_max": 0.387682,
        "nauc_precision_at_1000_std": 0.317818,
        "nauc_precision_at_1000_diff1": -0.121532,
        "nauc_mrr_at_1_max": -0.039891,
        "nauc_mrr_at_1_std": 0.488685,
        "nauc_mrr_at_1_diff1": 0.039575,
        "nauc_mrr_at_3_max": 0.010048,
        "nauc_mrr_at_3_std": 0.421088,
        "nauc_mrr_at_3_diff1": 0.036784,
        "nauc_mrr_at_5_max": 0.045503,
        "nauc_mrr_at_5_std": 0.431926,
        "nauc_mrr_at_5_diff1": 0.034925,
        "nauc_mrr_at_10_max": 0.01946,
        "nauc_mrr_at_10_std": 0.408685,
        "nauc_mrr_at_10_diff1": 0.044601,
        "nauc_mrr_at_20_max": 0.020527,
        "nauc_mrr_at_20_std": 0.406164,
        "nauc_mrr_at_20_diff1": 0.042774,
        "nauc_mrr_at_100_max": 0.022565,
        "nauc_mrr_at_100_std": 0.407574,
        "nauc_mrr_at_100_diff1": 0.043642,
        "nauc_mrr_at_1000_max": 0.02133,
        "nauc_mrr_at_1000_std": 0.408246,
        "nauc_mrr_at_1000_diff1": 0.043173,
        "main_score": 0.15288,
        "hf_subset": "default",
        "languages": [
          "eng-Latn"
        ]
      }
    ]
  },
  "evaluation_time": 1118.0095801353455,
  "kg_co2_emissions": null
}