{
  "dataset_revision": "ec0fa4fe99da2ff19ca1214b7966684033a58814",
  "task_name": "NFCorpus",
  "mteb_version": "1.39.7",
  "scores": {
    "test": [
      {
        "ndcg_at_1": 0.13777,
        "ndcg_at_3": 0.11752,
        "ndcg_at_5": 0.11312,
        "ndcg_at_10": 0.1012,
        "ndcg_at_20": 0.0956,
        "ndcg_at_100": 0.10336,
        "ndcg_at_1000": 0.18832,
        "map_at_1": 0.02208,
        "map_at_3": 0.03055,
        "map_at_5": 0.03626,
        "map_at_10": 0.03933,
        "map_at_20": 0.042,
        "map_at_100": 0.04515,
        "map_at_1000": 0.05079,
        "recall_at_1": 0.02208,
        "recall_at_3": 0.03402,
        "recall_at_5": 0.04552,
        "recall_at_10": 0.05352,
        "recall_at_20": 0.06811,
        "recall_at_100": 0.11952,
        "recall_at_1000": 0.40301,
        "precision_at_1": 0.14551,
        "precision_at_3": 0.10526,
        "precision_at_5": 0.0935,
        "precision_at_10": 0.07028,
        "precision_at_20": 0.05232,
        "precision_at_100": 0.02526,
        "precision_at_1000": 0.01314,
        "mrr_at_1": 0.145511,
        "mrr_at_3": 0.175955,
        "mrr_at_5": 0.187564,
        "mrr_at_10": 0.19626,
        "mrr_at_20": 0.201902,
        "mrr_at_100": 0.206792,
        "mrr_at_1000": 0.2079,
        "nauc_ndcg_at_1_max": 0.348526,
        "nauc_ndcg_at_1_std": 0.105585,
        "nauc_ndcg_at_1_diff1": 0.333983,
        "nauc_ndcg_at_3_max": 0.299005,
        "nauc_ndcg_at_3_std": 0.121739,
        "nauc_ndcg_at_3_diff1": 0.30695,
        "nauc_ndcg_at_5_max": 0.293084,
        "nauc_ndcg_at_5_std": 0.121641,
        "nauc_ndcg_at_5_diff1": 0.255284,
        "nauc_ndcg_at_10_max": 0.300751,
        "nauc_ndcg_at_10_std": 0.09534,
        "nauc_ndcg_at_10_diff1": 0.240526,
        "nauc_ndcg_at_20_max": 0.291553,
        "nauc_ndcg_at_20_std": 0.104915,
        "nauc_ndcg_at_20_diff1": 0.238278,
        "nauc_ndcg_at_100_max": 0.325332,
        "nauc_ndcg_at_100_std": 0.096713,
        "nauc_ndcg_at_100_diff1": 0.234516,
        "nauc_ndcg_at_1000_max": 0.334192,
        "nauc_ndcg_at_1000_std": 0.056364,
        "nauc_ndcg_at_1000_diff1": 0.204273,
        "nauc_map_at_1_max": 0.215975,
        "nauc_map_at_1_std": 0.08213,
        "nauc_map_at_1_diff1": 0.672756,
        "nauc_map_at_3_max": 0.233627,
        "nauc_map_at_3_std": 0.154714,
        "nauc_map_at_3_diff1": 0.581509,
        "nauc_map_at_5_max": 0.255429,
        "nauc_map_at_5_std": 0.201031,
        "nauc_map_at_5_diff1": 0.484059,
        "nauc_map_at_10_max": 0.270821,
        "nauc_map_at_10_std": 0.184841,
        "nauc_map_at_10_diff1": 0.457149,
        "nauc_map_at_20_max": 0.274648,
        "nauc_map_at_20_std": 0.178168,
        "nauc_map_at_20_diff1": 0.429586,
        "nauc_map_at_100_max": 0.286671,
        "nauc_map_at_100_std": 0.166224,
        "nauc_map_at_100_diff1": 0.40706,
        "nauc_map_at_1000_max": 0.285992,
        "nauc_map_at_1000_std": 0.161034,
        "nauc_map_at_1000_diff1": 0.3905,
        "nauc_recall_at_1_max": 0.215975,
        "nauc_recall_at_1_std": 0.08213,
        "nauc_recall_at_1_diff1": 0.672756,
        "nauc_recall_at_3_max": 0.205845,
        "nauc_recall_at_3_std": 0.13713,
        "nauc_recall_at_3_diff1": 0.530123,
        "nauc_recall_at_5_max": 0.242609,
        "nauc_recall_at_5_std": 0.20078,
        "nauc_recall_at_5_diff1": 0.369791,
        "nauc_recall_at_10_max": 0.269518,
        "nauc_recall_at_10_std": 0.157204,
        "nauc_recall_at_10_diff1": 0.338067,
        "nauc_recall_at_20_max": 0.281987,
        "nauc_recall_at_20_std": 0.125069,
        "nauc_recall_at_20_diff1": 0.249778,
        "nauc_recall_at_100_max": 0.297465,
        "nauc_recall_at_100_std": 0.058306,
        "nauc_recall_at_100_diff1": 0.116327,
        "nauc_recall_at_1000_max": 0.259566,
        "nauc_recall_at_1000_std": -0.016754,
        "nauc_recall_at_1000_diff1": 0.041172,
        "nauc_precision_at_1_max": 0.36541,
        "nauc_precision_at_1_std": 0.103742,
        "nauc_precision_at_1_diff1": 0.3075,
        "nauc_precision_at_3_max": 0.302502,
        "nauc_precision_at_3_std": 0.137403,
        "nauc_precision_at_3_diff1": 0.225389,
        "nauc_precision_at_5_max": 0.296486,
        "nauc_precision_at_5_std": 0.135002,
        "nauc_precision_at_5_diff1": 0.114819,
        "nauc_precision_at_10_max": 0.316783,
        "nauc_precision_at_10_std": 0.055744,
        "nauc_precision_at_10_diff1": 0.050925,
        "nauc_precision_at_20_max": 0.254247,
        "nauc_precision_at_20_std": 0.035301,
        "nauc_precision_at_20_diff1": -0.014426,
        "nauc_precision_at_100_max": 0.241121,
        "nauc_precision_at_100_std": -0.012624,
        "nauc_precision_at_100_diff1": -0.066856,
        "nauc_precision_at_1000_max": 0.037777,
        "nauc_precision_at_1000_std": 0.066263,
        "nauc_precision_at_1000_diff1": 0.003456,
        "nauc_mrr_at_1_max": 0.36541,
        "nauc_mrr_at_1_std": 0.103742,
        "nauc_mrr_at_1_diff1": 0.3075,
        "nauc_mrr_at_3_max": 0.296581,
        "nauc_mrr_at_3_std": 0.116368,
        "nauc_mrr_at_3_diff1": 0.274984,
        "nauc_mrr_at_5_max": 0.294648,
        "nauc_mrr_at_5_std": 0.110355,
        "nauc_mrr_at_5_diff1": 0.247003,
        "nauc_mrr_at_10_max": 0.299477,
        "nauc_mrr_at_10_std": 0.106783,
        "nauc_mrr_at_10_diff1": 0.245104,
        "nauc_mrr_at_20_max": 0.296392,
        "nauc_mrr_at_20_std": 0.103144,
        "nauc_mrr_at_20_diff1": 0.24077,
        "nauc_mrr_at_100_max": 0.301595,
        "nauc_mrr_at_100_std": 0.100749,
        "nauc_mrr_at_100_diff1": 0.240547,
        "nauc_mrr_at_1000_max": 0.30178,
        "nauc_mrr_at_1000_std": 0.100908,
        "nauc_mrr_at_1000_diff1": 0.240927,
        "main_score": 0.1012,
        "hf_subset": "default",
        "languages": [
          "eng-Latn"
        ]
      }
    ]
  },
  "evaluation_time": 13.180233240127563,
  "kg_co2_emissions": null
}