{
  "map_at_10": 0.03589,
  "mrr_at_10": 0.23185131195335276,
  "ndcg_at_10": 0.11022,
  "recall_at_10": 0.06359,
  "recall_at_100": 0.18008
}
