{
  "map_at_10": 0.01743,
  "mrr_at_10": 0.1511175898931001,
  "ndcg_at_10": 0.06614,
  "recall_at_10": 0.03622,
  "recall_at_100": 0.10172
}
