{
  "map_at_10": 0.00739,
  "mrr_at_10": 0.08724489795918368,
  "ndcg_at_10": 0.03297,
  "recall_at_10": 0.01734,
  "recall_at_100": 0.05725
}
