{
  "map_at_10": 0.06927,
  "mrr_at_10": 0.3399335924846129,
  "ndcg_at_10": 0.16998,
  "recall_at_10": 0.12121,
  "recall_at_100": 0.36931
}
