{
  "map_at_10": 0.01325,
  "mrr_at_10": 0.11056851311953353,
  "ndcg_at_10": 0.05345,
  "recall_at_10": 0.02887,
  "recall_at_100": 0.09024
}
