{
  "map_at_10": 0.01908,
  "mrr_at_10": 0.18658892128279886,
  "ndcg_at_10": 0.07534,
  "recall_at_10": 0.03729,
  "recall_at_100": 0.11139
}
