{
  "map_at_10": 0.02566,
  "mrr_at_10": 0.2330741820537739,
  "ndcg_at_10": 0.0942,
  "recall_at_10": 0.0463,
  "recall_at_100": 0.12497
}
