{
  "map_at_10": 0.03352,
  "mrr_at_10": 0.23590864917395526,
  "ndcg_at_10": 0.10629,
  "recall_at_10": 0.05694,
  "recall_at_100": 0.14277
}
