{
  "map_at_10": 0.01022,
  "mrr_at_10": 0.09676870748299318,
  "ndcg_at_10": 0.04175,
  "recall_at_10": 0.02144,
  "recall_at_100": 0.07606
}
