{
  "map_at_10": 0.04343,
  "mrr_at_10": 0.29823453190800137,
  "ndcg_at_10": 0.12608,
  "recall_at_10": 0.07646,
  "recall_at_100": 0.25354
}
