{
  "map_at_10": 0.08172,
  "mrr_at_10": 0.3653547133138971,
  "ndcg_at_10": 0.20055,
  "recall_at_10": 0.14687,
  "recall_at_100": 0.42562
}
