{
  "map_at_10": 0.08179,
  "mrr_at_10": 0.3755587949465501,
  "ndcg_at_10": 0.20073,
  "recall_at_10": 0.14425,
  "recall_at_100": 0.42591
}
