{
  "map_at_10": 0.08234,
  "mrr_at_10": 0.3670553935860058,
  "ndcg_at_10": 0.20136,
  "recall_at_10": 0.14687,
  "recall_at_100": 0.42669
}
