{
  "map_at_10": 0.08216,
  "mrr_at_10": 0.36365403304178817,
  "ndcg_at_10": 0.20139,
  "recall_at_10": 0.14789,
  "recall_at_100": 0.42591
}
