{
  "map_at_10": 0.08156,
  "mrr_at_10": 0.3670553935860058,
  "ndcg_at_10": 0.19925,
  "recall_at_10": 0.14425,
  "recall_at_100": 0.42484
}
