{
  "map_at_10": 0.08217,
  "mrr_at_10": 0.3573858114674441,
  "ndcg_at_10": 0.20064,
  "recall_at_10": 0.14737,
  "recall_at_100": 0.42786
}
