{
  "map_at_10": 0.08067,
  "mrr_at_10": 0.3653547133138971,
  "ndcg_at_10": 0.19832,
  "recall_at_10": 0.14425,
  "recall_at_100": 0.42484
}
