{
  "map_at_10": 0.08145,
  "mrr_at_10": 0.36535471331389696,
  "ndcg_at_10": 0.19961,
  "recall_at_10": 0.14323,
  "recall_at_100": 0.42562
}
