{
  "map_at_10": 0.08125,
  "mrr_at_10": 0.3772594752186589,
  "ndcg_at_10": 0.19956,
  "recall_at_10": 0.14323,
  "recall_at_100": 0.42562
}
