{
  "map_at_10": 0.08354,
  "mrr_at_10": 0.3755587949465501,
  "ndcg_at_10": 0.20437,
  "recall_at_10": 0.14789,
  "recall_at_100": 0.42484
}
