{
  "map_at_10": 0.07778,
  "mrr_at_10": 0.25208928571428574,
  "ndcg_at_10": 0.13671,
  "recall_at_10": 0.14142,
  "recall_at_100": 0.32357
}
