{
  "dataset_revision": "bb9466bac8153a0349341eb1b22e06409e78ef4e",
  "task_name": "TRECCOVID",
  "mteb_version": "1.39.7",
  "scores": {
    "test": [
      {
        "ndcg_at_1": 0.71,
        "ndcg_at_3": 0.71939,
        "ndcg_at_5": 0.69898,
        "ndcg_at_10": 0.67152,
        "ndcg_at_20": 0.62861,
        "ndcg_at_100": 0.48496,
        "ndcg_at_1000": 0.41291,
        "map_at_1": 0.002,
        "map_at_3": 0.00541,
        "map_at_5": 0.00835,
        "map_at_10": 0.01483,
        "map_at_20": 0.02566,
        "map_at_100": 0.07753,
        "map_at_1000": 0.17712,
        "recall_at_1": 0.002,
        "recall_at_3": 0.00583,
        "recall_at_5": 0.00944,
        "recall_at_10": 0.01781,
        "recall_at_20": 0.03191,
        "recall_at_100": 0.1113,
        "recall_at_1000": 0.38273,
        "precision_at_1": 0.78,
        "precision_at_3": 0.77333,
        "precision_at_5": 0.756,
        "precision_at_10": 0.72,
        "precision_at_20": 0.665,
        "precision_at_100": 0.494,
        "precision_at_1000": 0.18608,
        "mrr_at_1": 0.78,
        "mrr_at_3": 0.856667,
        "mrr_at_5": 0.871667,
        "mrr_at_10": 0.871667,
        "mrr_at_20": 0.871667,
        "mrr_at_100": 0.871667,
        "mrr_at_1000": 0.871667,
        "nauc_ndcg_at_1_max": 0.353573,
        "nauc_ndcg_at_1_std": 0.382864,
        "nauc_ndcg_at_1_diff1": 0.171416,
        "nauc_ndcg_at_3_max": 0.440613,
        "nauc_ndcg_at_3_std": 0.503958,
        "nauc_ndcg_at_3_diff1": -0.031784,
        "nauc_ndcg_at_5_max": 0.424969,
        "nauc_ndcg_at_5_std": 0.566885,
        "nauc_ndcg_at_5_diff1": -0.062814,
        "nauc_ndcg_at_10_max": 0.417632,
        "nauc_ndcg_at_10_std": 0.613933,
        "nauc_ndcg_at_10_diff1": -0.065533,
        "nauc_ndcg_at_20_max": 0.408635,
        "nauc_ndcg_at_20_std": 0.645751,
        "nauc_ndcg_at_20_diff1": -0.091264,
        "nauc_ndcg_at_100_max": 0.508258,
        "nauc_ndcg_at_100_std": 0.796251,
        "nauc_ndcg_at_100_diff1": -0.124544,
        "nauc_ndcg_at_1000_max": 0.593072,
        "nauc_ndcg_at_1000_std": 0.829485,
        "nauc_ndcg_at_1000_diff1": -0.179346,
        "nauc_map_at_1_max": 0.12618,
        "nauc_map_at_1_std": -0.038802,
        "nauc_map_at_1_diff1": 0.158573,
        "nauc_map_at_3_max": 0.148368,
        "nauc_map_at_3_std": 0.048273,
        "nauc_map_at_3_diff1": -0.046264,
        "nauc_map_at_5_max": 0.087991,
        "nauc_map_at_5_std": 0.111248,
        "nauc_map_at_5_diff1": -0.09355,
        "nauc_map_at_10_max": 0.159176,
        "nauc_map_at_10_std": 0.245204,
        "nauc_map_at_10_diff1": -0.122126,
        "nauc_map_at_20_max": 0.230312,
        "nauc_map_at_20_std": 0.36464,
        "nauc_map_at_20_diff1": -0.151408,
        "nauc_map_at_100_max": 0.526626,
        "nauc_map_at_100_std": 0.771058,
        "nauc_map_at_100_diff1": -0.132459,
        "nauc_map_at_1000_max": 0.604779,
        "nauc_map_at_1000_std": 0.870579,
        "nauc_map_at_1000_diff1": -0.156921,
        "nauc_recall_at_1_max": 0.12618,
        "nauc_recall_at_1_std": -0.038802,
        "nauc_recall_at_1_diff1": 0.158573,
        "nauc_recall_at_3_max": 0.119708,
        "nauc_recall_at_3_std": 0.003691,
        "nauc_recall_at_3_diff1": -0.050872,
        "nauc_recall_at_5_max": 0.018844,
        "nauc_recall_at_5_std": 0.018822,
        "nauc_recall_at_5_diff1": -0.095917,
        "nauc_recall_at_10_max": 0.080988,
        "nauc_recall_at_10_std": 0.10989,
        "nauc_recall_at_10_diff1": -0.101841,
        "nauc_recall_at_20_max": 0.159831,
        "nauc_recall_at_20_std": 0.217229,
        "nauc_recall_at_20_diff1": -0.126288,
        "nauc_recall_at_100_max": 0.461349,
        "nauc_recall_at_100_std": 0.614849,
        "nauc_recall_at_100_diff1": -0.137854,
        "nauc_recall_at_1000_max": 0.577118,
        "nauc_recall_at_1000_std": 0.737397,
        "nauc_recall_at_1000_diff1": -0.177002,
        "nauc_precision_at_1_max": 0.382807,
        "nauc_precision_at_1_std": 0.449529,
        "nauc_precision_at_1_diff1": 0.221218,
        "nauc_precision_at_3_max": 0.488781,
        "nauc_precision_at_3_std": 0.567332,
        "nauc_precision_at_3_diff1": -0.057267,
        "nauc_precision_at_5_max": 0.347084,
        "nauc_precision_at_5_std": 0.563881,
        "nauc_precision_at_5_diff1": -0.088818,
        "nauc_precision_at_10_max": 0.430839,
        "nauc_precision_at_10_std": 0.680805,
        "nauc_precision_at_10_diff1": -0.09884,
        "nauc_precision_at_20_max": 0.419907,
        "nauc_precision_at_20_std": 0.683985,
        "nauc_precision_at_20_diff1": -0.121031,
        "nauc_precision_at_100_max": 0.537305,
        "nauc_precision_at_100_std": 0.825403,
        "nauc_precision_at_100_diff1": -0.118823,
        "nauc_precision_at_1000_max": 0.430816,
        "nauc_precision_at_1000_std": 0.663173,
        "nauc_precision_at_1000_diff1": -0.131222,
        "nauc_mrr_at_1_max": 0.382807,
        "nauc_mrr_at_1_std": 0.449529,
        "nauc_mrr_at_1_diff1": 0.221218,
        "nauc_mrr_at_3_max": 0.478664,
        "nauc_mrr_at_3_std": 0.521359,
        "nauc_mrr_at_3_diff1": 0.190012,
        "nauc_mrr_at_5_max": 0.445419,
        "nauc_mrr_at_5_std": 0.491436,
        "nauc_mrr_at_5_diff1": 0.20831,
        "nauc_mrr_at_10_max": 0.445419,
        "nauc_mrr_at_10_std": 0.491436,
        "nauc_mrr_at_10_diff1": 0.20831,
        "nauc_mrr_at_20_max": 0.445419,
        "nauc_mrr_at_20_std": 0.491436,
        "nauc_mrr_at_20_diff1": 0.20831,
        "nauc_mrr_at_100_max": 0.445419,
        "nauc_mrr_at_100_std": 0.491436,
        "nauc_mrr_at_100_diff1": 0.20831,
        "nauc_mrr_at_1000_max": 0.445419,
        "nauc_mrr_at_1000_std": 0.491436,
        "nauc_mrr_at_1000_diff1": 0.20831,
        "main_score": 0.67152,
        "hf_subset": "default",
        "languages": [
          "eng-Latn"
        ]
      }
    ]
  },
  "evaluation_time": 196.93312048912048,
  "kg_co2_emissions": null
}