{
  "dataset_revision": "f8c2fcf00f625baaa80f62ec5bd9e1fff3b8ae88",
  "task_name": "SCIDOCS",
  "mteb_version": "1.39.7",
  "scores": {
    "test": [
      {
        "ndcg_at_1": 0.003,
        "ndcg_at_3": 0.00247,
        "ndcg_at_5": 0.00206,
        "ndcg_at_10": 0.00227,
        "ndcg_at_20": 0.00301,
        "ndcg_at_100": 0.006,
        "ndcg_at_1000": 0.02096,
        "map_at_1": 0.0006,
        "map_at_3": 0.00093,
        "map_at_5": 0.00102,
        "map_at_10": 0.00107,
        "map_at_20": 0.0012,
        "map_at_100": 0.00142,
        "map_at_1000": 0.0017,
        "recall_at_1": 0.0006,
        "recall_at_3": 0.0014,
        "recall_at_5": 0.0018,
        "recall_at_10": 0.0022,
        "recall_at_20": 0.00398,
        "recall_at_100": 0.01403,
        "recall_at_1000": 0.09052,
        "precision_at_1": 0.003,
        "precision_at_3": 0.00233,
        "precision_at_5": 0.0018,
        "precision_at_10": 0.0011,
        "precision_at_20": 0.00095,
        "precision_at_100": 0.00069,
        "precision_at_1000": 0.00045,
        "mrr_at_1": 0.003,
        "mrr_at_3": 0.004667,
        "mrr_at_5": 0.005117,
        "mrr_at_10": 0.00536,
        "mrr_at_20": 0.005928,
        "mrr_at_100": 0.006957,
        "mrr_at_1000": 0.007835,
        "nauc_ndcg_at_1_max": -0.082104,
        "nauc_ndcg_at_1_std": -0.053931,
        "nauc_ndcg_at_1_diff1": 0.661926,
        "nauc_ndcg_at_3_max": -0.060977,
        "nauc_ndcg_at_3_std": 0.127706,
        "nauc_ndcg_at_3_diff1": 0.270909,
        "nauc_ndcg_at_5_max": -0.034325,
        "nauc_ndcg_at_5_std": 0.038568,
        "nauc_ndcg_at_5_diff1": 0.211339,
        "nauc_ndcg_at_10_max": -0.00865,
        "nauc_ndcg_at_10_std": 0.029545,
        "nauc_ndcg_at_10_diff1": 0.185723,
        "nauc_ndcg_at_20_max": -0.05393,
        "nauc_ndcg_at_20_std": 0.024077,
        "nauc_ndcg_at_20_diff1": 0.147779,
        "nauc_ndcg_at_100_max": -0.107763,
        "nauc_ndcg_at_100_std": 0.100315,
        "nauc_ndcg_at_100_diff1": 0.136887,
        "nauc_ndcg_at_1000_max": -0.006833,
        "nauc_ndcg_at_1000_std": -0.028348,
        "nauc_ndcg_at_1000_diff1": 0.058476,
        "nauc_map_at_1_max": -0.082104,
        "nauc_map_at_1_std": -0.053931,
        "nauc_map_at_1_diff1": 0.661926,
        "nauc_map_at_3_max": -0.054918,
        "nauc_map_at_3_std": 0.094388,
        "nauc_map_at_3_diff1": 0.335783,
        "nauc_map_at_5_max": -0.037023,
        "nauc_map_at_5_std": 0.039212,
        "nauc_map_at_5_diff1": 0.28982,
        "nauc_map_at_10_max": -0.027751,
        "nauc_map_at_10_std": 0.036746,
        "nauc_map_at_10_diff1": 0.273039,
        "nauc_map_at_20_max": -0.047412,
        "nauc_map_at_20_std": 0.02962,
        "nauc_map_at_20_diff1": 0.243873,
        "nauc_map_at_100_max": -0.067569,
        "nauc_map_at_100_std": 0.057623,
        "nauc_map_at_100_diff1": 0.23671,
        "nauc_map_at_1000_max": -0.052928,
        "nauc_map_at_1000_std": 0.036773,
        "nauc_map_at_1000_diff1": 0.197311,
        "nauc_recall_at_1_max": -0.082104,
        "nauc_recall_at_1_std": -0.053931,
        "nauc_recall_at_1_diff1": 0.661926,
        "nauc_recall_at_3_max": -0.075204,
        "nauc_recall_at_3_std": 0.193223,
        "nauc_recall_at_3_diff1": 0.144927,
        "nauc_recall_at_5_max": -0.030349,
        "nauc_recall_at_5_std": 0.030916,
        "nauc_recall_at_5_diff1": 0.077542,
        "nauc_recall_at_10_max": 0.028344,
        "nauc_recall_at_10_std": 0.009318,
        "nauc_recall_at_10_diff1": 0.053687,
        "nauc_recall_at_20_max": -0.070795,
        "nauc_recall_at_20_std": 0.009023,
        "nauc_recall_at_20_diff1": 0.042163,
        "nauc_recall_at_100_max": -0.131885,
        "nauc_recall_at_100_std": 0.12211,
        "nauc_recall_at_100_diff1": 0.085258,
        "nauc_recall_at_1000_max": 0.02008,
        "nauc_recall_at_1000_std": -0.062909,
        "nauc_recall_at_1000_diff1": 0.033864,
        "nauc_precision_at_1_max": -0.082104,
        "nauc_precision_at_1_std": -0.053931,
        "nauc_precision_at_1_diff1": 0.661926,
        "nauc_precision_at_3_max": -0.075204,
        "nauc_precision_at_3_std": 0.193223,
        "nauc_precision_at_3_diff1": 0.144927,
        "nauc_precision_at_5_max": -0.030349,
        "nauc_precision_at_5_std": 0.030916,
        "nauc_precision_at_5_diff1": 0.077542,
        "nauc_precision_at_10_max": 0.028344,
        "nauc_precision_at_10_std": 0.009318,
        "nauc_precision_at_10_diff1": 0.053687,
        "nauc_precision_at_20_max": -0.057574,
        "nauc_precision_at_20_std": 0.020914,
        "nauc_precision_at_20_diff1": 0.055654,
        "nauc_precision_at_100_max": -0.133157,
        "nauc_precision_at_100_std": 0.129412,
        "nauc_precision_at_100_diff1": 0.091008,
        "nauc_precision_at_1000_max": 0.016942,
        "nauc_precision_at_1000_std": -0.058511,
        "nauc_precision_at_1000_diff1": 0.041093,
        "nauc_mrr_at_1_max": -0.082104,
        "nauc_mrr_at_1_std": -0.053931,
        "nauc_mrr_at_1_diff1": 0.661926,
        "nauc_mrr_at_3_max": -0.054918,
        "nauc_mrr_at_3_std": 0.094388,
        "nauc_mrr_at_3_diff1": 0.335783,
        "nauc_mrr_at_5_max": -0.037023,
        "nauc_mrr_at_5_std": 0.039212,
        "nauc_mrr_at_5_diff1": 0.28982,
        "nauc_mrr_at_10_max": -0.027751,
        "nauc_mrr_at_10_std": 0.036746,
        "nauc_mrr_at_10_diff1": 0.273039,
        "nauc_mrr_at_20_max": -0.043764,
        "nauc_mrr_at_20_std": 0.033379,
        "nauc_mrr_at_20_diff1": 0.250285,
        "nauc_mrr_at_100_max": -0.06204,
        "nauc_mrr_at_100_std": 0.057858,
        "nauc_mrr_at_100_diff1": 0.243112,
        "nauc_mrr_at_1000_max": -0.058422,
        "nauc_mrr_at_1000_std": 0.051484,
        "nauc_mrr_at_1000_diff1": 0.222202,
        "main_score": 0.00227,
        "hf_subset": "default",
        "languages": [
          "eng-Latn"
        ]
      }
    ]
  },
  "evaluation_time": 48.6211838722229,
  "kg_co2_emissions": null
}