{
  "dataset_revision": "f8c2fcf00f625baaa80f62ec5bd9e1fff3b8ae88",
  "task_name": "SCIDOCS",
  "mteb_version": "1.39.7",
  "scores": {
    "test": [
      {
        "ndcg_at_1": 0.17,
        "ndcg_at_3": 0.13484,
        "ndcg_at_5": 0.11799,
        "ndcg_at_10": 0.13749,
        "ndcg_at_20": 0.15742,
        "ndcg_at_100": 0.19899,
        "ndcg_at_1000": 0.25058,
        "map_at_1": 0.0343,
        "map_at_3": 0.05849,
        "map_at_5": 0.06978,
        "map_at_10": 0.07858,
        "map_at_20": 0.08499,
        "map_at_100": 0.09234,
        "map_at_1000": 0.09473,
        "recall_at_1": 0.0343,
        "recall_at_3": 0.07535,
        "recall_at_5": 0.10423,
        "recall_at_10": 0.14018,
        "recall_at_20": 0.1872,
        "recall_at_100": 0.32112,
        "recall_at_1000": 0.57718,
        "precision_at_1": 0.17,
        "precision_at_3": 0.12433,
        "precision_at_5": 0.1028,
        "precision_at_10": 0.0691,
        "precision_at_20": 0.0461,
        "precision_at_100": 0.01583,
        "precision_at_1000": 0.00284,
        "mrr_at_1": 0.17,
        "mrr_at_3": 0.228833,
        "mrr_at_5": 0.245283,
        "mrr_at_10": 0.25619,
        "mrr_at_20": 0.262501,
        "mrr_at_100": 0.267323,
        "mrr_at_1000": 0.268157,
        "nauc_ndcg_at_1_max": 0.236948,
        "nauc_ndcg_at_1_std": 0.089545,
        "nauc_ndcg_at_1_diff1": 0.202897,
        "nauc_ndcg_at_3_max": 0.252287,
        "nauc_ndcg_at_3_std": 0.127206,
        "nauc_ndcg_at_3_diff1": 0.184984,
        "nauc_ndcg_at_5_max": 0.254315,
        "nauc_ndcg_at_5_std": 0.146374,
        "nauc_ndcg_at_5_diff1": 0.1617,
        "nauc_ndcg_at_10_max": 0.272074,
        "nauc_ndcg_at_10_std": 0.171682,
        "nauc_ndcg_at_10_diff1": 0.151432,
        "nauc_ndcg_at_20_max": 0.285527,
        "nauc_ndcg_at_20_std": 0.203488,
        "nauc_ndcg_at_20_diff1": 0.143605,
        "nauc_ndcg_at_100_max": 0.300595,
        "nauc_ndcg_at_100_std": 0.265008,
        "nauc_ndcg_at_100_diff1": 0.138302,
        "nauc_ndcg_at_1000_max": 0.313942,
        "nauc_ndcg_at_1000_std": 0.289059,
        "nauc_ndcg_at_1000_diff1": 0.144074,
        "nauc_map_at_1_max": 0.236934,
        "nauc_map_at_1_std": 0.091255,
        "nauc_map_at_1_diff1": 0.200666,
        "nauc_map_at_3_max": 0.255752,
        "nauc_map_at_3_std": 0.113836,
        "nauc_map_at_3_diff1": 0.193058,
        "nauc_map_at_5_max": 0.256651,
        "nauc_map_at_5_std": 0.123336,
        "nauc_map_at_5_diff1": 0.173597,
        "nauc_map_at_10_max": 0.275587,
        "nauc_map_at_10_std": 0.146622,
        "nauc_map_at_10_diff1": 0.166464,
        "nauc_map_at_20_max": 0.286683,
        "nauc_map_at_20_std": 0.16737,
        "nauc_map_at_20_diff1": 0.159844,
        "nauc_map_at_100_max": 0.290498,
        "nauc_map_at_100_std": 0.190952,
        "nauc_map_at_100_diff1": 0.156598,
        "nauc_map_at_1000_max": 0.291461,
        "nauc_map_at_1000_std": 0.194628,
        "nauc_map_at_1000_diff1": 0.156077,
        "nauc_recall_at_1_max": 0.236934,
        "nauc_recall_at_1_std": 0.091255,
        "nauc_recall_at_1_diff1": 0.200666,
        "nauc_recall_at_3_max": 0.253249,
        "nauc_recall_at_3_std": 0.141451,
        "nauc_recall_at_3_diff1": 0.173142,
        "nauc_recall_at_5_max": 0.248113,
        "nauc_recall_at_5_std": 0.163623,
        "nauc_recall_at_5_diff1": 0.132447,
        "nauc_recall_at_10_max": 0.274511,
        "nauc_recall_at_10_std": 0.203886,
        "nauc_recall_at_10_diff1": 0.113979,
        "nauc_recall_at_20_max": 0.284332,
        "nauc_recall_at_20_std": 0.256181,
        "nauc_recall_at_20_diff1": 0.095086,
        "nauc_recall_at_100_max": 0.293879,
        "nauc_recall_at_100_std": 0.369726,
        "nauc_recall_at_100_diff1": 0.077701,
        "nauc_recall_at_1000_max": 0.30676,
        "nauc_recall_at_1000_std": 0.421333,
        "nauc_recall_at_1000_diff1": 0.085483,
        "nauc_precision_at_1_max": 0.236948,
        "nauc_precision_at_1_std": 0.089545,
        "nauc_precision_at_1_diff1": 0.202897,
        "nauc_precision_at_3_max": 0.253667,
        "nauc_precision_at_3_std": 0.139539,
        "nauc_precision_at_3_diff1": 0.17532,
        "nauc_precision_at_5_max": 0.252298,
        "nauc_precision_at_5_std": 0.16511,
        "nauc_precision_at_5_diff1": 0.13659,
        "nauc_precision_at_10_max": 0.279074,
        "nauc_precision_at_10_std": 0.204861,
        "nauc_precision_at_10_diff1": 0.117274,
        "nauc_precision_at_20_max": 0.28746,
        "nauc_precision_at_20_std": 0.254612,
        "nauc_precision_at_20_diff1": 0.095292,
        "nauc_precision_at_100_max": 0.293806,
        "nauc_precision_at_100_std": 0.363739,
        "nauc_precision_at_100_diff1": 0.077838,
        "nauc_precision_at_1000_max": 0.307177,
        "nauc_precision_at_1000_std": 0.410331,
        "nauc_precision_at_1000_diff1": 0.086984,
        "nauc_mrr_at_1_max": 0.236948,
        "nauc_mrr_at_1_std": 0.089545,
        "nauc_mrr_at_1_diff1": 0.202897,
        "nauc_mrr_at_3_max": 0.24422,
        "nauc_mrr_at_3_std": 0.131774,
        "nauc_mrr_at_3_diff1": 0.179914,
        "nauc_mrr_at_5_max": 0.246701,
        "nauc_mrr_at_5_std": 0.146708,
        "nauc_mrr_at_5_diff1": 0.170358,
        "nauc_mrr_at_10_max": 0.246184,
        "nauc_mrr_at_10_std": 0.148631,
        "nauc_mrr_at_10_diff1": 0.165798,
        "nauc_mrr_at_20_max": 0.246759,
        "nauc_mrr_at_20_std": 0.150853,
        "nauc_mrr_at_20_diff1": 0.166694,
        "nauc_mrr_at_100_max": 0.247786,
        "nauc_mrr_at_100_std": 0.152974,
        "nauc_mrr_at_100_diff1": 0.16794,
        "nauc_mrr_at_1000_max": 0.247777,
        "nauc_mrr_at_1000_std": 0.152886,
        "nauc_mrr_at_1000_diff1": 0.167884,
        "main_score": 0.13749,
        "hf_subset": "default",
        "languages": [
          "eng-Latn"
        ]
      }
    ]
  },
  "evaluation_time": 106.98964786529541,
  "kg_co2_emissions": null
}