{
  "map_at_10": 0.07881,
  "mrr_at_10": 0.25674404761904757,
  "ndcg_at_10": 0.13779,
  "recall_at_10": 0.14043,
  "recall_at_100": 0.32052
}
