{
  "map_at_10": 0.07862,
  "mrr_at_10": 0.256970238095238,
  "ndcg_at_10": 0.1376,
  "recall_at_10": 0.14018,
  "recall_at_100": 0.32212
}
