{
  "map_at_10": 0.07886,
  "mrr_at_10": 0.2567436507936507,
  "ndcg_at_10": 0.13803,
  "recall_at_10": 0.14103,
  "recall_at_100": 0.32012
}
