{
  "map_at_10": 0.07858,
  "mrr_at_10": 0.2561900793650793,
  "ndcg_at_10": 0.13749,
  "recall_at_10": 0.14018,
  "recall_at_100": 0.32112
}
