{
  "map_at_10": 0.07879,
  "mrr_at_10": 0.25666865079365075,
  "ndcg_at_10": 0.13798,
  "recall_at_10": 0.14098,
  "recall_at_100": 0.32152
}
