{
  "map_at_10": 0.07891,
  "mrr_at_10": 0.255353968253968,
  "ndcg_at_10": 0.13863,
  "recall_at_10": 0.14293,
  "recall_at_100": 0.31937
}
