{
  "map_at_10": 0.07879,
  "mrr_at_10": 0.25672460317460316,
  "ndcg_at_10": 0.13784,
  "recall_at_10": 0.14058,
  "recall_at_100": 0.32152
}
