{
  "map_at_10": 0.07893,
  "mrr_at_10": 0.2575436507936507,
  "ndcg_at_10": 0.13795,
  "recall_at_10": 0.14038,
  "recall_at_100": 0.32132
}
