{
  "map_at_10": 0.07861,
  "mrr_at_10": 0.25588373015873006,
  "ndcg_at_10": 0.13762,
  "recall_at_10": 0.14058,
  "recall_at_100": 0.32152
}
