{
  "map_at_10": 0.07885,
  "mrr_at_10": 0.2566642857142856,
  "ndcg_at_10": 0.13776,
  "recall_at_10": 0.14038,
  "recall_at_100": 0.32072
}
