{
  "dataset_revision": "bb9466bac8153a0349341eb1b22e06409e78ef4e",
  "task_name": "TRECCOVID",
  "mteb_version": "1.39.7",
  "scores": {
    "test": [
      {
        "ndcg_at_1": 0.28,
        "ndcg_at_3": 0.25765,
        "ndcg_at_5": 0.24459,
        "ndcg_at_10": 0.21744,
        "ndcg_at_20": 0.18058,
        "ndcg_at_100": 0.13215,
        "ndcg_at_1000": 0.11715,
        "map_at_1": 0.00096,
        "map_at_3": 0.00219,
        "map_at_5": 0.00305,
        "map_at_10": 0.00435,
        "map_at_20": 0.00594,
        "map_at_100": 0.01447,
        "map_at_1000": 0.0272,
        "recall_at_1": 0.00096,
        "recall_at_3": 0.00236,
        "recall_at_5": 0.0035,
        "recall_at_10": 0.00561,
        "recall_at_20": 0.00893,
        "recall_at_100": 0.02975,
        "recall_at_1000": 0.10741,
        "precision_at_1": 0.32,
        "precision_at_3": 0.28,
        "precision_at_5": 0.256,
        "precision_at_10": 0.214,
        "precision_at_20": 0.173,
        "precision_at_100": 0.1276,
        "precision_at_1000": 0.0493,
        "mrr_at_1": 0.32,
        "mrr_at_3": 0.366667,
        "mrr_at_5": 0.381667,
        "mrr_at_10": 0.401881,
        "mrr_at_20": 0.409875,
        "mrr_at_100": 0.414961,
        "mrr_at_1000": 0.415202,
        "nauc_ndcg_at_1_max": 0.233507,
        "nauc_ndcg_at_1_std": 0.361877,
        "nauc_ndcg_at_1_diff1": -0.036605,
        "nauc_ndcg_at_3_max": 0.263143,
        "nauc_ndcg_at_3_std": 0.45547,
        "nauc_ndcg_at_3_diff1": -0.048401,
        "nauc_ndcg_at_5_max": 0.294674,
        "nauc_ndcg_at_5_std": 0.469275,
        "nauc_ndcg_at_5_diff1": -0.045926,
        "nauc_ndcg_at_10_max": 0.332112,
        "nauc_ndcg_at_10_std": 0.429934,
        "nauc_ndcg_at_10_diff1": -0.070166,
        "nauc_ndcg_at_20_max": 0.316407,
        "nauc_ndcg_at_20_std": 0.423921,
        "nauc_ndcg_at_20_diff1": -0.072889,
        "nauc_ndcg_at_100_max": 0.371437,
        "nauc_ndcg_at_100_std": 0.508296,
        "nauc_ndcg_at_100_diff1": -0.155558,
        "nauc_ndcg_at_1000_max": 0.395055,
        "nauc_ndcg_at_1000_std": 0.466787,
        "nauc_ndcg_at_1000_diff1": -0.14704,
        "nauc_map_at_1_max": 0.107428,
        "nauc_map_at_1_std": 0.432632,
        "nauc_map_at_1_diff1": 0.029001,
        "nauc_map_at_3_max": 0.17596,
        "nauc_map_at_3_std": 0.522932,
        "nauc_map_at_3_diff1": 0.051879,
        "nauc_map_at_5_max": 0.206108,
        "nauc_map_at_5_std": 0.514851,
        "nauc_map_at_5_diff1": 0.045118,
        "nauc_map_at_10_max": 0.227959,
        "nauc_map_at_10_std": 0.452209,
        "nauc_map_at_10_diff1": 0.038945,
        "nauc_map_at_20_max": 0.204036,
        "nauc_map_at_20_std": 0.44742,
        "nauc_map_at_20_diff1": 0.04221,
        "nauc_map_at_100_max": 0.228569,
        "nauc_map_at_100_std": 0.602559,
        "nauc_map_at_100_diff1": -0.000557,
        "nauc_map_at_1000_max": 0.420043,
        "nauc_map_at_1000_std": 0.651857,
        "nauc_map_at_1000_diff1": -0.130544,
        "nauc_recall_at_1_max": 0.107428,
        "nauc_recall_at_1_std": 0.432632,
        "nauc_recall_at_1_diff1": 0.029001,
        "nauc_recall_at_3_max": 0.209114,
        "nauc_recall_at_3_std": 0.475516,
        "nauc_recall_at_3_diff1": 0.025256,
        "nauc_recall_at_5_max": 0.251069,
        "nauc_recall_at_5_std": 0.456524,
        "nauc_recall_at_5_diff1": 0.043202,
        "nauc_recall_at_10_max": 0.283734,
        "nauc_recall_at_10_std": 0.386168,
        "nauc_recall_at_10_diff1": 0.024107,
        "nauc_recall_at_20_max": 0.250831,
        "nauc_recall_at_20_std": 0.371689,
        "nauc_recall_at_20_diff1": 0.021125,
        "nauc_recall_at_100_max": 0.275256,
        "nauc_recall_at_100_std": 0.504676,
        "nauc_recall_at_100_diff1": -0.086432,
        "nauc_recall_at_1000_max": 0.415699,
        "nauc_recall_at_1000_std": 0.419807,
        "nauc_recall_at_1000_diff1": -0.174402,
        "nauc_precision_at_1_max": 0.262041,
        "nauc_precision_at_1_std": 0.429787,
        "nauc_precision_at_1_diff1": -0.052981,
        "nauc_precision_at_3_max": 0.312769,
        "nauc_precision_at_3_std": 0.487836,
        "nauc_precision_at_3_diff1": -0.090759,
        "nauc_precision_at_5_max": 0.342517,
        "nauc_precision_at_5_std": 0.476094,
        "nauc_precision_at_5_diff1": -0.071273,
        "nauc_precision_at_10_max": 0.38095,
        "nauc_precision_at_10_std": 0.401368,
        "nauc_precision_at_10_diff1": -0.108805,
        "nauc_precision_at_20_max": 0.3527,
        "nauc_precision_at_20_std": 0.38355,
        "nauc_precision_at_20_diff1": -0.094307,
        "nauc_precision_at_100_max": 0.400119,
        "nauc_precision_at_100_std": 0.50831,
        "nauc_precision_at_100_diff1": -0.177165,
        "nauc_precision_at_1000_max": 0.505583,
        "nauc_precision_at_1000_std": 0.419872,
        "nauc_precision_at_1000_diff1": -0.276616,
        "nauc_mrr_at_1_max": 0.262041,
        "nauc_mrr_at_1_std": 0.429787,
        "nauc_mrr_at_1_diff1": -0.052981,
        "nauc_mrr_at_3_max": 0.288541,
        "nauc_mrr_at_3_std": 0.386243,
        "nauc_mrr_at_3_diff1": -0.082289,
        "nauc_mrr_at_5_max": 0.284348,
        "nauc_mrr_at_5_std": 0.38018,
        "nauc_mrr_at_5_diff1": -0.074608,
        "nauc_mrr_at_10_max": 0.299535,
        "nauc_mrr_at_10_std": 0.389467,
        "nauc_mrr_at_10_diff1": -0.101095,
        "nauc_mrr_at_20_max": 0.304466,
        "nauc_mrr_at_20_std": 0.390431,
        "nauc_mrr_at_20_diff1": -0.109637,
        "nauc_mrr_at_100_max": 0.299428,
        "nauc_mrr_at_100_std": 0.392148,
        "nauc_mrr_at_100_diff1": -0.106649,
        "nauc_mrr_at_1000_max": 0.299344,
        "nauc_mrr_at_1000_std": 0.392091,
        "nauc_mrr_at_1000_diff1": -0.106417,
        "main_score": 0.21744,
        "hf_subset": "default",
        "languages": [
          "eng-Latn"
        ]
      }
    ]
  },
  "evaluation_time": 682.7946305274963,
  "kg_co2_emissions": null
}