{
  "dataset_revision": "ec0fa4fe99da2ff19ca1214b7966684033a58814",
  "task_name": "NFCorpus",
  "mteb_version": "1.39.7",
  "scores": {
    "test": [
      {
        "ndcg_at_1": 0.05882,
        "ndcg_at_3": 0.05867,
        "ndcg_at_5": 0.05272,
        "ndcg_at_10": 0.05173,
        "ndcg_at_20": 0.04987,
        "ndcg_at_100": 0.06232,
        "ndcg_at_1000": 0.14761,
        "map_at_1": 0.00684,
        "map_at_3": 0.01268,
        "map_at_5": 0.01396,
        "map_at_10": 0.01712,
        "map_at_20": 0.01819,
        "map_at_100": 0.02095,
        "map_at_1000": 0.02591,
        "recall_at_1": 0.00684,
        "recall_at_3": 0.01598,
        "recall_at_5": 0.01922,
        "recall_at_10": 0.03074,
        "recall_at_20": 0.0393,
        "recall_at_100": 0.08562,
        "recall_at_1000": 0.37359,
        "precision_at_1": 0.06502,
        "precision_at_3": 0.05779,
        "precision_at_5": 0.04706,
        "precision_at_10": 0.03994,
        "precision_at_20": 0.03034,
        "precision_at_100": 0.01969,
        "precision_at_1000": 0.01237,
        "mrr_at_1": 0.065015,
        "mrr_at_3": 0.094943,
        "mrr_at_5": 0.105005,
        "mrr_at_10": 0.111858,
        "mrr_at_20": 0.117682,
        "mrr_at_100": 0.122534,
        "mrr_at_1000": 0.12429,
        "nauc_ndcg_at_1_max": 0.345551,
        "nauc_ndcg_at_1_std": 0.111268,
        "nauc_ndcg_at_1_diff1": 0.267348,
        "nauc_ndcg_at_3_max": 0.284959,
        "nauc_ndcg_at_3_std": -0.004942,
        "nauc_ndcg_at_3_diff1": 0.131365,
        "nauc_ndcg_at_5_max": 0.289781,
        "nauc_ndcg_at_5_std": -0.02364,
        "nauc_ndcg_at_5_diff1": 0.103058,
        "nauc_ndcg_at_10_max": 0.264297,
        "nauc_ndcg_at_10_std": -0.034145,
        "nauc_ndcg_at_10_diff1": 0.101571,
        "nauc_ndcg_at_20_max": 0.286734,
        "nauc_ndcg_at_20_std": -0.016713,
        "nauc_ndcg_at_20_diff1": 0.094652,
        "nauc_ndcg_at_100_max": 0.29639,
        "nauc_ndcg_at_100_std": 0.015064,
        "nauc_ndcg_at_100_diff1": 0.088402,
        "nauc_ndcg_at_1000_max": 0.278494,
        "nauc_ndcg_at_1000_std": -0.015092,
        "nauc_ndcg_at_1000_diff1": 0.03673,
        "nauc_map_at_1_max": 0.797207,
        "nauc_map_at_1_std": 0.044341,
        "nauc_map_at_1_diff1": 0.514839,
        "nauc_map_at_3_max": 0.53929,
        "nauc_map_at_3_std": -0.017864,
        "nauc_map_at_3_diff1": 0.25966,
        "nauc_map_at_5_max": 0.525582,
        "nauc_map_at_5_std": 0.003496,
        "nauc_map_at_5_diff1": 0.245638,
        "nauc_map_at_10_max": 0.455128,
        "nauc_map_at_10_std": -0.006065,
        "nauc_map_at_10_diff1": 0.233331,
        "nauc_map_at_20_max": 0.447683,
        "nauc_map_at_20_std": -0.000622,
        "nauc_map_at_20_diff1": 0.221864,
        "nauc_map_at_100_max": 0.440453,
        "nauc_map_at_100_std": -0.007373,
        "nauc_map_at_100_diff1": 0.203982,
        "nauc_map_at_1000_max": 0.420362,
        "nauc_map_at_1000_std": -0.010974,
        "nauc_map_at_1000_diff1": 0.171728,
        "nauc_recall_at_1_max": 0.797207,
        "nauc_recall_at_1_std": 0.044341,
        "nauc_recall_at_1_diff1": 0.514839,
        "nauc_recall_at_3_max": 0.414397,
        "nauc_recall_at_3_std": -0.059376,
        "nauc_recall_at_3_diff1": 0.146679,
        "nauc_recall_at_5_max": 0.383472,
        "nauc_recall_at_5_std": -0.017198,
        "nauc_recall_at_5_diff1": 0.126738,
        "nauc_recall_at_10_max": 0.204114,
        "nauc_recall_at_10_std": -0.022698,
        "nauc_recall_at_10_diff1": 0.108096,
        "nauc_recall_at_20_max": 0.22146,
        "nauc_recall_at_20_std": 0.018985,
        "nauc_recall_at_20_diff1": 0.11955,
        "nauc_recall_at_100_max": 0.194321,
        "nauc_recall_at_100_std": 0.037837,
        "nauc_recall_at_100_diff1": 0.099607,
        "nauc_recall_at_1000_max": 0.138924,
        "nauc_recall_at_1000_std": -0.009665,
        "nauc_recall_at_1000_diff1": 0.04879,
        "nauc_precision_at_1_max": 0.348749,
        "nauc_precision_at_1_std": 0.100548,
        "nauc_precision_at_1_diff1": 0.234517,
        "nauc_precision_at_3_max": 0.277978,
        "nauc_precision_at_3_std": -0.046023,
        "nauc_precision_at_3_diff1": 0.056331,
        "nauc_precision_at_5_max": 0.266912,
        "nauc_precision_at_5_std": -0.058673,
        "nauc_precision_at_5_diff1": 0.025782,
        "nauc_precision_at_10_max": 0.217591,
        "nauc_precision_at_10_std": -0.062998,
        "nauc_precision_at_10_diff1": 0.051214,
        "nauc_precision_at_20_max": 0.225648,
        "nauc_precision_at_20_std": -0.04931,
        "nauc_precision_at_20_diff1": -0.007167,
        "nauc_precision_at_100_max": 0.173849,
        "nauc_precision_at_100_std": -0.036565,
        "nauc_precision_at_100_diff1": -0.093626,
        "nauc_precision_at_1000_max": 0.098711,
        "nauc_precision_at_1000_std": -0.006952,
        "nauc_precision_at_1000_diff1": -0.11572,
        "nauc_mrr_at_1_max": 0.348749,
        "nauc_mrr_at_1_std": 0.100548,
        "nauc_mrr_at_1_diff1": 0.234517,
        "nauc_mrr_at_3_max": 0.26325,
        "nauc_mrr_at_3_std": 0.013828,
        "nauc_mrr_at_3_diff1": 0.098857,
        "nauc_mrr_at_5_max": 0.254956,
        "nauc_mrr_at_5_std": -0.000505,
        "nauc_mrr_at_5_diff1": 0.081621,
        "nauc_mrr_at_10_max": 0.237422,
        "nauc_mrr_at_10_std": -0.005384,
        "nauc_mrr_at_10_diff1": 0.079198,
        "nauc_mrr_at_20_max": 0.244585,
        "nauc_mrr_at_20_std": -0.002561,
        "nauc_mrr_at_20_diff1": 0.07429,
        "nauc_mrr_at_100_max": 0.246052,
        "nauc_mrr_at_100_std": 0.001511,
        "nauc_mrr_at_100_diff1": 0.070943,
        "nauc_mrr_at_1000_max": 0.246291,
        "nauc_mrr_at_1000_std": 0.001746,
        "nauc_mrr_at_1000_diff1": 0.072979,
        "main_score": 0.05173,
        "hf_subset": "default",
        "languages": [
          "eng-Latn"
        ]
      }
    ]
  },
  "evaluation_time": 44.125120639801025,
  "kg_co2_emissions": null
}