{
  "dataset_revision": "ec0fa4fe99da2ff19ca1214b7966684033a58814",
  "task_name": "NFCorpus",
  "mteb_version": "1.39.7",
  "scores": {
    "test": [
      {
        "ndcg_at_1": 0.00929,
        "ndcg_at_3": 0.01166,
        "ndcg_at_5": 0.01179,
        "ndcg_at_10": 0.01091,
        "ndcg_at_20": 0.01032,
        "ndcg_at_100": 0.01811,
        "ndcg_at_1000": 0.09708,
        "map_at_1": 0.00014,
        "map_at_3": 0.00037,
        "map_at_5": 0.00049,
        "map_at_10": 0.00064,
        "map_at_20": 0.00083,
        "map_at_100": 0.00153,
        "map_at_1000": 0.0053,
        "recall_at_1": 0.00014,
        "recall_at_3": 0.00079,
        "recall_at_5": 0.00125,
        "recall_at_10": 0.00252,
        "recall_at_20": 0.0056,
        "recall_at_100": 0.02782,
        "recall_at_1000": 0.29856,
        "precision_at_1": 0.00929,
        "precision_at_3": 0.01238,
        "precision_at_5": 0.01238,
        "precision_at_10": 0.01084,
        "precision_at_20": 0.00913,
        "precision_at_100": 0.01093,
        "precision_at_1000": 0.01134,
        "mrr_at_1": 0.009288,
        "mrr_at_3": 0.01806,
        "mrr_at_5": 0.02162,
        "mrr_at_10": 0.025408,
        "mrr_at_20": 0.028494,
        "mrr_at_100": 0.034182,
        "mrr_at_1000": 0.036413,
        "nauc_ndcg_at_1_max": -0.160355,
        "nauc_ndcg_at_1_std": 0.248855,
        "nauc_ndcg_at_1_diff1": 0.304335,
        "nauc_ndcg_at_3_max": -0.097836,
        "nauc_ndcg_at_3_std": 0.192388,
        "nauc_ndcg_at_3_diff1": 0.307237,
        "nauc_ndcg_at_5_max": -0.109615,
        "nauc_ndcg_at_5_std": 0.170064,
        "nauc_ndcg_at_5_diff1": 0.248866,
        "nauc_ndcg_at_10_max": -0.087967,
        "nauc_ndcg_at_10_std": 0.140559,
        "nauc_ndcg_at_10_diff1": 0.210854,
        "nauc_ndcg_at_20_max": -0.072491,
        "nauc_ndcg_at_20_std": 0.135454,
        "nauc_ndcg_at_20_diff1": 0.180132,
        "nauc_ndcg_at_100_max": -0.04992,
        "nauc_ndcg_at_100_std": 0.072814,
        "nauc_ndcg_at_100_diff1": 0.102859,
        "nauc_ndcg_at_1000_max": -0.039121,
        "nauc_ndcg_at_1000_std": 0.088822,
        "nauc_ndcg_at_1000_diff1": 0.042481,
        "nauc_map_at_1_max": -0.19827,
        "nauc_map_at_1_std": 0.311786,
        "nauc_map_at_1_diff1": 0.318638,
        "nauc_map_at_3_max": -0.254055,
        "nauc_map_at_3_std": 0.491025,
        "nauc_map_at_3_diff1": 0.539069,
        "nauc_map_at_5_max": -0.048784,
        "nauc_map_at_5_std": 0.283447,
        "nauc_map_at_5_diff1": 0.320169,
        "nauc_map_at_10_max": 0.035132,
        "nauc_map_at_10_std": 0.137309,
        "nauc_map_at_10_diff1": 0.178417,
        "nauc_map_at_20_max": 0.050387,
        "nauc_map_at_20_std": 0.13559,
        "nauc_map_at_20_diff1": 0.168952,
        "nauc_map_at_100_max": 0.003853,
        "nauc_map_at_100_std": 0.098321,
        "nauc_map_at_100_diff1": 0.125736,
        "nauc_map_at_1000_max": -0.045737,
        "nauc_map_at_1000_std": 0.102069,
        "nauc_map_at_1000_diff1": 0.107872,
        "nauc_recall_at_1_max": -0.19827,
        "nauc_recall_at_1_std": 0.311786,
        "nauc_recall_at_1_diff1": 0.318638,
        "nauc_recall_at_3_max": -0.280134,
        "nauc_recall_at_3_std": 0.566732,
        "nauc_recall_at_3_diff1": 0.619488,
        "nauc_recall_at_5_max": 0.050571,
        "nauc_recall_at_5_std": 0.209997,
        "nauc_recall_at_5_diff1": 0.240337,
        "nauc_recall_at_10_max": 0.189481,
        "nauc_recall_at_10_std": -0.079631,
        "nauc_recall_at_10_diff1": -0.047897,
        "nauc_recall_at_20_max": 0.165647,
        "nauc_recall_at_20_std": 0.020536,
        "nauc_recall_at_20_diff1": 0.035333,
        "nauc_recall_at_100_max": -0.017082,
        "nauc_recall_at_100_std": 0.03398,
        "nauc_recall_at_100_diff1": 0.07023,
        "nauc_recall_at_1000_max": 0.008432,
        "nauc_recall_at_1000_std": 0.085734,
        "nauc_recall_at_1000_diff1": -0.00349,
        "nauc_precision_at_1_max": -0.160355,
        "nauc_precision_at_1_std": 0.248855,
        "nauc_precision_at_1_diff1": 0.304335,
        "nauc_precision_at_3_max": -0.089227,
        "nauc_precision_at_3_std": 0.187663,
        "nauc_precision_at_3_diff1": 0.318032,
        "nauc_precision_at_5_max": -0.089896,
        "nauc_precision_at_5_std": 0.143246,
        "nauc_precision_at_5_diff1": 0.217695,
        "nauc_precision_at_10_max": -0.061836,
        "nauc_precision_at_10_std": 0.120288,
        "nauc_precision_at_10_diff1": 0.18267,
        "nauc_precision_at_20_max": -0.076175,
        "nauc_precision_at_20_std": 0.10361,
        "nauc_precision_at_20_diff1": 0.129538,
        "nauc_precision_at_100_max": -0.061638,
        "nauc_precision_at_100_std": 0.05611,
        "nauc_precision_at_100_diff1": 0.089735,
        "nauc_precision_at_1000_max": -0.059888,
        "nauc_precision_at_1000_std": 0.078302,
        "nauc_precision_at_1000_diff1": 0.092945,
        "nauc_mrr_at_1_max": -0.160355,
        "nauc_mrr_at_1_std": 0.248855,
        "nauc_mrr_at_1_diff1": 0.304335,
        "nauc_mrr_at_3_max": -0.088795,
        "nauc_mrr_at_3_std": 0.177439,
        "nauc_mrr_at_3_diff1": 0.250169,
        "nauc_mrr_at_5_max": -0.070711,
        "nauc_mrr_at_5_std": 0.139735,
        "nauc_mrr_at_5_diff1": 0.190925,
        "nauc_mrr_at_10_max": -0.044931,
        "nauc_mrr_at_10_std": 0.111972,
        "nauc_mrr_at_10_diff1": 0.158166,
        "nauc_mrr_at_20_max": -0.040544,
        "nauc_mrr_at_20_std": 0.101562,
        "nauc_mrr_at_20_diff1": 0.138323,
        "nauc_mrr_at_100_max": -0.029748,
        "nauc_mrr_at_100_std": 0.088642,
        "nauc_mrr_at_100_diff1": 0.129363,
        "nauc_mrr_at_1000_max": -0.027916,
        "nauc_mrr_at_1000_std": 0.090348,
        "nauc_mrr_at_1000_diff1": 0.127899,
        "main_score": 0.01091,
        "hf_subset": "default",
        "languages": [
          "eng-Latn"
        ]
      }
    ]
  },
  "evaluation_time": 19.412949800491333,
  "kg_co2_emissions": null
}