{
  "dataset_revision": "ec0fa4fe99da2ff19ca1214b7966684033a58814",
  "task_name": "NFCorpus",
  "mteb_version": "1.39.7",
  "scores": {
    "test": [
      {
        "ndcg_at_1": 0.02167,
        "ndcg_at_3": 0.01683,
        "ndcg_at_5": 0.01502,
        "ndcg_at_10": 0.01288,
        "ndcg_at_20": 0.01338,
        "ndcg_at_100": 0.01864,
        "ndcg_at_1000": 0.09171,
        "map_at_1": 0.00061,
        "map_at_3": 0.0009,
        "map_at_5": 0.00098,
        "map_at_10": 0.00112,
        "map_at_20": 0.00137,
        "map_at_100": 0.00193,
        "map_at_1000": 0.0052,
        "recall_at_1": 0.00061,
        "recall_at_3": 0.00118,
        "recall_at_5": 0.00158,
        "recall_at_10": 0.00251,
        "recall_at_20": 0.00587,
        "recall_at_100": 0.02485,
        "recall_at_1000": 0.27479,
        "precision_at_1": 0.02167,
        "precision_at_3": 0.01548,
        "precision_at_5": 0.01424,
        "precision_at_10": 0.01207,
        "precision_at_20": 0.01238,
        "precision_at_100": 0.0105,
        "precision_at_1000": 0.01062,
        "mrr_at_1": 0.01548,
        "mrr_at_3": 0.028896,
        "mrr_at_5": 0.032456,
        "mrr_at_10": 0.03827,
        "mrr_at_20": 0.041987,
        "mrr_at_100": 0.048786,
        "mrr_at_1000": 0.050458,
        "nauc_ndcg_at_1_max": -0.215571,
        "nauc_ndcg_at_1_std": -0.054274,
        "nauc_ndcg_at_1_diff1": -0.085485,
        "nauc_ndcg_at_3_max": -0.166942,
        "nauc_ndcg_at_3_std": 0.03804,
        "nauc_ndcg_at_3_diff1": 0.068242,
        "nauc_ndcg_at_5_max": -0.122251,
        "nauc_ndcg_at_5_std": 0.000667,
        "nauc_ndcg_at_5_diff1": -0.015511,
        "nauc_ndcg_at_10_max": -0.08772,
        "nauc_ndcg_at_10_std": 0.02185,
        "nauc_ndcg_at_10_diff1": 0.031621,
        "nauc_ndcg_at_20_max": -0.039503,
        "nauc_ndcg_at_20_std": 0.019557,
        "nauc_ndcg_at_20_diff1": 0.040187,
        "nauc_ndcg_at_100_max": 0.062173,
        "nauc_ndcg_at_100_std": -0.048407,
        "nauc_ndcg_at_100_diff1": 0.071935,
        "nauc_ndcg_at_1000_max": 0.078095,
        "nauc_ndcg_at_1000_std": -0.028546,
        "nauc_ndcg_at_1000_diff1": 0.062608,
        "nauc_map_at_1_max": -0.446363,
        "nauc_map_at_1_std": 0.50331,
        "nauc_map_at_1_diff1": 0.478612,
        "nauc_map_at_3_max": -0.383591,
        "nauc_map_at_3_std": 0.474538,
        "nauc_map_at_3_diff1": 0.462292,
        "nauc_map_at_5_max": -0.360629,
        "nauc_map_at_5_std": 0.42694,
        "nauc_map_at_5_diff1": 0.400334,
        "nauc_map_at_10_max": -0.339048,
        "nauc_map_at_10_std": 0.386196,
        "nauc_map_at_10_diff1": 0.357468,
        "nauc_map_at_20_max": -0.249553,
        "nauc_map_at_20_std": 0.289896,
        "nauc_map_at_20_diff1": 0.290349,
        "nauc_map_at_100_max": -0.135159,
        "nauc_map_at_100_std": 0.181413,
        "nauc_map_at_100_diff1": 0.236343,
        "nauc_map_at_1000_max": -0.007091,
        "nauc_map_at_1000_std": 0.045992,
        "nauc_map_at_1000_diff1": 0.110856,
        "nauc_recall_at_1_max": -0.446363,
        "nauc_recall_at_1_std": 0.50331,
        "nauc_recall_at_1_diff1": 0.478612,
        "nauc_recall_at_3_max": -0.348827,
        "nauc_recall_at_3_std": 0.460233,
        "nauc_recall_at_3_diff1": 0.455319,
        "nauc_recall_at_5_max": -0.294912,
        "nauc_recall_at_5_std": 0.334182,
        "nauc_recall_at_5_diff1": 0.285188,
        "nauc_recall_at_10_max": -0.267645,
        "nauc_recall_at_10_std": 0.26512,
        "nauc_recall_at_10_diff1": 0.200634,
        "nauc_recall_at_20_max": 0.031846,
        "nauc_recall_at_20_std": -0.032407,
        "nauc_recall_at_20_diff1": 0.035458,
        "nauc_recall_at_100_max": 0.182944,
        "nauc_recall_at_100_std": -0.129483,
        "nauc_recall_at_100_diff1": 0.029809,
        "nauc_recall_at_1000_max": 0.094764,
        "nauc_recall_at_1000_std": -0.048915,
        "nauc_recall_at_1000_diff1": 0.014006,
        "nauc_precision_at_1_max": -0.215571,
        "nauc_precision_at_1_std": -0.054274,
        "nauc_precision_at_1_diff1": -0.085485,
        "nauc_precision_at_3_max": -0.144848,
        "nauc_precision_at_3_std": 0.072925,
        "nauc_precision_at_3_diff1": 0.13631,
        "nauc_precision_at_5_max": -0.064119,
        "nauc_precision_at_5_std": -0.013535,
        "nauc_precision_at_5_diff1": -0.032987,
        "nauc_precision_at_10_max": -0.048129,
        "nauc_precision_at_10_std": 0.048614,
        "nauc_precision_at_10_diff1": 0.063838,
        "nauc_precision_at_20_max": 0.005512,
        "nauc_precision_at_20_std": 0.019758,
        "nauc_precision_at_20_diff1": 0.051097,
        "nauc_precision_at_100_max": 0.12428,
        "nauc_precision_at_100_std": -0.123536,
        "nauc_precision_at_100_diff1": 0.000937,
        "nauc_precision_at_1000_max": 0.066645,
        "nauc_precision_at_1000_std": -0.060354,
        "nauc_precision_at_1000_diff1": -0.019957,
        "nauc_mrr_at_1_max": -0.283679,
        "nauc_mrr_at_1_std": 0.037812,
        "nauc_mrr_at_1_diff1": 0.094875,
        "nauc_mrr_at_3_max": -0.237495,
        "nauc_mrr_at_3_std": 0.093886,
        "nauc_mrr_at_3_diff1": 0.077991,
        "nauc_mrr_at_5_max": -0.209172,
        "nauc_mrr_at_5_std": 0.081239,
        "nauc_mrr_at_5_diff1": 0.065046,
        "nauc_mrr_at_10_max": -0.199302,
        "nauc_mrr_at_10_std": 0.091053,
        "nauc_mrr_at_10_diff1": 0.08212,
        "nauc_mrr_at_20_max": -0.183112,
        "nauc_mrr_at_20_std": 0.089656,
        "nauc_mrr_at_20_diff1": 0.07844,
        "nauc_mrr_at_100_max": -0.1523,
        "nauc_mrr_at_100_std": 0.06804,
        "nauc_mrr_at_100_diff1": 0.075238,
        "nauc_mrr_at_1000_max": -0.154041,
        "nauc_mrr_at_1000_std": 0.06875,
        "nauc_mrr_at_1000_diff1": 0.074211,
        "main_score": 0.01288,
        "hf_subset": "default",
        "languages": [
          "eng-Latn"
        ]
      }
    ]
  },
  "evaluation_time": 44.40039396286011,
  "kg_co2_emissions": null
}