{
  "dataset_revision": "27a168819829fe9bcd655c2df245fb19452e8e06",
  "task_name": "FiQA2018",
  "mteb_version": "1.39.7",
  "scores": {
    "test": [
      {
        "ndcg_at_1": 0.23457,
        "ndcg_at_3": 0.22739,
        "ndcg_at_5": 0.23558,
        "ndcg_at_10": 0.25903,
        "ndcg_at_20": 0.27747,
        "ndcg_at_100": 0.31645,
        "ndcg_at_1000": 0.3563,
        "map_at_1": 0.11539,
        "map_at_3": 0.1681,
        "map_at_5": 0.18214,
        "map_at_10": 0.19606,
        "map_at_20": 0.20251,
        "map_at_100": 0.20932,
        "map_at_1000": 0.21129,
        "recall_at_1": 0.11539,
        "recall_at_3": 0.20863,
        "recall_at_5": 0.24961,
        "recall_at_10": 0.32156,
        "recall_at_20": 0.37848,
        "recall_at_100": 0.54054,
        "recall_at_1000": 0.78753,
        "precision_at_1": 0.23457,
        "precision_at_3": 0.15844,
        "precision_at_5": 0.11574,
        "precision_at_10": 0.07623,
        "precision_at_20": 0.0456,
        "precision_at_100": 0.01366,
        "precision_at_1000": 0.00204,
        "mrr_at_1": 0.234568,
        "mrr_at_3": 0.296296,
        "mrr_at_5": 0.307253,
        "mrr_at_10": 0.318975,
        "mrr_at_20": 0.323584,
        "mrr_at_100": 0.327208,
        "mrr_at_1000": 0.327987,
        "nauc_ndcg_at_1_max": 0.133172,
        "nauc_ndcg_at_1_std": -0.086737,
        "nauc_ndcg_at_1_diff1": 0.380123,
        "nauc_ndcg_at_3_max": 0.155608,
        "nauc_ndcg_at_3_std": -0.037706,
        "nauc_ndcg_at_3_diff1": 0.34274,
        "nauc_ndcg_at_5_max": 0.147955,
        "nauc_ndcg_at_5_std": -0.0453,
        "nauc_ndcg_at_5_diff1": 0.34297,
        "nauc_ndcg_at_10_max": 0.15211,
        "nauc_ndcg_at_10_std": -0.018078,
        "nauc_ndcg_at_10_diff1": 0.333267,
        "nauc_ndcg_at_20_max": 0.147878,
        "nauc_ndcg_at_20_std": -0.013599,
        "nauc_ndcg_at_20_diff1": 0.329786,
        "nauc_ndcg_at_100_max": 0.165359,
        "nauc_ndcg_at_100_std": 0.023694,
        "nauc_ndcg_at_100_diff1": 0.31722,
        "nauc_ndcg_at_1000_max": 0.18378,
        "nauc_ndcg_at_1000_std": 0.044023,
        "nauc_ndcg_at_1000_diff1": 0.313441,
        "nauc_map_at_1_max": 0.083502,
        "nauc_map_at_1_std": -0.11516,
        "nauc_map_at_1_diff1": 0.419953,
        "nauc_map_at_3_max": 0.124481,
        "nauc_map_at_3_std": -0.057461,
        "nauc_map_at_3_diff1": 0.379823,
        "nauc_map_at_5_max": 0.134938,
        "nauc_map_at_5_std": -0.059213,
        "nauc_map_at_5_diff1": 0.372823,
        "nauc_map_at_10_max": 0.139569,
        "nauc_map_at_10_std": -0.044242,
        "nauc_map_at_10_diff1": 0.36197,
        "nauc_map_at_20_max": 0.139561,
        "nauc_map_at_20_std": -0.041241,
        "nauc_map_at_20_diff1": 0.359553,
        "nauc_map_at_100_max": 0.144991,
        "nauc_map_at_100_std": -0.032952,
        "nauc_map_at_100_diff1": 0.356969,
        "nauc_map_at_1000_max": 0.146089,
        "nauc_map_at_1000_std": -0.031179,
        "nauc_map_at_1000_diff1": 0.356409,
        "nauc_recall_at_1_max": 0.083502,
        "nauc_recall_at_1_std": -0.11516,
        "nauc_recall_at_1_diff1": 0.419953,
        "nauc_recall_at_3_max": 0.109485,
        "nauc_recall_at_3_std": -0.027952,
        "nauc_recall_at_3_diff1": 0.323885,
        "nauc_recall_at_5_max": 0.109996,
        "nauc_recall_at_5_std": -0.041285,
        "nauc_recall_at_5_diff1": 0.293618,
        "nauc_recall_at_10_max": 0.126367,
        "nauc_recall_at_10_std": 0.020008,
        "nauc_recall_at_10_diff1": 0.248689,
        "nauc_recall_at_20_max": 0.108561,
        "nauc_recall_at_20_std": 0.027359,
        "nauc_recall_at_20_diff1": 0.234349,
        "nauc_recall_at_100_max": 0.138156,
        "nauc_recall_at_100_std": 0.160217,
        "nauc_recall_at_100_diff1": 0.16617,
        "nauc_recall_at_1000_max": 0.254061,
        "nauc_recall_at_1000_std": 0.390312,
        "nauc_recall_at_1000_diff1": 0.081375,
        "nauc_precision_at_1_max": 0.133172,
        "nauc_precision_at_1_std": -0.086737,
        "nauc_precision_at_1_diff1": 0.380123,
        "nauc_precision_at_3_max": 0.209619,
        "nauc_precision_at_3_std": 0.005934,
        "nauc_precision_at_3_diff1": 0.271423,
        "nauc_precision_at_5_max": 0.22015,
        "nauc_precision_at_5_std": 0.015005,
        "nauc_precision_at_5_diff1": 0.241715,
        "nauc_precision_at_10_max": 0.225272,
        "nauc_precision_at_10_std": 0.078663,
        "nauc_precision_at_10_diff1": 0.174225,
        "nauc_precision_at_20_max": 0.212815,
        "nauc_precision_at_20_std": 0.105519,
        "nauc_precision_at_20_diff1": 0.139931,
        "nauc_precision_at_100_max": 0.236661,
        "nauc_precision_at_100_std": 0.195676,
        "nauc_precision_at_100_diff1": 0.049578,
        "nauc_precision_at_1000_max": 0.263307,
        "nauc_precision_at_1000_std": 0.227094,
        "nauc_precision_at_1000_diff1": -0.013684,
        "nauc_mrr_at_1_max": 0.133172,
        "nauc_mrr_at_1_std": -0.086737,
        "nauc_mrr_at_1_diff1": 0.380123,
        "nauc_mrr_at_3_max": 0.157989,
        "nauc_mrr_at_3_std": -0.042206,
        "nauc_mrr_at_3_diff1": 0.350858,
        "nauc_mrr_at_5_max": 0.15576,
        "nauc_mrr_at_5_std": -0.044929,
        "nauc_mrr_at_5_diff1": 0.342958,
        "nauc_mrr_at_10_max": 0.160016,
        "nauc_mrr_at_10_std": -0.03443,
        "nauc_mrr_at_10_diff1": 0.338428,
        "nauc_mrr_at_20_max": 0.159407,
        "nauc_mrr_at_20_std": -0.033895,
        "nauc_mrr_at_20_diff1": 0.336597,
        "nauc_mrr_at_100_max": 0.161105,
        "nauc_mrr_at_100_std": -0.031669,
        "nauc_mrr_at_100_diff1": 0.336758,
        "nauc_mrr_at_1000_max": 0.161235,
        "nauc_mrr_at_1000_std": -0.031548,
        "nauc_mrr_at_1000_diff1": 0.336947,
        "main_score": 0.25903,
        "hf_subset": "default",
        "languages": [
          "eng-Latn"
        ]
      }
    ]
  },
  "evaluation_time": 274.65828037261963,
  "kg_co2_emissions": null
}