{
  "dataset_revision": "f8c2fcf00f625baaa80f62ec5bd9e1fff3b8ae88",
  "task_name": "SCIDOCS",
  "mteb_version": "1.39.7",
  "scores": {
    "test": [
      {
        "ndcg_at_1": 0.166,
        "ndcg_at_3": 0.13206,
        "ndcg_at_5": 0.11422,
        "ndcg_at_10": 0.13563,
        "ndcg_at_20": 0.15727,
        "ndcg_at_100": 0.19941,
        "ndcg_at_1000": 0.25048,
        "map_at_1": 0.03355,
        "map_at_3": 0.05681,
        "map_at_5": 0.06762,
        "map_at_10": 0.07677,
        "map_at_20": 0.08398,
        "map_at_100": 0.09132,
        "map_at_1000": 0.09378,
        "recall_at_1": 0.03355,
        "recall_at_3": 0.0743,
        "recall_at_5": 0.1006,
        "recall_at_10": 0.14005,
        "recall_at_20": 0.1911,
        "recall_at_100": 0.3276,
        "recall_at_1000": 0.57993,
        "precision_at_1": 0.166,
        "precision_at_3": 0.12267,
        "precision_at_5": 0.0996,
        "precision_at_10": 0.0693,
        "precision_at_20": 0.0471,
        "precision_at_100": 0.01614,
        "precision_at_1000": 0.00286,
        "mrr_at_1": 0.166,
        "mrr_at_3": 0.223833,
        "mrr_at_5": 0.237883,
        "mrr_at_10": 0.250074,
        "mrr_at_20": 0.256644,
        "mrr_at_100": 0.261643,
        "mrr_at_1000": 0.262452,
        "nauc_ndcg_at_1_max": 0.206735,
        "nauc_ndcg_at_1_std": 0.085188,
        "nauc_ndcg_at_1_diff1": 0.226346,
        "nauc_ndcg_at_3_max": 0.245613,
        "nauc_ndcg_at_3_std": 0.13526,
        "nauc_ndcg_at_3_diff1": 0.190505,
        "nauc_ndcg_at_5_max": 0.245788,
        "nauc_ndcg_at_5_std": 0.151032,
        "nauc_ndcg_at_5_diff1": 0.185875,
        "nauc_ndcg_at_10_max": 0.255709,
        "nauc_ndcg_at_10_std": 0.182171,
        "nauc_ndcg_at_10_diff1": 0.167816,
        "nauc_ndcg_at_20_max": 0.266085,
        "nauc_ndcg_at_20_std": 0.212794,
        "nauc_ndcg_at_20_diff1": 0.159176,
        "nauc_ndcg_at_100_max": 0.281041,
        "nauc_ndcg_at_100_std": 0.267933,
        "nauc_ndcg_at_100_diff1": 0.147147,
        "nauc_ndcg_at_1000_max": 0.298368,
        "nauc_ndcg_at_1000_std": 0.293852,
        "nauc_ndcg_at_1000_diff1": 0.142022,
        "nauc_map_at_1_max": 0.205703,
        "nauc_map_at_1_std": 0.085314,
        "nauc_map_at_1_diff1": 0.223665,
        "nauc_map_at_3_max": 0.245207,
        "nauc_map_at_3_std": 0.121007,
        "nauc_map_at_3_diff1": 0.203344,
        "nauc_map_at_5_max": 0.250196,
        "nauc_map_at_5_std": 0.130818,
        "nauc_map_at_5_diff1": 0.207553,
        "nauc_map_at_10_max": 0.257676,
        "nauc_map_at_10_std": 0.152343,
        "nauc_map_at_10_diff1": 0.192917,
        "nauc_map_at_20_max": 0.265936,
        "nauc_map_at_20_std": 0.173145,
        "nauc_map_at_20_diff1": 0.187752,
        "nauc_map_at_100_max": 0.27106,
        "nauc_map_at_100_std": 0.195054,
        "nauc_map_at_100_diff1": 0.180917,
        "nauc_map_at_1000_max": 0.272725,
        "nauc_map_at_1000_std": 0.199897,
        "nauc_map_at_1000_diff1": 0.179738,
        "nauc_recall_at_1_max": 0.205703,
        "nauc_recall_at_1_std": 0.085314,
        "nauc_recall_at_1_diff1": 0.223665,
        "nauc_recall_at_3_max": 0.253916,
        "nauc_recall_at_3_std": 0.150856,
        "nauc_recall_at_3_diff1": 0.170269,
        "nauc_recall_at_5_max": 0.247758,
        "nauc_recall_at_5_std": 0.171588,
        "nauc_recall_at_5_diff1": 0.163588,
        "nauc_recall_at_10_max": 0.256374,
        "nauc_recall_at_10_std": 0.223258,
        "nauc_recall_at_10_diff1": 0.125871,
        "nauc_recall_at_20_max": 0.259425,
        "nauc_recall_at_20_std": 0.266976,
        "nauc_recall_at_20_diff1": 0.104701,
        "nauc_recall_at_100_max": 0.267884,
        "nauc_recall_at_100_std": 0.365346,
        "nauc_recall_at_100_diff1": 0.070718,
        "nauc_recall_at_1000_max": 0.291525,
        "nauc_recall_at_1000_std": 0.409859,
        "nauc_recall_at_1000_diff1": 0.033898,
        "nauc_precision_at_1_max": 0.206735,
        "nauc_precision_at_1_std": 0.085188,
        "nauc_precision_at_1_diff1": 0.226346,
        "nauc_precision_at_3_max": 0.256187,
        "nauc_precision_at_3_std": 0.150893,
        "nauc_precision_at_3_diff1": 0.173331,
        "nauc_precision_at_5_max": 0.250027,
        "nauc_precision_at_5_std": 0.171764,
        "nauc_precision_at_5_diff1": 0.16601,
        "nauc_precision_at_10_max": 0.259679,
        "nauc_precision_at_10_std": 0.224619,
        "nauc_precision_at_10_diff1": 0.128926,
        "nauc_precision_at_20_max": 0.263234,
        "nauc_precision_at_20_std": 0.266961,
        "nauc_precision_at_20_diff1": 0.107849,
        "nauc_precision_at_100_max": 0.270564,
        "nauc_precision_at_100_std": 0.359997,
        "nauc_precision_at_100_diff1": 0.074321,
        "nauc_precision_at_1000_max": 0.293171,
        "nauc_precision_at_1000_std": 0.400605,
        "nauc_precision_at_1000_diff1": 0.038219,
        "nauc_mrr_at_1_max": 0.206735,
        "nauc_mrr_at_1_std": 0.085188,
        "nauc_mrr_at_1_diff1": 0.226346,
        "nauc_mrr_at_3_max": 0.232164,
        "nauc_mrr_at_3_std": 0.136909,
        "nauc_mrr_at_3_diff1": 0.190907,
        "nauc_mrr_at_5_max": 0.230931,
        "nauc_mrr_at_5_std": 0.148732,
        "nauc_mrr_at_5_diff1": 0.18397,
        "nauc_mrr_at_10_max": 0.233407,
        "nauc_mrr_at_10_std": 0.15556,
        "nauc_mrr_at_10_diff1": 0.181292,
        "nauc_mrr_at_20_max": 0.235095,
        "nauc_mrr_at_20_std": 0.159608,
        "nauc_mrr_at_20_diff1": 0.180356,
        "nauc_mrr_at_100_max": 0.235939,
        "nauc_mrr_at_100_std": 0.160001,
        "nauc_mrr_at_100_diff1": 0.181668,
        "nauc_mrr_at_1000_max": 0.235918,
        "nauc_mrr_at_1000_std": 0.159745,
        "nauc_mrr_at_1000_diff1": 0.181899,
        "main_score": 0.13563,
        "hf_subset": "default",
        "languages": [
          "eng-Latn"
        ]
      }
    ]
  },
  "evaluation_time": 88.66355466842651,
  "kg_co2_emissions": null
}