{
  "map_at_10": 0.00032,
  "mrr_at_10": 0.0003911806543385491,
  "ndcg_at_10": 0.00058,
  "recall_at_10": 0.00142,
  "recall_at_100": 0.01636
}
