{
  "map_at_10": 0.00299,
  "mrr_at_10": 0.0029871977240398294,
  "ndcg_at_10": 0.00347,
  "recall_at_10": 0.00498,
  "recall_at_100": 0.02987
}
