{
  "map_at_10": 0.00036,
  "mrr_at_10": 0.0004267425320056899,
  "ndcg_at_10": 0.00045,
  "recall_at_10": 0.00071,
  "recall_at_100": 0.00853
}
