{
  "map_at_10": 0.00014,
  "mrr_at_10": 0.0007112375533428165,
  "ndcg_at_10": 0.00028,
  "recall_at_10": 0.00071,
  "recall_at_100": 0.0064
}
