{
  "map_at_10": 0.00163,
  "mrr_at_10": 0.0016299193930772878,
  "ndcg_at_10": 0.0021,
  "recall_at_10": 0.00356,
  "recall_at_100": 0.0256
}
