{
  "map_at_10": 0.00057,
  "mrr_at_10": 0.0013996138996138995,
  "ndcg_at_10": 0.00109,
  "recall_at_10": 0.00284,
  "recall_at_100": 0.0128
}
