{
  "map_at_10": 7e-05,
  "mrr_at_10": 0.0001422475106685633,
  "ndcg_at_10": 0.00021,
  "recall_at_10": 0.00071,
  "recall_at_100": 0.02205
}
