{
  "map_at_10": 0.00071,
  "mrr_at_10": 0.0007369211316579738,
  "ndcg_at_10": 0.00135,
  "recall_at_10": 0.00356,
  "recall_at_100": 0.02276
}
