{
  "map_at_10": 0.11165,
  "mrr_at_10": 0.11200298042403298,
  "ndcg_at_10": 0.14239,
  "recall_at_10": 0.24182,
  "recall_at_100": 0.45804
}
