{
  "dataset_revision": "0228b52cf27578f30900b9e5271d331663a030d7",
  "task_name": "SciFact",
  "mteb_version": "1.39.7",
  "scores": {
    "test": [
      {
        "ndcg_at_1": 0.40667,
        "ndcg_at_3": 0.48057,
        "ndcg_at_5": 0.51069,
        "ndcg_at_10": 0.53374,
        "ndcg_at_20": 0.54954,
        "ndcg_at_100": 0.57189,
        "ndcg_at_1000": 0.58754,
        "map_at_1": 0.384,
        "map_at_3": 0.45371,
        "map_at_5": 0.47171,
        "map_at_10": 0.48206,
        "map_at_20": 0.48721,
        "map_at_100": 0.49049,
        "map_at_1000": 0.49107,
        "recall_at_1": 0.384,
        "recall_at_3": 0.53244,
        "recall_at_5": 0.60794,
        "recall_at_10": 0.67389,
        "recall_at_20": 0.73272,
        "recall_at_100": 0.85189,
        "recall_at_1000": 0.97333,
        "precision_at_1": 0.40667,
        "precision_at_3": 0.19444,
        "precision_at_5": 0.134,
        "precision_at_10": 0.075,
        "precision_at_20": 0.0415,
        "precision_at_100": 0.00963,
        "precision_at_1000": 0.0011,
        "mrr_at_1": 0.406667,
        "mrr_at_3": 0.473333,
        "mrr_at_5": 0.49,
        "mrr_at_10": 0.500135,
        "mrr_at_20": 0.503535,
        "mrr_at_100": 0.506051,
        "mrr_at_1000": 0.506584,
        "nauc_ndcg_at_1_max": 0.461925,
        "nauc_ndcg_at_1_std": 0.032759,
        "nauc_ndcg_at_1_diff1": 0.733315,
        "nauc_ndcg_at_3_max": 0.491361,
        "nauc_ndcg_at_3_std": 0.056791,
        "nauc_ndcg_at_3_diff1": 0.645452,
        "nauc_ndcg_at_5_max": 0.502105,
        "nauc_ndcg_at_5_std": 0.072982,
        "nauc_ndcg_at_5_diff1": 0.641916,
        "nauc_ndcg_at_10_max": 0.514118,
        "nauc_ndcg_at_10_std": 0.080881,
        "nauc_ndcg_at_10_diff1": 0.640832,
        "nauc_ndcg_at_20_max": 0.517529,
        "nauc_ndcg_at_20_std": 0.093764,
        "nauc_ndcg_at_20_diff1": 0.635596,
        "nauc_ndcg_at_100_max": 0.510132,
        "nauc_ndcg_at_100_std": 0.082674,
        "nauc_ndcg_at_100_diff1": 0.635923,
        "nauc_ndcg_at_1000_max": 0.503482,
        "nauc_ndcg_at_1000_std": 0.080809,
        "nauc_ndcg_at_1000_diff1": 0.643595,
        "nauc_map_at_1_max": 0.427583,
        "nauc_map_at_1_std": -0.00585,
        "nauc_map_at_1_diff1": 0.712349,
        "nauc_map_at_3_max": 0.469682,
        "nauc_map_at_3_std": 0.030678,
        "nauc_map_at_3_diff1": 0.659849,
        "nauc_map_at_5_max": 0.478259,
        "nauc_map_at_5_std": 0.043814,
        "nauc_map_at_5_diff1": 0.657841,
        "nauc_map_at_10_max": 0.484194,
        "nauc_map_at_10_std": 0.048724,
        "nauc_map_at_10_diff1": 0.656985,
        "nauc_map_at_20_max": 0.487353,
        "nauc_map_at_20_std": 0.054522,
        "nauc_map_at_20_diff1": 0.655645,
        "nauc_map_at_100_max": 0.486616,
        "nauc_map_at_100_std": 0.053717,
        "nauc_map_at_100_diff1": 0.656074,
        "nauc_map_at_1000_max": 0.486304,
        "nauc_map_at_1000_std": 0.053554,
        "nauc_map_at_1000_diff1": 0.656263,
        "nauc_recall_at_1_max": 0.427583,
        "nauc_recall_at_1_std": -0.00585,
        "nauc_recall_at_1_diff1": 0.712349,
        "nauc_recall_at_3_max": 0.506948,
        "nauc_recall_at_3_std": 0.069124,
        "nauc_recall_at_3_diff1": 0.576742,
        "nauc_recall_at_5_max": 0.54066,
        "nauc_recall_at_5_std": 0.117285,
        "nauc_recall_at_5_diff1": 0.558371,
        "nauc_recall_at_10_max": 0.575534,
        "nauc_recall_at_10_std": 0.138219,
        "nauc_recall_at_10_diff1": 0.540277,
        "nauc_recall_at_20_max": 0.594226,
        "nauc_recall_at_20_std": 0.19836,
        "nauc_recall_at_20_diff1": 0.500389,
        "nauc_recall_at_100_max": 0.574463,
        "nauc_recall_at_100_std": 0.130156,
        "nauc_recall_at_100_diff1": 0.42989,
        "nauc_recall_at_1000_max": 0.363504,
        "nauc_recall_at_1000_std": 0.192519,
        "nauc_recall_at_1000_diff1": 0.244456,
        "nauc_precision_at_1_max": 0.461925,
        "nauc_precision_at_1_std": 0.032759,
        "nauc_precision_at_1_diff1": 0.733315,
        "nauc_precision_at_3_max": 0.542354,
        "nauc_precision_at_3_std": 0.191719,
        "nauc_precision_at_3_diff1": 0.530015,
        "nauc_precision_at_5_max": 0.552555,
        "nauc_precision_at_5_std": 0.260389,
        "nauc_precision_at_5_diff1": 0.472337,
        "nauc_precision_at_10_max": 0.581096,
        "nauc_precision_at_10_std": 0.316452,
        "nauc_precision_at_10_diff1": 0.418212,
        "nauc_precision_at_20_max": 0.536759,
        "nauc_precision_at_20_std": 0.390453,
        "nauc_precision_at_20_diff1": 0.314757,
        "nauc_precision_at_100_max": 0.431209,
        "nauc_precision_at_100_std": 0.376421,
        "nauc_precision_at_100_diff1": 0.193795,
        "nauc_precision_at_1000_max": 0.261052,
        "nauc_precision_at_1000_std": 0.446073,
        "nauc_precision_at_1000_diff1": 0.046428,
        "nauc_mrr_at_1_max": 0.461925,
        "nauc_mrr_at_1_std": 0.032759,
        "nauc_mrr_at_1_diff1": 0.733315,
        "nauc_mrr_at_3_max": 0.487683,
        "nauc_mrr_at_3_std": 0.068738,
        "nauc_mrr_at_3_diff1": 0.675198,
        "nauc_mrr_at_5_max": 0.495295,
        "nauc_mrr_at_5_std": 0.079015,
        "nauc_mrr_at_5_diff1": 0.673613,
        "nauc_mrr_at_10_max": 0.501538,
        "nauc_mrr_at_10_std": 0.08248,
        "nauc_mrr_at_10_diff1": 0.676183,
        "nauc_mrr_at_20_max": 0.500208,
        "nauc_mrr_at_20_std": 0.082252,
        "nauc_mrr_at_20_diff1": 0.674987,
        "nauc_mrr_at_100_max": 0.498769,
        "nauc_mrr_at_100_std": 0.080243,
        "nauc_mrr_at_100_diff1": 0.674529,
        "nauc_mrr_at_1000_max": 0.498492,
        "nauc_mrr_at_1000_std": 0.080068,
        "nauc_mrr_at_1000_diff1": 0.674701,
        "main_score": 0.53374,
        "hf_subset": "default",
        "languages": [
          "eng-Latn"
        ]
      }
    ]
  },
  "evaluation_time": 11.147083282470703,
  "kg_co2_emissions": null
}