{
  "dataset_revision": "a34f9a33db75fa0cbb21bb5cfc3dae8dc8bec93f",
  "task_name": "Touche2020",
  "mteb_version": "1.39.7",
  "scores": {
    "test": [
      {
        "ndcg_at_1": 0.16327,
        "ndcg_at_3": 0.19505,
        "ndcg_at_5": 0.19859,
        "ndcg_at_10": 0.19925,
        "ndcg_at_20": 0.21631,
        "ndcg_at_100": 0.31372,
        "ndcg_at_1000": 0.42032,
        "map_at_1": 0.01513,
        "map_at_3": 0.03919,
        "map_at_5": 0.05514,
        "map_at_10": 0.08156,
        "map_at_20": 0.10263,
        "map_at_100": 0.1346,
        "map_at_1000": 0.1478,
        "recall_at_1": 0.01513,
        "recall_at_3": 0.05413,
        "recall_at_5": 0.08534,
        "recall_at_10": 0.14425,
        "recall_at_20": 0.2189,
        "recall_at_100": 0.42484,
        "recall_at_1000": 0.74871,
        "precision_at_1": 0.18367,
        "precision_at_3": 0.23129,
        "precision_at_5": 0.22449,
        "precision_at_10": 0.19184,
        "precision_at_20": 0.15408,
        "precision_at_100": 0.06837,
        "precision_at_1000": 0.01388,
        "mrr_at_1": 0.204082,
        "mrr_at_3": 0.323129,
        "mrr_at_5": 0.355782,
        "mrr_at_10": 0.367055,
        "mrr_at_20": 0.374914,
        "mrr_at_100": 0.37999,
        "mrr_at_1000": 0.380174,
        "nauc_ndcg_at_1_max": -0.268284,
        "nauc_ndcg_at_1_std": -0.15489,
        "nauc_ndcg_at_1_diff1": -0.081108,
        "nauc_ndcg_at_3_max": -0.270366,
        "nauc_ndcg_at_3_std": -0.122395,
        "nauc_ndcg_at_3_diff1": -0.037187,
        "nauc_ndcg_at_5_max": -0.257554,
        "nauc_ndcg_at_5_std": -0.130459,
        "nauc_ndcg_at_5_diff1": -0.055367,
        "nauc_ndcg_at_10_max": -0.24176,
        "nauc_ndcg_at_10_std": -0.169449,
        "nauc_ndcg_at_10_diff1": -0.074189,
        "nauc_ndcg_at_20_max": -0.280686,
        "nauc_ndcg_at_20_std": -0.178126,
        "nauc_ndcg_at_20_diff1": -0.060176,
        "nauc_ndcg_at_100_max": -0.251854,
        "nauc_ndcg_at_100_std": 0.076278,
        "nauc_ndcg_at_100_diff1": -0.093654,
        "nauc_ndcg_at_1000_max": -0.219402,
        "nauc_ndcg_at_1000_std": 0.206921,
        "nauc_ndcg_at_1000_diff1": -0.183656,
        "nauc_map_at_1_max": -0.264705,
        "nauc_map_at_1_std": -0.275438,
        "nauc_map_at_1_diff1": -0.149321,
        "nauc_map_at_3_max": -0.241968,
        "nauc_map_at_3_std": -0.25882,
        "nauc_map_at_3_diff1": -0.106742,
        "nauc_map_at_5_max": -0.209964,
        "nauc_map_at_5_std": -0.261629,
        "nauc_map_at_5_diff1": -0.140606,
        "nauc_map_at_10_max": -0.189657,
        "nauc_map_at_10_std": -0.302611,
        "nauc_map_at_10_diff1": -0.116916,
        "nauc_map_at_20_max": -0.212099,
        "nauc_map_at_20_std": -0.273316,
        "nauc_map_at_20_diff1": -0.116381,
        "nauc_map_at_100_max": -0.192186,
        "nauc_map_at_100_std": -0.136618,
        "nauc_map_at_100_diff1": -0.106143,
        "nauc_map_at_1000_max": -0.196865,
        "nauc_map_at_1000_std": -0.098242,
        "nauc_map_at_1000_diff1": -0.130626,
        "nauc_recall_at_1_max": -0.264705,
        "nauc_recall_at_1_std": -0.275438,
        "nauc_recall_at_1_diff1": -0.149321,
        "nauc_recall_at_3_max": -0.290234,
        "nauc_recall_at_3_std": -0.26946,
        "nauc_recall_at_3_diff1": -0.035335,
        "nauc_recall_at_5_max": -0.255059,
        "nauc_recall_at_5_std": -0.255549,
        "nauc_recall_at_5_diff1": -0.075765,
        "nauc_recall_at_10_max": -0.240986,
        "nauc_recall_at_10_std": -0.288445,
        "nauc_recall_at_10_diff1": -0.049015,
        "nauc_recall_at_20_max": -0.2988,
        "nauc_recall_at_20_std": -0.230554,
        "nauc_recall_at_20_diff1": -0.044975,
        "nauc_recall_at_100_max": -0.247942,
        "nauc_recall_at_100_std": 0.211608,
        "nauc_recall_at_100_diff1": -0.124273,
        "nauc_recall_at_1000_max": -0.125381,
        "nauc_recall_at_1000_std": 0.616081,
        "nauc_recall_at_1000_diff1": -0.345708,
        "nauc_precision_at_1_max": -0.288158,
        "nauc_precision_at_1_std": -0.14805,
        "nauc_precision_at_1_diff1": -0.080651,
        "nauc_precision_at_3_max": -0.308351,
        "nauc_precision_at_3_std": -0.132711,
        "nauc_precision_at_3_diff1": -0.025563,
        "nauc_precision_at_5_max": -0.270683,
        "nauc_precision_at_5_std": -0.13889,
        "nauc_precision_at_5_diff1": -0.056478,
        "nauc_precision_at_10_max": -0.191628,
        "nauc_precision_at_10_std": -0.131045,
        "nauc_precision_at_10_diff1": -0.087931,
        "nauc_precision_at_20_max": -0.239378,
        "nauc_precision_at_20_std": -0.040315,
        "nauc_precision_at_20_diff1": -0.044803,
        "nauc_precision_at_100_max": -0.083912,
        "nauc_precision_at_100_std": 0.524844,
        "nauc_precision_at_100_diff1": -0.145053,
        "nauc_precision_at_1000_max": 0.295602,
        "nauc_precision_at_1000_std": 0.514297,
        "nauc_precision_at_1000_diff1": -0.164069,
        "nauc_mrr_at_1_max": -0.253482,
        "nauc_mrr_at_1_std": -0.05663,
        "nauc_mrr_at_1_diff1": -0.1449,
        "nauc_mrr_at_3_max": -0.295852,
        "nauc_mrr_at_3_std": -0.084368,
        "nauc_mrr_at_3_diff1": -0.013648,
        "nauc_mrr_at_5_max": -0.33449,
        "nauc_mrr_at_5_std": -0.093096,
        "nauc_mrr_at_5_diff1": -0.011278,
        "nauc_mrr_at_10_max": -0.30546,
        "nauc_mrr_at_10_std": -0.06318,
        "nauc_mrr_at_10_diff1": -0.021786,
        "nauc_mrr_at_20_max": -0.310632,
        "nauc_mrr_at_20_std": -0.066128,
        "nauc_mrr_at_20_diff1": -0.037942,
        "nauc_mrr_at_100_max": -0.310708,
        "nauc_mrr_at_100_std": -0.063206,
        "nauc_mrr_at_100_diff1": -0.035968,
        "nauc_mrr_at_1000_max": -0.309829,
        "nauc_mrr_at_1000_std": -0.063795,
        "nauc_mrr_at_1000_diff1": -0.035643,
        "main_score": 0.19925,
        "hf_subset": "default",
        "languages": [
          "eng-Latn"
        ]
      }
    ]
  },
  "evaluation_time": 1353.5416374206543,
  "kg_co2_emissions": null
}