{
  "dataset_revision": "bb9466bac8153a0349341eb1b22e06409e78ef4e",
  "task_name": "TRECCOVID",
  "mteb_version": "1.39.7",
  "scores": {
    "test": [
      {
        "ndcg_at_1": 0.1,
        "ndcg_at_3": 0.06346,
        "ndcg_at_5": 0.05404,
        "ndcg_at_10": 0.04495,
        "ndcg_at_20": 0.03756,
        "ndcg_at_100": 0.02192,
        "ndcg_at_1000": 0.01727,
        "map_at_1": 0.00027,
        "map_at_3": 0.00035,
        "map_at_5": 0.0004,
        "map_at_10": 0.00049,
        "map_at_20": 0.0006,
        "map_at_100": 0.00091,
        "map_at_1000": 0.00124,
        "recall_at_1": 0.00027,
        "recall_at_3": 0.00041,
        "recall_at_5": 0.00056,
        "recall_at_10": 0.00088,
        "recall_at_20": 0.00139,
        "recall_at_100": 0.00411,
        "recall_at_1000": 0.01525,
        "precision_at_1": 0.1,
        "precision_at_3": 0.05333,
        "precision_at_5": 0.048,
        "precision_at_10": 0.04,
        "precision_at_20": 0.033,
        "precision_at_100": 0.0192,
        "precision_at_1000": 0.0074,
        "mrr_at_1": 0.1,
        "mrr_at_3": 0.12,
        "mrr_at_5": 0.124,
        "mrr_at_10": 0.133048,
        "mrr_at_20": 0.139651,
        "mrr_at_100": 0.145779,
        "mrr_at_1000": 0.147338,
        "nauc_ndcg_at_1_max": 0.238047,
        "nauc_ndcg_at_1_std": -0.09026,
        "nauc_ndcg_at_1_diff1": 0.044969,
        "nauc_ndcg_at_3_max": 0.267332,
        "nauc_ndcg_at_3_std": -0.115001,
        "nauc_ndcg_at_3_diff1": -0.069706,
        "nauc_ndcg_at_5_max": 0.20248,
        "nauc_ndcg_at_5_std": -0.159539,
        "nauc_ndcg_at_5_diff1": -0.128795,
        "nauc_ndcg_at_10_max": 0.181212,
        "nauc_ndcg_at_10_std": -0.175895,
        "nauc_ndcg_at_10_diff1": -0.162913,
        "nauc_ndcg_at_20_max": 0.18634,
        "nauc_ndcg_at_20_std": -0.248688,
        "nauc_ndcg_at_20_diff1": -0.179861,
        "nauc_ndcg_at_100_max": 0.197332,
        "nauc_ndcg_at_100_std": -0.292315,
        "nauc_ndcg_at_100_diff1": -0.18491,
        "nauc_ndcg_at_1000_max": 0.164715,
        "nauc_ndcg_at_1000_std": -0.245434,
        "nauc_ndcg_at_1000_diff1": -0.144284,
        "nauc_map_at_1_max": 0.168475,
        "nauc_map_at_1_std": 0.029388,
        "nauc_map_at_1_diff1": 0.28019,
        "nauc_map_at_3_max": 0.181464,
        "nauc_map_at_3_std": -0.019114,
        "nauc_map_at_3_diff1": 0.129038,
        "nauc_map_at_5_max": 0.12896,
        "nauc_map_at_5_std": -0.066526,
        "nauc_map_at_5_diff1": 0.046685,
        "nauc_map_at_10_max": 0.122628,
        "nauc_map_at_10_std": -0.102626,
        "nauc_map_at_10_diff1": -0.017894,
        "nauc_map_at_20_max": 0.118912,
        "nauc_map_at_20_std": -0.172662,
        "nauc_map_at_20_diff1": -0.064593,
        "nauc_map_at_100_max": 0.098359,
        "nauc_map_at_100_std": -0.255309,
        "nauc_map_at_100_diff1": -0.151553,
        "nauc_map_at_1000_max": 0.116575,
        "nauc_map_at_1000_std": -0.275676,
        "nauc_map_at_1000_diff1": -0.191599,
        "nauc_recall_at_1_max": 0.168475,
        "nauc_recall_at_1_std": 0.029388,
        "nauc_recall_at_1_diff1": 0.28019,
        "nauc_recall_at_3_max": 0.160877,
        "nauc_recall_at_3_std": -0.046064,
        "nauc_recall_at_3_diff1": 0.032905,
        "nauc_recall_at_5_max": 0.077896,
        "nauc_recall_at_5_std": -0.133684,
        "nauc_recall_at_5_diff1": -0.097655,
        "nauc_recall_at_10_max": 0.036949,
        "nauc_recall_at_10_std": -0.155702,
        "nauc_recall_at_10_diff1": -0.185064,
        "nauc_recall_at_20_max": 0.068723,
        "nauc_recall_at_20_std": -0.264657,
        "nauc_recall_at_20_diff1": -0.208234,
        "nauc_recall_at_100_max": 0.123232,
        "nauc_recall_at_100_std": -0.301108,
        "nauc_recall_at_100_diff1": -0.225453,
        "nauc_recall_at_1000_max": 0.183684,
        "nauc_recall_at_1000_std": -0.256032,
        "nauc_recall_at_1000_diff1": -0.150711,
        "nauc_precision_at_1_max": 0.238047,
        "nauc_precision_at_1_std": -0.09026,
        "nauc_precision_at_1_diff1": 0.044969,
        "nauc_precision_at_3_max": 0.299788,
        "nauc_precision_at_3_std": -0.127455,
        "nauc_precision_at_3_diff1": -0.119358,
        "nauc_precision_at_5_max": 0.171014,
        "nauc_precision_at_5_std": -0.210483,
        "nauc_precision_at_5_diff1": -0.227652,
        "nauc_precision_at_10_max": 0.14122,
        "nauc_precision_at_10_std": -0.182623,
        "nauc_precision_at_10_diff1": -0.212705,
        "nauc_precision_at_20_max": 0.141909,
        "nauc_precision_at_20_std": -0.301602,
        "nauc_precision_at_20_diff1": -0.231869,
        "nauc_precision_at_100_max": 0.184562,
        "nauc_precision_at_100_std": -0.31182,
        "nauc_precision_at_100_diff1": -0.194292,
        "nauc_precision_at_1000_max": 0.24644,
        "nauc_precision_at_1000_std": -0.241122,
        "nauc_precision_at_1000_diff1": -0.158181,
        "nauc_mrr_at_1_max": 0.238047,
        "nauc_mrr_at_1_std": -0.09026,
        "nauc_mrr_at_1_diff1": 0.044969,
        "nauc_mrr_at_3_max": 0.210691,
        "nauc_mrr_at_3_std": -0.104113,
        "nauc_mrr_at_3_diff1": -0.039167,
        "nauc_mrr_at_5_max": 0.203441,
        "nauc_mrr_at_5_std": -0.116062,
        "nauc_mrr_at_5_diff1": -0.052599,
        "nauc_mrr_at_10_max": 0.187383,
        "nauc_mrr_at_10_std": -0.094951,
        "nauc_mrr_at_10_diff1": -0.040893,
        "nauc_mrr_at_20_max": 0.196226,
        "nauc_mrr_at_20_std": -0.109655,
        "nauc_mrr_at_20_diff1": -0.045047,
        "nauc_mrr_at_100_max": 0.214205,
        "nauc_mrr_at_100_std": -0.118798,
        "nauc_mrr_at_100_diff1": -0.03424,
        "nauc_mrr_at_1000_max": 0.211911,
        "nauc_mrr_at_1000_std": -0.116343,
        "nauc_mrr_at_1000_diff1": -0.034531,
        "main_score": 0.04495,
        "hf_subset": "default",
        "languages": [
          "eng-Latn"
        ]
      }
    ]
  },
  "evaluation_time": 251.25655055046082,
  "kg_co2_emissions": null
}