{
  "dataset_revision": "c22ab2a51041ffd869aaddef7af8d8215647e41a",
  "task_name": "ArguAna",
  "mteb_version": "1.39.7",
  "scores": {
    "test": [
      {
        "ndcg_at_1": 0.02916,
        "ndcg_at_3": 0.04749,
        "ndcg_at_5": 0.0586,
        "ndcg_at_10": 0.07149,
        "ndcg_at_20": 0.08324,
        "ndcg_at_100": 0.11237,
        "ndcg_at_1000": 0.15238,
        "map_at_1": 0.02916,
        "map_at_3": 0.04279,
        "map_at_5": 0.04894,
        "map_at_10": 0.05427,
        "map_at_20": 0.05743,
        "map_at_100": 0.06117,
        "map_at_1000": 0.06232,
        "recall_at_1": 0.02916,
        "recall_at_3": 0.06117,
        "recall_at_5": 0.08819,
        "recall_at_10": 0.12802,
        "recall_at_20": 0.17496,
        "recall_at_100": 0.33642,
        "recall_at_1000": 0.67212,
        "precision_at_1": 0.02916,
        "precision_at_3": 0.02039,
        "precision_at_5": 0.01764,
        "precision_at_10": 0.0128,
        "precision_at_20": 0.00875,
        "precision_at_100": 0.00336,
        "precision_at_1000": 0.00067,
        "mrr_at_1": 0.029161,
        "mrr_at_3": 0.042793,
        "mrr_at_5": 0.049087,
        "mrr_at_10": 0.054284,
        "mrr_at_20": 0.057441,
        "mrr_at_100": 0.061183,
        "mrr_at_1000": 0.062332,
        "nauc_ndcg_at_1_max": 0.097542,
        "nauc_ndcg_at_1_std": 0.104721,
        "nauc_ndcg_at_1_diff1": 0.080022,
        "nauc_ndcg_at_3_max": 0.122627,
        "nauc_ndcg_at_3_std": 0.155239,
        "nauc_ndcg_at_3_diff1": 0.046104,
        "nauc_ndcg_at_5_max": 0.11913,
        "nauc_ndcg_at_5_std": 0.177492,
        "nauc_ndcg_at_5_diff1": 0.022601,
        "nauc_ndcg_at_10_max": 0.141353,
        "nauc_ndcg_at_10_std": 0.19127,
        "nauc_ndcg_at_10_diff1": 0.028035,
        "nauc_ndcg_at_20_max": 0.141896,
        "nauc_ndcg_at_20_std": 0.188331,
        "nauc_ndcg_at_20_diff1": 0.0258,
        "nauc_ndcg_at_100_max": 0.143581,
        "nauc_ndcg_at_100_std": 0.198251,
        "nauc_ndcg_at_100_diff1": 0.03132,
        "nauc_ndcg_at_1000_max": 0.128259,
        "nauc_ndcg_at_1000_std": 0.207187,
        "nauc_ndcg_at_1000_diff1": 0.033736,
        "nauc_map_at_1_max": 0.097542,
        "nauc_map_at_1_std": 0.104721,
        "nauc_map_at_1_diff1": 0.080022,
        "nauc_map_at_3_max": 0.117727,
        "nauc_map_at_3_std": 0.144909,
        "nauc_map_at_3_diff1": 0.050341,
        "nauc_map_at_5_max": 0.116275,
        "nauc_map_at_5_std": 0.160166,
        "nauc_map_at_5_diff1": 0.03289,
        "nauc_map_at_10_max": 0.128487,
        "nauc_map_at_10_std": 0.168075,
        "nauc_map_at_10_diff1": 0.035237,
        "nauc_map_at_20_max": 0.129434,
        "nauc_map_at_20_std": 0.167678,
        "nauc_map_at_20_diff1": 0.034388,
        "nauc_map_at_100_max": 0.130047,
        "nauc_map_at_100_std": 0.170381,
        "nauc_map_at_100_diff1": 0.03511,
        "nauc_map_at_1000_max": 0.129253,
        "nauc_map_at_1000_std": 0.170579,
        "nauc_map_at_1000_diff1": 0.035164,
        "nauc_recall_at_1_max": 0.097542,
        "nauc_recall_at_1_std": 0.104721,
        "nauc_recall_at_1_diff1": 0.080022,
        "nauc_recall_at_3_max": 0.132747,
        "nauc_recall_at_3_std": 0.176678,
        "nauc_recall_at_3_diff1": 0.037937,
        "nauc_recall_at_5_max": 0.123412,
        "nauc_recall_at_5_std": 0.207908,
        "nauc_recall_at_5_diff1": 0.00552,
        "nauc_recall_at_10_max": 0.161636,
        "nauc_recall_at_10_std": 0.226565,
        "nauc_recall_at_10_diff1": 0.019038,
        "nauc_recall_at_20_max": 0.157807,
        "nauc_recall_at_20_std": 0.213754,
        "nauc_recall_at_20_diff1": 0.015654,
        "nauc_recall_at_100_max": 0.157674,
        "nauc_recall_at_100_std": 0.22886,
        "nauc_recall_at_100_diff1": 0.031816,
        "nauc_recall_at_1000_max": 0.099385,
        "nauc_recall_at_1000_std": 0.279294,
        "nauc_recall_at_1000_diff1": 0.04279,
        "nauc_precision_at_1_max": 0.097542,
        "nauc_precision_at_1_std": 0.104721,
        "nauc_precision_at_1_diff1": 0.080022,
        "nauc_precision_at_3_max": 0.132747,
        "nauc_precision_at_3_std": 0.176678,
        "nauc_precision_at_3_diff1": 0.037937,
        "nauc_precision_at_5_max": 0.123412,
        "nauc_precision_at_5_std": 0.207908,
        "nauc_precision_at_5_diff1": 0.00552,
        "nauc_precision_at_10_max": 0.161636,
        "nauc_precision_at_10_std": 0.226565,
        "nauc_precision_at_10_diff1": 0.019038,
        "nauc_precision_at_20_max": 0.157807,
        "nauc_precision_at_20_std": 0.213754,
        "nauc_precision_at_20_diff1": 0.015654,
        "nauc_precision_at_100_max": 0.157674,
        "nauc_precision_at_100_std": 0.22886,
        "nauc_precision_at_100_diff1": 0.031816,
        "nauc_precision_at_1000_max": 0.099385,
        "nauc_precision_at_1000_std": 0.279294,
        "nauc_precision_at_1000_diff1": 0.04279,
        "nauc_mrr_at_1_max": 0.097542,
        "nauc_mrr_at_1_std": 0.104721,
        "nauc_mrr_at_1_diff1": 0.080022,
        "nauc_mrr_at_3_max": 0.117727,
        "nauc_mrr_at_3_std": 0.144909,
        "nauc_mrr_at_3_diff1": 0.050341,
        "nauc_mrr_at_5_max": 0.118836,
        "nauc_mrr_at_5_std": 0.158498,
        "nauc_mrr_at_5_diff1": 0.035692,
        "nauc_mrr_at_10_max": 0.128521,
        "nauc_mrr_at_10_std": 0.168079,
        "nauc_mrr_at_10_diff1": 0.035452,
        "nauc_mrr_at_20_max": 0.129466,
        "nauc_mrr_at_20_std": 0.167682,
        "nauc_mrr_at_20_diff1": 0.034596,
        "nauc_mrr_at_100_max": 0.130088,
        "nauc_mrr_at_100_std": 0.170395,
        "nauc_mrr_at_100_diff1": 0.035324,
        "nauc_mrr_at_1000_max": 0.129295,
        "nauc_mrr_at_1000_std": 0.170593,
        "nauc_mrr_at_1000_diff1": 0.035378,
        "main_score": 0.07149,
        "hf_subset": "default",
        "languages": [
          "eng-Latn"
        ]
      }
    ]
  },
  "evaluation_time": 146.76690769195557,
  "kg_co2_emissions": null
}