{
  "dataset_revision": "a34f9a33db75fa0cbb21bb5cfc3dae8dc8bec93f",
  "task_name": "Touche2020",
  "mteb_version": "1.39.7",
  "scores": {
    "test": [
      {
        "ndcg_at_1": 0.16327,
        "ndcg_at_3": 0.18963,
        "ndcg_at_5": 0.19766,
        "ndcg_at_10": 0.20055,
        "ndcg_at_20": 0.21462,
        "ndcg_at_100": 0.31345,
        "ndcg_at_1000": 0.41986,
        "map_at_1": 0.01513,
        "map_at_3": 0.03827,
        "map_at_5": 0.05459,
        "map_at_10": 0.08172,
        "map_at_20": 0.10147,
        "map_at_100": 0.13415,
        "map_at_1000": 0.14731,
        "recall_at_1": 0.01513,
        "recall_at_3": 0.05267,
        "recall_at_5": 0.08534,
        "recall_at_10": 0.14687,
        "recall_at_20": 0.21634,
        "recall_at_100": 0.42562,
        "recall_at_1000": 0.74871,
        "precision_at_1": 0.18367,
        "precision_at_3": 0.22449,
        "precision_at_5": 0.22449,
        "precision_at_10": 0.19388,
        "precision_at_20": 0.15204,
        "precision_at_100": 0.06857,
        "precision_at_1000": 0.01388,
        "mrr_at_1": 0.204082,
        "mrr_at_3": 0.316327,
        "mrr_at_5": 0.354082,
        "mrr_at_10": 0.365355,
        "mrr_at_20": 0.373214,
        "mrr_at_100": 0.378298,
        "mrr_at_1000": 0.378484,
        "nauc_ndcg_at_1_max": -0.268284,
        "nauc_ndcg_at_1_std": -0.15489,
        "nauc_ndcg_at_1_diff1": -0.081108,
        "nauc_ndcg_at_3_max": -0.266954,
        "nauc_ndcg_at_3_std": -0.108833,
        "nauc_ndcg_at_3_diff1": -0.080174,
        "nauc_ndcg_at_5_max": -0.257164,
        "nauc_ndcg_at_5_std": -0.131874,
        "nauc_ndcg_at_5_diff1": -0.071185,
        "nauc_ndcg_at_10_max": -0.24876,
        "nauc_ndcg_at_10_std": -0.177517,
        "nauc_ndcg_at_10_diff1": -0.090595,
        "nauc_ndcg_at_20_max": -0.275678,
        "nauc_ndcg_at_20_std": -0.178853,
        "nauc_ndcg_at_20_diff1": -0.074441,
        "nauc_ndcg_at_100_max": -0.252835,
        "nauc_ndcg_at_100_std": 0.074209,
        "nauc_ndcg_at_100_diff1": -0.112094,
        "nauc_ndcg_at_1000_max": -0.219595,
        "nauc_ndcg_at_1000_std": 0.205464,
        "nauc_ndcg_at_1000_diff1": -0.193999,
        "nauc_map_at_1_max": -0.264705,
        "nauc_map_at_1_std": -0.275438,
        "nauc_map_at_1_diff1": -0.149321,
        "nauc_map_at_3_max": -0.240991,
        "nauc_map_at_3_std": -0.265036,
        "nauc_map_at_3_diff1": -0.13007,
        "nauc_map_at_5_max": -0.209023,
        "nauc_map_at_5_std": -0.269807,
        "nauc_map_at_5_diff1": -0.151297,
        "nauc_map_at_10_max": -0.194811,
        "nauc_map_at_10_std": -0.311865,
        "nauc_map_at_10_diff1": -0.128187,
        "nauc_map_at_20_max": -0.206969,
        "nauc_map_at_20_std": -0.277773,
        "nauc_map_at_20_diff1": -0.127047,
        "nauc_map_at_100_max": -0.192254,
        "nauc_map_at_100_std": -0.142562,
        "nauc_map_at_100_diff1": -0.118945,
        "nauc_map_at_1000_max": -0.196725,
        "nauc_map_at_1000_std": -0.103938,
        "nauc_map_at_1000_diff1": -0.142676,
        "nauc_recall_at_1_max": -0.264705,
        "nauc_recall_at_1_std": -0.275438,
        "nauc_recall_at_1_diff1": -0.149321,
        "nauc_recall_at_3_max": -0.287102,
        "nauc_recall_at_3_std": -0.251715,
        "nauc_recall_at_3_diff1": -0.076903,
        "nauc_recall_at_5_max": -0.255059,
        "nauc_recall_at_5_std": -0.255549,
        "nauc_recall_at_5_diff1": -0.084224,
        "nauc_recall_at_10_max": -0.248291,
        "nauc_recall_at_10_std": -0.286941,
        "nauc_recall_at_10_diff1": -0.067578,
        "nauc_recall_at_20_max": -0.290049,
        "nauc_recall_at_20_std": -0.228834,
        "nauc_recall_at_20_diff1": -0.05441,
        "nauc_recall_at_100_max": -0.249772,
        "nauc_recall_at_100_std": 0.210152,
        "nauc_recall_at_100_diff1": -0.143275,
        "nauc_recall_at_1000_max": -0.125381,
        "nauc_recall_at_1000_std": 0.616081,
        "nauc_recall_at_1000_diff1": -0.343501,
        "nauc_precision_at_1_max": -0.288158,
        "nauc_precision_at_1_std": -0.14805,
        "nauc_precision_at_1_diff1": -0.080651,
        "nauc_precision_at_3_max": -0.303367,
        "nauc_precision_at_3_std": -0.109733,
        "nauc_precision_at_3_diff1": -0.07854,
        "nauc_precision_at_5_max": -0.270683,
        "nauc_precision_at_5_std": -0.13889,
        "nauc_precision_at_5_diff1": -0.069134,
        "nauc_precision_at_10_max": -0.204801,
        "nauc_precision_at_10_std": -0.147349,
        "nauc_precision_at_10_diff1": -0.100076,
        "nauc_precision_at_20_max": -0.228244,
        "nauc_precision_at_20_std": -0.035395,
        "nauc_precision_at_20_diff1": -0.056039,
        "nauc_precision_at_100_max": -0.08669,
        "nauc_precision_at_100_std": 0.523019,
        "nauc_precision_at_100_diff1": -0.157043,
        "nauc_precision_at_1000_max": 0.295602,
        "nauc_precision_at_1000_std": 0.514297,
        "nauc_precision_at_1000_diff1": -0.140567,
        "nauc_mrr_at_1_max": -0.253482,
        "nauc_mrr_at_1_std": -0.05663,
        "nauc_mrr_at_1_diff1": -0.1449,
        "nauc_mrr_at_3_max": -0.292496,
        "nauc_mrr_at_3_std": -0.068873,
        "nauc_mrr_at_3_diff1": -0.049693,
        "nauc_mrr_at_5_max": -0.333591,
        "nauc_mrr_at_5_std": -0.089058,
        "nauc_mrr_at_5_diff1": -0.029257,
        "nauc_mrr_at_10_max": -0.304562,
        "nauc_mrr_at_10_std": -0.059075,
        "nauc_mrr_at_10_diff1": -0.040148,
        "nauc_mrr_at_20_max": -0.309712,
        "nauc_mrr_at_20_std": -0.061939,
        "nauc_mrr_at_20_diff1": -0.053865,
        "nauc_mrr_at_100_max": -0.309564,
        "nauc_mrr_at_100_std": -0.059169,
        "nauc_mrr_at_100_diff1": -0.051857,
        "nauc_mrr_at_1000_max": -0.308676,
        "nauc_mrr_at_1000_std": -0.05976,
        "nauc_mrr_at_1000_diff1": -0.05154,
        "main_score": 0.20055,
        "hf_subset": "default",
        "languages": [
          "eng-Latn"
        ]
      }
    ]
  },
  "evaluation_time": 1764.040405035019,
  "kg_co2_emissions": null
}