{
  "map_at_10": 0.00435,
  "mrr_at_10": 0.4018809523809523,
  "ndcg_at_10": 0.21744,
  "recall_at_10": 0.00561,
  "recall_at_100": 0.02975
}
