{
  "map_at_10": 0.00216,
  "mrr_at_10": 0.2486904761904762,
  "ndcg_at_10": 0.12842,
  "recall_at_10": 0.00332,
  "recall_at_100": 0.02075
}
