{
  "map_at_10": 0.00193,
  "mrr_at_10": 0.24074603174603174,
  "ndcg_at_10": 0.118,
  "recall_at_10": 0.00326,
  "recall_at_100": 0.0185
}
