{
  "map_at_10": 0.0015,
  "mrr_at_10": 0.17265079365079367,
  "ndcg_at_10": 0.0989,
  "recall_at_10": 0.00291,
  "recall_at_100": 0.0143
}
