{
  "map_at_10": 0.00093,
  "mrr_at_10": 0.11316666666666667,
  "ndcg_at_10": 0.06815,
  "recall_at_10": 0.00197,
  "recall_at_100": 0.01152
}
