{
  "map_at_10": 0.00174,
  "mrr_at_10": 0.19999206349206347,
  "ndcg_at_10": 0.11237,
  "recall_at_10": 0.00336,
  "recall_at_100": 0.01635
}
