{
  "map_at_10": 0.00665,
  "mrr_at_10": 0.5687777777777777,
  "ndcg_at_10": 0.31922,
  "recall_at_10": 0.00848,
  "recall_at_100": 0.04313
}
