{
  "map_at_10": 0.00274,
  "mrr_at_10": 0.3186349206349206,
  "ndcg_at_10": 0.15814,
  "recall_at_10": 0.0041,
  "recall_at_100": 0.02286
}
