{
  "dataset_revision": "0228b52cf27578f30900b9e5271d331663a030d7",
  "task_name": "SciFact",
  "mteb_version": "1.39.7",
  "scores": {
    "test": [
      {
        "ndcg_at_1": 0.42333,
        "ndcg_at_3": 0.49393,
        "ndcg_at_5": 0.51684,
        "ndcg_at_10": 0.539,
        "ndcg_at_20": 0.5557,
        "ndcg_at_100": 0.57728,
        "ndcg_at_1000": 0.59405,
        "map_at_1": 0.40094,
        "map_at_3": 0.46839,
        "map_at_5": 0.48189,
        "map_at_10": 0.49123,
        "map_at_20": 0.49694,
        "map_at_100": 0.50017,
        "map_at_1000": 0.50078,
        "recall_at_1": 0.40094,
        "recall_at_3": 0.54144,
        "recall_at_5": 0.59961,
        "recall_at_10": 0.66778,
        "recall_at_20": 0.72939,
        "recall_at_100": 0.84256,
        "recall_at_1000": 0.97433,
        "precision_at_1": 0.42333,
        "precision_at_3": 0.19667,
        "precision_at_5": 0.13267,
        "precision_at_10": 0.074,
        "precision_at_20": 0.04117,
        "precision_at_100": 0.00953,
        "precision_at_1000": 0.0011,
        "mrr_at_1": 0.423333,
        "mrr_at_3": 0.488889,
        "mrr_at_5": 0.501722,
        "mrr_at_10": 0.510142,
        "mrr_at_20": 0.513507,
        "mrr_at_100": 0.51621,
        "mrr_at_1000": 0.51676,
        "nauc_ndcg_at_1_max": 0.43819,
        "nauc_ndcg_at_1_std": 0.033443,
        "nauc_ndcg_at_1_diff1": 0.726833,
        "nauc_ndcg_at_3_max": 0.461264,
        "nauc_ndcg_at_3_std": 0.039027,
        "nauc_ndcg_at_3_diff1": 0.679523,
        "nauc_ndcg_at_5_max": 0.480462,
        "nauc_ndcg_at_5_std": 0.063706,
        "nauc_ndcg_at_5_diff1": 0.665426,
        "nauc_ndcg_at_10_max": 0.496227,
        "nauc_ndcg_at_10_std": 0.07534,
        "nauc_ndcg_at_10_diff1": 0.664688,
        "nauc_ndcg_at_20_max": 0.507977,
        "nauc_ndcg_at_20_std": 0.0991,
        "nauc_ndcg_at_20_diff1": 0.662835,
        "nauc_ndcg_at_100_max": 0.501263,
        "nauc_ndcg_at_100_std": 0.083437,
        "nauc_ndcg_at_100_diff1": 0.663883,
        "nauc_ndcg_at_1000_max": 0.491467,
        "nauc_ndcg_at_1000_std": 0.08343,
        "nauc_ndcg_at_1000_diff1": 0.666207,
        "nauc_map_at_1_max": 0.404026,
        "nauc_map_at_1_std": -0.007035,
        "nauc_map_at_1_diff1": 0.701924,
        "nauc_map_at_3_max": 0.440721,
        "nauc_map_at_3_std": 0.017868,
        "nauc_map_at_3_diff1": 0.680935,
        "nauc_map_at_5_max": 0.45402,
        "nauc_map_at_5_std": 0.034358,
        "nauc_map_at_5_diff1": 0.673415,
        "nauc_map_at_10_max": 0.461149,
        "nauc_map_at_10_std": 0.04043,
        "nauc_map_at_10_diff1": 0.673347,
        "nauc_map_at_20_max": 0.466703,
        "nauc_map_at_20_std": 0.050321,
        "nauc_map_at_20_diff1": 0.672756,
        "nauc_map_at_100_max": 0.466487,
        "nauc_map_at_100_std": 0.049362,
        "nauc_map_at_100_diff1": 0.672945,
        "nauc_map_at_1000_max": 0.46613,
        "nauc_map_at_1000_std": 0.049321,
        "nauc_map_at_1000_diff1": 0.673003,
        "nauc_recall_at_1_max": 0.404026,
        "nauc_recall_at_1_std": -0.007035,
        "nauc_recall_at_1_diff1": 0.701924,
        "nauc_recall_at_3_max": 0.469364,
        "nauc_recall_at_3_std": 0.04336,
        "nauc_recall_at_3_diff1": 0.647833,
        "nauc_recall_at_5_max": 0.520133,
        "nauc_recall_at_5_std": 0.106212,
        "nauc_recall_at_5_diff1": 0.611199,
        "nauc_recall_at_10_max": 0.56981,
        "nauc_recall_at_10_std": 0.141914,
        "nauc_recall_at_10_diff1": 0.594696,
        "nauc_recall_at_20_max": 0.632794,
        "nauc_recall_at_20_std": 0.251518,
        "nauc_recall_at_20_diff1": 0.577453,
        "nauc_recall_at_100_max": 0.62968,
        "nauc_recall_at_100_std": 0.152056,
        "nauc_recall_at_100_diff1": 0.552888,
        "nauc_recall_at_1000_max": 0.472001,
        "nauc_recall_at_1000_std": 0.480016,
        "nauc_recall_at_1000_diff1": 0.325864,
        "nauc_precision_at_1_max": 0.43819,
        "nauc_precision_at_1_std": 0.033443,
        "nauc_precision_at_1_diff1": 0.726833,
        "nauc_precision_at_3_max": 0.503482,
        "nauc_precision_at_3_std": 0.156012,
        "nauc_precision_at_3_diff1": 0.604377,
        "nauc_precision_at_5_max": 0.55343,
        "nauc_precision_at_5_std": 0.257506,
        "nauc_precision_at_5_diff1": 0.519245,
        "nauc_precision_at_10_max": 0.593933,
        "nauc_precision_at_10_std": 0.315675,
        "nauc_precision_at_10_diff1": 0.472056,
        "nauc_precision_at_20_max": 0.565111,
        "nauc_precision_at_20_std": 0.415917,
        "nauc_precision_at_20_diff1": 0.359796,
        "nauc_precision_at_100_max": 0.484988,
        "nauc_precision_at_100_std": 0.39615,
        "nauc_precision_at_100_diff1": 0.24008,
        "nauc_precision_at_1000_max": 0.316816,
        "nauc_precision_at_1000_std": 0.496622,
        "nauc_precision_at_1000_diff1": 0.021473,
        "nauc_mrr_at_1_max": 0.43819,
        "nauc_mrr_at_1_std": 0.033443,
        "nauc_mrr_at_1_diff1": 0.726833,
        "nauc_mrr_at_3_max": 0.470112,
        "nauc_mrr_at_3_std": 0.061067,
        "nauc_mrr_at_3_diff1": 0.696847,
        "nauc_mrr_at_5_max": 0.481591,
        "nauc_mrr_at_5_std": 0.073902,
        "nauc_mrr_at_5_diff1": 0.692766,
        "nauc_mrr_at_10_max": 0.486989,
        "nauc_mrr_at_10_std": 0.078098,
        "nauc_mrr_at_10_diff1": 0.692938,
        "nauc_mrr_at_20_max": 0.487221,
        "nauc_mrr_at_20_std": 0.079975,
        "nauc_mrr_at_20_diff1": 0.692235,
        "nauc_mrr_at_100_max": 0.485748,
        "nauc_mrr_at_100_std": 0.077524,
        "nauc_mrr_at_100_diff1": 0.691986,
        "nauc_mrr_at_1000_max": 0.485385,
        "nauc_mrr_at_1000_std": 0.077511,
        "nauc_mrr_at_1000_diff1": 0.691981,
        "main_score": 0.539,
        "hf_subset": "default",
        "languages": [
          "eng-Latn"
        ]
      }
    ]
  },
  "evaluation_time": 32.97282862663269,
  "kg_co2_emissions": null
}