{
  "dataset_revision": "bb9466bac8153a0349341eb1b22e06409e78ef4e",
  "task_name": "TRECCOVID",
  "mteb_version": "1.39.7",
  "scores": {
    "test": [
      {
        "ndcg_at_1": 0.02,
        "ndcg_at_3": 0.00939,
        "ndcg_at_5": 0.00678,
        "ndcg_at_10": 0.0051,
        "ndcg_at_20": 0.00329,
        "ndcg_at_100": 0.00201,
        "ndcg_at_1000": 0.00495,
        "map_at_1": 8e-05,
        "map_at_3": 8e-05,
        "map_at_5": 8e-05,
        "map_at_10": 9e-05,
        "map_at_20": 9e-05,
        "map_at_100": 0.0001,
        "map_at_1000": 0.00013,
        "recall_at_1": 8e-05,
        "recall_at_3": 8e-05,
        "recall_at_5": 8e-05,
        "recall_at_10": 0.00016,
        "recall_at_20": 0.00016,
        "recall_at_100": 0.00054,
        "recall_at_1000": 0.00609,
        "precision_at_1": 0.02,
        "precision_at_3": 0.00667,
        "precision_at_5": 0.004,
        "precision_at_10": 0.004,
        "precision_at_20": 0.002,
        "precision_at_100": 0.0022,
        "precision_at_1000": 0.003,
        "mrr_at_1": 0.0,
        "mrr_at_3": 0.006667,
        "mrr_at_5": 0.006667,
        "mrr_at_10": 0.01,
        "mrr_at_20": 0.01,
        "mrr_at_100": 0.012063,
        "mrr_at_1000": 0.014979,
        "nauc_ndcg_at_1_max": -0.070566,
        "nauc_ndcg_at_1_std": -0.415079,
        "nauc_ndcg_at_1_diff1": -0.070566,
        "nauc_ndcg_at_3_max": -0.070566,
        "nauc_ndcg_at_3_std": -0.415079,
        "nauc_ndcg_at_3_diff1": -0.070566,
        "nauc_ndcg_at_5_max": -0.070566,
        "nauc_ndcg_at_5_std": -0.415079,
        "nauc_ndcg_at_5_diff1": -0.070566,
        "nauc_ndcg_at_10_max": -0.070566,
        "nauc_ndcg_at_10_std": -0.345112,
        "nauc_ndcg_at_10_diff1": -0.070566,
        "nauc_ndcg_at_20_max": -0.070566,
        "nauc_ndcg_at_20_std": -0.345112,
        "nauc_ndcg_at_20_diff1": -0.070566,
        "nauc_ndcg_at_100_max": 0.062094,
        "nauc_ndcg_at_100_std": -0.263054,
        "nauc_ndcg_at_100_diff1": 0.000928,
        "nauc_ndcg_at_1000_max": 0.182123,
        "nauc_ndcg_at_1000_std": -0.083349,
        "nauc_ndcg_at_1000_diff1": 0.041895,
        "nauc_map_at_1_max": -0.070566,
        "nauc_map_at_1_std": -0.415079,
        "nauc_map_at_1_diff1": -0.070566,
        "nauc_map_at_3_max": -0.070566,
        "nauc_map_at_3_std": -0.415079,
        "nauc_map_at_3_diff1": -0.070566,
        "nauc_map_at_5_max": -0.070566,
        "nauc_map_at_5_std": -0.415079,
        "nauc_map_at_5_diff1": -0.070566,
        "nauc_map_at_10_max": -0.070566,
        "nauc_map_at_10_std": -0.35594,
        "nauc_map_at_10_diff1": -0.070566,
        "nauc_map_at_20_max": -0.070566,
        "nauc_map_at_20_std": -0.35594,
        "nauc_map_at_20_diff1": -0.070566,
        "nauc_map_at_100_max": -0.069808,
        "nauc_map_at_100_std": -0.33293,
        "nauc_map_at_100_diff1": -0.073273,
        "nauc_map_at_1000_max": -0.049562,
        "nauc_map_at_1000_std": -0.301296,
        "nauc_map_at_1000_diff1": -0.076885,
        "nauc_recall_at_1_max": -0.070566,
        "nauc_recall_at_1_std": -0.415079,
        "nauc_recall_at_1_diff1": -0.070566,
        "nauc_recall_at_3_max": -0.070566,
        "nauc_recall_at_3_std": -0.415079,
        "nauc_recall_at_3_diff1": -0.070566,
        "nauc_recall_at_5_max": -0.070566,
        "nauc_recall_at_5_std": -0.415079,
        "nauc_recall_at_5_diff1": -0.070566,
        "nauc_recall_at_10_max": -0.070566,
        "nauc_recall_at_10_std": -0.153127,
        "nauc_recall_at_10_diff1": -0.070566,
        "nauc_recall_at_20_max": -0.070566,
        "nauc_recall_at_20_std": -0.153127,
        "nauc_recall_at_20_diff1": -0.070566,
        "nauc_recall_at_100_max": -0.01844,
        "nauc_recall_at_100_std": -0.117653,
        "nauc_recall_at_100_diff1": -0.051752,
        "nauc_recall_at_1000_max": 0.220199,
        "nauc_recall_at_1000_std": -0.022924,
        "nauc_recall_at_1000_diff1": -0.003878,
        "nauc_precision_at_1_max": -0.070566,
        "nauc_precision_at_1_std": -0.415079,
        "nauc_precision_at_1_diff1": -0.070566,
        "nauc_precision_at_3_max": -0.070566,
        "nauc_precision_at_3_std": -0.415079,
        "nauc_precision_at_3_diff1": -0.070566,
        "nauc_precision_at_5_max": -0.070566,
        "nauc_precision_at_5_std": -0.415079,
        "nauc_precision_at_5_diff1": -0.070566,
        "nauc_precision_at_10_max": -0.070566,
        "nauc_precision_at_10_std": -0.158304,
        "nauc_precision_at_10_diff1": -0.070566,
        "nauc_precision_at_20_max": -0.070566,
        "nauc_precision_at_20_std": -0.158304,
        "nauc_precision_at_20_diff1": -0.070566,
        "nauc_precision_at_100_max": 0.034957,
        "nauc_precision_at_100_std": -0.090872,
        "nauc_precision_at_100_diff1": -0.0521,
        "nauc_precision_at_1000_max": 0.294679,
        "nauc_precision_at_1000_std": -0.039369,
        "nauc_precision_at_1000_diff1": 0.131945,
        "nauc_mrr_at_1_max": NaN,
        "nauc_mrr_at_1_std": NaN,
        "nauc_mrr_at_1_diff1": NaN,
        "nauc_mrr_at_3_max": -0.070566,
        "nauc_mrr_at_3_std": -0.415079,
        "nauc_mrr_at_3_diff1": -0.070566,
        "nauc_mrr_at_5_max": -0.070566,
        "nauc_mrr_at_5_std": -0.415079,
        "nauc_mrr_at_5_diff1": -0.070566,
        "nauc_mrr_at_10_max": -0.070566,
        "nauc_mrr_at_10_std": -0.243896,
        "nauc_mrr_at_10_diff1": -0.070566,
        "nauc_mrr_at_20_max": -0.070566,
        "nauc_mrr_at_20_std": -0.243896,
        "nauc_mrr_at_20_diff1": -0.070566,
        "nauc_mrr_at_100_max": -0.057518,
        "nauc_mrr_at_100_std": -0.224356,
        "nauc_mrr_at_100_diff1": -0.060037,
        "nauc_mrr_at_1000_max": -0.048997,
        "nauc_mrr_at_1000_std": -0.197341,
        "nauc_mrr_at_1000_diff1": -0.054161,
        "main_score": 0.0051,
        "hf_subset": "default",
        "languages": [
          "eng-Latn"
        ]
      }
    ]
  },
  "evaluation_time": 2244.6734325885773,
  "kg_co2_emissions": null
}