{
  "dataset_revision": "f8c2fcf00f625baaa80f62ec5bd9e1fff3b8ae88",
  "task_name": "SCIDOCS",
  "mteb_version": "1.39.7",
  "scores": {
    "test": [
      {
        "ndcg_at_1": 0.013,
        "ndcg_at_3": 0.01164,
        "ndcg_at_5": 0.01046,
        "ndcg_at_10": 0.01245,
        "ndcg_at_20": 0.01531,
        "ndcg_at_100": 0.02351,
        "ndcg_at_1000": 0.04901,
        "map_at_1": 0.00265,
        "map_at_3": 0.00441,
        "map_at_5": 0.00509,
        "map_at_10": 0.0057,
        "map_at_20": 0.00629,
        "map_at_100": 0.00708,
        "map_at_1000": 0.0077,
        "recall_at_1": 0.00265,
        "recall_at_3": 0.0069,
        "recall_at_5": 0.00975,
        "recall_at_10": 0.0134,
        "recall_at_20": 0.02015,
        "recall_at_100": 0.04755,
        "recall_at_1000": 0.17688,
        "precision_at_1": 0.013,
        "precision_at_3": 0.01133,
        "precision_at_5": 0.0096,
        "precision_at_10": 0.0066,
        "precision_at_20": 0.00495,
        "precision_at_100": 0.00235,
        "precision_at_1000": 0.00087,
        "mrr_at_1": 0.013,
        "mrr_at_3": 0.021667,
        "mrr_at_5": 0.024617,
        "mrr_at_10": 0.026378,
        "mrr_at_20": 0.028214,
        "mrr_at_100": 0.030327,
        "mrr_at_1000": 0.031481,
        "nauc_ndcg_at_1_max": -0.028482,
        "nauc_ndcg_at_1_std": 0.263049,
        "nauc_ndcg_at_1_diff1": 0.134693,
        "nauc_ndcg_at_3_max": 0.077181,
        "nauc_ndcg_at_3_std": 0.205023,
        "nauc_ndcg_at_3_diff1": -0.013423,
        "nauc_ndcg_at_5_max": 0.074314,
        "nauc_ndcg_at_5_std": 0.203611,
        "nauc_ndcg_at_5_diff1": -0.020312,
        "nauc_ndcg_at_10_max": 0.113152,
        "nauc_ndcg_at_10_std": 0.180417,
        "nauc_ndcg_at_10_diff1": -0.026278,
        "nauc_ndcg_at_20_max": 0.097426,
        "nauc_ndcg_at_20_std": 0.162312,
        "nauc_ndcg_at_20_diff1": -0.025072,
        "nauc_ndcg_at_100_max": 0.087917,
        "nauc_ndcg_at_100_std": 0.119646,
        "nauc_ndcg_at_100_diff1": -0.044285,
        "nauc_ndcg_at_1000_max": 0.081411,
        "nauc_ndcg_at_1000_std": 0.091495,
        "nauc_ndcg_at_1000_diff1": -0.021587,
        "nauc_map_at_1_max": -0.031828,
        "nauc_map_at_1_std": 0.250254,
        "nauc_map_at_1_diff1": 0.12432,
        "nauc_map_at_3_max": 0.064279,
        "nauc_map_at_3_std": 0.209995,
        "nauc_map_at_3_diff1": 0.004038,
        "nauc_map_at_5_max": 0.057244,
        "nauc_map_at_5_std": 0.21349,
        "nauc_map_at_5_diff1": -0.001452,
        "nauc_map_at_10_max": 0.094147,
        "nauc_map_at_10_std": 0.197029,
        "nauc_map_at_10_diff1": -0.006636,
        "nauc_map_at_20_max": 0.100132,
        "nauc_map_at_20_std": 0.1816,
        "nauc_map_at_20_diff1": -0.003538,
        "nauc_map_at_100_max": 0.103551,
        "nauc_map_at_100_std": 0.164576,
        "nauc_map_at_100_diff1": -0.012678,
        "nauc_map_at_1000_max": 0.104112,
        "nauc_map_at_1000_std": 0.159399,
        "nauc_map_at_1000_diff1": -0.011565,
        "nauc_recall_at_1_max": -0.031828,
        "nauc_recall_at_1_std": 0.250254,
        "nauc_recall_at_1_diff1": 0.12432,
        "nauc_recall_at_3_max": 0.109308,
        "nauc_recall_at_3_std": 0.186178,
        "nauc_recall_at_3_diff1": -0.060868,
        "nauc_recall_at_5_max": 0.092682,
        "nauc_recall_at_5_std": 0.190701,
        "nauc_recall_at_5_diff1": -0.052836,
        "nauc_recall_at_10_max": 0.150612,
        "nauc_recall_at_10_std": 0.155874,
        "nauc_recall_at_10_diff1": -0.055106,
        "nauc_recall_at_20_max": 0.106375,
        "nauc_recall_at_20_std": 0.132951,
        "nauc_recall_at_20_diff1": -0.044628,
        "nauc_recall_at_100_max": 0.083412,
        "nauc_recall_at_100_std": 0.075477,
        "nauc_recall_at_100_diff1": -0.067163,
        "nauc_recall_at_1000_max": 0.070848,
        "nauc_recall_at_1000_std": 0.047251,
        "nauc_recall_at_1000_diff1": -0.014922,
        "nauc_precision_at_1_max": -0.028482,
        "nauc_precision_at_1_std": 0.263049,
        "nauc_precision_at_1_diff1": 0.134693,
        "nauc_precision_at_3_max": 0.105076,
        "nauc_precision_at_3_std": 0.1871,
        "nauc_precision_at_3_diff1": -0.057198,
        "nauc_precision_at_5_max": 0.092596,
        "nauc_precision_at_5_std": 0.191882,
        "nauc_precision_at_5_diff1": -0.052114,
        "nauc_precision_at_10_max": 0.150552,
        "nauc_precision_at_10_std": 0.158821,
        "nauc_precision_at_10_diff1": -0.05361,
        "nauc_precision_at_20_max": 0.106889,
        "nauc_precision_at_20_std": 0.135229,
        "nauc_precision_at_20_diff1": -0.040843,
        "nauc_precision_at_100_max": 0.08457,
        "nauc_precision_at_100_std": 0.076478,
        "nauc_precision_at_100_diff1": -0.064012,
        "nauc_precision_at_1000_max": 0.06747,
        "nauc_precision_at_1000_std": 0.047669,
        "nauc_precision_at_1000_diff1": -0.015007,
        "nauc_mrr_at_1_max": -0.028482,
        "nauc_mrr_at_1_std": 0.263049,
        "nauc_mrr_at_1_diff1": 0.134693,
        "nauc_mrr_at_3_max": 0.061997,
        "nauc_mrr_at_3_std": 0.2146,
        "nauc_mrr_at_3_diff1": 0.010084,
        "nauc_mrr_at_5_max": 0.066528,
        "nauc_mrr_at_5_std": 0.210543,
        "nauc_mrr_at_5_diff1": 0.004249,
        "nauc_mrr_at_10_max": 0.076546,
        "nauc_mrr_at_10_std": 0.198408,
        "nauc_mrr_at_10_diff1": -0.000104,
        "nauc_mrr_at_20_max": 0.067858,
        "nauc_mrr_at_20_std": 0.192653,
        "nauc_mrr_at_20_diff1": -0.004283,
        "nauc_mrr_at_100_max": 0.064208,
        "nauc_mrr_at_100_std": 0.183007,
        "nauc_mrr_at_100_diff1": -0.008049,
        "nauc_mrr_at_1000_max": 0.063862,
        "nauc_mrr_at_1000_std": 0.180696,
        "nauc_mrr_at_1000_diff1": -0.007138,
        "main_score": 0.01245,
        "hf_subset": "default",
        "languages": [
          "eng-Latn"
        ]
      }
    ]
  },
  "evaluation_time": 251.18526029586792,
  "kg_co2_emissions": null
}