{
  "dataset_revision": "ec0fa4fe99da2ff19ca1214b7966684033a58814",
  "task_name": "NFCorpus",
  "mteb_version": "1.39.7",
  "scores": {
    "test": [
      {
        "ndcg_at_1": 0.07276,
        "ndcg_at_3": 0.06104,
        "ndcg_at_5": 0.06142,
        "ndcg_at_10": 0.05707,
        "ndcg_at_20": 0.05489,
        "ndcg_at_100": 0.06866,
        "ndcg_at_1000": 0.15265,
        "map_at_1": 0.01056,
        "map_at_3": 0.01438,
        "map_at_5": 0.01758,
        "map_at_10": 0.01994,
        "map_at_20": 0.02108,
        "map_at_100": 0.02397,
        "map_at_1000": 0.02892,
        "recall_at_1": 0.01056,
        "recall_at_3": 0.01557,
        "recall_at_5": 0.02438,
        "recall_at_10": 0.0325,
        "recall_at_20": 0.04013,
        "recall_at_100": 0.09536,
        "recall_at_1000": 0.37899,
        "precision_at_1": 0.0805,
        "precision_at_3": 0.05779,
        "precision_at_5": 0.05449,
        "precision_at_10": 0.04272,
        "precision_at_20": 0.03282,
        "precision_at_100": 0.02074,
        "precision_at_1000": 0.01244,
        "mrr_at_1": 0.083591,
        "mrr_at_3": 0.101135,
        "mrr_at_5": 0.115531,
        "mrr_at_10": 0.122596,
        "mrr_at_20": 0.127913,
        "mrr_at_100": 0.133372,
        "mrr_at_1000": 0.134853,
        "nauc_ndcg_at_1_max": 0.292978,
        "nauc_ndcg_at_1_std": 0.047517,
        "nauc_ndcg_at_1_diff1": 0.202469,
        "nauc_ndcg_at_3_max": 0.350041,
        "nauc_ndcg_at_3_std": -0.00742,
        "nauc_ndcg_at_3_diff1": 0.144072,
        "nauc_ndcg_at_5_max": 0.297151,
        "nauc_ndcg_at_5_std": -0.016923,
        "nauc_ndcg_at_5_diff1": 0.118563,
        "nauc_ndcg_at_10_max": 0.295454,
        "nauc_ndcg_at_10_std": -0.030137,
        "nauc_ndcg_at_10_diff1": 0.087667,
        "nauc_ndcg_at_20_max": 0.309783,
        "nauc_ndcg_at_20_std": -0.013678,
        "nauc_ndcg_at_20_diff1": 0.081704,
        "nauc_ndcg_at_100_max": 0.308213,
        "nauc_ndcg_at_100_std": 0.012262,
        "nauc_ndcg_at_100_diff1": 0.059226,
        "nauc_ndcg_at_1000_max": 0.297439,
        "nauc_ndcg_at_1000_std": -0.026051,
        "nauc_ndcg_at_1000_diff1": 0.03068,
        "nauc_map_at_1_max": 0.467186,
        "nauc_map_at_1_std": -0.070344,
        "nauc_map_at_1_diff1": 0.229282,
        "nauc_map_at_3_max": 0.488759,
        "nauc_map_at_3_std": -0.054142,
        "nauc_map_at_3_diff1": 0.201838,
        "nauc_map_at_5_max": 0.435718,
        "nauc_map_at_5_std": -0.034979,
        "nauc_map_at_5_diff1": 0.183159,
        "nauc_map_at_10_max": 0.418805,
        "nauc_map_at_10_std": -0.02539,
        "nauc_map_at_10_diff1": 0.171083,
        "nauc_map_at_20_max": 0.427241,
        "nauc_map_at_20_std": -0.022541,
        "nauc_map_at_20_diff1": 0.165681,
        "nauc_map_at_100_max": 0.42203,
        "nauc_map_at_100_std": -0.024283,
        "nauc_map_at_100_diff1": 0.151111,
        "nauc_map_at_1000_max": 0.410422,
        "nauc_map_at_1000_std": -0.027285,
        "nauc_map_at_1000_diff1": 0.131243,
        "nauc_recall_at_1_max": 0.467186,
        "nauc_recall_at_1_std": -0.070344,
        "nauc_recall_at_1_diff1": 0.229282,
        "nauc_recall_at_3_max": 0.475359,
        "nauc_recall_at_3_std": -0.061437,
        "nauc_recall_at_3_diff1": 0.179009,
        "nauc_recall_at_5_max": 0.274934,
        "nauc_recall_at_5_std": -0.022876,
        "nauc_recall_at_5_diff1": 0.15177,
        "nauc_recall_at_10_max": 0.225518,
        "nauc_recall_at_10_std": -0.016854,
        "nauc_recall_at_10_diff1": 0.095107,
        "nauc_recall_at_20_max": 0.241313,
        "nauc_recall_at_20_std": 0.020913,
        "nauc_recall_at_20_diff1": 0.099027,
        "nauc_recall_at_100_max": 0.198918,
        "nauc_recall_at_100_std": 0.03355,
        "nauc_recall_at_100_diff1": 0.066718,
        "nauc_recall_at_1000_max": 0.155274,
        "nauc_recall_at_1000_std": -0.025606,
        "nauc_recall_at_1000_diff1": 0.035132,
        "nauc_precision_at_1_max": 0.307823,
        "nauc_precision_at_1_std": 0.033254,
        "nauc_precision_at_1_diff1": 0.179553,
        "nauc_precision_at_3_max": 0.37337,
        "nauc_precision_at_3_std": -0.037019,
        "nauc_precision_at_3_diff1": 0.085954,
        "nauc_precision_at_5_max": 0.286728,
        "nauc_precision_at_5_std": -0.032018,
        "nauc_precision_at_5_diff1": 0.052871,
        "nauc_precision_at_10_max": 0.291726,
        "nauc_precision_at_10_std": -0.041974,
        "nauc_precision_at_10_diff1": 0.018195,
        "nauc_precision_at_20_max": 0.297974,
        "nauc_precision_at_20_std": -0.027982,
        "nauc_precision_at_20_diff1": -0.018688,
        "nauc_precision_at_100_max": 0.226465,
        "nauc_precision_at_100_std": -0.025652,
        "nauc_precision_at_100_diff1": -0.100225,
        "nauc_precision_at_1000_max": 0.132576,
        "nauc_precision_at_1000_std": -0.014476,
        "nauc_precision_at_1000_diff1": -0.076371,
        "nauc_mrr_at_1_max": 0.308414,
        "nauc_mrr_at_1_std": 0.013544,
        "nauc_mrr_at_1_diff1": 0.151649,
        "nauc_mrr_at_3_max": 0.307368,
        "nauc_mrr_at_3_std": -0.001772,
        "nauc_mrr_at_3_diff1": 0.121482,
        "nauc_mrr_at_5_max": 0.280698,
        "nauc_mrr_at_5_std": -0.019824,
        "nauc_mrr_at_5_diff1": 0.083578,
        "nauc_mrr_at_10_max": 0.274144,
        "nauc_mrr_at_10_std": -0.022874,
        "nauc_mrr_at_10_diff1": 0.081425,
        "nauc_mrr_at_20_max": 0.274328,
        "nauc_mrr_at_20_std": -0.021967,
        "nauc_mrr_at_20_diff1": 0.075251,
        "nauc_mrr_at_100_max": 0.276252,
        "nauc_mrr_at_100_std": -0.017116,
        "nauc_mrr_at_100_diff1": 0.074622,
        "nauc_mrr_at_1000_max": 0.276515,
        "nauc_mrr_at_1000_std": -0.017453,
        "nauc_mrr_at_1000_diff1": 0.075609,
        "main_score": 0.05707,
        "hf_subset": "default",
        "languages": [
          "eng-Latn"
        ]
      }
    ]
  },
  "evaluation_time": 37.481295108795166,
  "kg_co2_emissions": null
}