{
  "dataset_revision": "a34f9a33db75fa0cbb21bb5cfc3dae8dc8bec93f",
  "task_name": "Touche2020",
  "mteb_version": "1.39.7",
  "scores": {
    "test": [
      {
        "ndcg_at_1": 0.13265,
        "ndcg_at_3": 0.17413,
        "ndcg_at_5": 0.20227,
        "ndcg_at_10": 0.19782,
        "ndcg_at_20": 0.21307,
        "ndcg_at_100": 0.31576,
        "ndcg_at_1000": 0.41758,
        "map_at_1": 0.01119,
        "map_at_3": 0.03266,
        "map_at_5": 0.0524,
        "map_at_10": 0.07833,
        "map_at_20": 0.09876,
        "map_at_100": 0.13274,
        "map_at_1000": 0.14573,
        "recall_at_1": 0.01119,
        "recall_at_3": 0.04671,
        "recall_at_5": 0.08851,
        "recall_at_10": 0.14702,
        "recall_at_20": 0.21844,
        "recall_at_100": 0.43786,
        "recall_at_1000": 0.74464,
        "precision_at_1": 0.14286,
        "precision_at_3": 0.20408,
        "precision_at_5": 0.23673,
        "precision_at_10": 0.19592,
        "precision_at_20": 0.1551,
        "precision_at_100": 0.07143,
        "precision_at_1000": 0.01384,
        "mrr_at_1": 0.142857,
        "mrr_at_3": 0.285714,
        "mrr_at_5": 0.32449,
        "mrr_at_10": 0.335625,
        "mrr_at_20": 0.33963,
        "mrr_at_100": 0.346281,
        "mrr_at_1000": 0.346281,
        "nauc_ndcg_at_1_max": -0.16229,
        "nauc_ndcg_at_1_std": -0.053039,
        "nauc_ndcg_at_1_diff1": 0.011529,
        "nauc_ndcg_at_3_max": -0.165264,
        "nauc_ndcg_at_3_std": -0.147878,
        "nauc_ndcg_at_3_diff1": 0.070061,
        "nauc_ndcg_at_5_max": -0.231153,
        "nauc_ndcg_at_5_std": -0.105699,
        "nauc_ndcg_at_5_diff1": 0.003987,
        "nauc_ndcg_at_10_max": -0.23998,
        "nauc_ndcg_at_10_std": -0.114972,
        "nauc_ndcg_at_10_diff1": -0.050144,
        "nauc_ndcg_at_20_max": -0.277032,
        "nauc_ndcg_at_20_std": -0.117419,
        "nauc_ndcg_at_20_diff1": -0.106717,
        "nauc_ndcg_at_100_max": -0.225814,
        "nauc_ndcg_at_100_std": 0.150961,
        "nauc_ndcg_at_100_diff1": -0.14512,
        "nauc_ndcg_at_1000_max": -0.156407,
        "nauc_ndcg_at_1000_std": 0.283271,
        "nauc_ndcg_at_1000_diff1": -0.209532,
        "nauc_map_at_1_max": -0.161171,
        "nauc_map_at_1_std": -0.198842,
        "nauc_map_at_1_diff1": -0.055638,
        "nauc_map_at_3_max": -0.162558,
        "nauc_map_at_3_std": -0.24876,
        "nauc_map_at_3_diff1": -0.047506,
        "nauc_map_at_5_max": -0.187409,
        "nauc_map_at_5_std": -0.232243,
        "nauc_map_at_5_diff1": -0.087202,
        "nauc_map_at_10_max": -0.160734,
        "nauc_map_at_10_std": -0.250221,
        "nauc_map_at_10_diff1": -0.095041,
        "nauc_map_at_20_max": -0.184044,
        "nauc_map_at_20_std": -0.209199,
        "nauc_map_at_20_diff1": -0.117365,
        "nauc_map_at_100_max": -0.163662,
        "nauc_map_at_100_std": -0.046621,
        "nauc_map_at_100_diff1": -0.117805,
        "nauc_map_at_1000_max": -0.164791,
        "nauc_map_at_1000_std": -0.012135,
        "nauc_map_at_1000_diff1": -0.134877,
        "nauc_recall_at_1_max": -0.161171,
        "nauc_recall_at_1_std": -0.198842,
        "nauc_recall_at_1_diff1": -0.055638,
        "nauc_recall_at_3_max": -0.199533,
        "nauc_recall_at_3_std": -0.281704,
        "nauc_recall_at_3_diff1": -0.012355,
        "nauc_recall_at_5_max": -0.259366,
        "nauc_recall_at_5_std": -0.237399,
        "nauc_recall_at_5_diff1": -0.079926,
        "nauc_recall_at_10_max": -0.261183,
        "nauc_recall_at_10_std": -0.218835,
        "nauc_recall_at_10_diff1": -0.108966,
        "nauc_recall_at_20_max": -0.309579,
        "nauc_recall_at_20_std": -0.150483,
        "nauc_recall_at_20_diff1": -0.154681,
        "nauc_recall_at_100_max": -0.225167,
        "nauc_recall_at_100_std": 0.294038,
        "nauc_recall_at_100_diff1": -0.242889,
        "nauc_recall_at_1000_max": -0.054573,
        "nauc_recall_at_1000_std": 0.624666,
        "nauc_recall_at_1000_diff1": -0.429898,
        "nauc_precision_at_1_max": -0.170182,
        "nauc_precision_at_1_std": -0.083746,
        "nauc_precision_at_1_diff1": 0.036474,
        "nauc_precision_at_3_max": -0.184296,
        "nauc_precision_at_3_std": -0.191429,
        "nauc_precision_at_3_diff1": 0.09105,
        "nauc_precision_at_5_max": -0.251167,
        "nauc_precision_at_5_std": -0.090535,
        "nauc_precision_at_5_diff1": -0.036656,
        "nauc_precision_at_10_max": -0.23313,
        "nauc_precision_at_10_std": -0.039634,
        "nauc_precision_at_10_diff1": -0.073541,
        "nauc_precision_at_20_max": -0.251881,
        "nauc_precision_at_20_std": 0.073118,
        "nauc_precision_at_20_diff1": -0.093934,
        "nauc_precision_at_100_max": -0.013574,
        "nauc_precision_at_100_std": 0.628936,
        "nauc_precision_at_100_diff1": -0.14547,
        "nauc_precision_at_1000_max": 0.39132,
        "nauc_precision_at_1000_std": 0.539783,
        "nauc_precision_at_1000_diff1": -0.064662,
        "nauc_mrr_at_1_max": -0.170182,
        "nauc_mrr_at_1_std": -0.083746,
        "nauc_mrr_at_1_diff1": 0.036474,
        "nauc_mrr_at_3_max": -0.233609,
        "nauc_mrr_at_3_std": -0.182183,
        "nauc_mrr_at_3_diff1": 0.055695,
        "nauc_mrr_at_5_max": -0.309871,
        "nauc_mrr_at_5_std": -0.13559,
        "nauc_mrr_at_5_diff1": 0.027348,
        "nauc_mrr_at_10_max": -0.310541,
        "nauc_mrr_at_10_std": -0.097618,
        "nauc_mrr_at_10_diff1": 0.014585,
        "nauc_mrr_at_20_max": -0.309956,
        "nauc_mrr_at_20_std": -0.096115,
        "nauc_mrr_at_20_diff1": 0.008147,
        "nauc_mrr_at_100_max": -0.301106,
        "nauc_mrr_at_100_std": -0.103403,
        "nauc_mrr_at_100_diff1": 0.010725,
        "nauc_mrr_at_1000_max": -0.301106,
        "nauc_mrr_at_1000_std": -0.103403,
        "nauc_mrr_at_1000_diff1": 0.010725,
        "main_score": 0.19782,
        "hf_subset": "default",
        "languages": [
          "eng-Latn"
        ]
      }
    ]
  },
  "evaluation_time": 292.76270937919617,
  "kg_co2_emissions": null
}