{
  "dataset_revision": "bb9466bac8153a0349341eb1b22e06409e78ef4e",
  "task_name": "TRECCOVID",
  "mteb_version": "1.39.7",
  "scores": {
    "test": [
      {
        "ndcg_at_1": 0.4,
        "ndcg_at_3": 0.38235,
        "ndcg_at_5": 0.34508,
        "ndcg_at_10": 0.31922,
        "ndcg_at_20": 0.29079,
        "ndcg_at_100": 0.19606,
        "ndcg_at_1000": 0.16066,
        "map_at_1": 0.00137,
        "map_at_3": 0.00334,
        "map_at_5": 0.00443,
        "map_at_10": 0.00665,
        "map_at_20": 0.01031,
        "map_at_100": 0.02438,
        "map_at_1000": 0.04425,
        "recall_at_1": 0.00137,
        "recall_at_3": 0.00366,
        "recall_at_5": 0.00495,
        "recall_at_10": 0.00848,
        "recall_at_20": 0.01432,
        "recall_at_100": 0.04313,
        "recall_at_1000": 0.14178,
        "precision_at_1": 0.48,
        "precision_at_3": 0.43333,
        "precision_at_5": 0.364,
        "precision_at_10": 0.332,
        "precision_at_20": 0.296,
        "precision_at_100": 0.1878,
        "precision_at_1000": 0.06576,
        "mrr_at_1": 0.48,
        "mrr_at_3": 0.55,
        "mrr_at_5": 0.559,
        "mrr_at_10": 0.568778,
        "mrr_at_20": 0.571204,
        "mrr_at_100": 0.574817,
        "mrr_at_1000": 0.575046,
        "nauc_ndcg_at_1_max": 0.50161,
        "nauc_ndcg_at_1_std": 0.427807,
        "nauc_ndcg_at_1_diff1": -0.04082,
        "nauc_ndcg_at_3_max": 0.443911,
        "nauc_ndcg_at_3_std": 0.495845,
        "nauc_ndcg_at_3_diff1": -0.051247,
        "nauc_ndcg_at_5_max": 0.460747,
        "nauc_ndcg_at_5_std": 0.542847,
        "nauc_ndcg_at_5_diff1": -0.10339,
        "nauc_ndcg_at_10_max": 0.469826,
        "nauc_ndcg_at_10_std": 0.559969,
        "nauc_ndcg_at_10_diff1": -0.093317,
        "nauc_ndcg_at_20_max": 0.446289,
        "nauc_ndcg_at_20_std": 0.532924,
        "nauc_ndcg_at_20_diff1": -0.122244,
        "nauc_ndcg_at_100_max": 0.521421,
        "nauc_ndcg_at_100_std": 0.551329,
        "nauc_ndcg_at_100_diff1": -0.0988,
        "nauc_ndcg_at_1000_max": 0.586644,
        "nauc_ndcg_at_1000_std": 0.567555,
        "nauc_ndcg_at_1000_diff1": -0.058971,
        "nauc_map_at_1_max": 0.419382,
        "nauc_map_at_1_std": 0.371078,
        "nauc_map_at_1_diff1": 0.190398,
        "nauc_map_at_3_max": 0.357736,
        "nauc_map_at_3_std": 0.535931,
        "nauc_map_at_3_diff1": 0.220076,
        "nauc_map_at_5_max": 0.410473,
        "nauc_map_at_5_std": 0.59605,
        "nauc_map_at_5_diff1": 0.150075,
        "nauc_map_at_10_max": 0.410706,
        "nauc_map_at_10_std": 0.611469,
        "nauc_map_at_10_diff1": 0.103497,
        "nauc_map_at_20_max": 0.417167,
        "nauc_map_at_20_std": 0.59875,
        "nauc_map_at_20_diff1": 0.019257,
        "nauc_map_at_100_max": 0.509388,
        "nauc_map_at_100_std": 0.609728,
        "nauc_map_at_100_diff1": 0.026219,
        "nauc_map_at_1000_max": 0.617429,
        "nauc_map_at_1000_std": 0.648116,
        "nauc_map_at_1000_diff1": -0.108903,
        "nauc_recall_at_1_max": 0.419382,
        "nauc_recall_at_1_std": 0.371078,
        "nauc_recall_at_1_diff1": 0.190398,
        "nauc_recall_at_3_max": 0.348823,
        "nauc_recall_at_3_std": 0.53805,
        "nauc_recall_at_3_diff1": 0.249987,
        "nauc_recall_at_5_max": 0.403884,
        "nauc_recall_at_5_std": 0.587445,
        "nauc_recall_at_5_diff1": 0.176169,
        "nauc_recall_at_10_max": 0.412468,
        "nauc_recall_at_10_std": 0.563524,
        "nauc_recall_at_10_diff1": 0.182125,
        "nauc_recall_at_20_max": 0.424753,
        "nauc_recall_at_20_std": 0.53651,
        "nauc_recall_at_20_diff1": 0.066924,
        "nauc_recall_at_100_max": 0.532925,
        "nauc_recall_at_100_std": 0.566538,
        "nauc_recall_at_100_diff1": 0.038159,
        "nauc_recall_at_1000_max": 0.58903,
        "nauc_recall_at_1000_std": 0.538034,
        "nauc_recall_at_1000_diff1": -0.116641,
        "nauc_precision_at_1_max": 0.585636,
        "nauc_precision_at_1_std": 0.419631,
        "nauc_precision_at_1_diff1": -0.096433,
        "nauc_precision_at_3_max": 0.439287,
        "nauc_precision_at_3_std": 0.574308,
        "nauc_precision_at_3_diff1": -0.072346,
        "nauc_precision_at_5_max": 0.454359,
        "nauc_precision_at_5_std": 0.584773,
        "nauc_precision_at_5_diff1": -0.132469,
        "nauc_precision_at_10_max": 0.460311,
        "nauc_precision_at_10_std": 0.56107,
        "nauc_precision_at_10_diff1": -0.077646,
        "nauc_precision_at_20_max": 0.429269,
        "nauc_precision_at_20_std": 0.513891,
        "nauc_precision_at_20_diff1": -0.12223,
        "nauc_precision_at_100_max": 0.545857,
        "nauc_precision_at_100_std": 0.533699,
        "nauc_precision_at_100_diff1": -0.109453,
        "nauc_precision_at_1000_max": 0.549125,
        "nauc_precision_at_1000_std": 0.475996,
        "nauc_precision_at_1000_diff1": -0.285894,
        "nauc_mrr_at_1_max": 0.585636,
        "nauc_mrr_at_1_std": 0.419631,
        "nauc_mrr_at_1_diff1": -0.096433,
        "nauc_mrr_at_3_max": 0.576827,
        "nauc_mrr_at_3_std": 0.48129,
        "nauc_mrr_at_3_diff1": -0.140055,
        "nauc_mrr_at_5_max": 0.59144,
        "nauc_mrr_at_5_std": 0.468384,
        "nauc_mrr_at_5_diff1": -0.139133,
        "nauc_mrr_at_10_max": 0.596549,
        "nauc_mrr_at_10_std": 0.463966,
        "nauc_mrr_at_10_diff1": -0.116495,
        "nauc_mrr_at_20_max": 0.593715,
        "nauc_mrr_at_20_std": 0.464991,
        "nauc_mrr_at_20_diff1": -0.120887,
        "nauc_mrr_at_100_max": 0.593112,
        "nauc_mrr_at_100_std": 0.466136,
        "nauc_mrr_at_100_diff1": -0.120375,
        "nauc_mrr_at_1000_max": 0.593063,
        "nauc_mrr_at_1000_std": 0.465743,
        "nauc_mrr_at_1000_diff1": -0.120895,
        "main_score": 0.31922,
        "hf_subset": "default",
        "languages": [
          "eng-Latn"
        ]
      }
    ]
  },
  "evaluation_time": 453.6433615684509,
  "kg_co2_emissions": null
}