{
  "dataset_revision": "0228b52cf27578f30900b9e5271d331663a030d7",
  "task_name": "SciFact",
  "mteb_version": "1.39.7",
  "scores": {
    "test": [
      {
        "ndcg_at_1": 0.01667,
        "ndcg_at_3": 0.01588,
        "ndcg_at_5": 0.01546,
        "ndcg_at_10": 0.02122,
        "ndcg_at_20": 0.02629,
        "ndcg_at_100": 0.04869,
        "ndcg_at_1000": 0.09167,
        "map_at_1": 0.01417,
        "map_at_3": 0.015,
        "map_at_5": 0.015,
        "map_at_10": 0.01724,
        "map_at_20": 0.01868,
        "map_at_100": 0.02163,
        "map_at_1000": 0.0228,
        "recall_at_1": 0.01417,
        "recall_at_3": 0.015,
        "recall_at_5": 0.015,
        "recall_at_10": 0.03278,
        "recall_at_20": 0.05194,
        "recall_at_100": 0.17139,
        "recall_at_1000": 0.53178,
        "precision_at_1": 0.01667,
        "precision_at_3": 0.00667,
        "precision_at_5": 0.004,
        "precision_at_10": 0.004,
        "precision_at_20": 0.00317,
        "precision_at_100": 0.00197,
        "precision_at_1000": 0.00059,
        "mrr_at_1": 0.016667,
        "mrr_at_3": 0.016667,
        "mrr_at_5": 0.016667,
        "mrr_at_10": 0.019156,
        "mrr_at_20": 0.020586,
        "mrr_at_100": 0.023657,
        "mrr_at_1000": 0.024778,
        "nauc_ndcg_at_1_max": -0.179072,
        "nauc_ndcg_at_1_std": -0.061873,
        "nauc_ndcg_at_1_diff1": -0.145801,
        "nauc_ndcg_at_3_max": -0.203835,
        "nauc_ndcg_at_3_std": -0.04032,
        "nauc_ndcg_at_3_diff1": -0.12838,
        "nauc_ndcg_at_5_max": -0.218479,
        "nauc_ndcg_at_5_std": -0.027574,
        "nauc_ndcg_at_5_diff1": -0.118078,
        "nauc_ndcg_at_10_max": -0.162593,
        "nauc_ndcg_at_10_std": 0.048532,
        "nauc_ndcg_at_10_diff1": -0.097969,
        "nauc_ndcg_at_20_max": -0.141368,
        "nauc_ndcg_at_20_std": 0.023858,
        "nauc_ndcg_at_20_diff1": -0.020479,
        "nauc_ndcg_at_100_max": -0.014839,
        "nauc_ndcg_at_100_std": 0.009981,
        "nauc_ndcg_at_100_diff1": -0.033337,
        "nauc_ndcg_at_1000_max": -0.04403,
        "nauc_ndcg_at_1000_std": 0.073433,
        "nauc_ndcg_at_1000_diff1": 0.006542,
        "nauc_map_at_1_max": -0.267823,
        "nauc_map_at_1_std": 0.015373,
        "nauc_map_at_1_diff1": -0.083366,
        "nauc_map_at_3_max": -0.234952,
        "nauc_map_at_3_std": -0.013237,
        "nauc_map_at_3_diff1": -0.10649,
        "nauc_map_at_5_max": -0.234952,
        "nauc_map_at_5_std": -0.013237,
        "nauc_map_at_5_diff1": -0.10649,
        "nauc_map_at_10_max": -0.208501,
        "nauc_map_at_10_std": 0.022653,
        "nauc_map_at_10_diff1": -0.094752,
        "nauc_map_at_20_max": -0.192276,
        "nauc_map_at_20_std": 0.015487,
        "nauc_map_at_20_diff1": -0.067163,
        "nauc_map_at_100_max": -0.154113,
        "nauc_map_at_100_std": 0.006104,
        "nauc_map_at_100_diff1": -0.068671,
        "nauc_map_at_1000_max": -0.154097,
        "nauc_map_at_1000_std": 0.010548,
        "nauc_map_at_1000_diff1": -0.067159,
        "nauc_recall_at_1_max": -0.267823,
        "nauc_recall_at_1_std": 0.015373,
        "nauc_recall_at_1_diff1": -0.083366,
        "nauc_recall_at_3_max": -0.234952,
        "nauc_recall_at_3_std": -0.013237,
        "nauc_recall_at_3_diff1": -0.10649,
        "nauc_recall_at_5_max": -0.234952,
        "nauc_recall_at_5_std": -0.013237,
        "nauc_recall_at_5_diff1": -0.10649,
        "nauc_recall_at_10_max": -0.122655,
        "nauc_recall_at_10_std": 0.146007,
        "nauc_recall_at_10_diff1": -0.082285,
        "nauc_recall_at_20_max": -0.103633,
        "nauc_recall_at_20_std": 0.061158,
        "nauc_recall_at_20_diff1": 0.076212,
        "nauc_recall_at_100_max": 0.076537,
        "nauc_recall_at_100_std": 0.034452,
        "nauc_recall_at_100_diff1": 0.008911,
        "nauc_recall_at_1000_max": -0.014263,
        "nauc_recall_at_1000_std": 0.174336,
        "nauc_recall_at_1000_diff1": 0.105072,
        "nauc_precision_at_1_max": -0.179072,
        "nauc_precision_at_1_std": -0.061873,
        "nauc_precision_at_1_diff1": -0.145801,
        "nauc_precision_at_3_max": -0.095251,
        "nauc_precision_at_3_std": -0.134827,
        "nauc_precision_at_3_diff1": -0.204767,
        "nauc_precision_at_5_max": -0.095251,
        "nauc_precision_at_5_std": -0.134827,
        "nauc_precision_at_5_diff1": -0.204767,
        "nauc_precision_at_10_max": -0.023254,
        "nauc_precision_at_10_std": 0.025266,
        "nauc_precision_at_10_diff1": -0.133798,
        "nauc_precision_at_20_max": -0.034344,
        "nauc_precision_at_20_std": -0.031025,
        "nauc_precision_at_20_diff1": -0.010055,
        "nauc_precision_at_100_max": 0.102743,
        "nauc_precision_at_100_std": -0.015818,
        "nauc_precision_at_100_diff1": -0.051568,
        "nauc_precision_at_1000_max": 0.062398,
        "nauc_precision_at_1000_std": 0.079939,
        "nauc_precision_at_1000_diff1": 0.009085,
        "nauc_mrr_at_1_max": -0.179072,
        "nauc_mrr_at_1_std": -0.061873,
        "nauc_mrr_at_1_diff1": -0.145801,
        "nauc_mrr_at_3_max": -0.179072,
        "nauc_mrr_at_3_std": -0.061873,
        "nauc_mrr_at_3_diff1": -0.145801,
        "nauc_mrr_at_5_max": -0.179072,
        "nauc_mrr_at_5_std": -0.061873,
        "nauc_mrr_at_5_diff1": -0.145801,
        "nauc_mrr_at_10_max": -0.150964,
        "nauc_mrr_at_10_std": -0.030485,
        "nauc_mrr_at_10_diff1": -0.129664,
        "nauc_mrr_at_20_max": -0.14493,
        "nauc_mrr_at_20_std": -0.030538,
        "nauc_mrr_at_20_diff1": -0.101617,
        "nauc_mrr_at_100_max": -0.109219,
        "nauc_mrr_at_100_std": -0.036471,
        "nauc_mrr_at_100_diff1": -0.100475,
        "nauc_mrr_at_1000_max": -0.111334,
        "nauc_mrr_at_1000_std": -0.03113,
        "nauc_mrr_at_1000_diff1": -0.098186,
        "main_score": 0.02122,
        "hf_subset": "default",
        "languages": [
          "eng-Latn"
        ]
      }
    ]
  },
  "evaluation_time": 16.373600959777832,
  "kg_co2_emissions": null
}