{
  "dataset_revision": "a34f9a33db75fa0cbb21bb5cfc3dae8dc8bec93f",
  "task_name": "Touche2020",
  "mteb_version": "1.39.7",
  "scores": {
    "test": [
      {
        "ndcg_at_1": 0.04082,
        "ndcg_at_3": 0.05894,
        "ndcg_at_5": 0.05988,
        "ndcg_at_10": 0.05646,
        "ndcg_at_20": 0.05545,
        "ndcg_at_100": 0.09024,
        "ndcg_at_1000": 0.1496,
        "map_at_1": 0.00217,
        "map_at_3": 0.00567,
        "map_at_5": 0.00817,
        "map_at_10": 0.01252,
        "map_at_20": 0.01616,
        "map_at_100": 0.02183,
        "map_at_1000": 0.02527,
        "recall_at_1": 0.00217,
        "recall_at_3": 0.00908,
        "recall_at_5": 0.01706,
        "recall_at_10": 0.03521,
        "recall_at_20": 0.04903,
        "recall_at_100": 0.12418,
        "recall_at_1000": 0.30698,
        "precision_at_1": 0.04082,
        "precision_at_3": 0.06122,
        "precision_at_5": 0.06122,
        "precision_at_10": 0.05714,
        "precision_at_20": 0.04184,
        "precision_at_100": 0.02286,
        "precision_at_1000": 0.00612,
        "mrr_at_1": 0.040816,
        "mrr_at_3": 0.098639,
        "mrr_at_5": 0.118027,
        "mrr_at_10": 0.132564,
        "mrr_at_20": 0.135465,
        "mrr_at_100": 0.143157,
        "mrr_at_1000": 0.143908,
        "nauc_ndcg_at_1_max": 0.206442,
        "nauc_ndcg_at_1_std": 0.012839,
        "nauc_ndcg_at_1_diff1": 0.548726,
        "nauc_ndcg_at_3_max": 0.073172,
        "nauc_ndcg_at_3_std": 0.127686,
        "nauc_ndcg_at_3_diff1": 0.236549,
        "nauc_ndcg_at_5_max": 0.188869,
        "nauc_ndcg_at_5_std": 0.210194,
        "nauc_ndcg_at_5_diff1": 0.446434,
        "nauc_ndcg_at_10_max": 0.200862,
        "nauc_ndcg_at_10_std": 0.382864,
        "nauc_ndcg_at_10_diff1": 0.394258,
        "nauc_ndcg_at_20_max": 0.209669,
        "nauc_ndcg_at_20_std": 0.464065,
        "nauc_ndcg_at_20_diff1": 0.414108,
        "nauc_ndcg_at_100_max": 0.213465,
        "nauc_ndcg_at_100_std": 0.560255,
        "nauc_ndcg_at_100_diff1": 0.413722,
        "nauc_ndcg_at_1000_max": 0.331684,
        "nauc_ndcg_at_1000_std": 0.624512,
        "nauc_ndcg_at_1000_diff1": 0.277336,
        "nauc_map_at_1_max": 0.12291,
        "nauc_map_at_1_std": 0.021746,
        "nauc_map_at_1_diff1": 0.501224,
        "nauc_map_at_3_max": 0.028186,
        "nauc_map_at_3_std": 0.075231,
        "nauc_map_at_3_diff1": 0.203666,
        "nauc_map_at_5_max": 0.200912,
        "nauc_map_at_5_std": 0.152983,
        "nauc_map_at_5_diff1": 0.435175,
        "nauc_map_at_10_max": 0.200337,
        "nauc_map_at_10_std": 0.34176,
        "nauc_map_at_10_diff1": 0.391148,
        "nauc_map_at_20_max": 0.237925,
        "nauc_map_at_20_std": 0.44272,
        "nauc_map_at_20_diff1": 0.438386,
        "nauc_map_at_100_max": 0.220366,
        "nauc_map_at_100_std": 0.508148,
        "nauc_map_at_100_diff1": 0.417256,
        "nauc_map_at_1000_max": 0.246975,
        "nauc_map_at_1000_std": 0.538336,
        "nauc_map_at_1000_diff1": 0.387919,
        "nauc_recall_at_1_max": 0.12291,
        "nauc_recall_at_1_std": 0.021746,
        "nauc_recall_at_1_diff1": 0.501224,
        "nauc_recall_at_3_max": -0.002487,
        "nauc_recall_at_3_std": 0.10924,
        "nauc_recall_at_3_diff1": 0.133452,
        "nauc_recall_at_5_max": 0.188799,
        "nauc_recall_at_5_std": 0.287004,
        "nauc_recall_at_5_diff1": 0.503536,
        "nauc_recall_at_10_max": 0.175403,
        "nauc_recall_at_10_std": 0.527948,
        "nauc_recall_at_10_diff1": 0.4171,
        "nauc_recall_at_20_max": 0.192347,
        "nauc_recall_at_20_std": 0.591772,
        "nauc_recall_at_20_diff1": 0.420399,
        "nauc_recall_at_100_max": 0.207769,
        "nauc_recall_at_100_std": 0.642982,
        "nauc_recall_at_100_diff1": 0.411779,
        "nauc_recall_at_1000_max": 0.307445,
        "nauc_recall_at_1000_std": 0.652284,
        "nauc_recall_at_1000_diff1": 0.141124,
        "nauc_precision_at_1_max": 0.206442,
        "nauc_precision_at_1_std": 0.012839,
        "nauc_precision_at_1_diff1": 0.548726,
        "nauc_precision_at_3_max": 0.051152,
        "nauc_precision_at_3_std": 0.173387,
        "nauc_precision_at_3_diff1": 0.158585,
        "nauc_precision_at_5_max": 0.223836,
        "nauc_precision_at_5_std": 0.277341,
        "nauc_precision_at_5_diff1": 0.489883,
        "nauc_precision_at_10_max": 0.239125,
        "nauc_precision_at_10_std": 0.496321,
        "nauc_precision_at_10_diff1": 0.375786,
        "nauc_precision_at_20_max": 0.217015,
        "nauc_precision_at_20_std": 0.539005,
        "nauc_precision_at_20_diff1": 0.323109,
        "nauc_precision_at_100_max": 0.291607,
        "nauc_precision_at_100_std": 0.613699,
        "nauc_precision_at_100_diff1": 0.273604,
        "nauc_precision_at_1000_max": 0.474173,
        "nauc_precision_at_1000_std": 0.540224,
        "nauc_precision_at_1000_diff1": -0.069023,
        "nauc_mrr_at_1_max": 0.206442,
        "nauc_mrr_at_1_std": 0.012839,
        "nauc_mrr_at_1_diff1": 0.548726,
        "nauc_mrr_at_3_max": 0.085324,
        "nauc_mrr_at_3_std": 0.085997,
        "nauc_mrr_at_3_diff1": 0.334117,
        "nauc_mrr_at_5_max": 0.095966,
        "nauc_mrr_at_5_std": 0.177508,
        "nauc_mrr_at_5_diff1": 0.427829,
        "nauc_mrr_at_10_max": 0.134601,
        "nauc_mrr_at_10_std": 0.221434,
        "nauc_mrr_at_10_diff1": 0.382662,
        "nauc_mrr_at_20_max": 0.129273,
        "nauc_mrr_at_20_std": 0.208905,
        "nauc_mrr_at_20_diff1": 0.374326,
        "nauc_mrr_at_100_max": 0.139573,
        "nauc_mrr_at_100_std": 0.210435,
        "nauc_mrr_at_100_diff1": 0.37697,
        "nauc_mrr_at_1000_max": 0.139394,
        "nauc_mrr_at_1000_std": 0.209409,
        "nauc_mrr_at_1000_diff1": 0.377113,
        "main_score": 0.05646,
        "hf_subset": "default",
        "languages": [
          "eng-Latn"
        ]
      }
    ]
  },
  "evaluation_time": 2403.3428812026978,
  "kg_co2_emissions": null
}