{
  "dataset_revision": "c22ab2a51041ffd869aaddef7af8d8215647e41a",
  "task_name": "ArguAna",
  "mteb_version": "1.39.7",
  "scores": {
    "test": [
      {
        "ndcg_at_1": 0.26458,
        "ndcg_at_3": 0.40899,
        "ndcg_at_5": 0.45756,
        "ndcg_at_10": 0.50232,
        "ndcg_at_20": 0.52624,
        "ndcg_at_100": 0.54325,
        "ndcg_at_1000": 0.5484,
        "map_at_1": 0.26458,
        "map_at_3": 0.37316,
        "map_at_5": 0.40008,
        "map_at_10": 0.41877,
        "map_at_20": 0.42554,
        "map_at_100": 0.42794,
        "map_at_1000": 0.42816,
        "recall_at_1": 0.26458,
        "recall_at_3": 0.5128,
        "recall_at_5": 0.63087,
        "recall_at_10": 0.76814,
        "recall_at_20": 0.86131,
        "recall_at_100": 0.95235,
        "recall_at_1000": 0.99147,
        "precision_at_1": 0.26458,
        "precision_at_3": 0.17093,
        "precision_at_5": 0.12617,
        "precision_at_10": 0.07681,
        "precision_at_20": 0.04307,
        "precision_at_100": 0.00952,
        "precision_at_1000": 0.00099,
        "mrr_at_1": 0.269559,
        "mrr_at_3": 0.374467,
        "mrr_at_5": 0.401849,
        "mrr_at_10": 0.420586,
        "mrr_at_20": 0.427423,
        "mrr_at_100": 0.429827,
        "mrr_at_1000": 0.430049,
        "nauc_ndcg_at_1_max": -0.045326,
        "nauc_ndcg_at_1_std": -0.086629,
        "nauc_ndcg_at_1_diff1": 0.153174,
        "nauc_ndcg_at_3_max": 0.007982,
        "nauc_ndcg_at_3_std": -0.067938,
        "nauc_ndcg_at_3_diff1": 0.120289,
        "nauc_ndcg_at_5_max": 0.013777,
        "nauc_ndcg_at_5_std": -0.054119,
        "nauc_ndcg_at_5_diff1": 0.110258,
        "nauc_ndcg_at_10_max": 0.015087,
        "nauc_ndcg_at_10_std": -0.058464,
        "nauc_ndcg_at_10_diff1": 0.105507,
        "nauc_ndcg_at_20_max": 0.019755,
        "nauc_ndcg_at_20_std": -0.054493,
        "nauc_ndcg_at_20_diff1": 0.110704,
        "nauc_ndcg_at_100_max": 0.011522,
        "nauc_ndcg_at_100_std": -0.051805,
        "nauc_ndcg_at_100_diff1": 0.11749,
        "nauc_ndcg_at_1000_max": 0.005462,
        "nauc_ndcg_at_1000_std": -0.058938,
        "nauc_ndcg_at_1000_diff1": 0.116453,
        "nauc_map_at_1_max": -0.045326,
        "nauc_map_at_1_std": -0.086629,
        "nauc_map_at_1_diff1": 0.153174,
        "nauc_map_at_3_max": -0.007142,
        "nauc_map_at_3_std": -0.074037,
        "nauc_map_at_3_diff1": 0.126599,
        "nauc_map_at_5_max": -0.004797,
        "nauc_map_at_5_std": -0.067541,
        "nauc_map_at_5_diff1": 0.121453,
        "nauc_map_at_10_max": -0.005115,
        "nauc_map_at_10_std": -0.070116,
        "nauc_map_at_10_diff1": 0.120092,
        "nauc_map_at_20_max": -0.004307,
        "nauc_map_at_20_std": -0.06913,
        "nauc_map_at_20_diff1": 0.121526,
        "nauc_map_at_100_max": -0.005472,
        "nauc_map_at_100_std": -0.069102,
        "nauc_map_at_100_diff1": 0.122505,
        "nauc_map_at_1000_max": -0.005696,
        "nauc_map_at_1000_std": -0.069307,
        "nauc_map_at_1000_diff1": 0.122457,
        "nauc_recall_at_1_max": -0.045326,
        "nauc_recall_at_1_std": -0.086629,
        "nauc_recall_at_1_diff1": 0.153174,
        "nauc_recall_at_3_max": 0.051764,
        "nauc_recall_at_3_std": -0.050021,
        "nauc_recall_at_3_diff1": 0.103021,
        "nauc_recall_at_5_max": 0.07541,
        "nauc_recall_at_5_std": -0.007266,
        "nauc_recall_at_5_diff1": 0.07354,
        "nauc_recall_at_10_max": 0.107695,
        "nauc_recall_at_10_std": -0.003223,
        "nauc_recall_at_10_diff1": 0.03726,
        "nauc_recall_at_20_max": 0.197847,
        "nauc_recall_at_20_std": 0.056598,
        "nauc_recall_at_20_diff1": 0.041478,
        "nauc_recall_at_100_max": 0.284331,
        "nauc_recall_at_100_std": 0.348311,
        "nauc_recall_at_100_diff1": 0.09952,
        "nauc_recall_at_1000_max": 0.169975,
        "nauc_recall_at_1000_std": 0.469422,
        "nauc_recall_at_1000_diff1": -0.186869,
        "nauc_precision_at_1_max": -0.045326,
        "nauc_precision_at_1_std": -0.086629,
        "nauc_precision_at_1_diff1": 0.153174,
        "nauc_precision_at_3_max": 0.051764,
        "nauc_precision_at_3_std": -0.050021,
        "nauc_precision_at_3_diff1": 0.103021,
        "nauc_precision_at_5_max": 0.07541,
        "nauc_precision_at_5_std": -0.007266,
        "nauc_precision_at_5_diff1": 0.07354,
        "nauc_precision_at_10_max": 0.107695,
        "nauc_precision_at_10_std": -0.003223,
        "nauc_precision_at_10_diff1": 0.03726,
        "nauc_precision_at_20_max": 0.197847,
        "nauc_precision_at_20_std": 0.056598,
        "nauc_precision_at_20_diff1": 0.041478,
        "nauc_precision_at_100_max": 0.284331,
        "nauc_precision_at_100_std": 0.348311,
        "nauc_precision_at_100_diff1": 0.09952,
        "nauc_precision_at_1000_max": 0.169975,
        "nauc_precision_at_1000_std": 0.469422,
        "nauc_precision_at_1000_diff1": -0.186869,
        "nauc_mrr_at_1_max": -0.054677,
        "nauc_mrr_at_1_std": -0.079899,
        "nauc_mrr_at_1_diff1": 0.136703,
        "nauc_mrr_at_3_max": -0.018697,
        "nauc_mrr_at_3_std": -0.073415,
        "nauc_mrr_at_3_diff1": 0.112944,
        "nauc_mrr_at_5_max": -0.015619,
        "nauc_mrr_at_5_std": -0.066463,
        "nauc_mrr_at_5_diff1": 0.107813,
        "nauc_mrr_at_10_max": -0.015405,
        "nauc_mrr_at_10_std": -0.06807,
        "nauc_mrr_at_10_diff1": 0.106372,
        "nauc_mrr_at_20_max": -0.014512,
        "nauc_mrr_at_20_std": -0.066959,
        "nauc_mrr_at_20_diff1": 0.107828,
        "nauc_mrr_at_100_max": -0.015751,
        "nauc_mrr_at_100_std": -0.066917,
        "nauc_mrr_at_100_diff1": 0.108698,
        "nauc_mrr_at_1000_max": -0.015982,
        "nauc_mrr_at_1000_std": -0.067119,
        "nauc_mrr_at_1000_diff1": 0.10864,
        "main_score": 0.50232,
        "hf_subset": "default",
        "languages": [
          "eng-Latn"
        ]
      }
    ]
  },
  "evaluation_time": 35.58312702178955,
  "kg_co2_emissions": null
}