{
  "dataset_revision": "ec0fa4fe99da2ff19ca1214b7966684033a58814",
  "task_name": "NFCorpus",
  "mteb_version": "1.39.7",
  "scores": {
    "test": [
      {
        "ndcg_at_1": 0.31734,
        "ndcg_at_3": 0.27912,
        "ndcg_at_5": 0.26149,
        "ndcg_at_10": 0.23486,
        "ndcg_at_20": 0.21381,
        "ndcg_at_100": 0.20875,
        "ndcg_at_1000": 0.29931,
        "map_at_1": 0.04079,
        "map_at_3": 0.06081,
        "map_at_5": 0.06968,
        "map_at_10": 0.08046,
        "map_at_20": 0.08713,
        "map_at_100": 0.09658,
        "map_at_1000": 0.10613,
        "recall_at_1": 0.04079,
        "recall_at_3": 0.06745,
        "recall_at_5": 0.08308,
        "recall_at_10": 0.10796,
        "recall_at_20": 0.13157,
        "recall_at_100": 0.20435,
        "recall_at_1000": 0.53181,
        "precision_at_1": 0.32817,
        "precision_at_3": 0.25903,
        "precision_at_5": 0.22477,
        "precision_at_10": 0.17152,
        "precision_at_20": 0.12183,
        "precision_at_100": 0.05136,
        "precision_at_1000": 0.01699,
        "mrr_at_1": 0.328173,
        "mrr_at_3": 0.399897,
        "mrr_at_5": 0.411197,
        "mrr_at_10": 0.41906,
        "mrr_at_20": 0.422605,
        "mrr_at_100": 0.425873,
        "mrr_at_1000": 0.426519,
        "nauc_ndcg_at_1_max": 0.403732,
        "nauc_ndcg_at_1_std": 0.286697,
        "nauc_ndcg_at_1_diff1": 0.379934,
        "nauc_ndcg_at_3_max": 0.410504,
        "nauc_ndcg_at_3_std": 0.292793,
        "nauc_ndcg_at_3_diff1": 0.291368,
        "nauc_ndcg_at_5_max": 0.405018,
        "nauc_ndcg_at_5_std": 0.277494,
        "nauc_ndcg_at_5_diff1": 0.269875,
        "nauc_ndcg_at_10_max": 0.400003,
        "nauc_ndcg_at_10_std": 0.261831,
        "nauc_ndcg_at_10_diff1": 0.25049,
        "nauc_ndcg_at_20_max": 0.403719,
        "nauc_ndcg_at_20_std": 0.261733,
        "nauc_ndcg_at_20_diff1": 0.268449,
        "nauc_ndcg_at_100_max": 0.445748,
        "nauc_ndcg_at_100_std": 0.27855,
        "nauc_ndcg_at_100_diff1": 0.301831,
        "nauc_ndcg_at_1000_max": 0.513043,
        "nauc_ndcg_at_1000_std": 0.359942,
        "nauc_ndcg_at_1000_diff1": 0.282117,
        "nauc_map_at_1_max": 0.231013,
        "nauc_map_at_1_std": -0.037184,
        "nauc_map_at_1_diff1": 0.403055,
        "nauc_map_at_3_max": 0.307068,
        "nauc_map_at_3_std": 0.017182,
        "nauc_map_at_3_diff1": 0.385816,
        "nauc_map_at_5_max": 0.323653,
        "nauc_map_at_5_std": 0.042299,
        "nauc_map_at_5_diff1": 0.359338,
        "nauc_map_at_10_max": 0.357753,
        "nauc_map_at_10_std": 0.088216,
        "nauc_map_at_10_diff1": 0.331906,
        "nauc_map_at_20_max": 0.370565,
        "nauc_map_at_20_std": 0.118142,
        "nauc_map_at_20_diff1": 0.331306,
        "nauc_map_at_100_max": 0.383712,
        "nauc_map_at_100_std": 0.158002,
        "nauc_map_at_100_diff1": 0.319882,
        "nauc_map_at_1000_max": 0.38856,
        "nauc_map_at_1000_std": 0.181689,
        "nauc_map_at_1000_diff1": 0.306681,
        "nauc_recall_at_1_max": 0.231013,
        "nauc_recall_at_1_std": -0.037184,
        "nauc_recall_at_1_diff1": 0.403055,
        "nauc_recall_at_3_max": 0.303269,
        "nauc_recall_at_3_std": 0.019042,
        "nauc_recall_at_3_diff1": 0.353431,
        "nauc_recall_at_5_max": 0.301305,
        "nauc_recall_at_5_std": 0.032898,
        "nauc_recall_at_5_diff1": 0.308947,
        "nauc_recall_at_10_max": 0.34796,
        "nauc_recall_at_10_std": 0.084434,
        "nauc_recall_at_10_diff1": 0.271051,
        "nauc_recall_at_20_max": 0.360296,
        "nauc_recall_at_20_std": 0.139685,
        "nauc_recall_at_20_diff1": 0.265455,
        "nauc_recall_at_100_max": 0.376278,
        "nauc_recall_at_100_std": 0.236858,
        "nauc_recall_at_100_diff1": 0.233254,
        "nauc_recall_at_1000_max": 0.300851,
        "nauc_recall_at_1000_std": 0.273743,
        "nauc_recall_at_1000_diff1": 0.072269,
        "nauc_precision_at_1_max": 0.412097,
        "nauc_precision_at_1_std": 0.285313,
        "nauc_precision_at_1_diff1": 0.370711,
        "nauc_precision_at_3_max": 0.422707,
        "nauc_precision_at_3_std": 0.333618,
        "nauc_precision_at_3_diff1": 0.232708,
        "nauc_precision_at_5_max": 0.401894,
        "nauc_precision_at_5_std": 0.3329,
        "nauc_precision_at_5_diff1": 0.173319,
        "nauc_precision_at_10_max": 0.365526,
        "nauc_precision_at_10_std": 0.341864,
        "nauc_precision_at_10_diff1": 0.107012,
        "nauc_precision_at_20_max": 0.309261,
        "nauc_precision_at_20_std": 0.357524,
        "nauc_precision_at_20_diff1": 0.084621,
        "nauc_precision_at_100_max": 0.194808,
        "nauc_precision_at_100_std": 0.338368,
        "nauc_precision_at_100_diff1": -0.010482,
        "nauc_precision_at_1000_max": 0.031256,
        "nauc_precision_at_1000_std": 0.200435,
        "nauc_precision_at_1000_diff1": -0.10794,
        "nauc_mrr_at_1_max": 0.412097,
        "nauc_mrr_at_1_std": 0.285313,
        "nauc_mrr_at_1_diff1": 0.370711,
        "nauc_mrr_at_3_max": 0.423942,
        "nauc_mrr_at_3_std": 0.303466,
        "nauc_mrr_at_3_diff1": 0.353096,
        "nauc_mrr_at_5_max": 0.424921,
        "nauc_mrr_at_5_std": 0.306143,
        "nauc_mrr_at_5_diff1": 0.354024,
        "nauc_mrr_at_10_max": 0.436321,
        "nauc_mrr_at_10_std": 0.316137,
        "nauc_mrr_at_10_diff1": 0.35212,
        "nauc_mrr_at_20_max": 0.439191,
        "nauc_mrr_at_20_std": 0.317454,
        "nauc_mrr_at_20_diff1": 0.350259,
        "nauc_mrr_at_100_max": 0.440118,
        "nauc_mrr_at_100_std": 0.317194,
        "nauc_mrr_at_100_diff1": 0.35242,
        "nauc_mrr_at_1000_max": 0.439721,
        "nauc_mrr_at_1000_std": 0.316919,
        "nauc_mrr_at_1000_diff1": 0.352278,
        "main_score": 0.23486,
        "hf_subset": "default",
        "languages": [
          "eng-Latn"
        ]
      }
    ]
  },
  "evaluation_time": 20.75321054458618,
  "kg_co2_emissions": null
}