{
  "dataset_revision": "a34f9a33db75fa0cbb21bb5cfc3dae8dc8bec93f",
  "task_name": "Touche2020",
  "mteb_version": "1.39.7",
  "scores": {
    "test": [
      {
        "ndcg_at_1": 0.12245,
        "ndcg_at_3": 0.08537,
        "ndcg_at_5": 0.0773,
        "ndcg_at_10": 0.07461,
        "ndcg_at_20": 0.07189,
        "ndcg_at_100": 0.113,
        "ndcg_at_1000": 0.17561,
        "map_at_1": 0.00706,
        "map_at_3": 0.01066,
        "map_at_5": 0.01327,
        "map_at_10": 0.01917,
        "map_at_20": 0.02314,
        "map_at_100": 0.03079,
        "map_at_1000": 0.03473,
        "recall_at_1": 0.00706,
        "recall_at_3": 0.01549,
        "recall_at_5": 0.02247,
        "recall_at_10": 0.04251,
        "recall_at_20": 0.06058,
        "recall_at_100": 0.14638,
        "recall_at_1000": 0.33926,
        "precision_at_1": 0.12245,
        "precision_at_3": 0.08163,
        "precision_at_5": 0.07347,
        "precision_at_10": 0.06735,
        "precision_at_20": 0.05,
        "precision_at_100": 0.02673,
        "precision_at_1000": 0.00678,
        "mrr_at_1": 0.122449,
        "mrr_at_3": 0.153061,
        "mrr_at_5": 0.166327,
        "mrr_at_10": 0.182483,
        "mrr_at_20": 0.185641,
        "mrr_at_100": 0.195139,
        "mrr_at_1000": 0.19547,
        "nauc_ndcg_at_1_max": 0.058002,
        "nauc_ndcg_at_1_std": -0.174091,
        "nauc_ndcg_at_1_diff1": -0.085468,
        "nauc_ndcg_at_3_max": 0.122027,
        "nauc_ndcg_at_3_std": 0.061927,
        "nauc_ndcg_at_3_diff1": 0.135169,
        "nauc_ndcg_at_5_max": 0.173792,
        "nauc_ndcg_at_5_std": 0.165445,
        "nauc_ndcg_at_5_diff1": 0.165663,
        "nauc_ndcg_at_10_max": 0.237609,
        "nauc_ndcg_at_10_std": 0.314241,
        "nauc_ndcg_at_10_diff1": 0.269879,
        "nauc_ndcg_at_20_max": 0.210828,
        "nauc_ndcg_at_20_std": 0.367531,
        "nauc_ndcg_at_20_diff1": 0.275511,
        "nauc_ndcg_at_100_max": 0.252767,
        "nauc_ndcg_at_100_std": 0.409553,
        "nauc_ndcg_at_100_diff1": 0.26857,
        "nauc_ndcg_at_1000_max": 0.3747,
        "nauc_ndcg_at_1000_std": 0.561484,
        "nauc_ndcg_at_1000_diff1": 0.184356,
        "nauc_map_at_1_max": 0.029361,
        "nauc_map_at_1_std": -0.2096,
        "nauc_map_at_1_diff1": -0.118419,
        "nauc_map_at_3_max": 0.05638,
        "nauc_map_at_3_std": 0.045313,
        "nauc_map_at_3_diff1": 0.14956,
        "nauc_map_at_5_max": 0.137883,
        "nauc_map_at_5_std": 0.121585,
        "nauc_map_at_5_diff1": 0.182958,
        "nauc_map_at_10_max": 0.243515,
        "nauc_map_at_10_std": 0.2772,
        "nauc_map_at_10_diff1": 0.33298,
        "nauc_map_at_20_max": 0.226555,
        "nauc_map_at_20_std": 0.325929,
        "nauc_map_at_20_diff1": 0.293637,
        "nauc_map_at_100_max": 0.267606,
        "nauc_map_at_100_std": 0.385573,
        "nauc_map_at_100_diff1": 0.316087,
        "nauc_map_at_1000_max": 0.283086,
        "nauc_map_at_1000_std": 0.431054,
        "nauc_map_at_1000_diff1": 0.295864,
        "nauc_recall_at_1_max": 0.029361,
        "nauc_recall_at_1_std": -0.2096,
        "nauc_recall_at_1_diff1": -0.118419,
        "nauc_recall_at_3_max": -0.008591,
        "nauc_recall_at_3_std": 0.250413,
        "nauc_recall_at_3_diff1": 0.366261,
        "nauc_recall_at_5_max": 0.104423,
        "nauc_recall_at_5_std": 0.365539,
        "nauc_recall_at_5_diff1": 0.350905,
        "nauc_recall_at_10_max": 0.251632,
        "nauc_recall_at_10_std": 0.474646,
        "nauc_recall_at_10_diff1": 0.473302,
        "nauc_recall_at_20_max": 0.163072,
        "nauc_recall_at_20_std": 0.477621,
        "nauc_recall_at_20_diff1": 0.367678,
        "nauc_recall_at_100_max": 0.26668,
        "nauc_recall_at_100_std": 0.478333,
        "nauc_recall_at_100_diff1": 0.299954,
        "nauc_recall_at_1000_max": 0.360502,
        "nauc_recall_at_1000_std": 0.658187,
        "nauc_recall_at_1000_diff1": 0.173606,
        "nauc_precision_at_1_max": 0.058002,
        "nauc_precision_at_1_std": -0.174091,
        "nauc_precision_at_1_diff1": -0.085468,
        "nauc_precision_at_3_max": 0.121235,
        "nauc_precision_at_3_std": 0.201897,
        "nauc_precision_at_3_diff1": 0.271521,
        "nauc_precision_at_5_max": 0.185633,
        "nauc_precision_at_5_std": 0.336861,
        "nauc_precision_at_5_diff1": 0.251576,
        "nauc_precision_at_10_max": 0.317401,
        "nauc_precision_at_10_std": 0.456216,
        "nauc_precision_at_10_diff1": 0.312408,
        "nauc_precision_at_20_max": 0.196781,
        "nauc_precision_at_20_std": 0.481459,
        "nauc_precision_at_20_diff1": 0.216276,
        "nauc_precision_at_100_max": 0.349488,
        "nauc_precision_at_100_std": 0.507734,
        "nauc_precision_at_100_diff1": 0.126266,
        "nauc_precision_at_1000_max": 0.513159,
        "nauc_precision_at_1000_std": 0.572897,
        "nauc_precision_at_1000_diff1": -0.125138,
        "nauc_mrr_at_1_max": 0.058002,
        "nauc_mrr_at_1_std": -0.174091,
        "nauc_mrr_at_1_diff1": -0.085468,
        "nauc_mrr_at_3_max": 0.057096,
        "nauc_mrr_at_3_std": 0.001006,
        "nauc_mrr_at_3_diff1": 0.092237,
        "nauc_mrr_at_5_max": 0.077504,
        "nauc_mrr_at_5_std": 0.063622,
        "nauc_mrr_at_5_diff1": 0.111569,
        "nauc_mrr_at_10_max": 0.106199,
        "nauc_mrr_at_10_std": 0.075833,
        "nauc_mrr_at_10_diff1": 0.080765,
        "nauc_mrr_at_20_max": 0.096801,
        "nauc_mrr_at_20_std": 0.083689,
        "nauc_mrr_at_20_diff1": 0.087854,
        "nauc_mrr_at_100_max": 0.106983,
        "nauc_mrr_at_100_std": 0.077231,
        "nauc_mrr_at_100_diff1": 0.080491,
        "nauc_mrr_at_1000_max": 0.10633,
        "nauc_mrr_at_1000_std": 0.076889,
        "nauc_mrr_at_1000_diff1": 0.081232,
        "main_score": 0.07461,
        "hf_subset": "default",
        "languages": [
          "eng-Latn"
        ]
      }
    ]
  },
  "evaluation_time": 1897.9315094947815,
  "kg_co2_emissions": null
}