{
  "dataset_revision": "f8c2fcf00f625baaa80f62ec5bd9e1fff3b8ae88",
  "task_name": "SCIDOCS",
  "mteb_version": "1.39.7",
  "scores": {
    "test": [
      {
        "ndcg_at_1": 0.002,
        "ndcg_at_3": 0.00094,
        "ndcg_at_5": 0.00082,
        "ndcg_at_10": 0.00191,
        "ndcg_at_20": 0.00218,
        "ndcg_at_100": 0.00521,
        "ndcg_at_1000": 0.01399,
        "map_at_1": 0.0004,
        "map_at_3": 0.0004,
        "map_at_5": 0.00045,
        "map_at_10": 0.00071,
        "map_at_20": 0.00076,
        "map_at_100": 0.00098,
        "map_at_1000": 0.00114,
        "recall_at_1": 0.0004,
        "recall_at_3": 0.0004,
        "recall_at_5": 0.0006,
        "recall_at_10": 0.0026,
        "recall_at_20": 0.0032,
        "recall_at_100": 0.0135,
        "recall_at_1000": 0.05792,
        "precision_at_1": 0.002,
        "precision_at_3": 0.00067,
        "precision_at_5": 0.0006,
        "precision_at_10": 0.0013,
        "precision_at_20": 0.0008,
        "precision_at_100": 0.00067,
        "precision_at_1000": 0.00029,
        "mrr_at_1": 0.002,
        "mrr_at_3": 0.002,
        "mrr_at_5": 0.00225,
        "mrr_at_10": 0.003555,
        "mrr_at_20": 0.003796,
        "mrr_at_100": 0.004775,
        "mrr_at_1000": 0.005353,
        "nauc_ndcg_at_1_max": -0.138181,
        "nauc_ndcg_at_1_std": 0.228065,
        "nauc_ndcg_at_1_diff1": -0.409042,
        "nauc_ndcg_at_3_max": -0.138181,
        "nauc_ndcg_at_3_std": 0.228065,
        "nauc_ndcg_at_3_diff1": -0.409042,
        "nauc_ndcg_at_5_max": -0.215529,
        "nauc_ndcg_at_5_std": 0.304939,
        "nauc_ndcg_at_5_diff1": -0.159383,
        "nauc_ndcg_at_10_max": -0.135506,
        "nauc_ndcg_at_10_std": 0.230926,
        "nauc_ndcg_at_10_diff1": -0.136556,
        "nauc_ndcg_at_20_max": -0.168109,
        "nauc_ndcg_at_20_std": 0.219982,
        "nauc_ndcg_at_20_diff1": -0.123573,
        "nauc_ndcg_at_100_max": -0.061157,
        "nauc_ndcg_at_100_std": 0.184692,
        "nauc_ndcg_at_100_diff1": -0.026808,
        "nauc_ndcg_at_1000_max": 1.5e-05,
        "nauc_ndcg_at_1000_std": 0.101269,
        "nauc_ndcg_at_1000_diff1": -0.021451,
        "nauc_map_at_1_max": -0.138181,
        "nauc_map_at_1_std": 0.228065,
        "nauc_map_at_1_diff1": -0.409042,
        "nauc_map_at_3_max": -0.138181,
        "nauc_map_at_3_std": 0.228065,
        "nauc_map_at_3_diff1": -0.409042,
        "nauc_map_at_5_max": -0.186686,
        "nauc_map_at_5_std": 0.276272,
        "nauc_map_at_5_diff1": -0.252482,
        "nauc_map_at_10_max": -0.154456,
        "nauc_map_at_10_std": 0.236826,
        "nauc_map_at_10_diff1": -0.208963,
        "nauc_map_at_20_max": -0.169025,
        "nauc_map_at_20_std": 0.232632,
        "nauc_map_at_20_diff1": -0.198399,
        "nauc_map_at_100_max": -0.126755,
        "nauc_map_at_100_std": 0.217706,
        "nauc_map_at_100_diff1": -0.14996,
        "nauc_map_at_1000_max": -0.107264,
        "nauc_map_at_1000_std": 0.201299,
        "nauc_map_at_1000_diff1": -0.132688,
        "nauc_recall_at_1_max": -0.138181,
        "nauc_recall_at_1_std": 0.228065,
        "nauc_recall_at_1_diff1": -0.409042,
        "nauc_recall_at_3_max": -0.138181,
        "nauc_recall_at_3_std": 0.228065,
        "nauc_recall_at_3_diff1": -0.409042,
        "nauc_recall_at_5_max": -0.283696,
        "nauc_recall_at_5_std": 0.372686,
        "nauc_recall_at_5_diff1": 0.060639,
        "nauc_recall_at_10_max": -0.110173,
        "nauc_recall_at_10_std": 0.223525,
        "nauc_recall_at_10_diff1": -0.069802,
        "nauc_recall_at_20_max": -0.165767,
        "nauc_recall_at_20_std": 0.205309,
        "nauc_recall_at_20_diff1": -0.061544,
        "nauc_recall_at_100_max": -0.028338,
        "nauc_recall_at_100_std": 0.168334,
        "nauc_recall_at_100_diff1": 0.022453,
        "nauc_recall_at_1000_max": 0.032323,
        "nauc_recall_at_1000_std": 0.065801,
        "nauc_recall_at_1000_diff1": -0.004411,
        "nauc_precision_at_1_max": -0.138181,
        "nauc_precision_at_1_std": 0.228065,
        "nauc_precision_at_1_diff1": -0.409042,
        "nauc_precision_at_3_max": -0.138181,
        "nauc_precision_at_3_std": 0.228065,
        "nauc_precision_at_3_diff1": -0.409042,
        "nauc_precision_at_5_max": -0.283696,
        "nauc_precision_at_5_std": 0.372686,
        "nauc_precision_at_5_diff1": 0.060639,
        "nauc_precision_at_10_max": -0.110173,
        "nauc_precision_at_10_std": 0.223525,
        "nauc_precision_at_10_diff1": -0.069802,
        "nauc_precision_at_20_max": -0.165767,
        "nauc_precision_at_20_std": 0.205309,
        "nauc_precision_at_20_diff1": -0.061544,
        "nauc_precision_at_100_max": -0.029831,
        "nauc_precision_at_100_std": 0.167723,
        "nauc_precision_at_100_diff1": 0.018522,
        "nauc_precision_at_1000_max": 0.026282,
        "nauc_precision_at_1000_std": 0.069476,
        "nauc_precision_at_1000_diff1": -0.011538,
        "nauc_mrr_at_1_max": -0.138181,
        "nauc_mrr_at_1_std": 0.228065,
        "nauc_mrr_at_1_diff1": -0.409042,
        "nauc_mrr_at_3_max": -0.138181,
        "nauc_mrr_at_3_std": 0.228065,
        "nauc_mrr_at_3_diff1": -0.409042,
        "nauc_mrr_at_5_max": -0.186686,
        "nauc_mrr_at_5_std": 0.276272,
        "nauc_mrr_at_5_diff1": -0.252482,
        "nauc_mrr_at_10_max": -0.154456,
        "nauc_mrr_at_10_std": 0.236826,
        "nauc_mrr_at_10_diff1": -0.208963,
        "nauc_mrr_at_20_max": -0.169025,
        "nauc_mrr_at_20_std": 0.232632,
        "nauc_mrr_at_20_diff1": -0.198399,
        "nauc_mrr_at_100_max": -0.129964,
        "nauc_mrr_at_100_std": 0.219356,
        "nauc_mrr_at_100_diff1": -0.151626,
        "nauc_mrr_at_1000_max": -0.11663,
        "nauc_mrr_at_1000_std": 0.20719,
        "nauc_mrr_at_1000_diff1": -0.138388,
        "main_score": 0.00191,
        "hf_subset": "default",
        "languages": [
          "eng-Latn"
        ]
      }
    ]
  },
  "evaluation_time": 94.81221199035645,
  "kg_co2_emissions": null
}