{
  "map_at_10": 0.19219,
  "mrr_at_10": 0.3160720409563002,
  "ndcg_at_10": 0.25197,
  "recall_at_10": 0.30577,
  "recall_at_100": 0.53832
}
