{
  "map_at_10": 0.19083,
  "mrr_at_10": 0.3136482216343327,
  "ndcg_at_10": 0.25041,
  "recall_at_10": 0.30462,
  "recall_at_100": 0.53644
}
