{
  "map_at_10": 0.19129,
  "mrr_at_10": 0.31473336762688614,
  "ndcg_at_10": 0.25117,
  "recall_at_10": 0.30517,
  "recall_at_100": 0.536
}
