{
  "map_at_10": 0.19169,
  "mrr_at_10": 0.3157315549676661,
  "ndcg_at_10": 0.25214,
  "recall_at_10": 0.3077,
  "recall_at_100": 0.536
}
