{
  "map_at_10": 0.19018,
  "mrr_at_10": 0.31420487948265724,
  "ndcg_at_10": 0.24941,
  "recall_at_10": 0.30136,
  "recall_at_100": 0.53701
}
