{
  "map_at_10": 0.1915,
  "mrr_at_10": 0.3149746472663139,
  "ndcg_at_10": 0.25158,
  "recall_at_10": 0.30617,
  "recall_at_100": 0.53821
}
