{
  "map_at_10": 0.18742,
  "mrr_at_10": 0.3105195473251028,
  "ndcg_at_10": 0.24688,
  "recall_at_10": 0.30062,
  "recall_at_100": 0.53963
}
