{
  "map_at_10": 0.19117,
  "mrr_at_10": 0.3140597442680776,
  "ndcg_at_10": 0.25157,
  "recall_at_10": 0.30765,
  "recall_at_100": 0.53801
}
