{
  "map_at_10": 0.19151,
  "mrr_at_10": 0.31409709974524785,
  "ndcg_at_10": 0.25141,
  "recall_at_10": 0.30615,
  "recall_at_100": 0.536
}
