{
  "map_at_10": 0.19175,
  "mrr_at_10": 0.31503343621399177,
  "ndcg_at_10": 0.25188,
  "recall_at_10": 0.30654,
  "recall_at_100": 0.53621
}
