{
  "map_at_10": 0.48176,
  "mrr_at_10": 0.4997314814814814,
  "ndcg_at_10": 0.53342,
  "recall_at_10": 0.67389,
  "recall_at_100": 0.85189
}
