{
  "map_at_10": 0.48128,
  "mrr_at_10": 0.49953306878306875,
  "ndcg_at_10": 0.53308,
  "recall_at_10": 0.67389,
  "recall_at_100": 0.85189
}
