{
  "map_at_10": 0.4829,
  "mrr_at_10": 0.5009298941798942,
  "ndcg_at_10": 0.53424,
  "recall_at_10": 0.67389,
  "recall_at_100": 0.85189
}
