{
  "map_at_10": 0.48043,
  "mrr_at_10": 0.498473544973545,
  "ndcg_at_10": 0.53302,
  "recall_at_10": 0.67722,
  "recall_at_100": 0.85189
}
