{
  "map_at_10": 0.48167,
  "mrr_at_10": 0.5003333333333333,
  "ndcg_at_10": 0.53348,
  "recall_at_10": 0.67389,
  "recall_at_100": 0.85189
}
