{
  "map_at_10": 0.48335,
  "mrr_at_10": 0.5015092592592594,
  "ndcg_at_10": 0.53463,
  "recall_at_10": 0.67389,
  "recall_at_100": 0.85522
}
