{
  "map_at_10": 0.48204,
  "mrr_at_10": 0.5000092592592592,
  "ndcg_at_10": 0.53366,
  "recall_at_10": 0.67389,
  "recall_at_100": 0.85189
}
