{
  "map_at_10": 0.48206,
  "mrr_at_10": 0.5001349206349206,
  "ndcg_at_10": 0.53374,
  "recall_at_10": 0.67389,
  "recall_at_100": 0.85189
}
