{
  "map_at_10": 0.48064,
  "mrr_at_10": 0.49889814814814815,
  "ndcg_at_10": 0.53259,
  "recall_at_10": 0.67389,
  "recall_at_100": 0.85189
}
