{
  "map_at_10": 0.48205,
  "mrr_at_10": 0.5003068783068783,
  "ndcg_at_10": 0.53374,
  "recall_at_10": 0.67389,
  "recall_at_100": 0.85189
}
