{
  "dataset_revision": "ec0fa4fe99da2ff19ca1214b7966684033a58814",
  "task_name": "NFCorpus",
  "mteb_version": "1.39.7",
  "scores": {
    "test": [
      {
        "ndcg_at_1": 0.31734,
        "ndcg_at_3": 0.2798,
        "ndcg_at_5": 0.26224,
        "ndcg_at_10": 0.23448,
        "ndcg_at_20": 0.21434,
        "ndcg_at_100": 0.20895,
        "ndcg_at_1000": 0.2996,
        "map_at_1": 0.0408,
        "map_at_3": 0.06112,
        "map_at_5": 0.06988,
        "map_at_10": 0.08055,
        "map_at_20": 0.08735,
        "map_at_100": 0.0968,
        "map_at_1000": 0.10636,
        "recall_at_1": 0.0408,
        "recall_at_3": 0.06797,
        "recall_at_5": 0.0831,
        "recall_at_10": 0.10639,
        "recall_at_20": 0.13167,
        "recall_at_100": 0.2043,
        "recall_at_1000": 0.53177,
        "precision_at_1": 0.32817,
        "precision_at_3": 0.26006,
        "precision_at_5": 0.22539,
        "precision_at_10": 0.1709,
        "precision_at_20": 0.12229,
        "precision_at_100": 0.05127,
        "precision_at_1000": 0.01698,
        "mrr_at_1": 0.328173,
        "mrr_at_3": 0.401445,
        "mrr_at_5": 0.411971,
        "mrr_at_10": 0.419524,
        "mrr_at_20": 0.423461,
        "mrr_at_100": 0.426571,
        "mrr_at_1000": 0.427219,
        "nauc_ndcg_at_1_max": 0.400834,
        "nauc_ndcg_at_1_std": 0.287856,
        "nauc_ndcg_at_1_diff1": 0.370972,
        "nauc_ndcg_at_3_max": 0.408172,
        "nauc_ndcg_at_3_std": 0.292378,
        "nauc_ndcg_at_3_diff1": 0.287906,
        "nauc_ndcg_at_5_max": 0.401407,
        "nauc_ndcg_at_5_std": 0.277252,
        "nauc_ndcg_at_5_diff1": 0.266029,
        "nauc_ndcg_at_10_max": 0.399478,
        "nauc_ndcg_at_10_std": 0.265719,
        "nauc_ndcg_at_10_diff1": 0.250001,
        "nauc_ndcg_at_20_max": 0.40271,
        "nauc_ndcg_at_20_std": 0.26319,
        "nauc_ndcg_at_20_diff1": 0.266255,
        "nauc_ndcg_at_100_max": 0.443909,
        "nauc_ndcg_at_100_std": 0.279363,
        "nauc_ndcg_at_100_diff1": 0.298128,
        "nauc_ndcg_at_1000_max": 0.511152,
        "nauc_ndcg_at_1000_std": 0.360602,
        "nauc_ndcg_at_1000_diff1": 0.280527,
        "nauc_map_at_1_max": 0.229221,
        "nauc_map_at_1_std": -0.037186,
        "nauc_map_at_1_diff1": 0.408937,
        "nauc_map_at_3_max": 0.305502,
        "nauc_map_at_3_std": 0.01738,
        "nauc_map_at_3_diff1": 0.390063,
        "nauc_map_at_5_max": 0.320231,
        "nauc_map_at_5_std": 0.042809,
        "nauc_map_at_5_diff1": 0.361962,
        "nauc_map_at_10_max": 0.356167,
        "nauc_map_at_10_std": 0.089915,
        "nauc_map_at_10_diff1": 0.333116,
        "nauc_map_at_20_max": 0.369331,
        "nauc_map_at_20_std": 0.119525,
        "nauc_map_at_20_diff1": 0.331077,
        "nauc_map_at_100_max": 0.381837,
        "nauc_map_at_100_std": 0.158816,
        "nauc_map_at_100_diff1": 0.319556,
        "nauc_map_at_1000_max": 0.386967,
        "nauc_map_at_1000_std": 0.182523,
        "nauc_map_at_1000_diff1": 0.307225,
        "nauc_recall_at_1_max": 0.229221,
        "nauc_recall_at_1_std": -0.037186,
        "nauc_recall_at_1_diff1": 0.408937,
        "nauc_recall_at_3_max": 0.299858,
        "nauc_recall_at_3_std": 0.017089,
        "nauc_recall_at_3_diff1": 0.356133,
        "nauc_recall_at_5_max": 0.296964,
        "nauc_recall_at_5_std": 0.032776,
        "nauc_recall_at_5_diff1": 0.310398,
        "nauc_recall_at_10_max": 0.350951,
        "nauc_recall_at_10_std": 0.095448,
        "nauc_recall_at_10_diff1": 0.271948,
        "nauc_recall_at_20_max": 0.361497,
        "nauc_recall_at_20_std": 0.142081,
        "nauc_recall_at_20_diff1": 0.262385,
        "nauc_recall_at_100_max": 0.373668,
        "nauc_recall_at_100_std": 0.237257,
        "nauc_recall_at_100_diff1": 0.228923,
        "nauc_recall_at_1000_max": 0.30098,
        "nauc_recall_at_1000_std": 0.273928,
        "nauc_recall_at_1000_diff1": 0.072136,
        "nauc_precision_at_1_max": 0.409215,
        "nauc_precision_at_1_std": 0.286466,
        "nauc_precision_at_1_diff1": 0.363098,
        "nauc_precision_at_3_max": 0.419608,
        "nauc_precision_at_3_std": 0.332384,
        "nauc_precision_at_3_diff1": 0.230536,
        "nauc_precision_at_5_max": 0.395012,
        "nauc_precision_at_5_std": 0.329959,
        "nauc_precision_at_5_diff1": 0.169247,
        "nauc_precision_at_10_max": 0.364976,
        "nauc_precision_at_10_std": 0.345188,
        "nauc_precision_at_10_diff1": 0.107551,
        "nauc_precision_at_20_max": 0.310029,
        "nauc_precision_at_20_std": 0.358185,
        "nauc_precision_at_20_diff1": 0.081203,
        "nauc_precision_at_100_max": 0.194392,
        "nauc_precision_at_100_std": 0.339192,
        "nauc_precision_at_100_diff1": -0.007059,
        "nauc_precision_at_1000_max": 0.032543,
        "nauc_precision_at_1000_std": 0.200396,
        "nauc_precision_at_1000_diff1": -0.097409,
        "nauc_mrr_at_1_max": 0.409215,
        "nauc_mrr_at_1_std": 0.286466,
        "nauc_mrr_at_1_diff1": 0.363098,
        "nauc_mrr_at_3_max": 0.425644,
        "nauc_mrr_at_3_std": 0.307997,
        "nauc_mrr_at_3_diff1": 0.346742,
        "nauc_mrr_at_5_max": 0.426143,
        "nauc_mrr_at_5_std": 0.311432,
        "nauc_mrr_at_5_diff1": 0.348241,
        "nauc_mrr_at_10_max": 0.437525,
        "nauc_mrr_at_10_std": 0.322146,
        "nauc_mrr_at_10_diff1": 0.345836,
        "nauc_mrr_at_20_max": 0.441292,
        "nauc_mrr_at_20_std": 0.323288,
        "nauc_mrr_at_20_diff1": 0.344595,
        "nauc_mrr_at_100_max": 0.441435,
        "nauc_mrr_at_100_std": 0.322779,
        "nauc_mrr_at_100_diff1": 0.346415,
        "nauc_mrr_at_1000_max": 0.441059,
        "nauc_mrr_at_1000_std": 0.322515,
        "nauc_mrr_at_1000_diff1": 0.346268,
        "main_score": 0.23448,
        "hf_subset": "default",
        "languages": [
          "eng-Latn"
        ]
      }
    ]
  },
  "evaluation_time": 25.79125714302063,
  "kg_co2_emissions": null
}