{
  "dataset_revision": "bb9466bac8153a0349341eb1b22e06409e78ef4e",
  "task_name": "TRECCOVID",
  "mteb_version": "1.39.7",
  "scores": {
    "test": [
      {
        "ndcg_at_1": 0.1,
        "ndcg_at_3": 0.1295,
        "ndcg_at_5": 0.12672,
        "ndcg_at_10": 0.11739,
        "ndcg_at_20": 0.10656,
        "ndcg_at_100": 0.07465,
        "ndcg_at_1000": 0.07175,
        "map_at_1": 0.00033,
        "map_at_3": 0.0009,
        "map_at_5": 0.0013,
        "map_at_10": 0.00196,
        "map_at_20": 0.00297,
        "map_at_100": 0.00686,
        "map_at_1000": 0.0137,
        "recall_at_1": 0.00033,
        "recall_at_3": 0.00113,
        "recall_at_5": 0.00175,
        "recall_at_10": 0.00307,
        "recall_at_20": 0.00551,
        "recall_at_100": 0.01725,
        "recall_at_1000": 0.06903,
        "precision_at_1": 0.12,
        "precision_at_3": 0.14667,
        "precision_at_5": 0.14,
        "precision_at_10": 0.128,
        "precision_at_20": 0.114,
        "precision_at_100": 0.0748,
        "precision_at_1000": 0.0313,
        "mrr_at_1": 0.12,
        "mrr_at_3": 0.186667,
        "mrr_at_5": 0.195667,
        "mrr_at_10": 0.208937,
        "mrr_at_20": 0.213141,
        "mrr_at_100": 0.220104,
        "mrr_at_1000": 0.221155,
        "nauc_ndcg_at_1_max": -0.060761,
        "nauc_ndcg_at_1_std": 0.498473,
        "nauc_ndcg_at_1_diff1": 0.143821,
        "nauc_ndcg_at_3_max": -0.062872,
        "nauc_ndcg_at_3_std": 0.502603,
        "nauc_ndcg_at_3_diff1": 0.05733,
        "nauc_ndcg_at_5_max": -0.021942,
        "nauc_ndcg_at_5_std": 0.437845,
        "nauc_ndcg_at_5_diff1": 0.042057,
        "nauc_ndcg_at_10_max": 0.078445,
        "nauc_ndcg_at_10_std": 0.360987,
        "nauc_ndcg_at_10_diff1": -0.026405,
        "nauc_ndcg_at_20_max": 0.11626,
        "nauc_ndcg_at_20_std": 0.319624,
        "nauc_ndcg_at_20_diff1": -0.006812,
        "nauc_ndcg_at_100_max": 0.133135,
        "nauc_ndcg_at_100_std": 0.271955,
        "nauc_ndcg_at_100_diff1": -0.13567,
        "nauc_ndcg_at_1000_max": 0.171889,
        "nauc_ndcg_at_1000_std": 0.18572,
        "nauc_ndcg_at_1000_diff1": -0.128436,
        "nauc_map_at_1_max": -0.14383,
        "nauc_map_at_1_std": 0.490763,
        "nauc_map_at_1_diff1": 0.117195,
        "nauc_map_at_3_max": -0.134812,
        "nauc_map_at_3_std": 0.529804,
        "nauc_map_at_3_diff1": 0.013546,
        "nauc_map_at_5_max": -0.082874,
        "nauc_map_at_5_std": 0.471256,
        "nauc_map_at_5_diff1": 0.000298,
        "nauc_map_at_10_max": -0.007044,
        "nauc_map_at_10_std": 0.359474,
        "nauc_map_at_10_diff1": -0.07926,
        "nauc_map_at_20_max": 0.033222,
        "nauc_map_at_20_std": 0.318641,
        "nauc_map_at_20_diff1": -0.091717,
        "nauc_map_at_100_max": 0.076955,
        "nauc_map_at_100_std": 0.30465,
        "nauc_map_at_100_diff1": -0.179701,
        "nauc_map_at_1000_max": 0.203328,
        "nauc_map_at_1000_std": 0.261118,
        "nauc_map_at_1000_diff1": -0.246329,
        "nauc_recall_at_1_max": -0.14383,
        "nauc_recall_at_1_std": 0.490763,
        "nauc_recall_at_1_diff1": 0.117195,
        "nauc_recall_at_3_max": -0.083895,
        "nauc_recall_at_3_std": 0.438729,
        "nauc_recall_at_3_diff1": 0.010575,
        "nauc_recall_at_5_max": -0.00636,
        "nauc_recall_at_5_std": 0.352024,
        "nauc_recall_at_5_diff1": 0.012146,
        "nauc_recall_at_10_max": 0.127849,
        "nauc_recall_at_10_std": 0.233785,
        "nauc_recall_at_10_diff1": -0.091204,
        "nauc_recall_at_20_max": 0.133134,
        "nauc_recall_at_20_std": 0.200215,
        "nauc_recall_at_20_diff1": -0.011721,
        "nauc_recall_at_100_max": 0.118427,
        "nauc_recall_at_100_std": 0.165314,
        "nauc_recall_at_100_diff1": -0.169807,
        "nauc_recall_at_1000_max": 0.203244,
        "nauc_recall_at_1000_std": 0.106233,
        "nauc_recall_at_1000_diff1": -0.146904,
        "nauc_precision_at_1_max": -0.0862,
        "nauc_precision_at_1_std": 0.492465,
        "nauc_precision_at_1_diff1": 0.050469,
        "nauc_precision_at_3_max": -0.082802,
        "nauc_precision_at_3_std": 0.486543,
        "nauc_precision_at_3_diff1": 0.005578,
        "nauc_precision_at_5_max": -0.022879,
        "nauc_precision_at_5_std": 0.402797,
        "nauc_precision_at_5_diff1": -0.011533,
        "nauc_precision_at_10_max": 0.108568,
        "nauc_precision_at_10_std": 0.310397,
        "nauc_precision_at_10_diff1": -0.086181,
        "nauc_precision_at_20_max": 0.138832,
        "nauc_precision_at_20_std": 0.263731,
        "nauc_precision_at_20_diff1": -0.037377,
        "nauc_precision_at_100_max": 0.129818,
        "nauc_precision_at_100_std": 0.234479,
        "nauc_precision_at_100_diff1": -0.197852,
        "nauc_precision_at_1000_max": 0.214624,
        "nauc_precision_at_1000_std": 0.160581,
        "nauc_precision_at_1000_diff1": -0.186459,
        "nauc_mrr_at_1_max": -0.0862,
        "nauc_mrr_at_1_std": 0.492465,
        "nauc_mrr_at_1_diff1": 0.050469,
        "nauc_mrr_at_3_max": -0.023404,
        "nauc_mrr_at_3_std": 0.426305,
        "nauc_mrr_at_3_diff1": 0.06921,
        "nauc_mrr_at_5_max": -0.035408,
        "nauc_mrr_at_5_std": 0.421994,
        "nauc_mrr_at_5_diff1": 0.065762,
        "nauc_mrr_at_10_max": 0.01279,
        "nauc_mrr_at_10_std": 0.403809,
        "nauc_mrr_at_10_diff1": 0.05885,
        "nauc_mrr_at_20_max": 0.003431,
        "nauc_mrr_at_20_std": 0.407936,
        "nauc_mrr_at_20_diff1": 0.074406,
        "nauc_mrr_at_100_max": -0.003772,
        "nauc_mrr_at_100_std": 0.399069,
        "nauc_mrr_at_100_diff1": 0.063731,
        "nauc_mrr_at_1000_max": -0.004826,
        "nauc_mrr_at_1000_std": 0.401637,
        "nauc_mrr_at_1000_diff1": 0.064429,
        "main_score": 0.11739,
        "hf_subset": "default",
        "languages": [
          "eng-Latn"
        ]
      }
    ]
  },
  "evaluation_time": 1788.1523060798645,
  "kg_co2_emissions": null
}