{
  "dataset_revision": "a34f9a33db75fa0cbb21bb5cfc3dae8dc8bec93f",
  "task_name": "Touche2020",
  "mteb_version": "1.39.7",
  "scores": {
    "test": [
      {
        "ndcg_at_1": 0.13265,
        "ndcg_at_3": 0.18068,
        "ndcg_at_5": 0.19234,
        "ndcg_at_10": 0.19666,
        "ndcg_at_20": 0.2159,
        "ndcg_at_100": 0.31902,
        "ndcg_at_1000": 0.41833,
        "map_at_1": 0.01119,
        "map_at_3": 0.03309,
        "map_at_5": 0.0514,
        "map_at_10": 0.07931,
        "map_at_20": 0.10104,
        "map_at_100": 0.13428,
        "map_at_1000": 0.14713,
        "recall_at_1": 0.01119,
        "recall_at_3": 0.04823,
        "recall_at_5": 0.086,
        "recall_at_10": 0.14672,
        "recall_at_20": 0.22104,
        "recall_at_100": 0.44445,
        "recall_at_1000": 0.74334,
        "precision_at_1": 0.14286,
        "precision_at_3": 0.21088,
        "precision_at_5": 0.22449,
        "precision_at_10": 0.19388,
        "precision_at_20": 0.15714,
        "precision_at_100": 0.07204,
        "precision_at_1000": 0.01382,
        "mrr_at_1": 0.142857,
        "mrr_at_3": 0.289116,
        "mrr_at_5": 0.318707,
        "mrr_at_10": 0.332313,
        "mrr_at_20": 0.338354,
        "mrr_at_100": 0.344931,
        "mrr_at_1000": 0.344931,
        "nauc_ndcg_at_1_max": -0.15635,
        "nauc_ndcg_at_1_std": -0.080358,
        "nauc_ndcg_at_1_diff1": 0.041335,
        "nauc_ndcg_at_3_max": -0.20799,
        "nauc_ndcg_at_3_std": -0.125609,
        "nauc_ndcg_at_3_diff1": 0.182615,
        "nauc_ndcg_at_5_max": -0.264416,
        "nauc_ndcg_at_5_std": -0.113487,
        "nauc_ndcg_at_5_diff1": 0.064964,
        "nauc_ndcg_at_10_max": -0.234498,
        "nauc_ndcg_at_10_std": -0.14615,
        "nauc_ndcg_at_10_diff1": 0.052299,
        "nauc_ndcg_at_20_max": -0.282967,
        "nauc_ndcg_at_20_std": -0.144774,
        "nauc_ndcg_at_20_diff1": -0.00461,
        "nauc_ndcg_at_100_max": -0.237651,
        "nauc_ndcg_at_100_std": 0.084015,
        "nauc_ndcg_at_100_diff1": -0.035495,
        "nauc_ndcg_at_1000_max": -0.153069,
        "nauc_ndcg_at_1000_std": 0.23402,
        "nauc_ndcg_at_1000_diff1": -0.080042,
        "nauc_map_at_1_max": -0.144153,
        "nauc_map_at_1_std": -0.24366,
        "nauc_map_at_1_diff1": 0.005103,
        "nauc_map_at_3_max": -0.155489,
        "nauc_map_at_3_std": -0.279515,
        "nauc_map_at_3_diff1": 0.094463,
        "nauc_map_at_5_max": -0.169112,
        "nauc_map_at_5_std": -0.258929,
        "nauc_map_at_5_diff1": 0.04098,
        "nauc_map_at_10_max": -0.150311,
        "nauc_map_at_10_std": -0.279748,
        "nauc_map_at_10_diff1": 0.051418,
        "nauc_map_at_20_max": -0.185641,
        "nauc_map_at_20_std": -0.238502,
        "nauc_map_at_20_diff1": 0.026493,
        "nauc_map_at_100_max": -0.175006,
        "nauc_map_at_100_std": -0.107633,
        "nauc_map_at_100_diff1": 0.024231,
        "nauc_map_at_1000_max": -0.172141,
        "nauc_map_at_1000_std": -0.068081,
        "nauc_map_at_1000_diff1": 0.008944,
        "nauc_recall_at_1_max": -0.144153,
        "nauc_recall_at_1_std": -0.24366,
        "nauc_recall_at_1_diff1": 0.005103,
        "nauc_recall_at_3_max": -0.212723,
        "nauc_recall_at_3_std": -0.290029,
        "nauc_recall_at_3_diff1": 0.145115,
        "nauc_recall_at_5_max": -0.25766,
        "nauc_recall_at_5_std": -0.267541,
        "nauc_recall_at_5_diff1": 0.019061,
        "nauc_recall_at_10_max": -0.243482,
        "nauc_recall_at_10_std": -0.253954,
        "nauc_recall_at_10_diff1": 0.005299,
        "nauc_recall_at_20_max": -0.301632,
        "nauc_recall_at_20_std": -0.173156,
        "nauc_recall_at_20_diff1": -0.052559,
        "nauc_recall_at_100_max": -0.251971,
        "nauc_recall_at_100_std": 0.182648,
        "nauc_recall_at_100_diff1": -0.11584,
        "nauc_recall_at_1000_max": -0.001245,
        "nauc_recall_at_1000_std": 0.617638,
        "nauc_recall_at_1000_diff1": -0.291506,
        "nauc_precision_at_1_max": -0.140465,
        "nauc_precision_at_1_std": -0.109636,
        "nauc_precision_at_1_diff1": 0.064721,
        "nauc_precision_at_3_max": -0.224217,
        "nauc_precision_at_3_std": -0.156564,
        "nauc_precision_at_3_diff1": 0.230023,
        "nauc_precision_at_5_max": -0.283837,
        "nauc_precision_at_5_std": -0.110778,
        "nauc_precision_at_5_diff1": 0.020561,
        "nauc_precision_at_10_max": -0.218823,
        "nauc_precision_at_10_std": -0.080533,
        "nauc_precision_at_10_diff1": 0.029839,
        "nauc_precision_at_20_max": -0.2564,
        "nauc_precision_at_20_std": 0.058848,
        "nauc_precision_at_20_diff1": -0.02739,
        "nauc_precision_at_100_max": -0.04353,
        "nauc_precision_at_100_std": 0.565219,
        "nauc_precision_at_100_diff1": -0.077233,
        "nauc_precision_at_1000_max": 0.397524,
        "nauc_precision_at_1000_std": 0.570659,
        "nauc_precision_at_1000_diff1": -0.062626,
        "nauc_mrr_at_1_max": -0.140465,
        "nauc_mrr_at_1_std": -0.109636,
        "nauc_mrr_at_1_diff1": 0.064721,
        "nauc_mrr_at_3_max": -0.248063,
        "nauc_mrr_at_3_std": -0.160787,
        "nauc_mrr_at_3_diff1": 0.194009,
        "nauc_mrr_at_5_max": -0.33021,
        "nauc_mrr_at_5_std": -0.174784,
        "nauc_mrr_at_5_diff1": 0.12277,
        "nauc_mrr_at_10_max": -0.305678,
        "nauc_mrr_at_10_std": -0.115084,
        "nauc_mrr_at_10_diff1": 0.108716,
        "nauc_mrr_at_20_max": -0.303499,
        "nauc_mrr_at_20_std": -0.108373,
        "nauc_mrr_at_20_diff1": 0.099646,
        "nauc_mrr_at_100_max": -0.299371,
        "nauc_mrr_at_100_std": -0.115763,
        "nauc_mrr_at_100_diff1": 0.104358,
        "nauc_mrr_at_1000_max": -0.299371,
        "nauc_mrr_at_1000_std": -0.115763,
        "nauc_mrr_at_1000_diff1": 0.104358,
        "main_score": 0.19666,
        "hf_subset": "default",
        "languages": [
          "eng-Latn"
        ]
      }
    ]
  },
  "evaluation_time": 1757.6942274570465,
  "kg_co2_emissions": null
}