{
  "dataset_revision": "ec0fa4fe99da2ff19ca1214b7966684033a58814",
  "task_name": "NFCorpus",
  "mteb_version": "1.39.7",
  "scores": {
    "test": [
      {
        "ndcg_at_1": 0.0774,
        "ndcg_at_3": 0.06766,
        "ndcg_at_5": 0.06563,
        "ndcg_at_10": 0.05886,
        "ndcg_at_20": 0.05778,
        "ndcg_at_100": 0.07204,
        "ndcg_at_1000": 0.15627,
        "map_at_1": 0.01047,
        "map_at_3": 0.01494,
        "map_at_5": 0.01767,
        "map_at_10": 0.02041,
        "map_at_20": 0.02193,
        "map_at_100": 0.02502,
        "map_at_1000": 0.03004,
        "recall_at_1": 0.01047,
        "recall_at_3": 0.01646,
        "recall_at_5": 0.02181,
        "recall_at_10": 0.03244,
        "recall_at_20": 0.04397,
        "recall_at_100": 0.09942,
        "recall_at_1000": 0.38515,
        "precision_at_1": 0.08359,
        "precision_at_3": 0.06295,
        "precision_at_5": 0.0582,
        "precision_at_10": 0.04211,
        "precision_at_20": 0.03328,
        "precision_at_100": 0.02176,
        "precision_at_1000": 0.01261,
        "mrr_at_1": 0.086687,
        "mrr_at_3": 0.111971,
        "mrr_at_5": 0.12033,
        "mrr_at_10": 0.128205,
        "mrr_at_20": 0.133988,
        "mrr_at_100": 0.139946,
        "mrr_at_1000": 0.141367,
        "nauc_ndcg_at_1_max": 0.381203,
        "nauc_ndcg_at_1_std": -0.002683,
        "nauc_ndcg_at_1_diff1": 0.248752,
        "nauc_ndcg_at_3_max": 0.384715,
        "nauc_ndcg_at_3_std": -0.032227,
        "nauc_ndcg_at_3_diff1": 0.176598,
        "nauc_ndcg_at_5_max": 0.360208,
        "nauc_ndcg_at_5_std": -0.024082,
        "nauc_ndcg_at_5_diff1": 0.146246,
        "nauc_ndcg_at_10_max": 0.334885,
        "nauc_ndcg_at_10_std": -0.034447,
        "nauc_ndcg_at_10_diff1": 0.148451,
        "nauc_ndcg_at_20_max": 0.346216,
        "nauc_ndcg_at_20_std": -0.001981,
        "nauc_ndcg_at_20_diff1": 0.175321,
        "nauc_ndcg_at_100_max": 0.33875,
        "nauc_ndcg_at_100_std": 0.013541,
        "nauc_ndcg_at_100_diff1": 0.145522,
        "nauc_ndcg_at_1000_max": 0.330675,
        "nauc_ndcg_at_1000_std": -0.019427,
        "nauc_ndcg_at_1000_diff1": 0.090194,
        "nauc_map_at_1_max": 0.555776,
        "nauc_map_at_1_std": -0.078603,
        "nauc_map_at_1_diff1": 0.43072,
        "nauc_map_at_3_max": 0.570482,
        "nauc_map_at_3_std": -0.056827,
        "nauc_map_at_3_diff1": 0.336206,
        "nauc_map_at_5_max": 0.556485,
        "nauc_map_at_5_std": -0.035171,
        "nauc_map_at_5_diff1": 0.310466,
        "nauc_map_at_10_max": 0.507336,
        "nauc_map_at_10_std": -0.024713,
        "nauc_map_at_10_diff1": 0.30458,
        "nauc_map_at_20_max": 0.503383,
        "nauc_map_at_20_std": -0.014432,
        "nauc_map_at_20_diff1": 0.29008,
        "nauc_map_at_100_max": 0.49076,
        "nauc_map_at_100_std": -0.020195,
        "nauc_map_at_100_diff1": 0.260528,
        "nauc_map_at_1000_max": 0.475943,
        "nauc_map_at_1000_std": -0.020784,
        "nauc_map_at_1000_diff1": 0.23697,
        "nauc_recall_at_1_max": 0.555776,
        "nauc_recall_at_1_std": -0.078603,
        "nauc_recall_at_1_diff1": 0.43072,
        "nauc_recall_at_3_max": 0.542467,
        "nauc_recall_at_3_std": -0.072539,
        "nauc_recall_at_3_diff1": 0.291645,
        "nauc_recall_at_5_max": 0.477364,
        "nauc_recall_at_5_std": -0.031675,
        "nauc_recall_at_5_diff1": 0.261384,
        "nauc_recall_at_10_max": 0.286502,
        "nauc_recall_at_10_std": 0.002936,
        "nauc_recall_at_10_diff1": 0.263421,
        "nauc_recall_at_20_max": 0.238777,
        "nauc_recall_at_20_std": 0.078963,
        "nauc_recall_at_20_diff1": 0.250321,
        "nauc_recall_at_100_max": 0.205211,
        "nauc_recall_at_100_std": 0.030762,
        "nauc_recall_at_100_diff1": 0.118247,
        "nauc_recall_at_1000_max": 0.171943,
        "nauc_recall_at_1000_std": -0.016,
        "nauc_recall_at_1000_diff1": 0.027854,
        "nauc_precision_at_1_max": 0.408208,
        "nauc_precision_at_1_std": -0.017816,
        "nauc_precision_at_1_diff1": 0.245574,
        "nauc_precision_at_3_max": 0.389392,
        "nauc_precision_at_3_std": -0.050269,
        "nauc_precision_at_3_diff1": 0.107174,
        "nauc_precision_at_5_max": 0.332865,
        "nauc_precision_at_5_std": -0.018962,
        "nauc_precision_at_5_diff1": 0.055358,
        "nauc_precision_at_10_max": 0.300348,
        "nauc_precision_at_10_std": -0.035636,
        "nauc_precision_at_10_diff1": 0.029417,
        "nauc_precision_at_20_max": 0.296071,
        "nauc_precision_at_20_std": -0.002025,
        "nauc_precision_at_20_diff1": 0.014706,
        "nauc_precision_at_100_max": 0.215713,
        "nauc_precision_at_100_std": -0.002433,
        "nauc_precision_at_100_diff1": -0.076431,
        "nauc_precision_at_1000_max": 0.134545,
        "nauc_precision_at_1000_std": 0.01956,
        "nauc_precision_at_1000_diff1": -0.041883,
        "nauc_mrr_at_1_max": 0.417175,
        "nauc_mrr_at_1_std": -0.028533,
        "nauc_mrr_at_1_diff1": 0.216309,
        "nauc_mrr_at_3_max": 0.373683,
        "nauc_mrr_at_3_std": -0.047244,
        "nauc_mrr_at_3_diff1": 0.160226,
        "nauc_mrr_at_5_max": 0.34253,
        "nauc_mrr_at_5_std": -0.037543,
        "nauc_mrr_at_5_diff1": 0.14096,
        "nauc_mrr_at_10_max": 0.333538,
        "nauc_mrr_at_10_std": -0.044379,
        "nauc_mrr_at_10_diff1": 0.12624,
        "nauc_mrr_at_20_max": 0.332316,
        "nauc_mrr_at_20_std": -0.042415,
        "nauc_mrr_at_20_diff1": 0.129889,
        "nauc_mrr_at_100_max": 0.334901,
        "nauc_mrr_at_100_std": -0.041449,
        "nauc_mrr_at_100_diff1": 0.128113,
        "nauc_mrr_at_1000_max": 0.335311,
        "nauc_mrr_at_1000_std": -0.041712,
        "nauc_mrr_at_1000_diff1": 0.128443,
        "main_score": 0.05886,
        "hf_subset": "default",
        "languages": [
          "eng-Latn"
        ]
      }
    ]
  },
  "evaluation_time": 31.36099910736084,
  "kg_co2_emissions": null
}