{
  "dataset_revision": "bb9466bac8153a0349341eb1b22e06409e78ef4e",
  "task_name": "TRECCOVID",
  "mteb_version": "1.39.7",
  "scores": {
    "test": [
      {
        "ndcg_at_1": 0.69,
        "ndcg_at_3": 0.72184,
        "ndcg_at_5": 0.70601,
        "ndcg_at_10": 0.66733,
        "ndcg_at_20": 0.62762,
        "ndcg_at_100": 0.48533,
        "ndcg_at_1000": 0.41302,
        "map_at_1": 0.00196,
        "map_at_3": 0.00553,
        "map_at_5": 0.00857,
        "map_at_10": 0.01477,
        "map_at_20": 0.02561,
        "map_at_100": 0.07767,
        "map_at_1000": 0.17711,
        "recall_at_1": 0.00196,
        "recall_at_3": 0.006,
        "recall_at_5": 0.00968,
        "recall_at_10": 0.01765,
        "recall_at_20": 0.03177,
        "recall_at_100": 0.11161,
        "recall_at_1000": 0.38282,
        "precision_at_1": 0.76,
        "precision_at_3": 0.78667,
        "precision_at_5": 0.772,
        "precision_at_10": 0.712,
        "precision_at_20": 0.663,
        "precision_at_100": 0.4952,
        "precision_at_1000": 0.1862,
        "mrr_at_1": 0.76,
        "mrr_at_3": 0.846667,
        "mrr_at_5": 0.860667,
        "mrr_at_10": 0.860667,
        "mrr_at_20": 0.860667,
        "mrr_at_100": 0.860667,
        "mrr_at_1000": 0.860667,
        "nauc_ndcg_at_1_max": 0.242444,
        "nauc_ndcg_at_1_std": 0.23002,
        "nauc_ndcg_at_1_diff1": 0.198608,
        "nauc_ndcg_at_3_max": 0.345375,
        "nauc_ndcg_at_3_std": 0.405472,
        "nauc_ndcg_at_3_diff1": -0.010911,
        "nauc_ndcg_at_5_max": 0.389366,
        "nauc_ndcg_at_5_std": 0.523311,
        "nauc_ndcg_at_5_diff1": -0.037065,
        "nauc_ndcg_at_10_max": 0.393897,
        "nauc_ndcg_at_10_std": 0.584201,
        "nauc_ndcg_at_10_diff1": -0.075352,
        "nauc_ndcg_at_20_max": 0.389118,
        "nauc_ndcg_at_20_std": 0.630323,
        "nauc_ndcg_at_20_diff1": -0.09832,
        "nauc_ndcg_at_100_max": 0.507376,
        "nauc_ndcg_at_100_std": 0.795118,
        "nauc_ndcg_at_100_diff1": -0.139684,
        "nauc_ndcg_at_1000_max": 0.595047,
        "nauc_ndcg_at_1000_std": 0.829779,
        "nauc_ndcg_at_1000_diff1": -0.192695,
        "nauc_map_at_1_max": 0.109997,
        "nauc_map_at_1_std": -0.080765,
        "nauc_map_at_1_diff1": 0.16082,
        "nauc_map_at_3_max": 0.135812,
        "nauc_map_at_3_std": 0.010864,
        "nauc_map_at_3_diff1": -0.023336,
        "nauc_map_at_5_max": 0.086622,
        "nauc_map_at_5_std": 0.08277,
        "nauc_map_at_5_diff1": -0.061055,
        "nauc_map_at_10_max": 0.157829,
        "nauc_map_at_10_std": 0.21665,
        "nauc_map_at_10_diff1": -0.123335,
        "nauc_map_at_20_max": 0.233341,
        "nauc_map_at_20_std": 0.353728,
        "nauc_map_at_20_diff1": -0.147668,
        "nauc_map_at_100_max": 0.534073,
        "nauc_map_at_100_std": 0.770675,
        "nauc_map_at_100_diff1": -0.125717,
        "nauc_map_at_1000_max": 0.607126,
        "nauc_map_at_1000_std": 0.872444,
        "nauc_map_at_1000_diff1": -0.160579,
        "nauc_recall_at_1_max": 0.109997,
        "nauc_recall_at_1_std": -0.080765,
        "nauc_recall_at_1_diff1": 0.16082,
        "nauc_recall_at_3_max": 0.105652,
        "nauc_recall_at_3_std": -0.033191,
        "nauc_recall_at_3_diff1": -0.009952,
        "nauc_recall_at_5_max": 0.025508,
        "nauc_recall_at_5_std": 0.00271,
        "nauc_recall_at_5_diff1": -0.058583,
        "nauc_recall_at_10_max": 0.086343,
        "nauc_recall_at_10_std": 0.092425,
        "nauc_recall_at_10_diff1": -0.120388,
        "nauc_recall_at_20_max": 0.170508,
        "nauc_recall_at_20_std": 0.217209,
        "nauc_recall_at_20_diff1": -0.126816,
        "nauc_recall_at_100_max": 0.476811,
        "nauc_recall_at_100_std": 0.613323,
        "nauc_recall_at_100_diff1": -0.13072,
        "nauc_recall_at_1000_max": 0.580371,
        "nauc_recall_at_1000_std": 0.737708,
        "nauc_recall_at_1000_diff1": -0.181712,
        "nauc_precision_at_1_max": 0.250454,
        "nauc_precision_at_1_std": 0.258198,
        "nauc_precision_at_1_diff1": 0.246993,
        "nauc_precision_at_3_max": 0.414908,
        "nauc_precision_at_3_std": 0.477658,
        "nauc_precision_at_3_diff1": -0.016947,
        "nauc_precision_at_5_max": 0.329155,
        "nauc_precision_at_5_std": 0.55681,
        "nauc_precision_at_5_diff1": -0.059419,
        "nauc_precision_at_10_max": 0.42002,
        "nauc_precision_at_10_std": 0.665737,
        "nauc_precision_at_10_diff1": -0.115924,
        "nauc_precision_at_20_max": 0.399092,
        "nauc_precision_at_20_std": 0.670179,
        "nauc_precision_at_20_diff1": -0.1255,
        "nauc_precision_at_100_max": 0.537456,
        "nauc_precision_at_100_std": 0.826704,
        "nauc_precision_at_100_diff1": -0.118528,
        "nauc_precision_at_1000_max": 0.423843,
        "nauc_precision_at_1000_std": 0.662348,
        "nauc_precision_at_1000_diff1": -0.141654,
        "nauc_mrr_at_1_max": 0.250454,
        "nauc_mrr_at_1_std": 0.258198,
        "nauc_mrr_at_1_diff1": 0.246993,
        "nauc_mrr_at_3_max": 0.372645,
        "nauc_mrr_at_3_std": 0.37151,
        "nauc_mrr_at_3_diff1": 0.196261,
        "nauc_mrr_at_5_max": 0.33398,
        "nauc_mrr_at_5_std": 0.330794,
        "nauc_mrr_at_5_diff1": 0.213921,
        "nauc_mrr_at_10_max": 0.33398,
        "nauc_mrr_at_10_std": 0.330794,
        "nauc_mrr_at_10_diff1": 0.213921,
        "nauc_mrr_at_20_max": 0.33398,
        "nauc_mrr_at_20_std": 0.330794,
        "nauc_mrr_at_20_diff1": 0.213921,
        "nauc_mrr_at_100_max": 0.33398,
        "nauc_mrr_at_100_std": 0.330794,
        "nauc_mrr_at_100_diff1": 0.213921,
        "nauc_mrr_at_1000_max": 0.33398,
        "nauc_mrr_at_1000_std": 0.330794,
        "nauc_mrr_at_1000_diff1": 0.213921,
        "main_score": 0.66733,
        "hf_subset": "default",
        "languages": [
          "eng-Latn"
        ]
      }
    ]
  },
  "evaluation_time": 993.0349822044373,
  "kg_co2_emissions": null
}