{
  "map_at_10": 0.0,
  "mrr_at_10": 0.00014285714285714284,
  "ndcg_at_10": 0.0,
  "recall_at_10": 0.0,
  "recall_at_100": 0.00345
}
