{
  "map_at_10": 0.00071,
  "mrr_at_10": 0.00355515873015873,
  "ndcg_at_10": 0.00191,
  "recall_at_10": 0.0026,
  "recall_at_100": 0.0135
}
