{
  "map_at_10": 2e-05,
  "mrr_at_10": 0.00046666666666666666,
  "ndcg_at_10": 0.0001,
  "recall_at_10": 0.0002,
  "recall_at_100": 0.00305
}
