{
  "map_at_10": 5e-05,
  "mrr_at_10": 0.00025,
  "ndcg_at_10": 0.00015,
  "recall_at_10": 0.0002,
  "recall_at_100": 0.0067
}
