{
  "map_at_10": 5e-05,
  "mrr_at_10": 0.0002666666666666667,
  "ndcg_at_10": 0.00022,
  "recall_at_10": 0.0004,
  "recall_at_100": 0.00775
}
