{
  "map_at_10": 0.00026,
  "mrr_at_10": 0.0013,
  "ndcg_at_10": 0.0008,
  "recall_at_10": 0.0012,
  "recall_at_100": 0.01023
}
