{
  "map_at_10": 0.00012,
  "mrr_at_10": 0.0007388888888888889,
  "ndcg_at_10": 0.00046,
  "recall_at_10": 0.0008,
  "recall_at_100": 0.00758
}
