{
  "map_at_10": 0.00107,
  "mrr_at_10": 0.005359523809523809,
  "ndcg_at_10": 0.00227,
  "recall_at_10": 0.0022,
  "recall_at_100": 0.01403
}
