{
  "dataset_revision": "ec0fa4fe99da2ff19ca1214b7966684033a58814",
  "task_name": "NFCorpus",
  "mteb_version": "1.39.7",
  "scores": {
    "test": [
      {
        "ndcg_at_1": 0.31734,
        "ndcg_at_3": 0.28108,
        "ndcg_at_5": 0.26211,
        "ndcg_at_10": 0.23467,
        "ndcg_at_20": 0.21453,
        "ndcg_at_100": 0.20953,
        "ndcg_at_1000": 0.29977,
        "map_at_1": 0.04081,
        "map_at_3": 0.06122,
        "map_at_5": 0.06987,
        "map_at_10": 0.08058,
        "map_at_20": 0.08743,
        "map_at_100": 0.09691,
        "map_at_1000": 0.10643,
        "recall_at_1": 0.04081,
        "recall_at_3": 0.0681,
        "recall_at_5": 0.08297,
        "recall_at_10": 0.10639,
        "recall_at_20": 0.13157,
        "recall_at_100": 0.20521,
        "recall_at_1000": 0.53161,
        "precision_at_1": 0.32817,
        "precision_at_3": 0.26109,
        "precision_at_5": 0.22477,
        "precision_at_10": 0.1709,
        "precision_at_20": 0.12229,
        "precision_at_100": 0.05149,
        "precision_at_1000": 0.01699,
        "mrr_at_1": 0.328173,
        "mrr_at_3": 0.401961,
        "mrr_at_5": 0.412642,
        "mrr_at_10": 0.420272,
        "mrr_at_20": 0.424095,
        "mrr_at_100": 0.427366,
        "mrr_at_1000": 0.428012,
        "nauc_ndcg_at_1_max": 0.399773,
        "nauc_ndcg_at_1_std": 0.263598,
        "nauc_ndcg_at_1_diff1": 0.374746,
        "nauc_ndcg_at_3_max": 0.415994,
        "nauc_ndcg_at_3_std": 0.289966,
        "nauc_ndcg_at_3_diff1": 0.285866,
        "nauc_ndcg_at_5_max": 0.405894,
        "nauc_ndcg_at_5_std": 0.272062,
        "nauc_ndcg_at_5_diff1": 0.266278,
        "nauc_ndcg_at_10_max": 0.403919,
        "nauc_ndcg_at_10_std": 0.260432,
        "nauc_ndcg_at_10_diff1": 0.248951,
        "nauc_ndcg_at_20_max": 0.406912,
        "nauc_ndcg_at_20_std": 0.257831,
        "nauc_ndcg_at_20_diff1": 0.265092,
        "nauc_ndcg_at_100_max": 0.448641,
        "nauc_ndcg_at_100_std": 0.276542,
        "nauc_ndcg_at_100_diff1": 0.299528,
        "nauc_ndcg_at_1000_max": 0.5146,
        "nauc_ndcg_at_1000_std": 0.358441,
        "nauc_ndcg_at_1000_diff1": 0.280163,
        "nauc_map_at_1_max": 0.228744,
        "nauc_map_at_1_std": -0.038109,
        "nauc_map_at_1_diff1": 0.410926,
        "nauc_map_at_3_max": 0.306901,
        "nauc_map_at_3_std": 0.018187,
        "nauc_map_at_3_diff1": 0.391643,
        "nauc_map_at_5_max": 0.321264,
        "nauc_map_at_5_std": 0.042697,
        "nauc_map_at_5_diff1": 0.364649,
        "nauc_map_at_10_max": 0.356589,
        "nauc_map_at_10_std": 0.089392,
        "nauc_map_at_10_diff1": 0.335407,
        "nauc_map_at_20_max": 0.370119,
        "nauc_map_at_20_std": 0.118876,
        "nauc_map_at_20_diff1": 0.333966,
        "nauc_map_at_100_max": 0.382749,
        "nauc_map_at_100_std": 0.158244,
        "nauc_map_at_100_diff1": 0.32196,
        "nauc_map_at_1000_max": 0.387805,
        "nauc_map_at_1000_std": 0.181873,
        "nauc_map_at_1000_diff1": 0.30888,
        "nauc_recall_at_1_max": 0.228744,
        "nauc_recall_at_1_std": -0.038109,
        "nauc_recall_at_1_diff1": 0.410926,
        "nauc_recall_at_3_max": 0.304018,
        "nauc_recall_at_3_std": 0.018837,
        "nauc_recall_at_3_diff1": 0.35642,
        "nauc_recall_at_5_max": 0.30187,
        "nauc_recall_at_5_std": 0.033002,
        "nauc_recall_at_5_diff1": 0.312561,
        "nauc_recall_at_10_max": 0.355463,
        "nauc_recall_at_10_std": 0.094837,
        "nauc_recall_at_10_diff1": 0.274515,
        "nauc_recall_at_20_max": 0.364107,
        "nauc_recall_at_20_std": 0.13894,
        "nauc_recall_at_20_diff1": 0.263669,
        "nauc_recall_at_100_max": 0.381574,
        "nauc_recall_at_100_std": 0.235077,
        "nauc_recall_at_100_diff1": 0.234853,
        "nauc_recall_at_1000_max": 0.302705,
        "nauc_recall_at_1000_std": 0.27345,
        "nauc_recall_at_1000_diff1": 0.077227,
        "nauc_precision_at_1_max": 0.408159,
        "nauc_precision_at_1_std": 0.262336,
        "nauc_precision_at_1_diff1": 0.36555,
        "nauc_precision_at_3_max": 0.427669,
        "nauc_precision_at_3_std": 0.333695,
        "nauc_precision_at_3_diff1": 0.224485,
        "nauc_precision_at_5_max": 0.401396,
        "nauc_precision_at_5_std": 0.32849,
        "nauc_precision_at_5_diff1": 0.168089,
        "nauc_precision_at_10_max": 0.369016,
        "nauc_precision_at_10_std": 0.342435,
        "nauc_precision_at_10_diff1": 0.104705,
        "nauc_precision_at_20_max": 0.313013,
        "nauc_precision_at_20_std": 0.353903,
        "nauc_precision_at_20_diff1": 0.079125,
        "nauc_precision_at_100_max": 0.199443,
        "nauc_precision_at_100_std": 0.335926,
        "nauc_precision_at_100_diff1": -0.009778,
        "nauc_precision_at_1000_max": 0.034951,
        "nauc_precision_at_1000_std": 0.199463,
        "nauc_precision_at_1000_diff1": -0.106461,
        "nauc_mrr_at_1_max": 0.408159,
        "nauc_mrr_at_1_std": 0.262336,
        "nauc_mrr_at_1_diff1": 0.36555,
        "nauc_mrr_at_3_max": 0.427309,
        "nauc_mrr_at_3_std": 0.292651,
        "nauc_mrr_at_3_diff1": 0.345009,
        "nauc_mrr_at_5_max": 0.427838,
        "nauc_mrr_at_5_std": 0.296494,
        "nauc_mrr_at_5_diff1": 0.345566,
        "nauc_mrr_at_10_max": 0.439529,
        "nauc_mrr_at_10_std": 0.307376,
        "nauc_mrr_at_10_diff1": 0.343495,
        "nauc_mrr_at_20_max": 0.442137,
        "nauc_mrr_at_20_std": 0.308147,
        "nauc_mrr_at_20_diff1": 0.341702,
        "nauc_mrr_at_100_max": 0.443096,
        "nauc_mrr_at_100_std": 0.308036,
        "nauc_mrr_at_100_diff1": 0.34399,
        "nauc_mrr_at_1000_max": 0.44271,
        "nauc_mrr_at_1000_std": 0.30775,
        "nauc_mrr_at_1000_diff1": 0.343858,
        "main_score": 0.23467,
        "hf_subset": "default",
        "languages": [
          "eng-Latn"
        ]
      }
    ]
  },
  "evaluation_time": 18.17078948020935,
  "kg_co2_emissions": null
}