{
  "dataset_revision": "ec0fa4fe99da2ff19ca1214b7966684033a58814",
  "task_name": "NFCorpus",
  "mteb_version": "1.39.7",
  "scores": {
    "test": [
      {
        "ndcg_at_1": 0.05418,
        "ndcg_at_3": 0.04817,
        "ndcg_at_5": 0.04566,
        "ndcg_at_10": 0.04086,
        "ndcg_at_20": 0.04376,
        "ndcg_at_100": 0.05585,
        "ndcg_at_1000": 0.13945,
        "map_at_1": 0.00678,
        "map_at_3": 0.00962,
        "map_at_5": 0.01113,
        "map_at_10": 0.0124,
        "map_at_20": 0.01419,
        "map_at_100": 0.01655,
        "map_at_1000": 0.02127,
        "recall_at_1": 0.00678,
        "recall_at_3": 0.01214,
        "recall_at_5": 0.01621,
        "recall_at_10": 0.02153,
        "recall_at_20": 0.03617,
        "recall_at_100": 0.08415,
        "recall_at_1000": 0.36962,
        "precision_at_1": 0.05882,
        "precision_at_3": 0.04644,
        "precision_at_5": 0.04087,
        "precision_at_10": 0.03158,
        "precision_at_20": 0.02833,
        "precision_at_100": 0.01845,
        "precision_at_1000": 0.01214,
        "mrr_at_1": 0.052632,
        "mrr_at_3": 0.082559,
        "mrr_at_5": 0.08968,
        "mrr_at_10": 0.097757,
        "mrr_at_20": 0.103071,
        "mrr_at_100": 0.108339,
        "mrr_at_1000": 0.109935,
        "nauc_ndcg_at_1_max": 0.209312,
        "nauc_ndcg_at_1_std": 0.189338,
        "nauc_ndcg_at_1_diff1": 0.175566,
        "nauc_ndcg_at_3_max": 0.155336,
        "nauc_ndcg_at_3_std": 0.048367,
        "nauc_ndcg_at_3_diff1": 0.052786,
        "nauc_ndcg_at_5_max": 0.143961,
        "nauc_ndcg_at_5_std": 0.021075,
        "nauc_ndcg_at_5_diff1": 0.032564,
        "nauc_ndcg_at_10_max": 0.163585,
        "nauc_ndcg_at_10_std": -0.00225,
        "nauc_ndcg_at_10_diff1": 0.030794,
        "nauc_ndcg_at_20_max": 0.188802,
        "nauc_ndcg_at_20_std": 0.026219,
        "nauc_ndcg_at_20_diff1": 0.043883,
        "nauc_ndcg_at_100_max": 0.22043,
        "nauc_ndcg_at_100_std": 0.0494,
        "nauc_ndcg_at_100_diff1": 0.056427,
        "nauc_ndcg_at_1000_max": 0.225554,
        "nauc_ndcg_at_1000_std": 0.010921,
        "nauc_ndcg_at_1000_diff1": 0.011809,
        "nauc_map_at_1_max": 0.583617,
        "nauc_map_at_1_std": 0.077367,
        "nauc_map_at_1_diff1": 0.170093,
        "nauc_map_at_3_max": 0.453696,
        "nauc_map_at_3_std": 0.071716,
        "nauc_map_at_3_diff1": 0.059233,
        "nauc_map_at_5_max": 0.419218,
        "nauc_map_at_5_std": 0.091208,
        "nauc_map_at_5_diff1": 0.050949,
        "nauc_map_at_10_max": 0.396114,
        "nauc_map_at_10_std": 0.082215,
        "nauc_map_at_10_diff1": 0.083139,
        "nauc_map_at_20_max": 0.365412,
        "nauc_map_at_20_std": 0.067075,
        "nauc_map_at_20_diff1": 0.072866,
        "nauc_map_at_100_max": 0.351627,
        "nauc_map_at_100_std": 0.050731,
        "nauc_map_at_100_diff1": 0.068253,
        "nauc_map_at_1000_max": 0.333225,
        "nauc_map_at_1000_std": 0.038576,
        "nauc_map_at_1000_diff1": 0.045367,
        "nauc_recall_at_1_max": 0.583617,
        "nauc_recall_at_1_std": 0.077367,
        "nauc_recall_at_1_diff1": 0.170093,
        "nauc_recall_at_3_max": 0.344103,
        "nauc_recall_at_3_std": 0.065473,
        "nauc_recall_at_3_diff1": -0.000534,
        "nauc_recall_at_5_max": 0.25854,
        "nauc_recall_at_5_std": 0.088203,
        "nauc_recall_at_5_diff1": 0.009932,
        "nauc_recall_at_10_max": 0.251072,
        "nauc_recall_at_10_std": 0.073149,
        "nauc_recall_at_10_diff1": 0.086821,
        "nauc_recall_at_20_max": 0.150183,
        "nauc_recall_at_20_std": 0.069196,
        "nauc_recall_at_20_diff1": 0.035502,
        "nauc_recall_at_100_max": 0.138066,
        "nauc_recall_at_100_std": 0.059279,
        "nauc_recall_at_100_diff1": 0.079973,
        "nauc_recall_at_1000_max": 0.121236,
        "nauc_recall_at_1000_std": 0.015025,
        "nauc_recall_at_1000_diff1": 0.045078,
        "nauc_precision_at_1_max": 0.221262,
        "nauc_precision_at_1_std": 0.163509,
        "nauc_precision_at_1_diff1": 0.15773,
        "nauc_precision_at_3_max": 0.141615,
        "nauc_precision_at_3_std": -0.003012,
        "nauc_precision_at_3_diff1": -0.005376,
        "nauc_precision_at_5_max": 0.101105,
        "nauc_precision_at_5_std": -0.029468,
        "nauc_precision_at_5_diff1": -0.029609,
        "nauc_precision_at_10_max": 0.113378,
        "nauc_precision_at_10_std": -0.071604,
        "nauc_precision_at_10_diff1": -0.013447,
        "nauc_precision_at_20_max": 0.140191,
        "nauc_precision_at_20_std": -0.026851,
        "nauc_precision_at_20_diff1": 0.011644,
        "nauc_precision_at_100_max": 0.112293,
        "nauc_precision_at_100_std": -0.03167,
        "nauc_precision_at_100_diff1": -0.06709,
        "nauc_precision_at_1000_max": 0.090807,
        "nauc_precision_at_1000_std": -0.025878,
        "nauc_precision_at_1000_diff1": -0.091886,
        "nauc_mrr_at_1_max": 0.240335,
        "nauc_mrr_at_1_std": 0.24585,
        "nauc_mrr_at_1_diff1": 0.243799,
        "nauc_mrr_at_3_max": 0.173407,
        "nauc_mrr_at_3_std": 0.082463,
        "nauc_mrr_at_3_diff1": 0.097114,
        "nauc_mrr_at_5_max": 0.158276,
        "nauc_mrr_at_5_std": 0.071662,
        "nauc_mrr_at_5_diff1": 0.087004,
        "nauc_mrr_at_10_max": 0.162487,
        "nauc_mrr_at_10_std": 0.060573,
        "nauc_mrr_at_10_diff1": 0.082277,
        "nauc_mrr_at_20_max": 0.159329,
        "nauc_mrr_at_20_std": 0.060783,
        "nauc_mrr_at_20_diff1": 0.08495,
        "nauc_mrr_at_100_max": 0.166913,
        "nauc_mrr_at_100_std": 0.061345,
        "nauc_mrr_at_100_diff1": 0.079305,
        "nauc_mrr_at_1000_max": 0.166326,
        "nauc_mrr_at_1000_std": 0.061466,
        "nauc_mrr_at_1000_diff1": 0.080476,
        "main_score": 0.04086,
        "hf_subset": "default",
        "languages": [
          "eng-Latn"
        ]
      }
    ]
  },
  "evaluation_time": 62.05144786834717,
  "kg_co2_emissions": null
}