{
  "dataset_revision": "a34f9a33db75fa0cbb21bb5cfc3dae8dc8bec93f",
  "task_name": "Touche2020",
  "mteb_version": "1.39.7",
  "scores": {
    "test": [
      {
        "ndcg_at_1": 0.16327,
        "ndcg_at_3": 0.17063,
        "ndcg_at_5": 0.16848,
        "ndcg_at_10": 0.16998,
        "ndcg_at_20": 0.18619,
        "ndcg_at_100": 0.27,
        "ndcg_at_1000": 0.37263,
        "map_at_1": 0.0164,
        "map_at_3": 0.03595,
        "map_at_5": 0.04762,
        "map_at_10": 0.06927,
        "map_at_20": 0.08855,
        "map_at_100": 0.1119,
        "map_at_1000": 0.12256,
        "recall_at_1": 0.0164,
        "recall_at_3": 0.04506,
        "recall_at_5": 0.06821,
        "recall_at_10": 0.12121,
        "recall_at_20": 0.18491,
        "recall_at_100": 0.36931,
        "recall_at_1000": 0.67685,
        "precision_at_1": 0.20408,
        "precision_at_3": 0.19728,
        "precision_at_5": 0.18367,
        "precision_at_10": 0.16735,
        "precision_at_20": 0.13469,
        "precision_at_100": 0.06082,
        "precision_at_1000": 0.01284,
        "mrr_at_1": 0.204082,
        "mrr_at_3": 0.289116,
        "mrr_at_5": 0.314626,
        "mrr_at_10": 0.339934,
        "mrr_at_20": 0.346227,
        "mrr_at_100": 0.350468,
        "mrr_at_1000": 0.350562,
        "nauc_ndcg_at_1_max": -0.382904,
        "nauc_ndcg_at_1_std": -0.117013,
        "nauc_ndcg_at_1_diff1": -0.017884,
        "nauc_ndcg_at_3_max": -0.269622,
        "nauc_ndcg_at_3_std": -0.071072,
        "nauc_ndcg_at_3_diff1": 0.181133,
        "nauc_ndcg_at_5_max": -0.181535,
        "nauc_ndcg_at_5_std": -0.0577,
        "nauc_ndcg_at_5_diff1": 0.183902,
        "nauc_ndcg_at_10_max": -0.185972,
        "nauc_ndcg_at_10_std": -0.115342,
        "nauc_ndcg_at_10_diff1": 0.160899,
        "nauc_ndcg_at_20_max": -0.199198,
        "nauc_ndcg_at_20_std": -0.145591,
        "nauc_ndcg_at_20_diff1": 0.132224,
        "nauc_ndcg_at_100_max": -0.162073,
        "nauc_ndcg_at_100_std": -0.006783,
        "nauc_ndcg_at_100_diff1": 0.067627,
        "nauc_ndcg_at_1000_max": -0.076396,
        "nauc_ndcg_at_1000_std": 0.222037,
        "nauc_ndcg_at_1000_diff1": 0.055132,
        "nauc_map_at_1_max": -0.476927,
        "nauc_map_at_1_std": -0.232767,
        "nauc_map_at_1_diff1": -0.128388,
        "nauc_map_at_3_max": -0.420779,
        "nauc_map_at_3_std": -0.192684,
        "nauc_map_at_3_diff1": -0.082962,
        "nauc_map_at_5_max": -0.344028,
        "nauc_map_at_5_std": -0.186285,
        "nauc_map_at_5_diff1": -0.01994,
        "nauc_map_at_10_max": -0.283557,
        "nauc_map_at_10_std": -0.200677,
        "nauc_map_at_10_diff1": 0.002608,
        "nauc_map_at_20_max": -0.260446,
        "nauc_map_at_20_std": -0.203114,
        "nauc_map_at_20_diff1": 0.017102,
        "nauc_map_at_100_max": -0.222228,
        "nauc_map_at_100_std": -0.143768,
        "nauc_map_at_100_diff1": 0.011823,
        "nauc_map_at_1000_max": -0.214814,
        "nauc_map_at_1000_std": -0.099559,
        "nauc_map_at_1000_diff1": 0.004084,
        "nauc_recall_at_1_max": -0.476927,
        "nauc_recall_at_1_std": -0.232767,
        "nauc_recall_at_1_diff1": -0.128388,
        "nauc_recall_at_3_max": -0.370472,
        "nauc_recall_at_3_std": -0.200241,
        "nauc_recall_at_3_diff1": 0.031955,
        "nauc_recall_at_5_max": -0.259284,
        "nauc_recall_at_5_std": -0.205774,
        "nauc_recall_at_5_diff1": 0.059599,
        "nauc_recall_at_10_max": -0.231655,
        "nauc_recall_at_10_std": -0.219987,
        "nauc_recall_at_10_diff1": 0.039373,
        "nauc_recall_at_20_max": -0.226172,
        "nauc_recall_at_20_std": -0.186935,
        "nauc_recall_at_20_diff1": 0.040368,
        "nauc_recall_at_100_max": -0.163369,
        "nauc_recall_at_100_std": 0.038778,
        "nauc_recall_at_100_diff1": -0.056985,
        "nauc_recall_at_1000_max": 0.07741,
        "nauc_recall_at_1000_std": 0.629393,
        "nauc_recall_at_1000_diff1": -0.17788,
        "nauc_precision_at_1_max": -0.426509,
        "nauc_precision_at_1_std": -0.168193,
        "nauc_precision_at_1_diff1": -0.009011,
        "nauc_precision_at_3_max": -0.272842,
        "nauc_precision_at_3_std": -0.101999,
        "nauc_precision_at_3_diff1": 0.196279,
        "nauc_precision_at_5_max": -0.133512,
        "nauc_precision_at_5_std": -0.081256,
        "nauc_precision_at_5_diff1": 0.180828,
        "nauc_precision_at_10_max": -0.068972,
        "nauc_precision_at_10_std": -0.100943,
        "nauc_precision_at_10_diff1": 0.172808,
        "nauc_precision_at_20_max": -0.038082,
        "nauc_precision_at_20_std": -0.051261,
        "nauc_precision_at_20_diff1": 0.182031,
        "nauc_precision_at_100_max": 0.117627,
        "nauc_precision_at_100_std": 0.297819,
        "nauc_precision_at_100_diff1": 0.042165,
        "nauc_precision_at_1000_max": 0.446991,
        "nauc_precision_at_1000_std": 0.595018,
        "nauc_precision_at_1000_diff1": 0.033301,
        "nauc_mrr_at_1_max": -0.426509,
        "nauc_mrr_at_1_std": -0.168193,
        "nauc_mrr_at_1_diff1": -0.009011,
        "nauc_mrr_at_3_max": -0.375146,
        "nauc_mrr_at_3_std": -0.174505,
        "nauc_mrr_at_3_diff1": 0.163657,
        "nauc_mrr_at_5_max": -0.360806,
        "nauc_mrr_at_5_std": -0.175796,
        "nauc_mrr_at_5_diff1": 0.111791,
        "nauc_mrr_at_10_max": -0.358225,
        "nauc_mrr_at_10_std": -0.16619,
        "nauc_mrr_at_10_diff1": 0.110002,
        "nauc_mrr_at_20_max": -0.36436,
        "nauc_mrr_at_20_std": -0.155806,
        "nauc_mrr_at_20_diff1": 0.111438,
        "nauc_mrr_at_100_max": -0.363616,
        "nauc_mrr_at_100_std": -0.155462,
        "nauc_mrr_at_100_diff1": 0.107916,
        "nauc_mrr_at_1000_max": -0.364046,
        "nauc_mrr_at_1000_std": -0.155826,
        "nauc_mrr_at_1000_diff1": 0.107635,
        "main_score": 0.16998,
        "hf_subset": "default",
        "languages": [
          "eng-Latn"
        ]
      }
    ]
  },
  "evaluation_time": 525.037778377533,
  "kg_co2_emissions": null
}