{
  "dataset_revision": "c22ab2a51041ffd869aaddef7af8d8215647e41a",
  "task_name": "ArguAna",
  "mteb_version": "1.39.7",
  "scores": {
    "test": [
      {
        "ndcg_at_1": 0.0825,
        "ndcg_at_3": 0.13824,
        "ndcg_at_5": 0.16625,
        "ndcg_at_10": 0.19766,
        "ndcg_at_20": 0.21934,
        "ndcg_at_100": 0.25217,
        "ndcg_at_1000": 0.27859,
        "map_at_1": 0.0825,
        "map_at_3": 0.12435,
        "map_at_5": 0.14,
        "map_at_10": 0.1529,
        "map_at_20": 0.15891,
        "map_at_100": 0.16337,
        "map_at_1000": 0.16419,
        "recall_at_1": 0.0825,
        "recall_at_3": 0.17852,
        "recall_at_5": 0.24609,
        "recall_at_10": 0.34353,
        "recall_at_20": 0.42888,
        "recall_at_100": 0.60669,
        "recall_at_1000": 0.82432,
        "precision_at_1": 0.0825,
        "precision_at_3": 0.05951,
        "precision_at_5": 0.04922,
        "precision_at_10": 0.03435,
        "precision_at_20": 0.02144,
        "precision_at_100": 0.00607,
        "precision_at_1000": 0.00082,
        "mrr_at_1": 0.083926,
        "mrr_at_3": 0.125059,
        "mrr_at_5": 0.140778,
        "mrr_at_10": 0.153415,
        "mrr_at_20": 0.159427,
        "mrr_at_100": 0.163892,
        "mrr_at_1000": 0.164713,
        "nauc_ndcg_at_1_max": 0.098528,
        "nauc_ndcg_at_1_std": 0.0974,
        "nauc_ndcg_at_1_diff1": 0.109073,
        "nauc_ndcg_at_3_max": 0.155583,
        "nauc_ndcg_at_3_std": 0.12898,
        "nauc_ndcg_at_3_diff1": 0.06055,
        "nauc_ndcg_at_5_max": 0.168178,
        "nauc_ndcg_at_5_std": 0.152737,
        "nauc_ndcg_at_5_diff1": 0.041373,
        "nauc_ndcg_at_10_max": 0.199086,
        "nauc_ndcg_at_10_std": 0.179088,
        "nauc_ndcg_at_10_diff1": 0.032106,
        "nauc_ndcg_at_20_max": 0.204146,
        "nauc_ndcg_at_20_std": 0.190416,
        "nauc_ndcg_at_20_diff1": 0.037528,
        "nauc_ndcg_at_100_max": 0.218195,
        "nauc_ndcg_at_100_std": 0.207424,
        "nauc_ndcg_at_100_diff1": 0.044352,
        "nauc_ndcg_at_1000_max": 0.208553,
        "nauc_ndcg_at_1000_std": 0.196741,
        "nauc_ndcg_at_1000_diff1": 0.046015,
        "nauc_map_at_1_max": 0.098528,
        "nauc_map_at_1_std": 0.0974,
        "nauc_map_at_1_diff1": 0.109073,
        "nauc_map_at_3_max": 0.145774,
        "nauc_map_at_3_std": 0.120213,
        "nauc_map_at_3_diff1": 0.07008,
        "nauc_map_at_5_max": 0.154429,
        "nauc_map_at_5_std": 0.135647,
        "nauc_map_at_5_diff1": 0.057309,
        "nauc_map_at_10_max": 0.169557,
        "nauc_map_at_10_std": 0.149229,
        "nauc_map_at_10_diff1": 0.051947,
        "nauc_map_at_20_max": 0.171867,
        "nauc_map_at_20_std": 0.153237,
        "nauc_map_at_20_diff1": 0.053743,
        "nauc_map_at_100_max": 0.173868,
        "nauc_map_at_100_std": 0.155907,
        "nauc_map_at_100_diff1": 0.054377,
        "nauc_map_at_1000_max": 0.17341,
        "nauc_map_at_1000_std": 0.155457,
        "nauc_map_at_1000_diff1": 0.054407,
        "nauc_recall_at_1_max": 0.098528,
        "nauc_recall_at_1_std": 0.0974,
        "nauc_recall_at_1_diff1": 0.109073,
        "nauc_recall_at_3_max": 0.176585,
        "nauc_recall_at_3_std": 0.148801,
        "nauc_recall_at_3_diff1": 0.039772,
        "nauc_recall_at_5_max": 0.19547,
        "nauc_recall_at_5_std": 0.188515,
        "nauc_recall_at_5_diff1": 0.008951,
        "nauc_recall_at_10_max": 0.259717,
        "nauc_recall_at_10_std": 0.240123,
        "nauc_recall_at_10_diff1": -0.006012,
        "nauc_recall_at_20_max": 0.269817,
        "nauc_recall_at_20_std": 0.268924,
        "nauc_recall_at_20_diff1": 0.008967,
        "nauc_recall_at_100_max": 0.339101,
        "nauc_recall_at_100_std": 0.350413,
        "nauc_recall_at_100_diff1": 0.038281,
        "nauc_recall_at_1000_max": 0.342027,
        "nauc_recall_at_1000_std": 0.356304,
        "nauc_recall_at_1000_diff1": 0.054843,
        "nauc_precision_at_1_max": 0.098528,
        "nauc_precision_at_1_std": 0.0974,
        "nauc_precision_at_1_diff1": 0.109073,
        "nauc_precision_at_3_max": 0.176585,
        "nauc_precision_at_3_std": 0.148801,
        "nauc_precision_at_3_diff1": 0.039772,
        "nauc_precision_at_5_max": 0.19547,
        "nauc_precision_at_5_std": 0.188515,
        "nauc_precision_at_5_diff1": 0.008951,
        "nauc_precision_at_10_max": 0.259717,
        "nauc_precision_at_10_std": 0.240123,
        "nauc_precision_at_10_diff1": -0.006012,
        "nauc_precision_at_20_max": 0.269817,
        "nauc_precision_at_20_std": 0.268924,
        "nauc_precision_at_20_diff1": 0.008967,
        "nauc_precision_at_100_max": 0.339101,
        "nauc_precision_at_100_std": 0.350413,
        "nauc_precision_at_100_diff1": 0.038281,
        "nauc_precision_at_1000_max": 0.342027,
        "nauc_precision_at_1000_std": 0.356304,
        "nauc_precision_at_1000_diff1": 0.054843,
        "nauc_mrr_at_1_max": 0.101875,
        "nauc_mrr_at_1_std": 0.104112,
        "nauc_mrr_at_1_diff1": 0.097476,
        "nauc_mrr_at_3_max": 0.143591,
        "nauc_mrr_at_3_std": 0.123597,
        "nauc_mrr_at_3_diff1": 0.065701,
        "nauc_mrr_at_5_max": 0.1526,
        "nauc_mrr_at_5_std": 0.138185,
        "nauc_mrr_at_5_diff1": 0.050835,
        "nauc_mrr_at_10_max": 0.167908,
        "nauc_mrr_at_10_std": 0.150656,
        "nauc_mrr_at_10_diff1": 0.046412,
        "nauc_mrr_at_20_max": 0.17016,
        "nauc_mrr_at_20_std": 0.154629,
        "nauc_mrr_at_20_diff1": 0.048109,
        "nauc_mrr_at_100_max": 0.172134,
        "nauc_mrr_at_100_std": 0.157291,
        "nauc_mrr_at_100_diff1": 0.048699,
        "nauc_mrr_at_1000_max": 0.171673,
        "nauc_mrr_at_1000_std": 0.156847,
        "nauc_mrr_at_1000_diff1": 0.048715,
        "main_score": 0.19766,
        "hf_subset": "default",
        "languages": [
          "eng-Latn"
        ]
      }
    ]
  },
  "evaluation_time": 36.32614350318909,
  "kg_co2_emissions": null
}