{
  "map_at_10": 0.07669,
  "mrr_at_10": 0.24981984126984114,
  "ndcg_at_10": 0.13538,
  "recall_at_10": 0.13965,
  "recall_at_100": 0.328
}
