{
  "map_at_10": 0.07677,
  "mrr_at_10": 0.25007380952380937,
  "ndcg_at_10": 0.13563,
  "recall_at_10": 0.14005,
  "recall_at_100": 0.3276
}
