{
  "map_at_10": 0.07679,
  "mrr_at_10": 0.249554365079365,
  "ndcg_at_10": 0.13549,
  "recall_at_10": 0.13985,
  "recall_at_100": 0.32755
}
