{
  "map_at_10": 0.07687,
  "mrr_at_10": 0.2500619047619046,
  "ndcg_at_10": 0.13567,
  "recall_at_10": 0.14005,
  "recall_at_100": 0.3272
}
