{
  "map_at_10": 0.07701,
  "mrr_at_10": 0.2513460317460316,
  "ndcg_at_10": 0.13578,
  "recall_at_10": 0.13965,
  "recall_at_100": 0.3278
}
