{
  "map_at_10": 0.07656,
  "mrr_at_10": 0.24928492063492053,
  "ndcg_at_10": 0.13524,
  "recall_at_10": 0.13965,
  "recall_at_100": 0.3276
}
