{
  "map_at_10": 0.07695,
  "mrr_at_10": 0.2506055555555554,
  "ndcg_at_10": 0.13587,
  "recall_at_10": 0.14025,
  "recall_at_100": 0.3274
}
