{
  "map_at_10": 0.0769,
  "mrr_at_10": 0.2499527777777776,
  "ndcg_at_10": 0.13575,
  "recall_at_10": 0.14025,
  "recall_at_100": 0.3278
}
