{
  "map_at_10": 0.07687,
  "mrr_at_10": 0.2492670634920634,
  "ndcg_at_10": 0.13562,
  "recall_at_10": 0.1402,
  "recall_at_100": 0.3268
}
