{
  "map_at_10": 0.07547,
  "mrr_at_10": 0.4341650695365866,
  "ndcg_at_10": 0.23234,
  "recall_at_10": 0.10298,
  "recall_at_100": 0.21854
}
