{
  "map_at_10": 0.07516,
  "mrr_at_10": 0.42565973757924214,
  "ndcg_at_10": 0.23035,
  "recall_at_10": 0.10498,
  "recall_at_100": 0.20987
}
