{
  "map_at_10": 0.07538,
  "mrr_at_10": 0.4317362032532312,
  "ndcg_at_10": 0.23193,
  "recall_at_10": 0.1031,
  "recall_at_100": 0.21942
}
