{
  "map_at_10": 0.0754,
  "mrr_at_10": 0.43483217848542927,
  "ndcg_at_10": 0.23189,
  "recall_at_10": 0.10289,
  "recall_at_100": 0.21995
}
