{
  "map_at_10": 0.07537,
  "mrr_at_10": 0.4356786574278835,
  "ndcg_at_10": 0.23203,
  "recall_at_10": 0.10269,
  "recall_at_100": 0.21791
}
