{
  "map_at_10": 0.0769,
  "mrr_at_10": 0.4386984618408767,
  "ndcg_at_10": 0.23541,
  "recall_at_10": 0.10365,
  "recall_at_100": 0.21906
}
