{
  "map_at_10": 0.07593,
  "mrr_at_10": 0.434935377659836,
  "ndcg_at_10": 0.23308,
  "recall_at_10": 0.10305,
  "recall_at_100": 0.21838
}
