{
  "map_at_10": 0.07579,
  "mrr_at_10": 0.4353997739446656,
  "ndcg_at_10": 0.23299,
  "recall_at_10": 0.10348,
  "recall_at_100": 0.21885
}
