{
  "map_at_10": 0.07592,
  "mrr_at_10": 0.43503489114944227,
  "ndcg_at_10": 0.23314,
  "recall_at_10": 0.103,
  "recall_at_100": 0.21842
}
