{
  "map_at_10": 0.07563,
  "mrr_at_10": 0.4351417760086492,
  "ndcg_at_10": 0.23249,
  "recall_at_10": 0.10303,
  "recall_at_100": 0.21945
}
