{
  "dataset_revision": "ec0fa4fe99da2ff19ca1214b7966684033a58814",
  "task_name": "NFCorpus",
  "mteb_version": "1.39.7",
  "scores": {
    "test": [
      {
        "ndcg_at_1": 0.05263,
        "ndcg_at_3": 0.05225,
        "ndcg_at_5": 0.04734,
        "ndcg_at_10": 0.04448,
        "ndcg_at_20": 0.04554,
        "ndcg_at_100": 0.05842,
        "ndcg_at_1000": 0.14162,
        "map_at_1": 0.01062,
        "map_at_3": 0.01443,
        "map_at_5": 0.01543,
        "map_at_10": 0.01684,
        "map_at_20": 0.01778,
        "map_at_100": 0.01991,
        "map_at_1000": 0.02441,
        "recall_at_1": 0.01062,
        "recall_at_3": 0.0159,
        "recall_at_5": 0.01861,
        "recall_at_10": 0.02558,
        "recall_at_20": 0.03517,
        "recall_at_100": 0.08106,
        "recall_at_1000": 0.35532,
        "precision_at_1": 0.05263,
        "precision_at_3": 0.04644,
        "precision_at_5": 0.03777,
        "precision_at_10": 0.03065,
        "precision_at_20": 0.02663,
        "precision_at_100": 0.01684,
        "precision_at_1000": 0.01188,
        "mrr_at_1": 0.052632,
        "mrr_at_3": 0.076367,
        "mrr_at_5": 0.082869,
        "mrr_at_10": 0.0926,
        "mrr_at_20": 0.101174,
        "mrr_at_100": 0.10639,
        "mrr_at_1000": 0.107693,
        "nauc_ndcg_at_1_max": 0.18396,
        "nauc_ndcg_at_1_std": 0.011821,
        "nauc_ndcg_at_1_diff1": -0.028241,
        "nauc_ndcg_at_3_max": 0.151427,
        "nauc_ndcg_at_3_std": 0.053178,
        "nauc_ndcg_at_3_diff1": -0.061798,
        "nauc_ndcg_at_5_max": 0.153932,
        "nauc_ndcg_at_5_std": 0.042862,
        "nauc_ndcg_at_5_diff1": -0.0587,
        "nauc_ndcg_at_10_max": 0.138914,
        "nauc_ndcg_at_10_std": 0.071049,
        "nauc_ndcg_at_10_diff1": -0.054874,
        "nauc_ndcg_at_20_max": 0.145048,
        "nauc_ndcg_at_20_std": 0.087996,
        "nauc_ndcg_at_20_diff1": -0.0073,
        "nauc_ndcg_at_100_max": 0.149487,
        "nauc_ndcg_at_100_std": 0.085657,
        "nauc_ndcg_at_100_diff1": 0.018618,
        "nauc_ndcg_at_1000_max": 0.20439,
        "nauc_ndcg_at_1000_std": 0.036915,
        "nauc_ndcg_at_1000_diff1": -0.070942,
        "nauc_map_at_1_max": 0.032869,
        "nauc_map_at_1_std": 0.010968,
        "nauc_map_at_1_diff1": -0.091393,
        "nauc_map_at_3_max": 0.0833,
        "nauc_map_at_3_std": 0.08658,
        "nauc_map_at_3_diff1": -0.007429,
        "nauc_map_at_5_max": 0.075393,
        "nauc_map_at_5_std": 0.099355,
        "nauc_map_at_5_diff1": 0.000534,
        "nauc_map_at_10_max": 0.0717,
        "nauc_map_at_10_std": 0.105228,
        "nauc_map_at_10_diff1": 0.008852,
        "nauc_map_at_20_max": 0.080735,
        "nauc_map_at_20_std": 0.102247,
        "nauc_map_at_20_diff1": 0.014579,
        "nauc_map_at_100_max": 0.088419,
        "nauc_map_at_100_std": 0.10046,
        "nauc_map_at_100_diff1": 0.020574,
        "nauc_map_at_1000_max": 0.10809,
        "nauc_map_at_1000_std": 0.101207,
        "nauc_map_at_1000_diff1": 0.005569,
        "nauc_recall_at_1_max": 0.032869,
        "nauc_recall_at_1_std": 0.010968,
        "nauc_recall_at_1_diff1": -0.091393,
        "nauc_recall_at_3_max": 0.080082,
        "nauc_recall_at_3_std": 0.084985,
        "nauc_recall_at_3_diff1": -0.017891,
        "nauc_recall_at_5_max": 0.064205,
        "nauc_recall_at_5_std": 0.085939,
        "nauc_recall_at_5_diff1": 0.020795,
        "nauc_recall_at_10_max": 0.059193,
        "nauc_recall_at_10_std": 0.134538,
        "nauc_recall_at_10_diff1": 0.036347,
        "nauc_recall_at_20_max": 0.094633,
        "nauc_recall_at_20_std": 0.103911,
        "nauc_recall_at_20_diff1": 0.080986,
        "nauc_recall_at_100_max": 0.113116,
        "nauc_recall_at_100_std": 0.094573,
        "nauc_recall_at_100_diff1": 0.136357,
        "nauc_recall_at_1000_max": 0.163837,
        "nauc_recall_at_1000_std": -0.007885,
        "nauc_recall_at_1000_diff1": -0.037598,
        "nauc_precision_at_1_max": 0.18396,
        "nauc_precision_at_1_std": 0.011821,
        "nauc_precision_at_1_diff1": -0.028241,
        "nauc_precision_at_3_max": 0.167005,
        "nauc_precision_at_3_std": 0.090454,
        "nauc_precision_at_3_diff1": -0.057315,
        "nauc_precision_at_5_max": 0.190283,
        "nauc_precision_at_5_std": 0.077952,
        "nauc_precision_at_5_diff1": -0.045029,
        "nauc_precision_at_10_max": 0.153185,
        "nauc_precision_at_10_std": 0.109704,
        "nauc_precision_at_10_diff1": -0.068841,
        "nauc_precision_at_20_max": 0.18259,
        "nauc_precision_at_20_std": 0.129666,
        "nauc_precision_at_20_diff1": -0.016617,
        "nauc_precision_at_100_max": 0.177917,
        "nauc_precision_at_100_std": 0.119095,
        "nauc_precision_at_100_diff1": -0.039846,
        "nauc_precision_at_1000_max": 0.154681,
        "nauc_precision_at_1000_std": 0.138819,
        "nauc_precision_at_1000_diff1": -0.066027,
        "nauc_mrr_at_1_max": 0.18396,
        "nauc_mrr_at_1_std": 0.011821,
        "nauc_mrr_at_1_diff1": -0.028241,
        "nauc_mrr_at_3_max": 0.155243,
        "nauc_mrr_at_3_std": 0.04925,
        "nauc_mrr_at_3_diff1": -0.071969,
        "nauc_mrr_at_5_max": 0.157974,
        "nauc_mrr_at_5_std": 0.044828,
        "nauc_mrr_at_5_diff1": -0.053,
        "nauc_mrr_at_10_max": 0.15442,
        "nauc_mrr_at_10_std": 0.05252,
        "nauc_mrr_at_10_diff1": -0.05742,
        "nauc_mrr_at_20_max": 0.159988,
        "nauc_mrr_at_20_std": 0.056682,
        "nauc_mrr_at_20_diff1": -0.052982,
        "nauc_mrr_at_100_max": 0.159089,
        "nauc_mrr_at_100_std": 0.056742,
        "nauc_mrr_at_100_diff1": -0.053052,
        "nauc_mrr_at_1000_max": 0.159571,
        "nauc_mrr_at_1000_std": 0.056592,
        "nauc_mrr_at_1000_diff1": -0.053161,
        "main_score": 0.04448,
        "hf_subset": "default",
        "languages": [
          "eng-Latn"
        ]
      }
    ]
  },
  "evaluation_time": 63.19340395927429,
  "kg_co2_emissions": null
}