{
  "dataset_revision": "27a168819829fe9bcd655c2df245fb19452e8e06",
  "task_name": "FiQA2018",
  "mteb_version": "1.39.7",
  "scores": {
    "test": [
      {
        "ndcg_at_1": 0.23457,
        "ndcg_at_3": 0.21483,
        "ndcg_at_5": 0.2267,
        "ndcg_at_10": 0.24688,
        "ndcg_at_20": 0.26652,
        "ndcg_at_100": 0.3084,
        "ndcg_at_1000": 0.34683,
        "map_at_1": 0.11383,
        "map_at_3": 0.15929,
        "map_at_5": 0.17491,
        "map_at_10": 0.18742,
        "map_at_20": 0.19429,
        "map_at_100": 0.20128,
        "map_at_1000": 0.20317,
        "recall_at_1": 0.11383,
        "recall_at_3": 0.19177,
        "recall_at_5": 0.2385,
        "recall_at_10": 0.30062,
        "recall_at_20": 0.36025,
        "recall_at_100": 0.53963,
        "recall_at_1000": 0.77737,
        "precision_at_1": 0.23457,
        "precision_at_3": 0.1466,
        "precision_at_5": 0.11111,
        "precision_at_10": 0.07191,
        "precision_at_20": 0.04437,
        "precision_at_100": 0.01355,
        "precision_at_1000": 0.002,
        "mrr_at_1": 0.234568,
        "mrr_at_3": 0.287037,
        "mrr_at_5": 0.300309,
        "mrr_at_10": 0.31052,
        "mrr_at_20": 0.31471,
        "mrr_at_100": 0.319046,
        "mrr_at_1000": 0.319882,
        "nauc_ndcg_at_1_max": 0.249257,
        "nauc_ndcg_at_1_std": -0.035277,
        "nauc_ndcg_at_1_diff1": 0.328666,
        "nauc_ndcg_at_3_max": 0.2163,
        "nauc_ndcg_at_3_std": -0.046536,
        "nauc_ndcg_at_3_diff1": 0.317253,
        "nauc_ndcg_at_5_max": 0.205126,
        "nauc_ndcg_at_5_std": -0.039744,
        "nauc_ndcg_at_5_diff1": 0.320492,
        "nauc_ndcg_at_10_max": 0.202956,
        "nauc_ndcg_at_10_std": -0.026247,
        "nauc_ndcg_at_10_diff1": 0.315072,
        "nauc_ndcg_at_20_max": 0.203005,
        "nauc_ndcg_at_20_std": 0.000255,
        "nauc_ndcg_at_20_diff1": 0.302704,
        "nauc_ndcg_at_100_max": 0.21824,
        "nauc_ndcg_at_100_std": 0.031377,
        "nauc_ndcg_at_100_diff1": 0.298832,
        "nauc_ndcg_at_1000_max": 0.240024,
        "nauc_ndcg_at_1000_std": 0.050066,
        "nauc_ndcg_at_1000_diff1": 0.2926,
        "nauc_map_at_1_max": 0.181124,
        "nauc_map_at_1_std": -0.058514,
        "nauc_map_at_1_diff1": 0.38047,
        "nauc_map_at_3_max": 0.179122,
        "nauc_map_at_3_std": -0.063812,
        "nauc_map_at_3_diff1": 0.356467,
        "nauc_map_at_5_max": 0.187618,
        "nauc_map_at_5_std": -0.054212,
        "nauc_map_at_5_diff1": 0.347111,
        "nauc_map_at_10_max": 0.192144,
        "nauc_map_at_10_std": -0.045873,
        "nauc_map_at_10_diff1": 0.340568,
        "nauc_map_at_20_max": 0.193241,
        "nauc_map_at_20_std": -0.035255,
        "nauc_map_at_20_diff1": 0.334007,
        "nauc_map_at_100_max": 0.197886,
        "nauc_map_at_100_std": -0.028344,
        "nauc_map_at_100_diff1": 0.334226,
        "nauc_map_at_1000_max": 0.19931,
        "nauc_map_at_1000_std": -0.026799,
        "nauc_map_at_1000_diff1": 0.333676,
        "nauc_recall_at_1_max": 0.181124,
        "nauc_recall_at_1_std": -0.058514,
        "nauc_recall_at_1_diff1": 0.38047,
        "nauc_recall_at_3_max": 0.153911,
        "nauc_recall_at_3_std": -0.055721,
        "nauc_recall_at_3_diff1": 0.311221,
        "nauc_recall_at_5_max": 0.152973,
        "nauc_recall_at_5_std": -0.042438,
        "nauc_recall_at_5_diff1": 0.294674,
        "nauc_recall_at_10_max": 0.152472,
        "nauc_recall_at_10_std": -0.015118,
        "nauc_recall_at_10_diff1": 0.262026,
        "nauc_recall_at_20_max": 0.145187,
        "nauc_recall_at_20_std": 0.051885,
        "nauc_recall_at_20_diff1": 0.224725,
        "nauc_recall_at_100_max": 0.160716,
        "nauc_recall_at_100_std": 0.165132,
        "nauc_recall_at_100_diff1": 0.182931,
        "nauc_recall_at_1000_max": 0.263128,
        "nauc_recall_at_1000_std": 0.369393,
        "nauc_recall_at_1000_diff1": 0.094817,
        "nauc_precision_at_1_max": 0.249257,
        "nauc_precision_at_1_std": -0.035277,
        "nauc_precision_at_1_diff1": 0.328666,
        "nauc_precision_at_3_max": 0.250607,
        "nauc_precision_at_3_std": -0.024542,
        "nauc_precision_at_3_diff1": 0.263594,
        "nauc_precision_at_5_max": 0.25604,
        "nauc_precision_at_5_std": 0.005014,
        "nauc_precision_at_5_diff1": 0.235285,
        "nauc_precision_at_10_max": 0.256406,
        "nauc_precision_at_10_std": 0.047235,
        "nauc_precision_at_10_diff1": 0.181293,
        "nauc_precision_at_20_max": 0.244702,
        "nauc_precision_at_20_std": 0.115705,
        "nauc_precision_at_20_diff1": 0.125316,
        "nauc_precision_at_100_max": 0.271207,
        "nauc_precision_at_100_std": 0.190132,
        "nauc_precision_at_100_diff1": 0.075158,
        "nauc_precision_at_1000_max": 0.307297,
        "nauc_precision_at_1000_std": 0.229543,
        "nauc_precision_at_1000_diff1": -0.010936,
        "nauc_mrr_at_1_max": 0.249257,
        "nauc_mrr_at_1_std": -0.035277,
        "nauc_mrr_at_1_diff1": 0.328666,
        "nauc_mrr_at_3_max": 0.236478,
        "nauc_mrr_at_3_std": -0.023141,
        "nauc_mrr_at_3_diff1": 0.298407,
        "nauc_mrr_at_5_max": 0.233691,
        "nauc_mrr_at_5_std": -0.024046,
        "nauc_mrr_at_5_diff1": 0.296776,
        "nauc_mrr_at_10_max": 0.233799,
        "nauc_mrr_at_10_std": -0.019041,
        "nauc_mrr_at_10_diff1": 0.29153,
        "nauc_mrr_at_20_max": 0.233982,
        "nauc_mrr_at_20_std": -0.014912,
        "nauc_mrr_at_20_diff1": 0.290531,
        "nauc_mrr_at_100_max": 0.235297,
        "nauc_mrr_at_100_std": -0.012878,
        "nauc_mrr_at_100_diff1": 0.290518,
        "nauc_mrr_at_1000_max": 0.235419,
        "nauc_mrr_at_1000_std": -0.013128,
        "nauc_mrr_at_1000_diff1": 0.290682,
        "main_score": 0.24688,
        "hf_subset": "default",
        "languages": [
          "eng-Latn"
        ]
      }
    ]
  },
  "evaluation_time": 35.27672457695007,
  "kg_co2_emissions": null
}