{
  "dataset_revision": "27a168819829fe9bcd655c2df245fb19452e8e06",
  "task_name": "FiQA2018",
  "mteb_version": "1.39.7",
  "scores": {
    "test": [
      {
        "ndcg_at_1": 0.23611,
        "ndcg_at_3": 0.22214,
        "ndcg_at_5": 0.2293,
        "ndcg_at_10": 0.25158,
        "ndcg_at_20": 0.27037,
        "ndcg_at_100": 0.3112,
        "ndcg_at_1000": 0.34954,
        "map_at_1": 0.11363,
        "map_at_3": 0.1648,
        "map_at_5": 0.17769,
        "map_at_10": 0.1915,
        "map_at_20": 0.198,
        "map_at_100": 0.20477,
        "map_at_1000": 0.20671,
        "recall_at_1": 0.11363,
        "recall_at_3": 0.20371,
        "recall_at_5": 0.241,
        "recall_at_10": 0.30617,
        "recall_at_20": 0.3634,
        "recall_at_100": 0.53821,
        "recall_at_1000": 0.7754,
        "precision_at_1": 0.23611,
        "precision_at_3": 0.15072,
        "precision_at_5": 0.11019,
        "precision_at_10": 0.07315,
        "precision_at_20": 0.04452,
        "precision_at_100": 0.01346,
        "precision_at_1000": 0.00199,
        "mrr_at_1": 0.236111,
        "mrr_at_3": 0.292438,
        "mrr_at_5": 0.303549,
        "mrr_at_10": 0.314975,
        "mrr_at_20": 0.319395,
        "mrr_at_100": 0.323775,
        "mrr_at_1000": 0.324513,
        "nauc_ndcg_at_1_max": 0.254163,
        "nauc_ndcg_at_1_std": -0.00087,
        "nauc_ndcg_at_1_diff1": 0.352428,
        "nauc_ndcg_at_3_max": 0.215881,
        "nauc_ndcg_at_3_std": -0.034428,
        "nauc_ndcg_at_3_diff1": 0.341378,
        "nauc_ndcg_at_5_max": 0.2035,
        "nauc_ndcg_at_5_std": -0.036575,
        "nauc_ndcg_at_5_diff1": 0.344094,
        "nauc_ndcg_at_10_max": 0.198135,
        "nauc_ndcg_at_10_std": -0.027016,
        "nauc_ndcg_at_10_diff1": 0.332474,
        "nauc_ndcg_at_20_max": 0.19964,
        "nauc_ndcg_at_20_std": -0.007272,
        "nauc_ndcg_at_20_diff1": 0.32682,
        "nauc_ndcg_at_100_max": 0.219409,
        "nauc_ndcg_at_100_std": 0.0285,
        "nauc_ndcg_at_100_diff1": 0.323572,
        "nauc_ndcg_at_1000_max": 0.240027,
        "nauc_ndcg_at_1000_std": 0.051864,
        "nauc_ndcg_at_1000_diff1": 0.316269,
        "nauc_map_at_1_max": 0.17325,
        "nauc_map_at_1_std": -0.053858,
        "nauc_map_at_1_diff1": 0.395146,
        "nauc_map_at_3_max": 0.175797,
        "nauc_map_at_3_std": -0.057071,
        "nauc_map_at_3_diff1": 0.375745,
        "nauc_map_at_5_max": 0.185079,
        "nauc_map_at_5_std": -0.051861,
        "nauc_map_at_5_diff1": 0.369204,
        "nauc_map_at_10_max": 0.187962,
        "nauc_map_at_10_std": -0.045536,
        "nauc_map_at_10_diff1": 0.360115,
        "nauc_map_at_20_max": 0.188828,
        "nauc_map_at_20_std": -0.036754,
        "nauc_map_at_20_diff1": 0.356388,
        "nauc_map_at_100_max": 0.193917,
        "nauc_map_at_100_std": -0.028906,
        "nauc_map_at_100_diff1": 0.356486,
        "nauc_map_at_1000_max": 0.195215,
        "nauc_map_at_1000_std": -0.026875,
        "nauc_map_at_1000_diff1": 0.355688,
        "nauc_recall_at_1_max": 0.17325,
        "nauc_recall_at_1_std": -0.053858,
        "nauc_recall_at_1_diff1": 0.395146,
        "nauc_recall_at_3_max": 0.145035,
        "nauc_recall_at_3_std": -0.051702,
        "nauc_recall_at_3_diff1": 0.323515,
        "nauc_recall_at_5_max": 0.147175,
        "nauc_recall_at_5_std": -0.051946,
        "nauc_recall_at_5_diff1": 0.313921,
        "nauc_recall_at_10_max": 0.142795,
        "nauc_recall_at_10_std": -0.030851,
        "nauc_recall_at_10_diff1": 0.264483,
        "nauc_recall_at_20_max": 0.14111,
        "nauc_recall_at_20_std": 0.020538,
        "nauc_recall_at_20_diff1": 0.246813,
        "nauc_recall_at_100_max": 0.172226,
        "nauc_recall_at_100_std": 0.150826,
        "nauc_recall_at_100_diff1": 0.197788,
        "nauc_recall_at_1000_max": 0.28112,
        "nauc_recall_at_1000_std": 0.379417,
        "nauc_recall_at_1000_diff1": 0.120277,
        "nauc_precision_at_1_max": 0.254163,
        "nauc_precision_at_1_std": -0.00087,
        "nauc_precision_at_1_diff1": 0.352428,
        "nauc_precision_at_3_max": 0.255489,
        "nauc_precision_at_3_std": -0.011772,
        "nauc_precision_at_3_diff1": 0.293238,
        "nauc_precision_at_5_max": 0.264905,
        "nauc_precision_at_5_std": 0.010445,
        "nauc_precision_at_5_diff1": 0.256257,
        "nauc_precision_at_10_max": 0.253928,
        "nauc_precision_at_10_std": 0.058732,
        "nauc_precision_at_10_diff1": 0.194869,
        "nauc_precision_at_20_max": 0.250547,
        "nauc_precision_at_20_std": 0.115132,
        "nauc_precision_at_20_diff1": 0.153809,
        "nauc_precision_at_100_max": 0.291462,
        "nauc_precision_at_100_std": 0.199596,
        "nauc_precision_at_100_diff1": 0.097972,
        "nauc_precision_at_1000_max": 0.321331,
        "nauc_precision_at_1000_std": 0.249612,
        "nauc_precision_at_1000_diff1": 0.003523,
        "nauc_mrr_at_1_max": 0.254163,
        "nauc_mrr_at_1_std": -0.00087,
        "nauc_mrr_at_1_diff1": 0.352428,
        "nauc_mrr_at_3_max": 0.241305,
        "nauc_mrr_at_3_std": -0.004852,
        "nauc_mrr_at_3_diff1": 0.331681,
        "nauc_mrr_at_5_max": 0.237428,
        "nauc_mrr_at_5_std": -0.010237,
        "nauc_mrr_at_5_diff1": 0.328531,
        "nauc_mrr_at_10_max": 0.239133,
        "nauc_mrr_at_10_std": -0.003273,
        "nauc_mrr_at_10_diff1": 0.318612,
        "nauc_mrr_at_20_max": 0.240484,
        "nauc_mrr_at_20_std": 0.000263,
        "nauc_mrr_at_20_diff1": 0.318241,
        "nauc_mrr_at_100_max": 0.241016,
        "nauc_mrr_at_100_std": 0.002493,
        "nauc_mrr_at_100_diff1": 0.318554,
        "nauc_mrr_at_1000_max": 0.241179,
        "nauc_mrr_at_1000_std": 0.002476,
        "nauc_mrr_at_1000_diff1": 0.318623,
        "main_score": 0.25158,
        "hf_subset": "default",
        "languages": [
          "eng-Latn"
        ]
      }
    ]
  },
  "evaluation_time": 207.4362874031067,
  "kg_co2_emissions": null
}