{
  "dataset_revision": "c22ab2a51041ffd869aaddef7af8d8215647e41a",
  "task_name": "ArguAna",
  "mteb_version": "1.39.7",
  "scores": {
    "test": [
      {
        "ndcg_at_1": 0.0,
        "ndcg_at_3": 0.00045,
        "ndcg_at_5": 0.00045,
        "ndcg_at_10": 0.00135,
        "ndcg_at_20": 0.00173,
        "ndcg_at_100": 0.0048,
        "ndcg_at_1000": 0.02116,
        "map_at_1": 0.0,
        "map_at_3": 0.00036,
        "map_at_5": 0.00036,
        "map_at_10": 0.00071,
        "map_at_20": 0.00083,
        "map_at_100": 0.00118,
        "map_at_1000": 0.00157,
        "recall_at_1": 0.0,
        "recall_at_3": 0.00071,
        "recall_at_5": 0.00071,
        "recall_at_10": 0.00356,
        "recall_at_20": 0.00498,
        "recall_at_100": 0.02276,
        "recall_at_1000": 0.16501,
        "precision_at_1": 0.0,
        "precision_at_3": 0.00024,
        "precision_at_5": 0.00014,
        "precision_at_10": 0.00036,
        "precision_at_20": 0.00025,
        "precision_at_100": 0.00023,
        "precision_at_1000": 0.00017,
        "mrr_at_1": 0.0,
        "mrr_at_3": 0.000356,
        "mrr_at_5": 0.000498,
        "mrr_at_10": 0.000737,
        "mrr_at_20": 0.000886,
        "mrr_at_100": 0.001201,
        "mrr_at_1000": 0.001599,
        "nauc_ndcg_at_1_max": NaN,
        "nauc_ndcg_at_1_std": NaN,
        "nauc_ndcg_at_1_diff1": NaN,
        "nauc_ndcg_at_3_max": -0.499939,
        "nauc_ndcg_at_3_std": 1.0,
        "nauc_ndcg_at_3_diff1": -0.415374,
        "nauc_ndcg_at_5_max": -0.499939,
        "nauc_ndcg_at_5_std": 1.0,
        "nauc_ndcg_at_5_diff1": -0.415374,
        "nauc_ndcg_at_10_max": -0.202336,
        "nauc_ndcg_at_10_std": 0.772775,
        "nauc_ndcg_at_10_diff1": -0.073825,
        "nauc_ndcg_at_20_max": -0.121637,
        "nauc_ndcg_at_20_std": 0.591687,
        "nauc_ndcg_at_20_diff1": 0.087972,
        "nauc_ndcg_at_100_max": -0.065272,
        "nauc_ndcg_at_100_std": 0.19574,
        "nauc_ndcg_at_100_diff1": 0.036466,
        "nauc_ndcg_at_1000_max": -0.024421,
        "nauc_ndcg_at_1000_std": 0.080858,
        "nauc_ndcg_at_1000_diff1": 0.006057,
        "nauc_map_at_1_max": NaN,
        "nauc_map_at_1_std": NaN,
        "nauc_map_at_1_diff1": NaN,
        "nauc_map_at_3_max": -0.499939,
        "nauc_map_at_3_std": 1.0,
        "nauc_map_at_3_diff1": -0.415374,
        "nauc_map_at_5_max": -0.499939,
        "nauc_map_at_5_std": 1.0,
        "nauc_map_at_5_diff1": -0.415374,
        "nauc_map_at_10_max": -0.288659,
        "nauc_map_at_10_std": 0.826981,
        "nauc_map_at_10_diff1": -0.146241,
        "nauc_map_at_20_max": -0.227892,
        "nauc_map_at_20_std": 0.706475,
        "nauc_map_at_20_diff1": -0.034784,
        "nauc_map_at_100_max": -0.177847,
        "nauc_map_at_100_std": 0.502821,
        "nauc_map_at_100_diff1": -0.002642,
        "nauc_map_at_1000_max": -0.138836,
        "nauc_map_at_1000_std": 0.397485,
        "nauc_map_at_1000_diff1": -0.007435,
        "nauc_recall_at_1_max": NaN,
        "nauc_recall_at_1_std": NaN,
        "nauc_recall_at_1_diff1": NaN,
        "nauc_recall_at_3_max": -0.499939,
        "nauc_recall_at_3_std": 1.0,
        "nauc_recall_at_3_diff1": -0.415374,
        "nauc_recall_at_5_max": -0.499939,
        "nauc_recall_at_5_std": 1.0,
        "nauc_recall_at_5_diff1": -0.415374,
        "nauc_recall_at_10_max": -0.129875,
        "nauc_recall_at_10_std": 0.729871,
        "nauc_recall_at_10_diff1": -0.01957,
        "nauc_recall_at_20_max": -0.043633,
        "nauc_recall_at_20_std": 0.506003,
        "nauc_recall_at_20_diff1": 0.175347,
        "nauc_recall_at_100_max": -0.02983,
        "nauc_recall_at_100_std": 0.079707,
        "nauc_recall_at_100_diff1": 0.029827,
        "nauc_recall_at_1000_max": -0.012211,
        "nauc_recall_at_1000_std": 0.043889,
        "nauc_recall_at_1000_diff1": 0.004555,
        "nauc_precision_at_1_max": NaN,
        "nauc_precision_at_1_std": NaN,
        "nauc_precision_at_1_diff1": NaN,
        "nauc_precision_at_3_max": -0.499939,
        "nauc_precision_at_3_std": 1.0,
        "nauc_precision_at_3_diff1": -0.415374,
        "nauc_precision_at_5_max": -0.499939,
        "nauc_precision_at_5_std": 1.0,
        "nauc_precision_at_5_diff1": -0.415374,
        "nauc_precision_at_10_max": -0.129875,
        "nauc_precision_at_10_std": 0.729871,
        "nauc_precision_at_10_diff1": -0.01957,
        "nauc_precision_at_20_max": -0.043633,
        "nauc_precision_at_20_std": 0.506003,
        "nauc_precision_at_20_diff1": 0.175347,
        "nauc_precision_at_100_max": -0.02983,
        "nauc_precision_at_100_std": 0.079707,
        "nauc_precision_at_100_diff1": 0.029827,
        "nauc_precision_at_1000_max": -0.012211,
        "nauc_precision_at_1000_std": 0.043889,
        "nauc_precision_at_1000_diff1": 0.004555,
        "nauc_mrr_at_1_max": NaN,
        "nauc_mrr_at_1_std": NaN,
        "nauc_mrr_at_1_diff1": NaN,
        "nauc_mrr_at_3_max": -0.499939,
        "nauc_mrr_at_3_std": 1.0,
        "nauc_mrr_at_3_diff1": -0.415374,
        "nauc_mrr_at_5_max": -0.475777,
        "nauc_mrr_at_5_std": 0.903611,
        "nauc_mrr_at_5_diff1": -0.268513,
        "nauc_mrr_at_10_max": -0.292736,
        "nauc_mrr_at_10_std": 0.821694,
        "nauc_mrr_at_10_diff1": -0.138363,
        "nauc_mrr_at_20_max": -0.232027,
        "nauc_mrr_at_20_std": 0.689962,
        "nauc_mrr_at_20_diff1": -0.01682,
        "nauc_mrr_at_100_max": -0.182596,
        "nauc_mrr_at_100_std": 0.506025,
        "nauc_mrr_at_100_diff1": -0.000117,
        "nauc_mrr_at_1000_max": -0.142931,
        "nauc_mrr_at_1000_std": 0.401265,
        "nauc_mrr_at_1000_diff1": -0.00551,
        "main_score": 0.00135,
        "hf_subset": "default",
        "languages": [
          "eng-Latn"
        ]
      }
    ]
  },
  "evaluation_time": 68.18105340003967,
  "kg_co2_emissions": null
}