{
  "dataset_revision": "ec0fa4fe99da2ff19ca1214b7966684033a58814",
  "task_name": "NFCorpus",
  "mteb_version": "1.39.7",
  "scores": {
    "test": [
      {
        "ndcg_at_1": 0.34211,
        "ndcg_at_3": 0.29315,
        "ndcg_at_5": 0.26815,
        "ndcg_at_10": 0.23308,
        "ndcg_at_20": 0.21483,
        "ndcg_at_100": 0.21032,
        "ndcg_at_1000": 0.29868,
        "map_at_1": 0.03612,
        "map_at_3": 0.05748,
        "map_at_5": 0.06692,
        "map_at_10": 0.07593,
        "map_at_20": 0.08343,
        "map_at_100": 0.09295,
        "map_at_1000": 0.10249,
        "recall_at_1": 0.03612,
        "recall_at_3": 0.06607,
        "recall_at_5": 0.08305,
        "recall_at_10": 0.10305,
        "recall_at_20": 0.13518,
        "recall_at_100": 0.21838,
        "recall_at_1000": 0.52542,
        "precision_at_1": 0.35604,
        "precision_at_3": 0.27451,
        "precision_at_5": 0.22786,
        "precision_at_10": 0.16594,
        "precision_at_20": 0.12245,
        "precision_at_100": 0.05111,
        "precision_at_1000": 0.01696,
        "mrr_at_1": 0.356037,
        "mrr_at_3": 0.418989,
        "mrr_at_5": 0.428741,
        "mrr_at_10": 0.434935,
        "mrr_at_20": 0.439789,
        "mrr_at_100": 0.44274,
        "mrr_at_1000": 0.4434,
        "nauc_ndcg_at_1_max": 0.378495,
        "nauc_ndcg_at_1_std": 0.217406,
        "nauc_ndcg_at_1_diff1": 0.336586,
        "nauc_ndcg_at_3_max": 0.343972,
        "nauc_ndcg_at_3_std": 0.220927,
        "nauc_ndcg_at_3_diff1": 0.224188,
        "nauc_ndcg_at_5_max": 0.355342,
        "nauc_ndcg_at_5_std": 0.217923,
        "nauc_ndcg_at_5_diff1": 0.215649,
        "nauc_ndcg_at_10_max": 0.374258,
        "nauc_ndcg_at_10_std": 0.224772,
        "nauc_ndcg_at_10_diff1": 0.214117,
        "nauc_ndcg_at_20_max": 0.397132,
        "nauc_ndcg_at_20_std": 0.227405,
        "nauc_ndcg_at_20_diff1": 0.220196,
        "nauc_ndcg_at_100_max": 0.441604,
        "nauc_ndcg_at_100_std": 0.254065,
        "nauc_ndcg_at_100_diff1": 0.228567,
        "nauc_ndcg_at_1000_max": 0.523185,
        "nauc_ndcg_at_1000_std": 0.352141,
        "nauc_ndcg_at_1000_diff1": 0.239658,
        "nauc_map_at_1_max": 0.329182,
        "nauc_map_at_1_std": -0.01198,
        "nauc_map_at_1_diff1": 0.508659,
        "nauc_map_at_3_max": 0.351167,
        "nauc_map_at_3_std": 0.006335,
        "nauc_map_at_3_diff1": 0.426704,
        "nauc_map_at_5_max": 0.358527,
        "nauc_map_at_5_std": 0.035227,
        "nauc_map_at_5_diff1": 0.380541,
        "nauc_map_at_10_max": 0.37436,
        "nauc_map_at_10_std": 0.072301,
        "nauc_map_at_10_diff1": 0.334852,
        "nauc_map_at_20_max": 0.391895,
        "nauc_map_at_20_std": 0.099763,
        "nauc_map_at_20_diff1": 0.314847,
        "nauc_map_at_100_max": 0.399689,
        "nauc_map_at_100_std": 0.142371,
        "nauc_map_at_100_diff1": 0.291933,
        "nauc_map_at_1000_max": 0.404712,
        "nauc_map_at_1000_std": 0.170174,
        "nauc_map_at_1000_diff1": 0.277129,
        "nauc_recall_at_1_max": 0.329182,
        "nauc_recall_at_1_std": -0.01198,
        "nauc_recall_at_1_diff1": 0.508659,
        "nauc_recall_at_3_max": 0.324607,
        "nauc_recall_at_3_std": -0.011438,
        "nauc_recall_at_3_diff1": 0.37049,
        "nauc_recall_at_5_max": 0.29707,
        "nauc_recall_at_5_std": -0.000667,
        "nauc_recall_at_5_diff1": 0.293502,
        "nauc_recall_at_10_max": 0.328421,
        "nauc_recall_at_10_std": 0.053285,
        "nauc_recall_at_10_diff1": 0.251538,
        "nauc_recall_at_20_max": 0.335935,
        "nauc_recall_at_20_std": 0.08636,
        "nauc_recall_at_20_diff1": 0.197913,
        "nauc_recall_at_100_max": 0.286604,
        "nauc_recall_at_100_std": 0.143017,
        "nauc_recall_at_100_diff1": 0.087297,
        "nauc_recall_at_1000_max": 0.316362,
        "nauc_recall_at_1000_std": 0.273915,
        "nauc_recall_at_1000_diff1": 0.106852,
        "nauc_precision_at_1_max": 0.391252,
        "nauc_precision_at_1_std": 0.22941,
        "nauc_precision_at_1_diff1": 0.327286,
        "nauc_precision_at_3_max": 0.325496,
        "nauc_precision_at_3_std": 0.249315,
        "nauc_precision_at_3_diff1": 0.138947,
        "nauc_precision_at_5_max": 0.334662,
        "nauc_precision_at_5_std": 0.269715,
        "nauc_precision_at_5_diff1": 0.103496,
        "nauc_precision_at_10_max": 0.319279,
        "nauc_precision_at_10_std": 0.309113,
        "nauc_precision_at_10_diff1": 0.043676,
        "nauc_precision_at_20_max": 0.298255,
        "nauc_precision_at_20_std": 0.339288,
        "nauc_precision_at_20_diff1": 0.007931,
        "nauc_precision_at_100_max": 0.180793,
        "nauc_precision_at_100_std": 0.33017,
        "nauc_precision_at_100_diff1": -0.082111,
        "nauc_precision_at_1000_max": 0.034886,
        "nauc_precision_at_1000_std": 0.219394,
        "nauc_precision_at_1000_diff1": -0.110877,
        "nauc_mrr_at_1_max": 0.391252,
        "nauc_mrr_at_1_std": 0.22941,
        "nauc_mrr_at_1_diff1": 0.327286,
        "nauc_mrr_at_3_max": 0.407246,
        "nauc_mrr_at_3_std": 0.251665,
        "nauc_mrr_at_3_diff1": 0.308211,
        "nauc_mrr_at_5_max": 0.406456,
        "nauc_mrr_at_5_std": 0.249594,
        "nauc_mrr_at_5_diff1": 0.304898,
        "nauc_mrr_at_10_max": 0.415842,
        "nauc_mrr_at_10_std": 0.258555,
        "nauc_mrr_at_10_diff1": 0.30647,
        "nauc_mrr_at_20_max": 0.422951,
        "nauc_mrr_at_20_std": 0.262824,
        "nauc_mrr_at_20_diff1": 0.305317,
        "nauc_mrr_at_100_max": 0.422169,
        "nauc_mrr_at_100_std": 0.261744,
        "nauc_mrr_at_100_diff1": 0.30499,
        "nauc_mrr_at_1000_max": 0.42205,
        "nauc_mrr_at_1000_std": 0.262062,
        "nauc_mrr_at_1000_diff1": 0.305273,
        "main_score": 0.23308,
        "hf_subset": "default",
        "languages": [
          "eng-Latn"
        ]
      }
    ]
  },
  "evaluation_time": 15.597508907318115,
  "kg_co2_emissions": null
}