{
  "dataset_revision": "ec0fa4fe99da2ff19ca1214b7966684033a58814",
  "task_name": "NFCorpus",
  "mteb_version": "1.39.7",
  "scores": {
    "test": [
      {
        "ndcg_at_1": 0.06966,
        "ndcg_at_3": 0.0578,
        "ndcg_at_5": 0.056,
        "ndcg_at_10": 0.05252,
        "ndcg_at_20": 0.05295,
        "ndcg_at_100": 0.0665,
        "ndcg_at_1000": 0.15163,
        "map_at_1": 0.00894,
        "map_at_3": 0.01475,
        "map_at_5": 0.01772,
        "map_at_10": 0.01918,
        "map_at_20": 0.02053,
        "map_at_100": 0.02308,
        "map_at_1000": 0.02784,
        "recall_at_1": 0.00894,
        "recall_at_3": 0.01841,
        "recall_at_5": 0.02553,
        "recall_at_10": 0.03217,
        "recall_at_20": 0.04575,
        "recall_at_100": 0.09121,
        "recall_at_1000": 0.37125,
        "precision_at_1": 0.0743,
        "precision_at_3": 0.04954,
        "precision_at_5": 0.04582,
        "precision_at_10": 0.03746,
        "precision_at_20": 0.02957,
        "precision_at_100": 0.01873,
        "precision_at_1000": 0.01232,
        "mrr_at_1": 0.074303,
        "mrr_at_3": 0.090299,
        "mrr_at_5": 0.099432,
        "mrr_at_10": 0.109437,
        "mrr_at_20": 0.116438,
        "mrr_at_100": 0.12313,
        "mrr_at_1000": 0.124527,
        "nauc_ndcg_at_1_max": 0.339178,
        "nauc_ndcg_at_1_std": 0.045118,
        "nauc_ndcg_at_1_diff1": 0.089123,
        "nauc_ndcg_at_3_max": 0.274116,
        "nauc_ndcg_at_3_std": 0.050484,
        "nauc_ndcg_at_3_diff1": 0.084055,
        "nauc_ndcg_at_5_max": 0.270612,
        "nauc_ndcg_at_5_std": 0.064658,
        "nauc_ndcg_at_5_diff1": 0.071486,
        "nauc_ndcg_at_10_max": 0.243519,
        "nauc_ndcg_at_10_std": 0.053018,
        "nauc_ndcg_at_10_diff1": 0.049145,
        "nauc_ndcg_at_20_max": 0.235566,
        "nauc_ndcg_at_20_std": 0.094705,
        "nauc_ndcg_at_20_diff1": 0.077792,
        "nauc_ndcg_at_100_max": 0.204086,
        "nauc_ndcg_at_100_std": 0.068286,
        "nauc_ndcg_at_100_diff1": 0.055077,
        "nauc_ndcg_at_1000_max": 0.233718,
        "nauc_ndcg_at_1000_std": -0.015017,
        "nauc_ndcg_at_1000_diff1": 0.000571,
        "nauc_map_at_1_max": 0.115359,
        "nauc_map_at_1_std": 0.10258,
        "nauc_map_at_1_diff1": 0.084467,
        "nauc_map_at_3_max": 0.136246,
        "nauc_map_at_3_std": 0.085548,
        "nauc_map_at_3_diff1": 0.090824,
        "nauc_map_at_5_max": 0.098932,
        "nauc_map_at_5_std": 0.091367,
        "nauc_map_at_5_diff1": 0.09057,
        "nauc_map_at_10_max": 0.118863,
        "nauc_map_at_10_std": 0.091258,
        "nauc_map_at_10_diff1": 0.082289,
        "nauc_map_at_20_max": 0.123217,
        "nauc_map_at_20_std": 0.096412,
        "nauc_map_at_20_diff1": 0.092181,
        "nauc_map_at_100_max": 0.125399,
        "nauc_map_at_100_std": 0.096462,
        "nauc_map_at_100_diff1": 0.074748,
        "nauc_map_at_1000_max": 0.140561,
        "nauc_map_at_1000_std": 0.087249,
        "nauc_map_at_1000_diff1": 0.063303,
        "nauc_recall_at_1_max": 0.115359,
        "nauc_recall_at_1_std": 0.10258,
        "nauc_recall_at_1_diff1": 0.084467,
        "nauc_recall_at_3_max": 0.102627,
        "nauc_recall_at_3_std": 0.029149,
        "nauc_recall_at_3_diff1": 0.05485,
        "nauc_recall_at_5_max": 0.079118,
        "nauc_recall_at_5_std": 0.098047,
        "nauc_recall_at_5_diff1": 0.066193,
        "nauc_recall_at_10_max": 0.115284,
        "nauc_recall_at_10_std": 0.082358,
        "nauc_recall_at_10_diff1": 0.048795,
        "nauc_recall_at_20_max": 0.116961,
        "nauc_recall_at_20_std": 0.120727,
        "nauc_recall_at_20_diff1": 0.149134,
        "nauc_recall_at_100_max": 0.126497,
        "nauc_recall_at_100_std": 0.060908,
        "nauc_recall_at_100_diff1": 0.080674,
        "nauc_recall_at_1000_max": 0.179778,
        "nauc_recall_at_1000_std": -0.099634,
        "nauc_recall_at_1000_diff1": -0.006281,
        "nauc_precision_at_1_max": 0.316458,
        "nauc_precision_at_1_std": 0.078928,
        "nauc_precision_at_1_diff1": 0.080271,
        "nauc_precision_at_3_max": 0.278341,
        "nauc_precision_at_3_std": 0.088479,
        "nauc_precision_at_3_diff1": 0.102512,
        "nauc_precision_at_5_max": 0.297143,
        "nauc_precision_at_5_std": 0.105318,
        "nauc_precision_at_5_diff1": 0.076501,
        "nauc_precision_at_10_max": 0.24507,
        "nauc_precision_at_10_std": 0.057003,
        "nauc_precision_at_10_diff1": 0.01779,
        "nauc_precision_at_20_max": 0.259268,
        "nauc_precision_at_20_std": 0.118833,
        "nauc_precision_at_20_diff1": -0.01669,
        "nauc_precision_at_100_max": 0.189909,
        "nauc_precision_at_100_std": 0.056921,
        "nauc_precision_at_100_diff1": -0.014845,
        "nauc_precision_at_1000_max": 0.12265,
        "nauc_precision_at_1000_std": 0.085261,
        "nauc_precision_at_1000_diff1": 0.023335,
        "nauc_mrr_at_1_max": 0.316458,
        "nauc_mrr_at_1_std": 0.078928,
        "nauc_mrr_at_1_diff1": 0.080271,
        "nauc_mrr_at_3_max": 0.271282,
        "nauc_mrr_at_3_std": 0.070013,
        "nauc_mrr_at_3_diff1": 0.07434,
        "nauc_mrr_at_5_max": 0.294414,
        "nauc_mrr_at_5_std": 0.082967,
        "nauc_mrr_at_5_diff1": 0.069763,
        "nauc_mrr_at_10_max": 0.266192,
        "nauc_mrr_at_10_std": 0.067433,
        "nauc_mrr_at_10_diff1": 0.05869,
        "nauc_mrr_at_20_max": 0.266484,
        "nauc_mrr_at_20_std": 0.071613,
        "nauc_mrr_at_20_diff1": 0.058233,
        "nauc_mrr_at_100_max": 0.264877,
        "nauc_mrr_at_100_std": 0.068854,
        "nauc_mrr_at_100_diff1": 0.05779,
        "nauc_mrr_at_1000_max": 0.265489,
        "nauc_mrr_at_1000_std": 0.068662,
        "nauc_mrr_at_1000_diff1": 0.057927,
        "main_score": 0.05252,
        "hf_subset": "default",
        "languages": [
          "eng-Latn"
        ]
      }
    ]
  },
  "evaluation_time": 44.44271683692932,
  "kg_co2_emissions": null
}