{
  "dataset_revision": "a34f9a33db75fa0cbb21bb5cfc3dae8dc8bec93f",
  "task_name": "Touche2020",
  "mteb_version": "1.39.7",
  "scores": {
    "test": [
      {
        "ndcg_at_1": 0.06122,
        "ndcg_at_3": 0.04978,
        "ndcg_at_5": 0.05692,
        "ndcg_at_10": 0.04175,
        "ndcg_at_20": 0.03787,
        "ndcg_at_100": 0.05674,
        "ndcg_at_1000": 0.10274,
        "map_at_1": 0.00268,
        "map_at_3": 0.00542,
        "map_at_5": 0.00868,
        "map_at_10": 0.01022,
        "map_at_20": 0.01182,
        "map_at_100": 0.01456,
        "map_at_1000": 0.01658,
        "recall_at_1": 0.00268,
        "recall_at_3": 0.00852,
        "recall_at_5": 0.01579,
        "recall_at_10": 0.02144,
        "recall_at_20": 0.03211,
        "recall_at_100": 0.07606,
        "recall_at_1000": 0.21675,
        "precision_at_1": 0.06122,
        "precision_at_3": 0.04762,
        "precision_at_5": 0.06122,
        "precision_at_10": 0.03673,
        "precision_at_20": 0.02755,
        "precision_at_100": 0.01327,
        "precision_at_1000": 0.00418,
        "mrr_at_1": 0.061224,
        "mrr_at_3": 0.07483,
        "mrr_at_5": 0.094218,
        "mrr_at_10": 0.096769,
        "mrr_at_20": 0.10106,
        "mrr_at_100": 0.105393,
        "mrr_at_1000": 0.106963,
        "nauc_ndcg_at_1_max": 0.201453,
        "nauc_ndcg_at_1_std": -0.099396,
        "nauc_ndcg_at_1_diff1": 0.296765,
        "nauc_ndcg_at_3_max": 0.000381,
        "nauc_ndcg_at_3_std": 0.075389,
        "nauc_ndcg_at_3_diff1": 0.294524,
        "nauc_ndcg_at_5_max": 0.067299,
        "nauc_ndcg_at_5_std": 0.002173,
        "nauc_ndcg_at_5_diff1": 0.242859,
        "nauc_ndcg_at_10_max": 0.058386,
        "nauc_ndcg_at_10_std": 0.097165,
        "nauc_ndcg_at_10_diff1": 0.245229,
        "nauc_ndcg_at_20_max": 0.141777,
        "nauc_ndcg_at_20_std": 0.096571,
        "nauc_ndcg_at_20_diff1": 0.242209,
        "nauc_ndcg_at_100_max": 0.196555,
        "nauc_ndcg_at_100_std": 0.219744,
        "nauc_ndcg_at_100_diff1": 0.245949,
        "nauc_ndcg_at_1000_max": 0.320788,
        "nauc_ndcg_at_1000_std": 0.230286,
        "nauc_ndcg_at_1000_diff1": 0.246384,
        "nauc_map_at_1_max": 0.249415,
        "nauc_map_at_1_std": -0.094625,
        "nauc_map_at_1_diff1": 0.327278,
        "nauc_map_at_3_max": -0.011609,
        "nauc_map_at_3_std": 0.14779,
        "nauc_map_at_3_diff1": 0.376296,
        "nauc_map_at_5_max": 0.043378,
        "nauc_map_at_5_std": 0.039997,
        "nauc_map_at_5_diff1": 0.309445,
        "nauc_map_at_10_max": 0.029527,
        "nauc_map_at_10_std": 0.144122,
        "nauc_map_at_10_diff1": 0.325179,
        "nauc_map_at_20_max": 0.112249,
        "nauc_map_at_20_std": 0.1065,
        "nauc_map_at_20_diff1": 0.281355,
        "nauc_map_at_100_max": 0.166654,
        "nauc_map_at_100_std": 0.145673,
        "nauc_map_at_100_diff1": 0.258818,
        "nauc_map_at_1000_max": 0.195963,
        "nauc_map_at_1000_std": 0.158325,
        "nauc_map_at_1000_diff1": 0.255083,
        "nauc_recall_at_1_max": 0.249415,
        "nauc_recall_at_1_std": -0.094625,
        "nauc_recall_at_1_diff1": 0.327278,
        "nauc_recall_at_3_max": -0.131344,
        "nauc_recall_at_3_std": 0.389048,
        "nauc_recall_at_3_diff1": 0.439017,
        "nauc_recall_at_5_max": 0.023953,
        "nauc_recall_at_5_std": 0.14324,
        "nauc_recall_at_5_diff1": 0.328902,
        "nauc_recall_at_10_max": 0.031025,
        "nauc_recall_at_10_std": 0.28659,
        "nauc_recall_at_10_diff1": 0.317515,
        "nauc_recall_at_20_max": 0.207532,
        "nauc_recall_at_20_std": 0.160712,
        "nauc_recall_at_20_diff1": 0.233921,
        "nauc_recall_at_100_max": 0.23249,
        "nauc_recall_at_100_std": 0.342452,
        "nauc_recall_at_100_diff1": 0.249223,
        "nauc_recall_at_1000_max": 0.382996,
        "nauc_recall_at_1000_std": 0.319045,
        "nauc_recall_at_1000_diff1": 0.263904,
        "nauc_precision_at_1_max": 0.201453,
        "nauc_precision_at_1_std": -0.099396,
        "nauc_precision_at_1_diff1": 0.296765,
        "nauc_precision_at_3_max": -0.076937,
        "nauc_precision_at_3_std": 0.138245,
        "nauc_precision_at_3_diff1": 0.305361,
        "nauc_precision_at_5_max": 0.037222,
        "nauc_precision_at_5_std": -0.011832,
        "nauc_precision_at_5_diff1": 0.245728,
        "nauc_precision_at_10_max": 0.078584,
        "nauc_precision_at_10_std": 0.076738,
        "nauc_precision_at_10_diff1": 0.206471,
        "nauc_precision_at_20_max": 0.224874,
        "nauc_precision_at_20_std": 0.033177,
        "nauc_precision_at_20_diff1": 0.159649,
        "nauc_precision_at_100_max": 0.277348,
        "nauc_precision_at_100_std": 0.259703,
        "nauc_precision_at_100_diff1": 0.13642,
        "nauc_precision_at_1000_max": 0.480113,
        "nauc_precision_at_1000_std": 0.147876,
        "nauc_precision_at_1000_diff1": 0.080007,
        "nauc_mrr_at_1_max": 0.201453,
        "nauc_mrr_at_1_std": -0.099396,
        "nauc_mrr_at_1_diff1": 0.296765,
        "nauc_mrr_at_3_max": 0.096891,
        "nauc_mrr_at_3_std": 0.069726,
        "nauc_mrr_at_3_diff1": 0.284116,
        "nauc_mrr_at_5_max": 0.115038,
        "nauc_mrr_at_5_std": 0.020262,
        "nauc_mrr_at_5_diff1": 0.261902,
        "nauc_mrr_at_10_max": 0.115648,
        "nauc_mrr_at_10_std": 0.048432,
        "nauc_mrr_at_10_diff1": 0.247708,
        "nauc_mrr_at_20_max": 0.127596,
        "nauc_mrr_at_20_std": 0.032197,
        "nauc_mrr_at_20_diff1": 0.251252,
        "nauc_mrr_at_100_max": 0.12371,
        "nauc_mrr_at_100_std": 0.045789,
        "nauc_mrr_at_100_diff1": 0.255168,
        "nauc_mrr_at_1000_max": 0.127381,
        "nauc_mrr_at_1000_std": 0.041932,
        "nauc_mrr_at_1000_diff1": 0.256935,
        "main_score": 0.04175,
        "hf_subset": "default",
        "languages": [
          "eng-Latn"
        ]
      }
    ]
  },
  "evaluation_time": 4390.722688436508,
  "kg_co2_emissions": null
}