{
  "dataset_revision": "f8c2fcf00f625baaa80f62ec5bd9e1fff3b8ae88",
  "task_name": "SCIDOCS",
  "mteb_version": "1.39.7",
  "scores": {
    "test": [
      {
        "ndcg_at_1": 0.013,
        "ndcg_at_3": 0.01064,
        "ndcg_at_5": 0.00941,
        "ndcg_at_10": 0.01111,
        "ndcg_at_20": 0.01359,
        "ndcg_at_100": 0.02171,
        "ndcg_at_1000": 0.04644,
        "map_at_1": 0.00265,
        "map_at_3": 0.00411,
        "map_at_5": 0.00463,
        "map_at_10": 0.00517,
        "map_at_20": 0.0057,
        "map_at_100": 0.00647,
        "map_at_1000": 0.00704,
        "recall_at_1": 0.00265,
        "recall_at_3": 0.0061,
        "recall_at_5": 0.0085,
        "recall_at_10": 0.0116,
        "recall_at_20": 0.01745,
        "recall_at_100": 0.04445,
        "recall_at_1000": 0.17058,
        "precision_at_1": 0.013,
        "precision_at_3": 0.01,
        "precision_at_5": 0.0084,
        "precision_at_10": 0.0057,
        "precision_at_20": 0.0043,
        "precision_at_100": 0.0022,
        "precision_at_1000": 0.00084,
        "mrr_at_1": 0.013,
        "mrr_at_3": 0.020167,
        "mrr_at_5": 0.022767,
        "mrr_at_10": 0.024254,
        "mrr_at_20": 0.025694,
        "mrr_at_100": 0.027915,
        "mrr_at_1000": 0.029065,
        "nauc_ndcg_at_1_max": -0.015851,
        "nauc_ndcg_at_1_std": 0.243978,
        "nauc_ndcg_at_1_diff1": 0.08103,
        "nauc_ndcg_at_3_max": 0.099517,
        "nauc_ndcg_at_3_std": 0.163735,
        "nauc_ndcg_at_3_diff1": 0.022115,
        "nauc_ndcg_at_5_max": 0.095015,
        "nauc_ndcg_at_5_std": 0.171534,
        "nauc_ndcg_at_5_diff1": -0.017183,
        "nauc_ndcg_at_10_max": 0.108143,
        "nauc_ndcg_at_10_std": 0.158738,
        "nauc_ndcg_at_10_diff1": -0.017988,
        "nauc_ndcg_at_20_max": 0.103324,
        "nauc_ndcg_at_20_std": 0.151893,
        "nauc_ndcg_at_20_diff1": -0.016299,
        "nauc_ndcg_at_100_max": 0.086693,
        "nauc_ndcg_at_100_std": 0.101185,
        "nauc_ndcg_at_100_diff1": -0.053511,
        "nauc_ndcg_at_1000_max": 0.067592,
        "nauc_ndcg_at_1000_std": 0.08436,
        "nauc_ndcg_at_1000_diff1": -0.029108,
        "nauc_map_at_1_max": -0.019435,
        "nauc_map_at_1_std": 0.231543,
        "nauc_map_at_1_diff1": 0.075619,
        "nauc_map_at_3_max": 0.080981,
        "nauc_map_at_3_std": 0.176446,
        "nauc_map_at_3_diff1": 0.02839,
        "nauc_map_at_5_max": 0.078996,
        "nauc_map_at_5_std": 0.178922,
        "nauc_map_at_5_diff1": 0.00216,
        "nauc_map_at_10_max": 0.096047,
        "nauc_map_at_10_std": 0.168749,
        "nauc_map_at_10_diff1": 0.000277,
        "nauc_map_at_20_max": 0.101268,
        "nauc_map_at_20_std": 0.160715,
        "nauc_map_at_20_diff1": 0.002166,
        "nauc_map_at_100_max": 0.101107,
        "nauc_map_at_100_std": 0.143859,
        "nauc_map_at_100_diff1": -0.016962,
        "nauc_map_at_1000_max": 0.100745,
        "nauc_map_at_1000_std": 0.140593,
        "nauc_map_at_1000_diff1": -0.016273,
        "nauc_recall_at_1_max": -0.019435,
        "nauc_recall_at_1_std": 0.231543,
        "nauc_recall_at_1_diff1": 0.075619,
        "nauc_recall_at_3_max": 0.144598,
        "nauc_recall_at_3_std": 0.129327,
        "nauc_recall_at_3_diff1": 0.000629,
        "nauc_recall_at_5_max": 0.122742,
        "nauc_recall_at_5_std": 0.15874,
        "nauc_recall_at_5_diff1": -0.052163,
        "nauc_recall_at_10_max": 0.136031,
        "nauc_recall_at_10_std": 0.138446,
        "nauc_recall_at_10_diff1": -0.044315,
        "nauc_recall_at_20_max": 0.121729,
        "nauc_recall_at_20_std": 0.129102,
        "nauc_recall_at_20_diff1": -0.028628,
        "nauc_recall_at_100_max": 0.084632,
        "nauc_recall_at_100_std": 0.053393,
        "nauc_recall_at_100_diff1": -0.081664,
        "nauc_recall_at_1000_max": 0.052187,
        "nauc_recall_at_1000_std": 0.048305,
        "nauc_recall_at_1000_diff1": -0.021083,
        "nauc_precision_at_1_max": -0.015851,
        "nauc_precision_at_1_std": 0.243978,
        "nauc_precision_at_1_diff1": 0.08103,
        "nauc_precision_at_3_max": 0.14039,
        "nauc_precision_at_3_std": 0.129425,
        "nauc_precision_at_3_diff1": 0.002942,
        "nauc_precision_at_5_max": 0.119476,
        "nauc_precision_at_5_std": 0.15916,
        "nauc_precision_at_5_diff1": -0.051139,
        "nauc_precision_at_10_max": 0.135705,
        "nauc_precision_at_10_std": 0.141551,
        "nauc_precision_at_10_diff1": -0.045387,
        "nauc_precision_at_20_max": 0.121414,
        "nauc_precision_at_20_std": 0.131632,
        "nauc_precision_at_20_diff1": -0.029034,
        "nauc_precision_at_100_max": 0.085292,
        "nauc_precision_at_100_std": 0.053676,
        "nauc_precision_at_100_diff1": -0.080603,
        "nauc_precision_at_1000_max": 0.046733,
        "nauc_precision_at_1000_std": 0.04812,
        "nauc_precision_at_1000_diff1": -0.021843,
        "nauc_mrr_at_1_max": -0.015851,
        "nauc_mrr_at_1_std": 0.243978,
        "nauc_mrr_at_1_diff1": 0.08103,
        "nauc_mrr_at_3_max": 0.078839,
        "nauc_mrr_at_3_std": 0.180769,
        "nauc_mrr_at_3_diff1": 0.031907,
        "nauc_mrr_at_5_max": 0.077066,
        "nauc_mrr_at_5_std": 0.182792,
        "nauc_mrr_at_5_diff1": 0.004843,
        "nauc_mrr_at_10_max": 0.077774,
        "nauc_mrr_at_10_std": 0.178285,
        "nauc_mrr_at_10_diff1": 0.002922,
        "nauc_mrr_at_20_max": 0.071142,
        "nauc_mrr_at_20_std": 0.179242,
        "nauc_mrr_at_20_diff1": -0.002919,
        "nauc_mrr_at_100_max": 0.06619,
        "nauc_mrr_at_100_std": 0.169158,
        "nauc_mrr_at_100_diff1": -0.008325,
        "nauc_mrr_at_1000_max": 0.064433,
        "nauc_mrr_at_1000_std": 0.167432,
        "nauc_mrr_at_1000_diff1": -0.008026,
        "main_score": 0.01111,
        "hf_subset": "default",
        "languages": [
          "eng-Latn"
        ]
      }
    ]
  },
  "evaluation_time": 292.7062418460846,
  "kg_co2_emissions": null
}