{
  "dataset_revision": "f8c2fcf00f625baaa80f62ec5bd9e1fff3b8ae88",
  "task_name": "SCIDOCS",
  "mteb_version": "1.39.7",
  "scores": {
    "test": [
      {
        "ndcg_at_1": 0.171,
        "ndcg_at_3": 0.1355,
        "ndcg_at_5": 0.11875,
        "ndcg_at_10": 0.13795,
        "ndcg_at_20": 0.15781,
        "ndcg_at_100": 0.19943,
        "ndcg_at_1000": 0.25104,
        "map_at_1": 0.0345,
        "map_at_3": 0.05893,
        "map_at_5": 0.07025,
        "map_at_10": 0.07893,
        "map_at_20": 0.08536,
        "map_at_100": 0.0927,
        "map_at_1000": 0.09508,
        "recall_at_1": 0.0345,
        "recall_at_3": 0.07555,
        "recall_at_5": 0.10483,
        "recall_at_10": 0.14038,
        "recall_at_20": 0.1872,
        "recall_at_100": 0.32132,
        "recall_at_1000": 0.57763,
        "precision_at_1": 0.171,
        "precision_at_3": 0.12467,
        "precision_at_5": 0.1034,
        "precision_at_10": 0.0692,
        "precision_at_20": 0.0461,
        "precision_at_100": 0.01584,
        "precision_at_1000": 0.00284,
        "mrr_at_1": 0.171,
        "mrr_at_3": 0.23,
        "mrr_at_5": 0.24715,
        "mrr_at_10": 0.257544,
        "mrr_at_20": 0.263703,
        "mrr_at_100": 0.268616,
        "mrr_at_1000": 0.26944,
        "nauc_ndcg_at_1_max": 0.232986,
        "nauc_ndcg_at_1_std": 0.088892,
        "nauc_ndcg_at_1_diff1": 0.192994,
        "nauc_ndcg_at_3_max": 0.252493,
        "nauc_ndcg_at_3_std": 0.128165,
        "nauc_ndcg_at_3_diff1": 0.181355,
        "nauc_ndcg_at_5_max": 0.255287,
        "nauc_ndcg_at_5_std": 0.148991,
        "nauc_ndcg_at_5_diff1": 0.158737,
        "nauc_ndcg_at_10_max": 0.273603,
        "nauc_ndcg_at_10_std": 0.17302,
        "nauc_ndcg_at_10_diff1": 0.146031,
        "nauc_ndcg_at_20_max": 0.287691,
        "nauc_ndcg_at_20_std": 0.205187,
        "nauc_ndcg_at_20_diff1": 0.143226,
        "nauc_ndcg_at_100_max": 0.301498,
        "nauc_ndcg_at_100_std": 0.265289,
        "nauc_ndcg_at_100_diff1": 0.136303,
        "nauc_ndcg_at_1000_max": 0.313326,
        "nauc_ndcg_at_1000_std": 0.289117,
        "nauc_ndcg_at_1000_diff1": 0.142639,
        "nauc_map_at_1_max": 0.233012,
        "nauc_map_at_1_std": 0.090601,
        "nauc_map_at_1_diff1": 0.190873,
        "nauc_map_at_3_max": 0.25663,
        "nauc_map_at_3_std": 0.115394,
        "nauc_map_at_3_diff1": 0.190321,
        "nauc_map_at_5_max": 0.257626,
        "nauc_map_at_5_std": 0.12542,
        "nauc_map_at_5_diff1": 0.170962,
        "nauc_map_at_10_max": 0.276265,
        "nauc_map_at_10_std": 0.148008,
        "nauc_map_at_10_diff1": 0.161584,
        "nauc_map_at_20_max": 0.287337,
        "nauc_map_at_20_std": 0.168354,
        "nauc_map_at_20_diff1": 0.158118,
        "nauc_map_at_100_max": 0.290485,
        "nauc_map_at_100_std": 0.191705,
        "nauc_map_at_100_diff1": 0.153867,
        "nauc_map_at_1000_max": 0.291381,
        "nauc_map_at_1000_std": 0.195404,
        "nauc_map_at_1000_diff1": 0.153478,
        "nauc_recall_at_1_max": 0.233012,
        "nauc_recall_at_1_std": 0.090601,
        "nauc_recall_at_1_diff1": 0.190873,
        "nauc_recall_at_3_max": 0.255682,
        "nauc_recall_at_3_std": 0.142423,
        "nauc_recall_at_3_diff1": 0.171715,
        "nauc_recall_at_5_max": 0.251687,
        "nauc_recall_at_5_std": 0.167763,
        "nauc_recall_at_5_diff1": 0.131755,
        "nauc_recall_at_10_max": 0.278431,
        "nauc_recall_at_10_std": 0.205519,
        "nauc_recall_at_10_diff1": 0.107111,
        "nauc_recall_at_20_max": 0.290174,
        "nauc_recall_at_20_std": 0.259112,
        "nauc_recall_at_20_diff1": 0.099587,
        "nauc_recall_at_100_max": 0.296414,
        "nauc_recall_at_100_std": 0.368745,
        "nauc_recall_at_100_diff1": 0.077769,
        "nauc_recall_at_1000_max": 0.303265,
        "nauc_recall_at_1000_std": 0.419538,
        "nauc_recall_at_1000_diff1": 0.086639,
        "nauc_precision_at_1_max": 0.232986,
        "nauc_precision_at_1_std": 0.088892,
        "nauc_precision_at_1_diff1": 0.192994,
        "nauc_precision_at_3_max": 0.256132,
        "nauc_precision_at_3_std": 0.140532,
        "nauc_precision_at_3_diff1": 0.174058,
        "nauc_precision_at_5_max": 0.255923,
        "nauc_precision_at_5_std": 0.169316,
        "nauc_precision_at_5_diff1": 0.13659,
        "nauc_precision_at_10_max": 0.283069,
        "nauc_precision_at_10_std": 0.206525,
        "nauc_precision_at_10_diff1": 0.110918,
        "nauc_precision_at_20_max": 0.293405,
        "nauc_precision_at_20_std": 0.257605,
        "nauc_precision_at_20_diff1": 0.100325,
        "nauc_precision_at_100_max": 0.296378,
        "nauc_precision_at_100_std": 0.362744,
        "nauc_precision_at_100_diff1": 0.078257,
        "nauc_precision_at_1000_max": 0.303843,
        "nauc_precision_at_1000_std": 0.408598,
        "nauc_precision_at_1000_diff1": 0.089113,
        "nauc_mrr_at_1_max": 0.232986,
        "nauc_mrr_at_1_std": 0.088892,
        "nauc_mrr_at_1_diff1": 0.192994,
        "nauc_mrr_at_3_max": 0.24272,
        "nauc_mrr_at_3_std": 0.132404,
        "nauc_mrr_at_3_diff1": 0.173513,
        "nauc_mrr_at_5_max": 0.245345,
        "nauc_mrr_at_5_std": 0.148128,
        "nauc_mrr_at_5_diff1": 0.164586,
        "nauc_mrr_at_10_max": 0.244988,
        "nauc_mrr_at_10_std": 0.148914,
        "nauc_mrr_at_10_diff1": 0.160434,
        "nauc_mrr_at_20_max": 0.246159,
        "nauc_mrr_at_20_std": 0.151659,
        "nauc_mrr_at_20_diff1": 0.161554,
        "nauc_mrr_at_100_max": 0.246776,
        "nauc_mrr_at_100_std": 0.153529,
        "nauc_mrr_at_100_diff1": 0.162918,
        "nauc_mrr_at_1000_max": 0.24675,
        "nauc_mrr_at_1000_std": 0.153438,
        "nauc_mrr_at_1000_diff1": 0.162905,
        "main_score": 0.13795,
        "hf_subset": "default",
        "languages": [
          "eng-Latn"
        ]
      }
    ]
  },
  "evaluation_time": 71.50817728042603,
  "kg_co2_emissions": null
}