{
  "dataset_revision": "bb9466bac8153a0349341eb1b22e06409e78ef4e",
  "task_name": "TRECCOVID",
  "mteb_version": "1.39.7",
  "scores": {
    "test": [
      {
        "ndcg_at_1": 0.8,
        "ndcg_at_3": 0.77469,
        "ndcg_at_5": 0.7324,
        "ndcg_at_10": 0.66672,
        "ndcg_at_20": 0.61782,
        "ndcg_at_100": 0.47862,
        "ndcg_at_1000": 0.41326,
        "map_at_1": 0.00226,
        "map_at_3": 0.00615,
        "map_at_5": 0.00923,
        "map_at_10": 0.01509,
        "map_at_20": 0.02523,
        "map_at_100": 0.07626,
        "map_at_1000": 0.17618,
        "recall_at_1": 0.00226,
        "recall_at_3": 0.00638,
        "recall_at_5": 0.00982,
        "recall_at_10": 0.01706,
        "recall_at_20": 0.03046,
        "recall_at_100": 0.1097,
        "recall_at_1000": 0.38368,
        "precision_at_1": 0.86,
        "precision_at_3": 0.82667,
        "precision_at_5": 0.764,
        "precision_at_10": 0.692,
        "precision_at_20": 0.636,
        "precision_at_100": 0.4848,
        "precision_at_1000": 0.18584,
        "mrr_at_1": 0.86,
        "mrr_at_3": 0.906667,
        "mrr_at_5": 0.911667,
        "mrr_at_10": 0.914167,
        "mrr_at_20": 0.914167,
        "mrr_at_100": 0.914167,
        "mrr_at_1000": 0.914167,
        "nauc_ndcg_at_1_max": 0.155595,
        "nauc_ndcg_at_1_std": 0.137307,
        "nauc_ndcg_at_1_diff1": 0.083668,
        "nauc_ndcg_at_3_max": 0.374545,
        "nauc_ndcg_at_3_std": 0.390951,
        "nauc_ndcg_at_3_diff1": -0.16353,
        "nauc_ndcg_at_5_max": 0.369872,
        "nauc_ndcg_at_5_std": 0.413085,
        "nauc_ndcg_at_5_diff1": -0.167621,
        "nauc_ndcg_at_10_max": 0.447686,
        "nauc_ndcg_at_10_std": 0.546583,
        "nauc_ndcg_at_10_diff1": -0.231843,
        "nauc_ndcg_at_20_max": 0.476177,
        "nauc_ndcg_at_20_std": 0.613353,
        "nauc_ndcg_at_20_diff1": -0.197233,
        "nauc_ndcg_at_100_max": 0.558005,
        "nauc_ndcg_at_100_std": 0.741519,
        "nauc_ndcg_at_100_diff1": -0.179587,
        "nauc_ndcg_at_1000_max": 0.658793,
        "nauc_ndcg_at_1000_std": 0.794261,
        "nauc_ndcg_at_1000_diff1": -0.16947,
        "nauc_map_at_1_max": 0.058387,
        "nauc_map_at_1_std": -0.162362,
        "nauc_map_at_1_diff1": 0.033368,
        "nauc_map_at_3_max": 0.122259,
        "nauc_map_at_3_std": -0.030653,
        "nauc_map_at_3_diff1": -0.127098,
        "nauc_map_at_5_max": 0.163761,
        "nauc_map_at_5_std": 0.012882,
        "nauc_map_at_5_diff1": -0.125999,
        "nauc_map_at_10_max": 0.230696,
        "nauc_map_at_10_std": 0.177542,
        "nauc_map_at_10_diff1": -0.238817,
        "nauc_map_at_20_max": 0.345444,
        "nauc_map_at_20_std": 0.356922,
        "nauc_map_at_20_diff1": -0.253059,
        "nauc_map_at_100_max": 0.627434,
        "nauc_map_at_100_std": 0.717091,
        "nauc_map_at_100_diff1": -0.240615,
        "nauc_map_at_1000_max": 0.685802,
        "nauc_map_at_1000_std": 0.828863,
        "nauc_map_at_1000_diff1": -0.164851,
        "nauc_recall_at_1_max": 0.058387,
        "nauc_recall_at_1_std": -0.162362,
        "nauc_recall_at_1_diff1": 0.033368,
        "nauc_recall_at_3_max": 0.122796,
        "nauc_recall_at_3_std": -0.040299,
        "nauc_recall_at_3_diff1": -0.110473,
        "nauc_recall_at_5_max": 0.172839,
        "nauc_recall_at_5_std": -0.026128,
        "nauc_recall_at_5_diff1": -0.084078,
        "nauc_recall_at_10_max": 0.215081,
        "nauc_recall_at_10_std": 0.110123,
        "nauc_recall_at_10_diff1": -0.206435,
        "nauc_recall_at_20_max": 0.282141,
        "nauc_recall_at_20_std": 0.248836,
        "nauc_recall_at_20_diff1": -0.221156,
        "nauc_recall_at_100_max": 0.519291,
        "nauc_recall_at_100_std": 0.550062,
        "nauc_recall_at_100_diff1": -0.233103,
        "nauc_recall_at_1000_max": 0.635994,
        "nauc_recall_at_1000_std": 0.728514,
        "nauc_recall_at_1000_diff1": -0.143463,
        "nauc_precision_at_1_max": 0.239504,
        "nauc_precision_at_1_std": 0.126923,
        "nauc_precision_at_1_diff1": -0.000485,
        "nauc_precision_at_3_max": 0.452535,
        "nauc_precision_at_3_std": 0.484451,
        "nauc_precision_at_3_diff1": -0.310295,
        "nauc_precision_at_5_max": 0.415009,
        "nauc_precision_at_5_std": 0.459613,
        "nauc_precision_at_5_diff1": -0.263872,
        "nauc_precision_at_10_max": 0.461723,
        "nauc_precision_at_10_std": 0.592557,
        "nauc_precision_at_10_diff1": -0.303176,
        "nauc_precision_at_20_max": 0.511035,
        "nauc_precision_at_20_std": 0.660602,
        "nauc_precision_at_20_diff1": -0.215932,
        "nauc_precision_at_100_max": 0.587802,
        "nauc_precision_at_100_std": 0.769534,
        "nauc_precision_at_100_diff1": -0.181472,
        "nauc_precision_at_1000_max": 0.448848,
        "nauc_precision_at_1000_std": 0.640489,
        "nauc_precision_at_1000_diff1": -0.095619,
        "nauc_mrr_at_1_max": 0.239504,
        "nauc_mrr_at_1_std": 0.126923,
        "nauc_mrr_at_1_diff1": -0.000485,
        "nauc_mrr_at_3_max": 0.418725,
        "nauc_mrr_at_3_std": 0.249005,
        "nauc_mrr_at_3_diff1": 0.0939,
        "nauc_mrr_at_5_max": 0.384819,
        "nauc_mrr_at_5_std": 0.212824,
        "nauc_mrr_at_5_diff1": 0.067053,
        "nauc_mrr_at_10_max": 0.366338,
        "nauc_mrr_at_10_std": 0.197521,
        "nauc_mrr_at_10_diff1": 0.058311,
        "nauc_mrr_at_20_max": 0.366338,
        "nauc_mrr_at_20_std": 0.197521,
        "nauc_mrr_at_20_diff1": 0.058311,
        "nauc_mrr_at_100_max": 0.366338,
        "nauc_mrr_at_100_std": 0.197521,
        "nauc_mrr_at_100_diff1": 0.058311,
        "nauc_mrr_at_1000_max": 0.366338,
        "nauc_mrr_at_1000_std": 0.197521,
        "nauc_mrr_at_1000_diff1": 0.058311,
        "main_score": 0.66672,
        "hf_subset": "default",
        "languages": [
          "eng-Latn"
        ]
      }
    ]
  },
  "evaluation_time": 1003.4507999420166,
  "kg_co2_emissions": null
}