{
  "dataset_revision": "f8c2fcf00f625baaa80f62ec5bd9e1fff3b8ae88",
  "task_name": "SCIDOCS",
  "mteb_version": "1.39.7",
  "scores": {
    "test": [
      {
        "ndcg_at_1": 0.019,
        "ndcg_at_3": 0.01521,
        "ndcg_at_5": 0.01332,
        "ndcg_at_10": 0.01667,
        "ndcg_at_20": 0.0197,
        "ndcg_at_100": 0.02994,
        "ndcg_at_1000": 0.05726,
        "map_at_1": 0.0038,
        "map_at_3": 0.0059,
        "map_at_5": 0.00668,
        "map_at_10": 0.00776,
        "map_at_20": 0.00839,
        "map_at_100": 0.00942,
        "map_at_1000": 0.01016,
        "recall_at_1": 0.0038,
        "recall_at_3": 0.00895,
        "recall_at_5": 0.01215,
        "recall_at_10": 0.01825,
        "recall_at_20": 0.02535,
        "recall_at_100": 0.05965,
        "recall_at_1000": 0.19728,
        "precision_at_1": 0.019,
        "precision_at_3": 0.01467,
        "precision_at_5": 0.012,
        "precision_at_10": 0.009,
        "precision_at_20": 0.00625,
        "precision_at_100": 0.00295,
        "precision_at_1000": 0.00097,
        "mrr_at_1": 0.019,
        "mrr_at_3": 0.027833,
        "mrr_at_5": 0.031233,
        "mrr_at_10": 0.034299,
        "mrr_at_20": 0.036242,
        "mrr_at_100": 0.038666,
        "mrr_at_1000": 0.039839,
        "nauc_ndcg_at_1_max": 0.113468,
        "nauc_ndcg_at_1_std": 0.265304,
        "nauc_ndcg_at_1_diff1": 0.278692,
        "nauc_ndcg_at_3_max": 0.13725,
        "nauc_ndcg_at_3_std": 0.193339,
        "nauc_ndcg_at_3_diff1": 0.147996,
        "nauc_ndcg_at_5_max": 0.117761,
        "nauc_ndcg_at_5_std": 0.173148,
        "nauc_ndcg_at_5_diff1": 0.072053,
        "nauc_ndcg_at_10_max": 0.139393,
        "nauc_ndcg_at_10_std": 0.145494,
        "nauc_ndcg_at_10_diff1": 0.046782,
        "nauc_ndcg_at_20_max": 0.127622,
        "nauc_ndcg_at_20_std": 0.138955,
        "nauc_ndcg_at_20_diff1": 0.016384,
        "nauc_ndcg_at_100_max": 0.118418,
        "nauc_ndcg_at_100_std": 0.10165,
        "nauc_ndcg_at_100_diff1": -0.011064,
        "nauc_ndcg_at_1000_max": 0.113565,
        "nauc_ndcg_at_1000_std": 0.085431,
        "nauc_ndcg_at_1000_diff1": -0.002768,
        "nauc_map_at_1_max": 0.113468,
        "nauc_map_at_1_std": 0.265304,
        "nauc_map_at_1_diff1": 0.278692,
        "nauc_map_at_3_max": 0.13825,
        "nauc_map_at_3_std": 0.204392,
        "nauc_map_at_3_diff1": 0.165809,
        "nauc_map_at_5_max": 0.122855,
        "nauc_map_at_5_std": 0.184241,
        "nauc_map_at_5_diff1": 0.112191,
        "nauc_map_at_10_max": 0.14475,
        "nauc_map_at_10_std": 0.165347,
        "nauc_map_at_10_diff1": 0.090415,
        "nauc_map_at_20_max": 0.144663,
        "nauc_map_at_20_std": 0.160766,
        "nauc_map_at_20_diff1": 0.074221,
        "nauc_map_at_100_max": 0.147609,
        "nauc_map_at_100_std": 0.146847,
        "nauc_map_at_100_diff1": 0.067307,
        "nauc_map_at_1000_max": 0.148105,
        "nauc_map_at_1000_std": 0.143166,
        "nauc_map_at_1000_diff1": 0.065357,
        "nauc_recall_at_1_max": 0.113468,
        "nauc_recall_at_1_std": 0.265304,
        "nauc_recall_at_1_diff1": 0.278692,
        "nauc_recall_at_3_max": 0.143445,
        "nauc_recall_at_3_std": 0.163856,
        "nauc_recall_at_3_diff1": 0.096579,
        "nauc_recall_at_5_max": 0.10646,
        "nauc_recall_at_5_std": 0.146185,
        "nauc_recall_at_5_diff1": -0.003022,
        "nauc_recall_at_10_max": 0.143593,
        "nauc_recall_at_10_std": 0.108303,
        "nauc_recall_at_10_diff1": -0.020762,
        "nauc_recall_at_20_max": 0.116934,
        "nauc_recall_at_20_std": 0.106188,
        "nauc_recall_at_20_diff1": -0.059534,
        "nauc_recall_at_100_max": 0.101607,
        "nauc_recall_at_100_std": 0.054193,
        "nauc_recall_at_100_diff1": -0.077399,
        "nauc_recall_at_1000_max": 0.092756,
        "nauc_recall_at_1000_std": 0.040239,
        "nauc_recall_at_1000_diff1": -0.032287,
        "nauc_precision_at_1_max": 0.113468,
        "nauc_precision_at_1_std": 0.265304,
        "nauc_precision_at_1_diff1": 0.278692,
        "nauc_precision_at_3_max": 0.141779,
        "nauc_precision_at_3_std": 0.168085,
        "nauc_precision_at_3_diff1": 0.104752,
        "nauc_precision_at_5_max": 0.104776,
        "nauc_precision_at_5_std": 0.149065,
        "nauc_precision_at_5_diff1": 0.001726,
        "nauc_precision_at_10_max": 0.144188,
        "nauc_precision_at_10_std": 0.109805,
        "nauc_precision_at_10_diff1": -0.016746,
        "nauc_precision_at_20_max": 0.118571,
        "nauc_precision_at_20_std": 0.107649,
        "nauc_precision_at_20_diff1": -0.056422,
        "nauc_precision_at_100_max": 0.103636,
        "nauc_precision_at_100_std": 0.054997,
        "nauc_precision_at_100_diff1": -0.074611,
        "nauc_precision_at_1000_max": 0.092169,
        "nauc_precision_at_1000_std": 0.041094,
        "nauc_precision_at_1000_diff1": -0.030084,
        "nauc_mrr_at_1_max": 0.113468,
        "nauc_mrr_at_1_std": 0.265304,
        "nauc_mrr_at_1_diff1": 0.278692,
        "nauc_mrr_at_3_max": 0.132784,
        "nauc_mrr_at_3_std": 0.206093,
        "nauc_mrr_at_3_diff1": 0.169495,
        "nauc_mrr_at_5_max": 0.124228,
        "nauc_mrr_at_5_std": 0.195628,
        "nauc_mrr_at_5_diff1": 0.121055,
        "nauc_mrr_at_10_max": 0.128082,
        "nauc_mrr_at_10_std": 0.17856,
        "nauc_mrr_at_10_diff1": 0.105734,
        "nauc_mrr_at_20_max": 0.122537,
        "nauc_mrr_at_20_std": 0.172229,
        "nauc_mrr_at_20_diff1": 0.090908,
        "nauc_mrr_at_100_max": 0.11823,
        "nauc_mrr_at_100_std": 0.165386,
        "nauc_mrr_at_100_diff1": 0.08228,
        "nauc_mrr_at_1000_max": 0.117612,
        "nauc_mrr_at_1000_std": 0.165491,
        "nauc_mrr_at_1000_diff1": 0.08355,
        "main_score": 0.01667,
        "hf_subset": "default",
        "languages": [
          "eng-Latn"
        ]
      }
    ]
  },
  "evaluation_time": 168.16517615318298,
  "kg_co2_emissions": null
}