{
  "dataset_revision": "a34f9a33db75fa0cbb21bb5cfc3dae8dc8bec93f",
  "task_name": "Touche2020",
  "mteb_version": "1.39.7",
  "scores": {
    "test": [
      {
        "ndcg_at_1": 0.13265,
        "ndcg_at_3": 0.18131,
        "ndcg_at_5": 0.19279,
        "ndcg_at_10": 0.19684,
        "ndcg_at_20": 0.21443,
        "ndcg_at_100": 0.31815,
        "ndcg_at_1000": 0.41828,
        "map_at_1": 0.01119,
        "map_at_3": 0.03307,
        "map_at_5": 0.05138,
        "map_at_10": 0.07907,
        "map_at_20": 0.10034,
        "map_at_100": 0.13374,
        "map_at_1000": 0.14681,
        "recall_at_1": 0.01119,
        "recall_at_3": 0.04823,
        "recall_at_5": 0.086,
        "recall_at_10": 0.14672,
        "recall_at_20": 0.21918,
        "recall_at_100": 0.44181,
        "recall_at_1000": 0.74334,
        "precision_at_1": 0.14286,
        "precision_at_3": 0.21088,
        "precision_at_5": 0.22449,
        "precision_at_10": 0.19388,
        "precision_at_20": 0.1551,
        "precision_at_100": 0.07163,
        "precision_at_1000": 0.01382,
        "mrr_at_1": 0.142857,
        "mrr_at_3": 0.289116,
        "mrr_at_5": 0.318707,
        "mrr_at_10": 0.332313,
        "mrr_at_20": 0.338354,
        "mrr_at_100": 0.344936,
        "mrr_at_1000": 0.344936,
        "nauc_ndcg_at_1_max": -0.15635,
        "nauc_ndcg_at_1_std": -0.080358,
        "nauc_ndcg_at_1_diff1": 0.041335,
        "nauc_ndcg_at_3_max": -0.211072,
        "nauc_ndcg_at_3_std": -0.125046,
        "nauc_ndcg_at_3_diff1": 0.179878,
        "nauc_ndcg_at_5_max": -0.266769,
        "nauc_ndcg_at_5_std": -0.113005,
        "nauc_ndcg_at_5_diff1": 0.069461,
        "nauc_ndcg_at_10_max": -0.234386,
        "nauc_ndcg_at_10_std": -0.144535,
        "nauc_ndcg_at_10_diff1": 0.04653,
        "nauc_ndcg_at_20_max": -0.276609,
        "nauc_ndcg_at_20_std": -0.152992,
        "nauc_ndcg_at_20_diff1": -5.7e-05,
        "nauc_ndcg_at_100_max": -0.23259,
        "nauc_ndcg_at_100_std": 0.08761,
        "nauc_ndcg_at_100_diff1": -0.035782,
        "nauc_ndcg_at_1000_max": -0.151856,
        "nauc_ndcg_at_1000_std": 0.235983,
        "nauc_ndcg_at_1000_diff1": -0.087558,
        "nauc_map_at_1_max": -0.144153,
        "nauc_map_at_1_std": -0.24366,
        "nauc_map_at_1_diff1": 0.005103,
        "nauc_map_at_3_max": -0.155005,
        "nauc_map_at_3_std": -0.278389,
        "nauc_map_at_3_diff1": 0.094829,
        "nauc_map_at_5_max": -0.168904,
        "nauc_map_at_5_std": -0.258333,
        "nauc_map_at_5_diff1": 0.04265,
        "nauc_map_at_10_max": -0.148019,
        "nauc_map_at_10_std": -0.278767,
        "nauc_map_at_10_diff1": 0.051952,
        "nauc_map_at_20_max": -0.180444,
        "nauc_map_at_20_std": -0.240521,
        "nauc_map_at_20_diff1": 0.03072,
        "nauc_map_at_100_max": -0.171484,
        "nauc_map_at_100_std": -0.104501,
        "nauc_map_at_100_diff1": 0.02673,
        "nauc_map_at_1000_max": -0.170017,
        "nauc_map_at_1000_std": -0.065841,
        "nauc_map_at_1000_diff1": 0.009463,
        "nauc_recall_at_1_max": -0.144153,
        "nauc_recall_at_1_std": -0.24366,
        "nauc_recall_at_1_diff1": 0.005103,
        "nauc_recall_at_3_max": -0.212723,
        "nauc_recall_at_3_std": -0.290029,
        "nauc_recall_at_3_diff1": 0.145115,
        "nauc_recall_at_5_max": -0.25766,
        "nauc_recall_at_5_std": -0.267541,
        "nauc_recall_at_5_diff1": 0.022729,
        "nauc_recall_at_10_max": -0.243482,
        "nauc_recall_at_10_std": -0.253954,
        "nauc_recall_at_10_diff1": 0.001774,
        "nauc_recall_at_20_max": -0.295359,
        "nauc_recall_at_20_std": -0.184425,
        "nauc_recall_at_20_diff1": -0.046058,
        "nauc_recall_at_100_max": -0.242053,
        "nauc_recall_at_100_std": 0.190568,
        "nauc_recall_at_100_diff1": -0.106996,
        "nauc_recall_at_1000_max": -0.001245,
        "nauc_recall_at_1000_std": 0.617638,
        "nauc_recall_at_1000_diff1": -0.301407,
        "nauc_precision_at_1_max": -0.140465,
        "nauc_precision_at_1_std": -0.109636,
        "nauc_precision_at_1_diff1": 0.064721,
        "nauc_precision_at_3_max": -0.224217,
        "nauc_precision_at_3_std": -0.156564,
        "nauc_precision_at_3_diff1": 0.230023,
        "nauc_precision_at_5_max": -0.283837,
        "nauc_precision_at_5_std": -0.110778,
        "nauc_precision_at_5_diff1": 0.028981,
        "nauc_precision_at_10_max": -0.218823,
        "nauc_precision_at_10_std": -0.080533,
        "nauc_precision_at_10_diff1": 0.019636,
        "nauc_precision_at_20_max": -0.244416,
        "nauc_precision_at_20_std": 0.036306,
        "nauc_precision_at_20_diff1": -0.017846,
        "nauc_precision_at_100_max": -0.029717,
        "nauc_precision_at_100_std": 0.574325,
        "nauc_precision_at_100_diff1": -0.075576,
        "nauc_precision_at_1000_max": 0.397524,
        "nauc_precision_at_1000_std": 0.570659,
        "nauc_precision_at_1000_diff1": -0.07648,
        "nauc_mrr_at_1_max": -0.140465,
        "nauc_mrr_at_1_std": -0.109636,
        "nauc_mrr_at_1_diff1": 0.064721,
        "nauc_mrr_at_3_max": -0.248063,
        "nauc_mrr_at_3_std": -0.158037,
        "nauc_mrr_at_3_diff1": 0.194009,
        "nauc_mrr_at_5_max": -0.33021,
        "nauc_mrr_at_5_std": -0.171933,
        "nauc_mrr_at_5_diff1": 0.129475,
        "nauc_mrr_at_10_max": -0.305678,
        "nauc_mrr_at_10_std": -0.112154,
        "nauc_mrr_at_10_diff1": 0.112678,
        "nauc_mrr_at_20_max": -0.303499,
        "nauc_mrr_at_20_std": -0.105394,
        "nauc_mrr_at_20_diff1": 0.103674,
        "nauc_mrr_at_100_max": -0.299274,
        "nauc_mrr_at_100_std": -0.112921,
        "nauc_mrr_at_100_diff1": 0.108328,
        "nauc_mrr_at_1000_max": -0.299274,
        "nauc_mrr_at_1000_std": -0.112921,
        "nauc_mrr_at_1000_diff1": 0.108328,
        "main_score": 0.19684,
        "hf_subset": "default",
        "languages": [
          "eng-Latn"
        ]
      }
    ]
  },
  "evaluation_time": 909.6007573604584,
  "kg_co2_emissions": null
}