{
  "dataset_revision": "f8c2fcf00f625baaa80f62ec5bd9e1fff3b8ae88",
  "task_name": "SCIDOCS",
  "mteb_version": "1.39.7",
  "scores": {
    "test": [
      {
        "ndcg_at_1": 0.009,
        "ndcg_at_3": 0.00747,
        "ndcg_at_5": 0.00651,
        "ndcg_at_10": 0.00759,
        "ndcg_at_20": 0.01028,
        "ndcg_at_100": 0.01789,
        "ndcg_at_1000": 0.04094,
        "map_at_1": 0.0018,
        "map_at_3": 0.0029,
        "map_at_5": 0.00334,
        "map_at_10": 0.00369,
        "map_at_20": 0.0042,
        "map_at_100": 0.00489,
        "map_at_1000": 0.00543,
        "recall_at_1": 0.0018,
        "recall_at_3": 0.0042,
        "recall_at_5": 0.0058,
        "recall_at_10": 0.0078,
        "recall_at_20": 0.01425,
        "recall_at_100": 0.0398,
        "recall_at_1000": 0.1566,
        "precision_at_1": 0.009,
        "precision_at_3": 0.007,
        "precision_at_5": 0.0058,
        "precision_at_10": 0.0039,
        "precision_at_20": 0.0035,
        "precision_at_100": 0.00197,
        "precision_at_1000": 0.00077,
        "mrr_at_1": 0.009,
        "mrr_at_3": 0.013833,
        "mrr_at_5": 0.015233,
        "mrr_at_10": 0.016039,
        "mrr_at_20": 0.017821,
        "mrr_at_100": 0.019959,
        "mrr_at_1000": 0.021119,
        "nauc_ndcg_at_1_max": 0.393048,
        "nauc_ndcg_at_1_std": 0.322005,
        "nauc_ndcg_at_1_diff1": 0.355096,
        "nauc_ndcg_at_3_max": 0.341883,
        "nauc_ndcg_at_3_std": 0.27986,
        "nauc_ndcg_at_3_diff1": 0.283394,
        "nauc_ndcg_at_5_max": 0.351959,
        "nauc_ndcg_at_5_std": 0.272646,
        "nauc_ndcg_at_5_diff1": 0.259692,
        "nauc_ndcg_at_10_max": 0.339863,
        "nauc_ndcg_at_10_std": 0.239603,
        "nauc_ndcg_at_10_diff1": 0.248076,
        "nauc_ndcg_at_20_max": 0.313207,
        "nauc_ndcg_at_20_std": 0.193594,
        "nauc_ndcg_at_20_diff1": 0.180769,
        "nauc_ndcg_at_100_max": 0.211917,
        "nauc_ndcg_at_100_std": 0.130412,
        "nauc_ndcg_at_100_diff1": 0.13443,
        "nauc_ndcg_at_1000_max": 0.154814,
        "nauc_ndcg_at_1000_std": 0.114944,
        "nauc_ndcg_at_1000_diff1": 0.066253,
        "nauc_map_at_1_max": 0.393048,
        "nauc_map_at_1_std": 0.322005,
        "nauc_map_at_1_diff1": 0.355096,
        "nauc_map_at_3_max": 0.336205,
        "nauc_map_at_3_std": 0.275381,
        "nauc_map_at_3_diff1": 0.303757,
        "nauc_map_at_5_max": 0.34723,
        "nauc_map_at_5_std": 0.278561,
        "nauc_map_at_5_diff1": 0.295092,
        "nauc_map_at_10_max": 0.351368,
        "nauc_map_at_10_std": 0.259153,
        "nauc_map_at_10_diff1": 0.289699,
        "nauc_map_at_20_max": 0.333296,
        "nauc_map_at_20_std": 0.234622,
        "nauc_map_at_20_diff1": 0.25759,
        "nauc_map_at_100_max": 0.306842,
        "nauc_map_at_100_std": 0.20852,
        "nauc_map_at_100_diff1": 0.235724,
        "nauc_map_at_1000_max": 0.295318,
        "nauc_map_at_1000_std": 0.20263,
        "nauc_map_at_1000_diff1": 0.219678,
        "nauc_recall_at_1_max": 0.393048,
        "nauc_recall_at_1_std": 0.322005,
        "nauc_recall_at_1_diff1": 0.355096,
        "nauc_recall_at_3_max": 0.335403,
        "nauc_recall_at_3_std": 0.255472,
        "nauc_recall_at_3_diff1": 0.259892,
        "nauc_recall_at_5_max": 0.352812,
        "nauc_recall_at_5_std": 0.255295,
        "nauc_recall_at_5_diff1": 0.228158,
        "nauc_recall_at_10_max": 0.327527,
        "nauc_recall_at_10_std": 0.202115,
        "nauc_recall_at_10_diff1": 0.212469,
        "nauc_recall_at_20_max": 0.28932,
        "nauc_recall_at_20_std": 0.13643,
        "nauc_recall_at_20_diff1": 0.119778,
        "nauc_recall_at_100_max": 0.141725,
        "nauc_recall_at_100_std": 0.073589,
        "nauc_recall_at_100_diff1": 0.084081,
        "nauc_recall_at_1000_max": 0.085855,
        "nauc_recall_at_1000_std": 0.076648,
        "nauc_recall_at_1000_diff1": 0.004346,
        "nauc_precision_at_1_max": 0.393048,
        "nauc_precision_at_1_std": 0.322005,
        "nauc_precision_at_1_diff1": 0.355096,
        "nauc_precision_at_3_max": 0.335403,
        "nauc_precision_at_3_std": 0.255472,
        "nauc_precision_at_3_diff1": 0.259892,
        "nauc_precision_at_5_max": 0.352812,
        "nauc_precision_at_5_std": 0.255295,
        "nauc_precision_at_5_diff1": 0.228158,
        "nauc_precision_at_10_max": 0.327527,
        "nauc_precision_at_10_std": 0.202115,
        "nauc_precision_at_10_diff1": 0.212469,
        "nauc_precision_at_20_max": 0.286814,
        "nauc_precision_at_20_std": 0.137993,
        "nauc_precision_at_20_diff1": 0.115922,
        "nauc_precision_at_100_max": 0.141671,
        "nauc_precision_at_100_std": 0.074357,
        "nauc_precision_at_100_diff1": 0.080134,
        "nauc_precision_at_1000_max": 0.085017,
        "nauc_precision_at_1000_std": 0.07316,
        "nauc_precision_at_1000_diff1": 0.006277,
        "nauc_mrr_at_1_max": 0.393048,
        "nauc_mrr_at_1_std": 0.322005,
        "nauc_mrr_at_1_diff1": 0.355096,
        "nauc_mrr_at_3_max": 0.355808,
        "nauc_mrr_at_3_std": 0.308656,
        "nauc_mrr_at_3_diff1": 0.286496,
        "nauc_mrr_at_5_max": 0.357865,
        "nauc_mrr_at_5_std": 0.288784,
        "nauc_mrr_at_5_diff1": 0.259773,
        "nauc_mrr_at_10_max": 0.34284,
        "nauc_mrr_at_10_std": 0.270728,
        "nauc_mrr_at_10_diff1": 0.251715,
        "nauc_mrr_at_20_max": 0.335463,
        "nauc_mrr_at_20_std": 0.252237,
        "nauc_mrr_at_20_diff1": 0.218973,
        "nauc_mrr_at_100_max": 0.306749,
        "nauc_mrr_at_100_std": 0.230269,
        "nauc_mrr_at_100_diff1": 0.205415,
        "nauc_mrr_at_1000_max": 0.301195,
        "nauc_mrr_at_1000_std": 0.227836,
        "nauc_mrr_at_1000_diff1": 0.199958,
        "main_score": 0.00759,
        "hf_subset": "default",
        "languages": [
          "eng-Latn"
        ]
      }
    ]
  },
  "evaluation_time": 383.38842821121216,
  "kg_co2_emissions": null
}