{
  "dataset_revision": "a34f9a33db75fa0cbb21bb5cfc3dae8dc8bec93f",
  "task_name": "Touche2020",
  "mteb_version": "1.39.7",
  "scores": {
    "test": [
      {
        "ndcg_at_1": 0.12245,
        "ndcg_at_3": 0.10461,
        "ndcg_at_5": 0.0897,
        "ndcg_at_10": 0.07534,
        "ndcg_at_20": 0.07034,
        "ndcg_at_100": 0.09295,
        "ndcg_at_1000": 0.15272,
        "map_at_1": 0.00563,
        "map_at_3": 0.0121,
        "map_at_5": 0.01463,
        "map_at_10": 0.01908,
        "map_at_20": 0.02264,
        "map_at_100": 0.0285,
        "map_at_1000": 0.03134,
        "recall_at_1": 0.00563,
        "recall_at_3": 0.01747,
        "recall_at_5": 0.02301,
        "recall_at_10": 0.03729,
        "recall_at_20": 0.05776,
        "recall_at_100": 0.11139,
        "recall_at_1000": 0.28967,
        "precision_at_1": 0.12245,
        "precision_at_3": 0.10204,
        "precision_at_5": 0.08163,
        "precision_at_10": 0.06327,
        "precision_at_20": 0.04694,
        "precision_at_100": 0.01898,
        "precision_at_1000": 0.00567,
        "mrr_at_1": 0.122449,
        "mrr_at_3": 0.173469,
        "mrr_at_5": 0.183673,
        "mrr_at_10": 0.186589,
        "mrr_at_20": 0.193975,
        "mrr_at_100": 0.197195,
        "mrr_at_1000": 0.198637,
        "nauc_ndcg_at_1_max": 0.097941,
        "nauc_ndcg_at_1_std": 0.165053,
        "nauc_ndcg_at_1_diff1": -0.138999,
        "nauc_ndcg_at_3_max": 0.091949,
        "nauc_ndcg_at_3_std": 0.136355,
        "nauc_ndcg_at_3_diff1": -0.11483,
        "nauc_ndcg_at_5_max": 0.109911,
        "nauc_ndcg_at_5_std": 0.158772,
        "nauc_ndcg_at_5_diff1": -0.117301,
        "nauc_ndcg_at_10_max": 0.114846,
        "nauc_ndcg_at_10_std": 0.217363,
        "nauc_ndcg_at_10_diff1": -0.116689,
        "nauc_ndcg_at_20_max": 0.12496,
        "nauc_ndcg_at_20_std": 0.329909,
        "nauc_ndcg_at_20_diff1": -0.048936,
        "nauc_ndcg_at_100_max": 0.179285,
        "nauc_ndcg_at_100_std": 0.436351,
        "nauc_ndcg_at_100_diff1": 0.036166,
        "nauc_ndcg_at_1000_max": 0.299639,
        "nauc_ndcg_at_1000_std": 0.465918,
        "nauc_ndcg_at_1000_diff1": 0.009519,
        "nauc_map_at_1_max": 0.092103,
        "nauc_map_at_1_std": 0.164238,
        "nauc_map_at_1_diff1": -0.120788,
        "nauc_map_at_3_max": 0.070077,
        "nauc_map_at_3_std": 0.19252,
        "nauc_map_at_3_diff1": -0.076991,
        "nauc_map_at_5_max": 0.128949,
        "nauc_map_at_5_std": 0.160562,
        "nauc_map_at_5_diff1": -0.077186,
        "nauc_map_at_10_max": 0.162592,
        "nauc_map_at_10_std": 0.187185,
        "nauc_map_at_10_diff1": -0.080835,
        "nauc_map_at_20_max": 0.167061,
        "nauc_map_at_20_std": 0.270754,
        "nauc_map_at_20_diff1": -0.037171,
        "nauc_map_at_100_max": 0.197357,
        "nauc_map_at_100_std": 0.355085,
        "nauc_map_at_100_diff1": 0.033326,
        "nauc_map_at_1000_max": 0.21869,
        "nauc_map_at_1000_std": 0.372088,
        "nauc_map_at_1000_diff1": 0.0313,
        "nauc_recall_at_1_max": 0.092103,
        "nauc_recall_at_1_std": 0.164238,
        "nauc_recall_at_1_diff1": -0.120788,
        "nauc_recall_at_3_max": 0.040732,
        "nauc_recall_at_3_std": 0.203787,
        "nauc_recall_at_3_diff1": -0.090619,
        "nauc_recall_at_5_max": 0.155549,
        "nauc_recall_at_5_std": 0.219488,
        "nauc_recall_at_5_diff1": -0.058126,
        "nauc_recall_at_10_max": 0.12332,
        "nauc_recall_at_10_std": 0.33351,
        "nauc_recall_at_10_diff1": -0.058883,
        "nauc_recall_at_20_max": 0.103588,
        "nauc_recall_at_20_std": 0.444647,
        "nauc_recall_at_20_diff1": 0.006956,
        "nauc_recall_at_100_max": 0.139254,
        "nauc_recall_at_100_std": 0.545535,
        "nauc_recall_at_100_diff1": 0.102184,
        "nauc_recall_at_1000_max": 0.313716,
        "nauc_recall_at_1000_std": 0.487516,
        "nauc_recall_at_1000_diff1": 0.033424,
        "nauc_precision_at_1_max": 0.097941,
        "nauc_precision_at_1_std": 0.165053,
        "nauc_precision_at_1_diff1": -0.138999,
        "nauc_precision_at_3_max": 0.114519,
        "nauc_precision_at_3_std": 0.087642,
        "nauc_precision_at_3_diff1": -0.125101,
        "nauc_precision_at_5_max": 0.17395,
        "nauc_precision_at_5_std": 0.096455,
        "nauc_precision_at_5_diff1": -0.130827,
        "nauc_precision_at_10_max": 0.185796,
        "nauc_precision_at_10_std": 0.200679,
        "nauc_precision_at_10_diff1": -0.121121,
        "nauc_precision_at_20_max": 0.173798,
        "nauc_precision_at_20_std": 0.314874,
        "nauc_precision_at_20_diff1": -0.062997,
        "nauc_precision_at_100_max": 0.255867,
        "nauc_precision_at_100_std": 0.474321,
        "nauc_precision_at_100_diff1": 0.055119,
        "nauc_precision_at_1000_max": 0.474966,
        "nauc_precision_at_1000_std": 0.36279,
        "nauc_precision_at_1000_diff1": -0.06547,
        "nauc_mrr_at_1_max": 0.097941,
        "nauc_mrr_at_1_std": 0.165053,
        "nauc_mrr_at_1_diff1": -0.138999,
        "nauc_mrr_at_3_max": 0.078546,
        "nauc_mrr_at_3_std": 0.13661,
        "nauc_mrr_at_3_diff1": -0.15537,
        "nauc_mrr_at_5_max": 0.092462,
        "nauc_mrr_at_5_std": 0.179182,
        "nauc_mrr_at_5_diff1": -0.149343,
        "nauc_mrr_at_10_max": 0.081889,
        "nauc_mrr_at_10_std": 0.191,
        "nauc_mrr_at_10_diff1": -0.149803,
        "nauc_mrr_at_20_max": 0.073091,
        "nauc_mrr_at_20_std": 0.18909,
        "nauc_mrr_at_20_diff1": -0.157782,
        "nauc_mrr_at_100_max": 0.07889,
        "nauc_mrr_at_100_std": 0.202367,
        "nauc_mrr_at_100_diff1": -0.155523,
        "nauc_mrr_at_1000_max": 0.081265,
        "nauc_mrr_at_1000_std": 0.200444,
        "nauc_mrr_at_1000_diff1": -0.155933,
        "main_score": 0.07534,
        "hf_subset": "default",
        "languages": [
          "eng-Latn"
        ]
      }
    ]
  },
  "evaluation_time": 2943.613993167877,
  "kg_co2_emissions": null
}