{
  "map_at_10": 0.00446,
  "mrr_at_10": 0.021421428571428567,
  "ndcg_at_10": 0.00961,
  "recall_at_10": 0.01,
  "recall_at_100": 0.0383
}
