{
  "map_at_10": 0.00517,
  "mrr_at_10": 0.024253571428571416,
  "ndcg_at_10": 0.01111,
  "recall_at_10": 0.0116,
  "recall_at_100": 0.04445
}
