{
  "map_at_10": 0.00776,
  "mrr_at_10": 0.03429880952380952,
  "ndcg_at_10": 0.01667,
  "recall_at_10": 0.01825,
  "recall_at_100": 0.05965
}
