{
  "map_at_10": 0.01043,
  "mrr_at_10": 0.04495476190476192,
  "ndcg_at_10": 0.02169,
  "recall_at_10": 0.0232,
  "recall_at_100": 0.0714
}
