{
  "map_at_10": 0.00463,
  "mrr_at_10": 0.021856349206349206,
  "ndcg_at_10": 0.01024,
  "recall_at_10": 0.0112,
  "recall_at_100": 0.04065
}
