{
  "map_at_10": 0.0057,
  "mrr_at_10": 0.02637817460317459,
  "ndcg_at_10": 0.01245,
  "recall_at_10": 0.0134,
  "recall_at_100": 0.04755
}
