{
  "map_at_10": 0.00678,
  "mrr_at_10": 0.031189682539682528,
  "ndcg_at_10": 0.01467,
  "recall_at_10": 0.01585,
  "recall_at_100": 0.0525
}
