{
  "map_at_10": 0.0397,
  "mrr_at_10": 0.14506349206349203,
  "ndcg_at_10": 0.07375,
  "recall_at_10": 0.0752,
  "recall_at_100": 0.17152
}
