{
  "map_at_10": 0.00393,
  "mrr_at_10": 0.019008333333333335,
  "ndcg_at_10": 0.00854,
  "recall_at_10": 0.00895,
  "recall_at_100": 0.03625
}
