{
  "map_at_10": 0.01759,
  "mrr_at_10": 0.07273055555555558,
  "ndcg_at_10": 0.03483,
  "recall_at_10": 0.03565,
  "recall_at_100": 0.09608
}
