{
  "dataset_revision": "f8c2fcf00f625baaa80f62ec5bd9e1fff3b8ae88",
  "task_name": "SCIDOCS",
  "mteb_version": "1.39.7",
  "scores": {
    "test": [
      {
        "ndcg_at_1": 0.172,
        "ndcg_at_3": 0.13541,
        "ndcg_at_5": 0.11845,
        "ndcg_at_10": 0.1376,
        "ndcg_at_20": 0.15768,
        "ndcg_at_100": 0.19936,
        "ndcg_at_1000": 0.25065,
        "map_at_1": 0.0347,
        "map_at_3": 0.0588,
        "map_at_5": 0.07004,
        "map_at_10": 0.07862,
        "map_at_20": 0.08508,
        "map_at_100": 0.09243,
        "map_at_1000": 0.0948,
        "recall_at_1": 0.0347,
        "recall_at_3": 0.07575,
        "recall_at_5": 0.10483,
        "recall_at_10": 0.14018,
        "recall_at_20": 0.1876,
        "recall_at_100": 0.32212,
        "recall_at_1000": 0.57703,
        "precision_at_1": 0.172,
        "precision_at_3": 0.125,
        "precision_at_5": 0.1034,
        "precision_at_10": 0.0691,
        "precision_at_20": 0.0462,
        "precision_at_100": 0.01588,
        "precision_at_1000": 0.00284,
        "mrr_at_1": 0.172,
        "mrr_at_3": 0.229667,
        "mrr_at_5": 0.246017,
        "mrr_at_10": 0.25697,
        "mrr_at_20": 0.263158,
        "mrr_at_100": 0.267988,
        "mrr_at_1000": 0.268789,
        "nauc_ndcg_at_1_max": 0.229625,
        "nauc_ndcg_at_1_std": 0.092613,
        "nauc_ndcg_at_1_diff1": 0.197306,
        "nauc_ndcg_at_3_max": 0.252836,
        "nauc_ndcg_at_3_std": 0.131655,
        "nauc_ndcg_at_3_diff1": 0.188819,
        "nauc_ndcg_at_5_max": 0.254025,
        "nauc_ndcg_at_5_std": 0.148125,
        "nauc_ndcg_at_5_diff1": 0.162043,
        "nauc_ndcg_at_10_max": 0.272644,
        "nauc_ndcg_at_10_std": 0.174216,
        "nauc_ndcg_at_10_diff1": 0.150426,
        "nauc_ndcg_at_20_max": 0.280446,
        "nauc_ndcg_at_20_std": 0.201346,
        "nauc_ndcg_at_20_diff1": 0.139266,
        "nauc_ndcg_at_100_max": 0.300073,
        "nauc_ndcg_at_100_std": 0.266203,
        "nauc_ndcg_at_100_diff1": 0.13815,
        "nauc_ndcg_at_1000_max": 0.312974,
        "nauc_ndcg_at_1000_std": 0.290908,
        "nauc_ndcg_at_1000_diff1": 0.143921,
        "nauc_map_at_1_max": 0.229685,
        "nauc_map_at_1_std": 0.094277,
        "nauc_map_at_1_diff1": 0.195151,
        "nauc_map_at_3_max": 0.256206,
        "nauc_map_at_3_std": 0.118069,
        "nauc_map_at_3_diff1": 0.194589,
        "nauc_map_at_5_max": 0.256726,
        "nauc_map_at_5_std": 0.126447,
        "nauc_map_at_5_diff1": 0.172318,
        "nauc_map_at_10_max": 0.275462,
        "nauc_map_at_10_std": 0.149122,
        "nauc_map_at_10_diff1": 0.164282,
        "nauc_map_at_20_max": 0.284667,
        "nauc_map_at_20_std": 0.167957,
        "nauc_map_at_20_diff1": 0.157262,
        "nauc_map_at_100_max": 0.289649,
        "nauc_map_at_100_std": 0.192493,
        "nauc_map_at_100_diff1": 0.154724,
        "nauc_map_at_1000_max": 0.290766,
        "nauc_map_at_1000_std": 0.196329,
        "nauc_map_at_1000_diff1": 0.154295,
        "nauc_recall_at_1_max": 0.229685,
        "nauc_recall_at_1_std": 0.094277,
        "nauc_recall_at_1_diff1": 0.195151,
        "nauc_recall_at_3_max": 0.257012,
        "nauc_recall_at_3_std": 0.145873,
        "nauc_recall_at_3_diff1": 0.180063,
        "nauc_recall_at_5_max": 0.248984,
        "nauc_recall_at_5_std": 0.162951,
        "nauc_recall_at_5_diff1": 0.131872,
        "nauc_recall_at_10_max": 0.277713,
        "nauc_recall_at_10_std": 0.205571,
        "nauc_recall_at_10_diff1": 0.110725,
        "nauc_recall_at_20_max": 0.274551,
        "nauc_recall_at_20_std": 0.247741,
        "nauc_recall_at_20_diff1": 0.084485,
        "nauc_recall_at_100_max": 0.295053,
        "nauc_recall_at_100_std": 0.369584,
        "nauc_recall_at_100_diff1": 0.07738,
        "nauc_recall_at_1000_max": 0.303931,
        "nauc_recall_at_1000_std": 0.420615,
        "nauc_recall_at_1000_diff1": 0.083716,
        "nauc_precision_at_1_max": 0.229625,
        "nauc_precision_at_1_std": 0.092613,
        "nauc_precision_at_1_diff1": 0.197306,
        "nauc_precision_at_3_max": 0.25748,
        "nauc_precision_at_3_std": 0.14403,
        "nauc_precision_at_3_diff1": 0.182433,
        "nauc_precision_at_5_max": 0.253162,
        "nauc_precision_at_5_std": 0.164419,
        "nauc_precision_at_5_diff1": 0.136553,
        "nauc_precision_at_10_max": 0.282345,
        "nauc_precision_at_10_std": 0.20658,
        "nauc_precision_at_10_diff1": 0.114435,
        "nauc_precision_at_20_max": 0.277486,
        "nauc_precision_at_20_std": 0.246011,
        "nauc_precision_at_20_diff1": 0.084826,
        "nauc_precision_at_100_max": 0.294998,
        "nauc_precision_at_100_std": 0.36343,
        "nauc_precision_at_100_diff1": 0.077713,
        "nauc_precision_at_1000_max": 0.304468,
        "nauc_precision_at_1000_std": 0.409548,
        "nauc_precision_at_1000_diff1": 0.085844,
        "nauc_mrr_at_1_max": 0.229625,
        "nauc_mrr_at_1_std": 0.092613,
        "nauc_mrr_at_1_diff1": 0.197306,
        "nauc_mrr_at_3_max": 0.242932,
        "nauc_mrr_at_3_std": 0.136806,
        "nauc_mrr_at_3_diff1": 0.183356,
        "nauc_mrr_at_5_max": 0.244091,
        "nauc_mrr_at_5_std": 0.149348,
        "nauc_mrr_at_5_diff1": 0.171578,
        "nauc_mrr_at_10_max": 0.244241,
        "nauc_mrr_at_10_std": 0.152282,
        "nauc_mrr_at_10_diff1": 0.166542,
        "nauc_mrr_at_20_max": 0.24381,
        "nauc_mrr_at_20_std": 0.153592,
        "nauc_mrr_at_20_diff1": 0.167068,
        "nauc_mrr_at_100_max": 0.245227,
        "nauc_mrr_at_100_std": 0.156183,
        "nauc_mrr_at_100_diff1": 0.168903,
        "nauc_mrr_at_1000_max": 0.245185,
        "nauc_mrr_at_1000_std": 0.156116,
        "nauc_mrr_at_1000_diff1": 0.168922,
        "main_score": 0.1376,
        "hf_subset": "default",
        "languages": [
          "eng-Latn"
        ]
      }
    ]
  },
  "evaluation_time": 36.60199213027954,
  "kg_co2_emissions": null
}