{
  "dataset_revision": "c22ab2a51041ffd869aaddef7af8d8215647e41a",
  "task_name": "ArguAna",
  "mteb_version": "1.39.7",
  "scores": {
    "test": [
      {
        "ndcg_at_1": 0.03272,
        "ndcg_at_3": 0.05722,
        "ndcg_at_5": 0.07062,
        "ndcg_at_10": 0.09273,
        "ndcg_at_20": 0.11014,
        "ndcg_at_100": 0.13696,
        "ndcg_at_1000": 0.17438,
        "map_at_1": 0.03272,
        "map_at_3": 0.05097,
        "map_at_5": 0.05837,
        "map_at_10": 0.06738,
        "map_at_20": 0.07224,
        "map_at_100": 0.07577,
        "map_at_1000": 0.07694,
        "recall_at_1": 0.03272,
        "recall_at_3": 0.07539,
        "recall_at_5": 0.10811,
        "recall_at_10": 0.1771,
        "recall_at_20": 0.24538,
        "recall_at_100": 0.3926,
        "recall_at_1000": 0.70199,
        "precision_at_1": 0.03272,
        "precision_at_3": 0.02513,
        "precision_at_5": 0.02162,
        "precision_at_10": 0.01771,
        "precision_at_20": 0.01227,
        "precision_at_100": 0.00393,
        "precision_at_1000": 0.0007,
        "mrr_at_1": 0.033428,
        "mrr_at_3": 0.051091,
        "mrr_at_5": 0.058487,
        "mrr_at_10": 0.067574,
        "mrr_at_20": 0.072363,
        "mrr_at_100": 0.075894,
        "mrr_at_1000": 0.077057,
        "nauc_ndcg_at_1_max": 0.186237,
        "nauc_ndcg_at_1_std": 0.110116,
        "nauc_ndcg_at_1_diff1": -0.010533,
        "nauc_ndcg_at_3_max": 0.214343,
        "nauc_ndcg_at_3_std": 0.150019,
        "nauc_ndcg_at_3_diff1": -0.037663,
        "nauc_ndcg_at_5_max": 0.194553,
        "nauc_ndcg_at_5_std": 0.149668,
        "nauc_ndcg_at_5_diff1": -0.040287,
        "nauc_ndcg_at_10_max": 0.229586,
        "nauc_ndcg_at_10_std": 0.204791,
        "nauc_ndcg_at_10_diff1": -0.039005,
        "nauc_ndcg_at_20_max": 0.232068,
        "nauc_ndcg_at_20_std": 0.219027,
        "nauc_ndcg_at_20_diff1": -0.024274,
        "nauc_ndcg_at_100_max": 0.232934,
        "nauc_ndcg_at_100_std": 0.225472,
        "nauc_ndcg_at_100_diff1": -0.007584,
        "nauc_ndcg_at_1000_max": 0.22488,
        "nauc_ndcg_at_1000_std": 0.229994,
        "nauc_ndcg_at_1000_diff1": -0.013292,
        "nauc_map_at_1_max": 0.186237,
        "nauc_map_at_1_std": 0.110116,
        "nauc_map_at_1_diff1": -0.010533,
        "nauc_map_at_3_max": 0.205624,
        "nauc_map_at_3_std": 0.14279,
        "nauc_map_at_3_diff1": -0.033264,
        "nauc_map_at_5_max": 0.192721,
        "nauc_map_at_5_std": 0.143439,
        "nauc_map_at_5_diff1": -0.03472,
        "nauc_map_at_10_max": 0.210156,
        "nauc_map_at_10_std": 0.173144,
        "nauc_map_at_10_diff1": -0.033287,
        "nauc_map_at_20_max": 0.212208,
        "nauc_map_at_20_std": 0.179455,
        "nauc_map_at_20_diff1": -0.028173,
        "nauc_map_at_100_max": 0.212712,
        "nauc_map_at_100_std": 0.182209,
        "nauc_map_at_100_diff1": -0.024498,
        "nauc_map_at_1000_max": 0.212281,
        "nauc_map_at_1000_std": 0.182465,
        "nauc_map_at_1000_diff1": -0.024644,
        "nauc_recall_at_1_max": 0.186237,
        "nauc_recall_at_1_std": 0.110116,
        "nauc_recall_at_1_diff1": -0.010533,
        "nauc_recall_at_3_max": 0.232574,
        "nauc_recall_at_3_std": 0.164417,
        "nauc_recall_at_3_diff1": -0.046302,
        "nauc_recall_at_5_max": 0.19731,
        "nauc_recall_at_5_std": 0.159691,
        "nauc_recall_at_5_diff1": -0.049903,
        "nauc_recall_at_10_max": 0.260868,
        "nauc_recall_at_10_std": 0.253771,
        "nauc_recall_at_10_diff1": -0.047608,
        "nauc_recall_at_20_max": 0.259509,
        "nauc_recall_at_20_std": 0.274865,
        "nauc_recall_at_20_diff1": -0.015741,
        "nauc_recall_at_100_max": 0.257676,
        "nauc_recall_at_100_std": 0.280105,
        "nauc_recall_at_100_diff1": 0.024117,
        "nauc_recall_at_1000_max": 0.227143,
        "nauc_recall_at_1000_std": 0.31926,
        "nauc_recall_at_1000_diff1": 0.003326,
        "nauc_precision_at_1_max": 0.186237,
        "nauc_precision_at_1_std": 0.110116,
        "nauc_precision_at_1_diff1": -0.010533,
        "nauc_precision_at_3_max": 0.232574,
        "nauc_precision_at_3_std": 0.164417,
        "nauc_precision_at_3_diff1": -0.046302,
        "nauc_precision_at_5_max": 0.19731,
        "nauc_precision_at_5_std": 0.159691,
        "nauc_precision_at_5_diff1": -0.049903,
        "nauc_precision_at_10_max": 0.260868,
        "nauc_precision_at_10_std": 0.253771,
        "nauc_precision_at_10_diff1": -0.047608,
        "nauc_precision_at_20_max": 0.259509,
        "nauc_precision_at_20_std": 0.274865,
        "nauc_precision_at_20_diff1": -0.015741,
        "nauc_precision_at_100_max": 0.257676,
        "nauc_precision_at_100_std": 0.280105,
        "nauc_precision_at_100_diff1": 0.024117,
        "nauc_precision_at_1000_max": 0.227143,
        "nauc_precision_at_1000_std": 0.31926,
        "nauc_precision_at_1000_diff1": 0.003326,
        "nauc_mrr_at_1_max": 0.196373,
        "nauc_mrr_at_1_std": 0.114668,
        "nauc_mrr_at_1_diff1": -0.022546,
        "nauc_mrr_at_3_max": 0.20721,
        "nauc_mrr_at_3_std": 0.145123,
        "nauc_mrr_at_3_diff1": -0.035291,
        "nauc_mrr_at_5_max": 0.194146,
        "nauc_mrr_at_5_std": 0.145494,
        "nauc_mrr_at_5_diff1": -0.036504,
        "nauc_mrr_at_10_max": 0.211469,
        "nauc_mrr_at_10_std": 0.175532,
        "nauc_mrr_at_10_diff1": -0.034593,
        "nauc_mrr_at_20_max": 0.213266,
        "nauc_mrr_at_20_std": 0.181169,
        "nauc_mrr_at_20_diff1": -0.02977,
        "nauc_mrr_at_100_max": 0.213759,
        "nauc_mrr_at_100_std": 0.183897,
        "nauc_mrr_at_100_diff1": -0.026083,
        "nauc_mrr_at_1000_max": 0.21333,
        "nauc_mrr_at_1000_std": 0.184156,
        "nauc_mrr_at_1000_diff1": -0.026232,
        "main_score": 0.09273,
        "hf_subset": "default",
        "languages": [
          "eng-Latn"
        ]
      }
    ]
  },
  "evaluation_time": 84.39950323104858,
  "kg_co2_emissions": null
}