{
  "dataset_revision": "bb9466bac8153a0349341eb1b22e06409e78ef4e",
  "task_name": "TRECCOVID",
  "mteb_version": "1.39.7",
  "scores": {
    "test": [
      {
        "ndcg_at_1": 0.76,
        "ndcg_at_3": 0.75469,
        "ndcg_at_5": 0.71678,
        "ndcg_at_10": 0.67118,
        "ndcg_at_20": 0.63072,
        "ndcg_at_100": 0.48739,
        "ndcg_at_1000": 0.41806,
        "map_at_1": 0.00215,
        "map_at_3": 0.00586,
        "map_at_5": 0.00886,
        "map_at_10": 0.0151,
        "map_at_20": 0.02604,
        "map_at_100": 0.07761,
        "map_at_1000": 0.17893,
        "recall_at_1": 0.00215,
        "recall_at_3": 0.00631,
        "recall_at_5": 0.00966,
        "recall_at_10": 0.01737,
        "recall_at_20": 0.03161,
        "recall_at_100": 0.11065,
        "recall_at_1000": 0.38882,
        "precision_at_1": 0.82,
        "precision_at_3": 0.80667,
        "precision_at_5": 0.76,
        "precision_at_10": 0.706,
        "precision_at_20": 0.665,
        "precision_at_100": 0.4944,
        "precision_at_1000": 0.18828,
        "mrr_at_1": 0.82,
        "mrr_at_3": 0.896667,
        "mrr_at_5": 0.896667,
        "mrr_at_10": 0.899524,
        "mrr_at_20": 0.899524,
        "mrr_at_100": 0.899524,
        "mrr_at_1000": 0.899524,
        "nauc_ndcg_at_1_max": 0.200335,
        "nauc_ndcg_at_1_std": 0.225731,
        "nauc_ndcg_at_1_diff1": 0.314856,
        "nauc_ndcg_at_3_max": 0.225167,
        "nauc_ndcg_at_3_std": 0.320994,
        "nauc_ndcg_at_3_diff1": -0.032114,
        "nauc_ndcg_at_5_max": 0.288699,
        "nauc_ndcg_at_5_std": 0.416224,
        "nauc_ndcg_at_5_diff1": -0.110874,
        "nauc_ndcg_at_10_max": 0.359778,
        "nauc_ndcg_at_10_std": 0.504702,
        "nauc_ndcg_at_10_diff1": -0.16244,
        "nauc_ndcg_at_20_max": 0.40781,
        "nauc_ndcg_at_20_std": 0.575807,
        "nauc_ndcg_at_20_diff1": -0.198718,
        "nauc_ndcg_at_100_max": 0.505666,
        "nauc_ndcg_at_100_std": 0.71299,
        "nauc_ndcg_at_100_diff1": -0.196588,
        "nauc_ndcg_at_1000_max": 0.607782,
        "nauc_ndcg_at_1000_std": 0.777123,
        "nauc_ndcg_at_1000_diff1": -0.087683,
        "nauc_map_at_1_max": 0.01467,
        "nauc_map_at_1_std": -0.068309,
        "nauc_map_at_1_diff1": 0.251583,
        "nauc_map_at_3_max": 0.020906,
        "nauc_map_at_3_std": -0.012797,
        "nauc_map_at_3_diff1": 0.06122,
        "nauc_map_at_5_max": 0.020541,
        "nauc_map_at_5_std": 0.050355,
        "nauc_map_at_5_diff1": 0.015411,
        "nauc_map_at_10_max": 0.096143,
        "nauc_map_at_10_std": 0.181095,
        "nauc_map_at_10_diff1": -0.055313,
        "nauc_map_at_20_max": 0.220003,
        "nauc_map_at_20_std": 0.347756,
        "nauc_map_at_20_diff1": -0.115072,
        "nauc_map_at_100_max": 0.514107,
        "nauc_map_at_100_std": 0.728985,
        "nauc_map_at_100_diff1": -0.11554,
        "nauc_map_at_1000_max": 0.621196,
        "nauc_map_at_1000_std": 0.822283,
        "nauc_map_at_1000_diff1": -0.101314,
        "nauc_recall_at_1_max": 0.01467,
        "nauc_recall_at_1_std": -0.068309,
        "nauc_recall_at_1_diff1": 0.251583,
        "nauc_recall_at_3_max": -0.017225,
        "nauc_recall_at_3_std": -0.081062,
        "nauc_recall_at_3_diff1": 0.07712,
        "nauc_recall_at_5_max": -0.010898,
        "nauc_recall_at_5_std": -0.015043,
        "nauc_recall_at_5_diff1": 0.041762,
        "nauc_recall_at_10_max": 0.067478,
        "nauc_recall_at_10_std": 0.090247,
        "nauc_recall_at_10_diff1": 0.013418,
        "nauc_recall_at_20_max": 0.150114,
        "nauc_recall_at_20_std": 0.236002,
        "nauc_recall_at_20_diff1": -0.042428,
        "nauc_recall_at_100_max": 0.439858,
        "nauc_recall_at_100_std": 0.591732,
        "nauc_recall_at_100_diff1": -0.060593,
        "nauc_recall_at_1000_max": 0.587466,
        "nauc_recall_at_1000_std": 0.70388,
        "nauc_recall_at_1000_diff1": -0.036252,
        "nauc_precision_at_1_max": 0.205805,
        "nauc_precision_at_1_std": 0.338418,
        "nauc_precision_at_1_diff1": 0.330763,
        "nauc_precision_at_3_max": 0.317323,
        "nauc_precision_at_3_std": 0.419507,
        "nauc_precision_at_3_diff1": -0.075507,
        "nauc_precision_at_5_max": 0.353853,
        "nauc_precision_at_5_std": 0.460536,
        "nauc_precision_at_5_diff1": -0.107623,
        "nauc_precision_at_10_max": 0.402494,
        "nauc_precision_at_10_std": 0.536656,
        "nauc_precision_at_10_diff1": -0.152343,
        "nauc_precision_at_20_max": 0.45909,
        "nauc_precision_at_20_std": 0.623437,
        "nauc_precision_at_20_diff1": -0.188277,
        "nauc_precision_at_100_max": 0.555405,
        "nauc_precision_at_100_std": 0.748841,
        "nauc_precision_at_100_diff1": -0.183253,
        "nauc_precision_at_1000_max": 0.46773,
        "nauc_precision_at_1000_std": 0.59454,
        "nauc_precision_at_1000_diff1": -0.170535,
        "nauc_mrr_at_1_max": 0.205805,
        "nauc_mrr_at_1_std": 0.338418,
        "nauc_mrr_at_1_diff1": 0.330763,
        "nauc_mrr_at_3_max": 0.240633,
        "nauc_mrr_at_3_std": 0.289791,
        "nauc_mrr_at_3_diff1": 0.351845,
        "nauc_mrr_at_5_max": 0.240633,
        "nauc_mrr_at_5_std": 0.289791,
        "nauc_mrr_at_5_diff1": 0.351845,
        "nauc_mrr_at_10_max": 0.217854,
        "nauc_mrr_at_10_std": 0.281861,
        "nauc_mrr_at_10_diff1": 0.351658,
        "nauc_mrr_at_20_max": 0.217854,
        "nauc_mrr_at_20_std": 0.281861,
        "nauc_mrr_at_20_diff1": 0.351658,
        "nauc_mrr_at_100_max": 0.217854,
        "nauc_mrr_at_100_std": 0.281861,
        "nauc_mrr_at_100_diff1": 0.351658,
        "nauc_mrr_at_1000_max": 0.217854,
        "nauc_mrr_at_1000_std": 0.281861,
        "nauc_mrr_at_1000_diff1": 0.351658,
        "main_score": 0.67118,
        "hf_subset": "default",
        "languages": [
          "eng-Latn"
        ]
      }
    ]
  },
  "evaluation_time": 224.6816816329956,
  "kg_co2_emissions": null
}