{
  "dataset_revision": "bb9466bac8153a0349341eb1b22e06409e78ef4e",
  "task_name": "TRECCOVID",
  "mteb_version": "1.39.7",
  "scores": {
    "test": [
      {
        "ndcg_at_1": 0.06,
        "ndcg_at_3": 0.04408,
        "ndcg_at_5": 0.06075,
        "ndcg_at_10": 0.06815,
        "ndcg_at_20": 0.06605,
        "ndcg_at_100": 0.04756,
        "ndcg_at_1000": 0.05253,
        "map_at_1": 0.00019,
        "map_at_3": 0.00028,
        "map_at_5": 0.0005,
        "map_at_10": 0.00093,
        "map_at_20": 0.0015,
        "map_at_100": 0.00425,
        "map_at_1000": 0.00798,
        "recall_at_1": 0.00019,
        "recall_at_3": 0.00035,
        "recall_at_5": 0.0009,
        "recall_at_10": 0.00197,
        "recall_at_20": 0.00369,
        "recall_at_100": 0.01152,
        "recall_at_1000": 0.05219,
        "precision_at_1": 0.06,
        "precision_at_3": 0.04667,
        "precision_at_5": 0.072,
        "precision_at_10": 0.078,
        "precision_at_20": 0.075,
        "precision_at_100": 0.0478,
        "precision_at_1000": 0.02374,
        "mrr_at_1": 0.06,
        "mrr_at_3": 0.083333,
        "mrr_at_5": 0.097333,
        "mrr_at_10": 0.113167,
        "mrr_at_20": 0.126645,
        "mrr_at_100": 0.13439,
        "mrr_at_1000": 0.135308,
        "nauc_ndcg_at_1_max": -0.107146,
        "nauc_ndcg_at_1_std": 0.241213,
        "nauc_ndcg_at_1_diff1": 0.030588,
        "nauc_ndcg_at_3_max": 0.132328,
        "nauc_ndcg_at_3_std": 0.182976,
        "nauc_ndcg_at_3_diff1": -0.091432,
        "nauc_ndcg_at_5_max": 0.210247,
        "nauc_ndcg_at_5_std": 0.241846,
        "nauc_ndcg_at_5_diff1": -0.165386,
        "nauc_ndcg_at_10_max": 0.307772,
        "nauc_ndcg_at_10_std": 0.137168,
        "nauc_ndcg_at_10_diff1": -0.212754,
        "nauc_ndcg_at_20_max": 0.368302,
        "nauc_ndcg_at_20_std": 0.132128,
        "nauc_ndcg_at_20_diff1": -0.216358,
        "nauc_ndcg_at_100_max": 0.473716,
        "nauc_ndcg_at_100_std": 0.138048,
        "nauc_ndcg_at_100_diff1": -0.276727,
        "nauc_ndcg_at_1000_max": 0.456246,
        "nauc_ndcg_at_1000_std": 0.073276,
        "nauc_ndcg_at_1000_diff1": -0.284573,
        "nauc_map_at_1_max": -0.267707,
        "nauc_map_at_1_std": 0.520196,
        "nauc_map_at_1_diff1": -0.179508,
        "nauc_map_at_3_max": -0.007929,
        "nauc_map_at_3_std": 0.399383,
        "nauc_map_at_3_diff1": -0.20463,
        "nauc_map_at_5_max": 0.108249,
        "nauc_map_at_5_std": 0.393625,
        "nauc_map_at_5_diff1": -0.278567,
        "nauc_map_at_10_max": 0.267707,
        "nauc_map_at_10_std": 0.310759,
        "nauc_map_at_10_diff1": -0.298947,
        "nauc_map_at_20_max": 0.437453,
        "nauc_map_at_20_std": 0.339933,
        "nauc_map_at_20_diff1": -0.307942,
        "nauc_map_at_100_max": 0.670696,
        "nauc_map_at_100_std": 0.388618,
        "nauc_map_at_100_diff1": -0.360041,
        "nauc_map_at_1000_max": 0.619343,
        "nauc_map_at_1000_std": 0.25938,
        "nauc_map_at_1000_diff1": -0.339707,
        "nauc_recall_at_1_max": -0.267707,
        "nauc_recall_at_1_std": 0.520196,
        "nauc_recall_at_1_diff1": -0.179508,
        "nauc_recall_at_3_max": 0.157863,
        "nauc_recall_at_3_std": 0.386534,
        "nauc_recall_at_3_diff1": -0.254861,
        "nauc_recall_at_5_max": 0.10706,
        "nauc_recall_at_5_std": 0.370508,
        "nauc_recall_at_5_diff1": -0.304988,
        "nauc_recall_at_10_max": 0.218153,
        "nauc_recall_at_10_std": 0.211555,
        "nauc_recall_at_10_diff1": -0.291324,
        "nauc_recall_at_20_max": 0.306379,
        "nauc_recall_at_20_std": 0.233669,
        "nauc_recall_at_20_diff1": -0.270526,
        "nauc_recall_at_100_max": 0.485643,
        "nauc_recall_at_100_std": 0.202994,
        "nauc_recall_at_100_diff1": -0.310828,
        "nauc_recall_at_1000_max": 0.467873,
        "nauc_recall_at_1000_std": -0.004513,
        "nauc_recall_at_1000_diff1": -0.282714,
        "nauc_precision_at_1_max": -0.107146,
        "nauc_precision_at_1_std": 0.241213,
        "nauc_precision_at_1_diff1": 0.030588,
        "nauc_precision_at_3_max": 0.349188,
        "nauc_precision_at_3_std": 0.215111,
        "nauc_precision_at_3_diff1": -0.196424,
        "nauc_precision_at_5_max": 0.296713,
        "nauc_precision_at_5_std": 0.261376,
        "nauc_precision_at_5_diff1": -0.228112,
        "nauc_precision_at_10_max": 0.388425,
        "nauc_precision_at_10_std": 0.108223,
        "nauc_precision_at_10_diff1": -0.240796,
        "nauc_precision_at_20_max": 0.449495,
        "nauc_precision_at_20_std": 0.1387,
        "nauc_precision_at_20_diff1": -0.240069,
        "nauc_precision_at_100_max": 0.543794,
        "nauc_precision_at_100_std": 0.134759,
        "nauc_precision_at_100_diff1": -0.287123,
        "nauc_precision_at_1000_max": 0.510844,
        "nauc_precision_at_1000_std": -0.039157,
        "nauc_precision_at_1000_diff1": -0.239701,
        "nauc_mrr_at_1_max": -0.107146,
        "nauc_mrr_at_1_std": 0.241213,
        "nauc_mrr_at_1_diff1": 0.030588,
        "nauc_mrr_at_3_max": 0.152898,
        "nauc_mrr_at_3_std": 0.255948,
        "nauc_mrr_at_3_diff1": -0.107242,
        "nauc_mrr_at_5_max": 0.061149,
        "nauc_mrr_at_5_std": 0.244954,
        "nauc_mrr_at_5_diff1": -0.102588,
        "nauc_mrr_at_10_max": 0.112215,
        "nauc_mrr_at_10_std": 0.179733,
        "nauc_mrr_at_10_diff1": -0.088507,
        "nauc_mrr_at_20_max": 0.099736,
        "nauc_mrr_at_20_std": 0.185458,
        "nauc_mrr_at_20_diff1": -0.08246,
        "nauc_mrr_at_100_max": 0.097788,
        "nauc_mrr_at_100_std": 0.180077,
        "nauc_mrr_at_100_diff1": -0.099092,
        "nauc_mrr_at_1000_max": 0.097665,
        "nauc_mrr_at_1000_std": 0.183052,
        "nauc_mrr_at_1000_diff1": -0.096172,
        "main_score": 0.06815,
        "hf_subset": "default",
        "languages": [
          "eng-Latn"
        ]
      }
    ]
  },
  "evaluation_time": 2286.1049835681915,
  "kg_co2_emissions": null
}