{
  "dataset_revision": "0228b52cf27578f30900b9e5271d331663a030d7",
  "task_name": "SciFact",
  "mteb_version": "1.39.7",
  "scores": {
    "test": [
      {
        "ndcg_at_1": 0.42333,
        "ndcg_at_3": 0.49516,
        "ndcg_at_5": 0.51678,
        "ndcg_at_10": 0.53803,
        "ndcg_at_20": 0.55567,
        "ndcg_at_100": 0.57728,
        "ndcg_at_1000": 0.59406,
        "map_at_1": 0.40094,
        "map_at_3": 0.46894,
        "map_at_5": 0.48178,
        "map_at_10": 0.49083,
        "map_at_20": 0.49686,
        "map_at_100": 0.50011,
        "map_at_1000": 0.50072,
        "recall_at_1": 0.40094,
        "recall_at_3": 0.54478,
        "recall_at_5": 0.59961,
        "recall_at_10": 0.66444,
        "recall_at_20": 0.72939,
        "recall_at_100": 0.84256,
        "recall_at_1000": 0.97433,
        "precision_at_1": 0.42333,
        "precision_at_3": 0.19778,
        "precision_at_5": 0.13267,
        "precision_at_10": 0.07367,
        "precision_at_20": 0.04117,
        "precision_at_100": 0.00953,
        "precision_at_1000": 0.0011,
        "mrr_at_1": 0.423333,
        "mrr_at_3": 0.489444,
        "mrr_at_5": 0.501611,
        "mrr_at_10": 0.509743,
        "mrr_at_20": 0.513426,
        "mrr_at_100": 0.516155,
        "mrr_at_1000": 0.516708,
        "nauc_ndcg_at_1_max": 0.435465,
        "nauc_ndcg_at_1_std": 0.030627,
        "nauc_ndcg_at_1_diff1": 0.72759,
        "nauc_ndcg_at_3_max": 0.468171,
        "nauc_ndcg_at_3_std": 0.045697,
        "nauc_ndcg_at_3_diff1": 0.683129,
        "nauc_ndcg_at_5_max": 0.480204,
        "nauc_ndcg_at_5_std": 0.063773,
        "nauc_ndcg_at_5_diff1": 0.666445,
        "nauc_ndcg_at_10_max": 0.493356,
        "nauc_ndcg_at_10_std": 0.076843,
        "nauc_ndcg_at_10_diff1": 0.665147,
        "nauc_ndcg_at_20_max": 0.50822,
        "nauc_ndcg_at_20_std": 0.099188,
        "nauc_ndcg_at_20_diff1": 0.664265,
        "nauc_ndcg_at_100_max": 0.501477,
        "nauc_ndcg_at_100_std": 0.083884,
        "nauc_ndcg_at_100_diff1": 0.665077,
        "nauc_ndcg_at_1000_max": 0.491677,
        "nauc_ndcg_at_1000_std": 0.084165,
        "nauc_ndcg_at_1000_diff1": 0.667037,
        "nauc_map_at_1_max": 0.401307,
        "nauc_map_at_1_std": -0.009844,
        "nauc_map_at_1_diff1": 0.702679,
        "nauc_map_at_3_max": 0.444595,
        "nauc_map_at_3_std": 0.02191,
        "nauc_map_at_3_diff1": 0.683358,
        "nauc_map_at_5_max": 0.454262,
        "nauc_map_at_5_std": 0.035064,
        "nauc_map_at_5_diff1": 0.674339,
        "nauc_map_at_10_max": 0.460501,
        "nauc_map_at_10_std": 0.041575,
        "nauc_map_at_10_diff1": 0.674165,
        "nauc_map_at_20_max": 0.467016,
        "nauc_map_at_20_std": 0.051045,
        "nauc_map_at_20_diff1": 0.673817,
        "nauc_map_at_100_max": 0.466728,
        "nauc_map_at_100_std": 0.050144,
        "nauc_map_at_100_diff1": 0.673932,
        "nauc_map_at_1000_max": 0.466369,
        "nauc_map_at_1000_std": 0.050115,
        "nauc_map_at_1000_diff1": 0.673975,
        "nauc_recall_at_1_max": 0.401307,
        "nauc_recall_at_1_std": -0.009844,
        "nauc_recall_at_1_diff1": 0.702679,
        "nauc_recall_at_3_max": 0.485454,
        "nauc_recall_at_3_std": 0.057832,
        "nauc_recall_at_3_diff1": 0.655764,
        "nauc_recall_at_5_max": 0.516994,
        "nauc_recall_at_5_std": 0.102969,
        "nauc_recall_at_5_diff1": 0.612594,
        "nauc_recall_at_10_max": 0.555784,
        "nauc_recall_at_10_std": 0.143965,
        "nauc_recall_at_10_diff1": 0.593787,
        "nauc_recall_at_20_max": 0.63197,
        "nauc_recall_at_20_std": 0.24726,
        "nauc_recall_at_20_diff1": 0.580658,
        "nauc_recall_at_100_max": 0.62968,
        "nauc_recall_at_100_std": 0.148569,
        "nauc_recall_at_100_diff1": 0.555794,
        "nauc_recall_at_1000_max": 0.472001,
        "nauc_recall_at_1000_std": 0.480016,
        "nauc_recall_at_1000_diff1": 0.308887,
        "nauc_precision_at_1_max": 0.435465,
        "nauc_precision_at_1_std": 0.030627,
        "nauc_precision_at_1_diff1": 0.72759,
        "nauc_precision_at_3_max": 0.518296,
        "nauc_precision_at_3_std": 0.169603,
        "nauc_precision_at_3_diff1": 0.611929,
        "nauc_precision_at_5_max": 0.550734,
        "nauc_precision_at_5_std": 0.25472,
        "nauc_precision_at_5_diff1": 0.519096,
        "nauc_precision_at_10_max": 0.582497,
        "nauc_precision_at_10_std": 0.3164,
        "nauc_precision_at_10_diff1": 0.47056,
        "nauc_precision_at_20_max": 0.564577,
        "nauc_precision_at_20_std": 0.413157,
        "nauc_precision_at_20_diff1": 0.359648,
        "nauc_precision_at_100_max": 0.484988,
        "nauc_precision_at_100_std": 0.394532,
        "nauc_precision_at_100_diff1": 0.2389,
        "nauc_precision_at_1000_max": 0.316816,
        "nauc_precision_at_1000_std": 0.496622,
        "nauc_precision_at_1000_diff1": 0.016207,
        "nauc_mrr_at_1_max": 0.435465,
        "nauc_mrr_at_1_std": 0.030627,
        "nauc_mrr_at_1_diff1": 0.72759,
        "nauc_mrr_at_3_max": 0.474036,
        "nauc_mrr_at_3_std": 0.065168,
        "nauc_mrr_at_3_diff1": 0.698708,
        "nauc_mrr_at_5_max": 0.481831,
        "nauc_mrr_at_5_std": 0.074609,
        "nauc_mrr_at_5_diff1": 0.693446,
        "nauc_mrr_at_10_max": 0.486321,
        "nauc_mrr_at_10_std": 0.079228,
        "nauc_mrr_at_10_diff1": 0.693499,
        "nauc_mrr_at_20_max": 0.487534,
        "nauc_mrr_at_20_std": 0.080702,
        "nauc_mrr_at_20_diff1": 0.693166,
        "nauc_mrr_at_100_max": 0.485989,
        "nauc_mrr_at_100_std": 0.078308,
        "nauc_mrr_at_100_diff1": 0.692846,
        "nauc_mrr_at_1000_max": 0.485623,
        "nauc_mrr_at_1000_std": 0.078307,
        "nauc_mrr_at_1000_diff1": 0.692824,
        "main_score": 0.53803,
        "hf_subset": "default",
        "languages": [
          "eng-Latn"
        ]
      }
    ]
  },
  "evaluation_time": 36.636207580566406,
  "kg_co2_emissions": null
}