{
  "dataset_revision": "c22ab2a51041ffd869aaddef7af8d8215647e41a",
  "task_name": "ArguAna",
  "mteb_version": "1.39.7",
  "scores": {
    "test": [
      {
        "ndcg_at_1": 0.00213,
        "ndcg_at_3": 0.00294,
        "ndcg_at_5": 0.00321,
        "ndcg_at_10": 0.00347,
        "ndcg_at_20": 0.00415,
        "ndcg_at_100": 0.00813,
        "ndcg_at_1000": 0.02673,
        "map_at_1": 0.00213,
        "map_at_3": 0.00273,
        "map_at_5": 0.00287,
        "map_at_10": 0.00299,
        "map_at_20": 0.00316,
        "map_at_100": 0.00367,
        "map_at_1000": 0.00413,
        "recall_at_1": 0.00213,
        "recall_at_3": 0.00356,
        "recall_at_5": 0.00427,
        "recall_at_10": 0.00498,
        "recall_at_20": 0.00782,
        "recall_at_100": 0.02987,
        "recall_at_1000": 0.19132,
        "precision_at_1": 0.00213,
        "precision_at_3": 0.00119,
        "precision_at_5": 0.00085,
        "precision_at_10": 0.0005,
        "precision_at_20": 0.00039,
        "precision_at_100": 0.0003,
        "precision_at_1000": 0.00019,
        "mrr_at_1": 0.002134,
        "mrr_at_3": 0.002726,
        "mrr_at_5": 0.002869,
        "mrr_at_10": 0.002987,
        "mrr_at_20": 0.003155,
        "mrr_at_100": 0.003666,
        "mrr_at_1000": 0.004126,
        "nauc_ndcg_at_1_max": 1.0,
        "nauc_ndcg_at_1_std": 0.173785,
        "nauc_ndcg_at_1_diff1": 0.774693,
        "nauc_ndcg_at_3_max": 1.0,
        "nauc_ndcg_at_3_std": 0.26664,
        "nauc_ndcg_at_3_diff1": 0.539096,
        "nauc_ndcg_at_5_max": 0.871562,
        "nauc_ndcg_at_5_std": 0.226171,
        "nauc_ndcg_at_5_diff1": 0.486884,
        "nauc_ndcg_at_10_max": 0.802702,
        "nauc_ndcg_at_10_std": 0.194589,
        "nauc_ndcg_at_10_diff1": 0.446138,
        "nauc_ndcg_at_20_max": 0.616173,
        "nauc_ndcg_at_20_std": 0.142143,
        "nauc_ndcg_at_20_diff1": 0.404123,
        "nauc_ndcg_at_100_max": 0.261896,
        "nauc_ndcg_at_100_std": 0.119187,
        "nauc_ndcg_at_100_diff1": 0.156789,
        "nauc_ndcg_at_1000_max": 0.044564,
        "nauc_ndcg_at_1000_std": 0.100991,
        "nauc_ndcg_at_1000_diff1": 0.100395,
        "nauc_map_at_1_max": 1.0,
        "nauc_map_at_1_std": 0.173785,
        "nauc_map_at_1_diff1": 0.774693,
        "nauc_map_at_3_max": 1.0,
        "nauc_map_at_3_std": 0.250617,
        "nauc_map_at_3_diff1": 0.591435,
        "nauc_map_at_5_max": 0.925623,
        "nauc_map_at_5_std": 0.227977,
        "nauc_map_at_5_diff1": 0.558604,
        "nauc_map_at_10_max": 0.886089,
        "nauc_map_at_10_std": 0.210756,
        "nauc_map_at_10_diff1": 0.533634,
        "nauc_map_at_20_max": 0.820303,
        "nauc_map_at_20_std": 0.194129,
        "nauc_map_at_20_diff1": 0.517972,
        "nauc_map_at_100_max": 0.684888,
        "nauc_map_at_100_std": 0.179268,
        "nauc_map_at_100_diff1": 0.430662,
        "nauc_map_at_1000_max": 0.603241,
        "nauc_map_at_1000_std": 0.172302,
        "nauc_map_at_1000_diff1": 0.397713,
        "nauc_recall_at_1_max": 1.0,
        "nauc_recall_at_1_std": 0.173785,
        "nauc_recall_at_1_diff1": 0.774693,
        "nauc_recall_at_3_max": 1.0,
        "nauc_recall_at_3_std": 0.301614,
        "nauc_recall_at_3_diff1": 0.420805,
        "nauc_recall_at_5_max": 0.75001,
        "nauc_recall_at_5_std": 0.217017,
        "nauc_recall_at_5_diff1": 0.338897,
        "nauc_recall_at_10_max": 0.632774,
        "nauc_recall_at_10_std": 0.15659,
        "nauc_recall_at_10_diff1": 0.280391,
        "nauc_recall_at_20_max": 0.28407,
        "nauc_recall_at_20_std": 0.050322,
        "nauc_recall_at_20_diff1": 0.239338,
        "nauc_recall_at_100_max": 0.006907,
        "nauc_recall_at_100_std": 0.086091,
        "nauc_recall_at_100_diff1": -0.010312,
        "nauc_recall_at_1000_max": -0.04973,
        "nauc_recall_at_1000_std": 0.087412,
        "nauc_recall_at_1000_diff1": 0.049288,
        "nauc_precision_at_1_max": 1.0,
        "nauc_precision_at_1_std": 0.173785,
        "nauc_precision_at_1_diff1": 0.774693,
        "nauc_precision_at_3_max": 1.0,
        "nauc_precision_at_3_std": 0.301614,
        "nauc_precision_at_3_diff1": 0.420805,
        "nauc_precision_at_5_max": 0.75001,
        "nauc_precision_at_5_std": 0.217017,
        "nauc_precision_at_5_diff1": 0.338897,
        "nauc_precision_at_10_max": 0.632774,
        "nauc_precision_at_10_std": 0.15659,
        "nauc_precision_at_10_diff1": 0.280391,
        "nauc_precision_at_20_max": 0.28407,
        "nauc_precision_at_20_std": 0.050322,
        "nauc_precision_at_20_diff1": 0.239338,
        "nauc_precision_at_100_max": 0.006907,
        "nauc_precision_at_100_std": 0.086091,
        "nauc_precision_at_100_diff1": -0.010312,
        "nauc_precision_at_1000_max": -0.04973,
        "nauc_precision_at_1000_std": 0.087412,
        "nauc_precision_at_1000_diff1": 0.049288,
        "nauc_mrr_at_1_max": 1.0,
        "nauc_mrr_at_1_std": 0.173785,
        "nauc_mrr_at_1_diff1": 0.774693,
        "nauc_mrr_at_3_max": 1.0,
        "nauc_mrr_at_3_std": 0.250617,
        "nauc_mrr_at_3_diff1": 0.591435,
        "nauc_mrr_at_5_max": 0.925623,
        "nauc_mrr_at_5_std": 0.227977,
        "nauc_mrr_at_5_diff1": 0.558604,
        "nauc_mrr_at_10_max": 0.886089,
        "nauc_mrr_at_10_std": 0.210756,
        "nauc_mrr_at_10_diff1": 0.533634,
        "nauc_mrr_at_20_max": 0.820303,
        "nauc_mrr_at_20_std": 0.194129,
        "nauc_mrr_at_20_diff1": 0.517972,
        "nauc_mrr_at_100_max": 0.684888,
        "nauc_mrr_at_100_std": 0.179268,
        "nauc_mrr_at_100_diff1": 0.430662,
        "nauc_mrr_at_1000_max": 0.603241,
        "nauc_mrr_at_1000_std": 0.172302,
        "nauc_mrr_at_1000_diff1": 0.397713,
        "main_score": 0.00347,
        "hf_subset": "default",
        "languages": [
          "eng-Latn"
        ]
      }
    ]
  },
  "evaluation_time": 35.5409152507782,
  "kg_co2_emissions": null
}