{
  "dataset_revision": "f8c2fcf00f625baaa80f62ec5bd9e1fff3b8ae88",
  "task_name": "SCIDOCS",
  "mteb_version": "1.39.7",
  "scores": {
    "test": [
      {
        "ndcg_at_1": 0.025,
        "ndcg_at_3": 0.02065,
        "ndcg_at_5": 0.0168,
        "ndcg_at_10": 0.02169,
        "ndcg_at_20": 0.02557,
        "ndcg_at_100": 0.03729,
        "ndcg_at_1000": 0.06561,
        "map_at_1": 0.005,
        "map_at_3": 0.00828,
        "map_at_5": 0.00902,
        "map_at_10": 0.01043,
        "map_at_20": 0.01125,
        "map_at_100": 0.01254,
        "map_at_1000": 0.01332,
        "recall_at_1": 0.005,
        "recall_at_3": 0.0115,
        "recall_at_5": 0.0141,
        "recall_at_10": 0.0232,
        "recall_at_20": 0.0323,
        "recall_at_100": 0.0714,
        "recall_at_1000": 0.21405,
        "precision_at_1": 0.025,
        "precision_at_3": 0.019,
        "precision_at_5": 0.014,
        "precision_at_10": 0.0115,
        "precision_at_20": 0.008,
        "precision_at_100": 0.00353,
        "precision_at_1000": 0.00105,
        "mrr_at_1": 0.025,
        "mrr_at_3": 0.037833,
        "mrr_at_5": 0.040283,
        "mrr_at_10": 0.044955,
        "mrr_at_20": 0.047169,
        "mrr_at_100": 0.04989,
        "mrr_at_1000": 0.051118,
        "nauc_ndcg_at_1_max": 0.20498,
        "nauc_ndcg_at_1_std": 0.190233,
        "nauc_ndcg_at_1_diff1": 0.28997,
        "nauc_ndcg_at_3_max": 0.207781,
        "nauc_ndcg_at_3_std": 0.117385,
        "nauc_ndcg_at_3_diff1": 0.095372,
        "nauc_ndcg_at_5_max": 0.229886,
        "nauc_ndcg_at_5_std": 0.107745,
        "nauc_ndcg_at_5_diff1": 0.084868,
        "nauc_ndcg_at_10_max": 0.224784,
        "nauc_ndcg_at_10_std": 0.090166,
        "nauc_ndcg_at_10_diff1": 0.041178,
        "nauc_ndcg_at_20_max": 0.223501,
        "nauc_ndcg_at_20_std": 0.094487,
        "nauc_ndcg_at_20_diff1": 0.041423,
        "nauc_ndcg_at_100_max": 0.191739,
        "nauc_ndcg_at_100_std": 0.076923,
        "nauc_ndcg_at_100_diff1": 0.011054,
        "nauc_ndcg_at_1000_max": 0.18565,
        "nauc_ndcg_at_1000_std": 0.066305,
        "nauc_ndcg_at_1000_diff1": 0.020087,
        "nauc_map_at_1_max": 0.20498,
        "nauc_map_at_1_std": 0.190233,
        "nauc_map_at_1_diff1": 0.28997,
        "nauc_map_at_3_max": 0.209768,
        "nauc_map_at_3_std": 0.119427,
        "nauc_map_at_3_diff1": 0.108176,
        "nauc_map_at_5_max": 0.226095,
        "nauc_map_at_5_std": 0.104753,
        "nauc_map_at_5_diff1": 0.094901,
        "nauc_map_at_10_max": 0.224447,
        "nauc_map_at_10_std": 0.099297,
        "nauc_map_at_10_diff1": 0.065776,
        "nauc_map_at_20_max": 0.228136,
        "nauc_map_at_20_std": 0.100665,
        "nauc_map_at_20_diff1": 0.06659,
        "nauc_map_at_100_max": 0.224446,
        "nauc_map_at_100_std": 0.092537,
        "nauc_map_at_100_diff1": 0.055917,
        "nauc_map_at_1000_max": 0.223806,
        "nauc_map_at_1000_std": 0.091238,
        "nauc_map_at_1000_diff1": 0.056974,
        "nauc_recall_at_1_max": 0.20498,
        "nauc_recall_at_1_std": 0.190233,
        "nauc_recall_at_1_diff1": 0.28997,
        "nauc_recall_at_3_max": 0.2128,
        "nauc_recall_at_3_std": 0.102393,
        "nauc_recall_at_3_diff1": 0.036413,
        "nauc_recall_at_5_max": 0.247295,
        "nauc_recall_at_5_std": 0.090275,
        "nauc_recall_at_5_diff1": 0.032557,
        "nauc_recall_at_10_max": 0.230102,
        "nauc_recall_at_10_std": 0.064269,
        "nauc_recall_at_10_diff1": -0.022042,
        "nauc_recall_at_20_max": 0.223825,
        "nauc_recall_at_20_std": 0.079026,
        "nauc_recall_at_20_diff1": -0.009162,
        "nauc_recall_at_100_max": 0.163138,
        "nauc_recall_at_100_std": 0.053931,
        "nauc_recall_at_100_diff1": -0.045321,
        "nauc_recall_at_1000_max": 0.148656,
        "nauc_recall_at_1000_std": 0.036859,
        "nauc_recall_at_1000_diff1": -0.00981,
        "nauc_precision_at_1_max": 0.20498,
        "nauc_precision_at_1_std": 0.190233,
        "nauc_precision_at_1_diff1": 0.28997,
        "nauc_precision_at_3_max": 0.209848,
        "nauc_precision_at_3_std": 0.101785,
        "nauc_precision_at_3_diff1": 0.039456,
        "nauc_precision_at_5_max": 0.245138,
        "nauc_precision_at_5_std": 0.089693,
        "nauc_precision_at_5_diff1": 0.035007,
        "nauc_precision_at_10_max": 0.229164,
        "nauc_precision_at_10_std": 0.065676,
        "nauc_precision_at_10_diff1": -0.020196,
        "nauc_precision_at_20_max": 0.22348,
        "nauc_precision_at_20_std": 0.07971,
        "nauc_precision_at_20_diff1": -0.008396,
        "nauc_precision_at_100_max": 0.164502,
        "nauc_precision_at_100_std": 0.055978,
        "nauc_precision_at_100_diff1": -0.044521,
        "nauc_precision_at_1000_max": 0.149264,
        "nauc_precision_at_1000_std": 0.038039,
        "nauc_precision_at_1000_diff1": -0.008821,
        "nauc_mrr_at_1_max": 0.20498,
        "nauc_mrr_at_1_std": 0.190233,
        "nauc_mrr_at_1_diff1": 0.28997,
        "nauc_mrr_at_3_max": 0.205861,
        "nauc_mrr_at_3_std": 0.132664,
        "nauc_mrr_at_3_diff1": 0.137513,
        "nauc_mrr_at_5_max": 0.216648,
        "nauc_mrr_at_5_std": 0.130213,
        "nauc_mrr_at_5_diff1": 0.132822,
        "nauc_mrr_at_10_max": 0.215196,
        "nauc_mrr_at_10_std": 0.114636,
        "nauc_mrr_at_10_diff1": 0.107725,
        "nauc_mrr_at_20_max": 0.21322,
        "nauc_mrr_at_20_std": 0.114633,
        "nauc_mrr_at_20_diff1": 0.105517,
        "nauc_mrr_at_100_max": 0.202402,
        "nauc_mrr_at_100_std": 0.110248,
        "nauc_mrr_at_100_diff1": 0.099069,
        "nauc_mrr_at_1000_max": 0.202492,
        "nauc_mrr_at_1000_std": 0.110086,
        "nauc_mrr_at_1000_diff1": 0.099756,
        "main_score": 0.02169,
        "hf_subset": "default",
        "languages": [
          "eng-Latn"
        ]
      }
    ]
  },
  "evaluation_time": 126.66104650497437,
  "kg_co2_emissions": null
}