{
  "dataset_revision": "f8c2fcf00f625baaa80f62ec5bd9e1fff3b8ae88",
  "task_name": "SCIDOCS",
  "mteb_version": "1.39.7",
  "scores": {
    "test": [
      {
        "ndcg_at_1": 0.009,
        "ndcg_at_3": 0.00788,
        "ndcg_at_5": 0.00695,
        "ndcg_at_10": 0.00851,
        "ndcg_at_20": 0.01096,
        "ndcg_at_100": 0.0195,
        "ndcg_at_1000": 0.04367,
        "map_at_1": 0.0018,
        "map_at_3": 0.00293,
        "map_at_5": 0.0036,
        "map_at_10": 0.00397,
        "map_at_20": 0.00446,
        "map_at_100": 0.0053,
        "map_at_1000": 0.00586,
        "recall_at_1": 0.0018,
        "recall_at_3": 0.0046,
        "recall_at_5": 0.0064,
        "recall_at_10": 0.00945,
        "recall_at_20": 0.01525,
        "recall_at_100": 0.04365,
        "recall_at_1000": 0.1665,
        "precision_at_1": 0.009,
        "precision_at_3": 0.00767,
        "precision_at_5": 0.0064,
        "precision_at_10": 0.0047,
        "precision_at_20": 0.00375,
        "precision_at_100": 0.00216,
        "precision_at_1000": 0.00082,
        "mrr_at_1": 0.009,
        "mrr_at_3": 0.014667,
        "mrr_at_5": 0.015617,
        "mrr_at_10": 0.017238,
        "mrr_at_20": 0.018765,
        "mrr_at_100": 0.021129,
        "mrr_at_1000": 0.022305,
        "nauc_ndcg_at_1_max": 0.462242,
        "nauc_ndcg_at_1_std": 0.261903,
        "nauc_ndcg_at_1_diff1": 0.440211,
        "nauc_ndcg_at_3_max": 0.433907,
        "nauc_ndcg_at_3_std": 0.278079,
        "nauc_ndcg_at_3_diff1": 0.261388,
        "nauc_ndcg_at_5_max": 0.422164,
        "nauc_ndcg_at_5_std": 0.237232,
        "nauc_ndcg_at_5_diff1": 0.237954,
        "nauc_ndcg_at_10_max": 0.367834,
        "nauc_ndcg_at_10_std": 0.233977,
        "nauc_ndcg_at_10_diff1": 0.204739,
        "nauc_ndcg_at_20_max": 0.343532,
        "nauc_ndcg_at_20_std": 0.177399,
        "nauc_ndcg_at_20_diff1": 0.184261,
        "nauc_ndcg_at_100_max": 0.217543,
        "nauc_ndcg_at_100_std": 0.139022,
        "nauc_ndcg_at_100_diff1": 0.123868,
        "nauc_ndcg_at_1000_max": 0.166112,
        "nauc_ndcg_at_1000_std": 0.12975,
        "nauc_ndcg_at_1000_diff1": 0.068088,
        "nauc_map_at_1_max": 0.462242,
        "nauc_map_at_1_std": 0.261903,
        "nauc_map_at_1_diff1": 0.440211,
        "nauc_map_at_3_max": 0.440276,
        "nauc_map_at_3_std": 0.283454,
        "nauc_map_at_3_diff1": 0.292265,
        "nauc_map_at_5_max": 0.435204,
        "nauc_map_at_5_std": 0.238242,
        "nauc_map_at_5_diff1": 0.29874,
        "nauc_map_at_10_max": 0.409955,
        "nauc_map_at_10_std": 0.239981,
        "nauc_map_at_10_diff1": 0.280215,
        "nauc_map_at_20_max": 0.396047,
        "nauc_map_at_20_std": 0.214332,
        "nauc_map_at_20_diff1": 0.268627,
        "nauc_map_at_100_max": 0.349263,
        "nauc_map_at_100_std": 0.197854,
        "nauc_map_at_100_diff1": 0.229738,
        "nauc_map_at_1000_max": 0.338722,
        "nauc_map_at_1000_std": 0.193762,
        "nauc_map_at_1000_diff1": 0.216487,
        "nauc_recall_at_1_max": 0.462242,
        "nauc_recall_at_1_std": 0.261903,
        "nauc_recall_at_1_diff1": 0.440211,
        "nauc_recall_at_3_max": 0.421612,
        "nauc_recall_at_3_std": 0.266142,
        "nauc_recall_at_3_diff1": 0.203404,
        "nauc_recall_at_5_max": 0.40926,
        "nauc_recall_at_5_std": 0.20271,
        "nauc_recall_at_5_diff1": 0.182444,
        "nauc_recall_at_10_max": 0.317973,
        "nauc_recall_at_10_std": 0.210901,
        "nauc_recall_at_10_diff1": 0.143249,
        "nauc_recall_at_20_max": 0.293476,
        "nauc_recall_at_20_std": 0.119626,
        "nauc_recall_at_20_diff1": 0.133673,
        "nauc_recall_at_100_max": 0.129551,
        "nauc_recall_at_100_std": 0.096262,
        "nauc_recall_at_100_diff1": 0.072348,
        "nauc_recall_at_1000_max": 0.084578,
        "nauc_recall_at_1000_std": 0.097974,
        "nauc_recall_at_1000_diff1": 0.010214,
        "nauc_precision_at_1_max": 0.462242,
        "nauc_precision_at_1_std": 0.261903,
        "nauc_precision_at_1_diff1": 0.440211,
        "nauc_precision_at_3_max": 0.421612,
        "nauc_precision_at_3_std": 0.266142,
        "nauc_precision_at_3_diff1": 0.203404,
        "nauc_precision_at_5_max": 0.40926,
        "nauc_precision_at_5_std": 0.20271,
        "nauc_precision_at_5_diff1": 0.182444,
        "nauc_precision_at_10_max": 0.321872,
        "nauc_precision_at_10_std": 0.208502,
        "nauc_precision_at_10_diff1": 0.144386,
        "nauc_precision_at_20_max": 0.290926,
        "nauc_precision_at_20_std": 0.119678,
        "nauc_precision_at_20_diff1": 0.128625,
        "nauc_precision_at_100_max": 0.128133,
        "nauc_precision_at_100_std": 0.095717,
        "nauc_precision_at_100_diff1": 0.066872,
        "nauc_precision_at_1000_max": 0.085931,
        "nauc_precision_at_1000_std": 0.095616,
        "nauc_precision_at_1000_diff1": 0.01241,
        "nauc_mrr_at_1_max": 0.462242,
        "nauc_mrr_at_1_std": 0.261903,
        "nauc_mrr_at_1_diff1": 0.440211,
        "nauc_mrr_at_3_max": 0.440276,
        "nauc_mrr_at_3_std": 0.283454,
        "nauc_mrr_at_3_diff1": 0.292265,
        "nauc_mrr_at_5_max": 0.423452,
        "nauc_mrr_at_5_std": 0.269051,
        "nauc_mrr_at_5_diff1": 0.25247,
        "nauc_mrr_at_10_max": 0.390657,
        "nauc_mrr_at_10_std": 0.258442,
        "nauc_mrr_at_10_diff1": 0.228095,
        "nauc_mrr_at_20_max": 0.381564,
        "nauc_mrr_at_20_std": 0.236999,
        "nauc_mrr_at_20_diff1": 0.211967,
        "nauc_mrr_at_100_max": 0.344668,
        "nauc_mrr_at_100_std": 0.219205,
        "nauc_mrr_at_100_diff1": 0.200233,
        "nauc_mrr_at_1000_max": 0.339763,
        "nauc_mrr_at_1000_std": 0.21733,
        "nauc_mrr_at_1000_diff1": 0.195062,
        "main_score": 0.00851,
        "hf_subset": "default",
        "languages": [
          "eng-Latn"
        ]
      }
    ]
  },
  "evaluation_time": 340.964510679245,
  "kg_co2_emissions": null
}