{
  "dataset_revision": "ec0fa4fe99da2ff19ca1214b7966684033a58814",
  "task_name": "NFCorpus",
  "mteb_version": "1.39.7",
  "scores": {
    "test": [
      {
        "ndcg_at_1": 0.02167,
        "ndcg_at_3": 0.01638,
        "ndcg_at_5": 0.01522,
        "ndcg_at_10": 0.01528,
        "ndcg_at_20": 0.01615,
        "ndcg_at_100": 0.02795,
        "ndcg_at_1000": 0.10921,
        "map_at_1": 0.00121,
        "map_at_3": 0.00134,
        "map_at_5": 0.00149,
        "map_at_10": 0.00196,
        "map_at_20": 0.00239,
        "map_at_100": 0.00352,
        "map_at_1000": 0.00742,
        "recall_at_1": 0.00121,
        "recall_at_3": 0.0015,
        "recall_at_5": 0.00219,
        "recall_at_10": 0.00532,
        "recall_at_20": 0.01096,
        "recall_at_100": 0.04609,
        "recall_at_1000": 0.3236,
        "precision_at_1": 0.02786,
        "precision_at_3": 0.01754,
        "precision_at_5": 0.01548,
        "precision_at_10": 0.01424,
        "precision_at_20": 0.013,
        "precision_at_100": 0.0131,
        "precision_at_1000": 0.01128,
        "mrr_at_1": 0.027864,
        "mrr_at_3": 0.038184,
        "mrr_at_5": 0.042518,
        "mrr_at_10": 0.048823,
        "mrr_at_20": 0.054213,
        "mrr_at_100": 0.060339,
        "mrr_at_1000": 0.062133,
        "nauc_ndcg_at_1_max": -0.15703,
        "nauc_ndcg_at_1_std": 0.122053,
        "nauc_ndcg_at_1_diff1": 0.120177,
        "nauc_ndcg_at_3_max": -0.153534,
        "nauc_ndcg_at_3_std": 0.020992,
        "nauc_ndcg_at_3_diff1": 0.107538,
        "nauc_ndcg_at_5_max": -0.110266,
        "nauc_ndcg_at_5_std": -0.065438,
        "nauc_ndcg_at_5_diff1": 0.058096,
        "nauc_ndcg_at_10_max": -0.062917,
        "nauc_ndcg_at_10_std": -0.032493,
        "nauc_ndcg_at_10_diff1": 0.0724,
        "nauc_ndcg_at_20_max": -0.040159,
        "nauc_ndcg_at_20_std": -0.060311,
        "nauc_ndcg_at_20_diff1": 0.06926,
        "nauc_ndcg_at_100_max": -0.009409,
        "nauc_ndcg_at_100_std": 0.003176,
        "nauc_ndcg_at_100_diff1": 0.115478,
        "nauc_ndcg_at_1000_max": 0.076572,
        "nauc_ndcg_at_1000_std": -0.11606,
        "nauc_ndcg_at_1000_diff1": 0.125306,
        "nauc_map_at_1_max": 0.01034,
        "nauc_map_at_1_std": -0.031994,
        "nauc_map_at_1_diff1": 0.206199,
        "nauc_map_at_3_max": 0.009756,
        "nauc_map_at_3_std": -0.047819,
        "nauc_map_at_3_diff1": 0.205465,
        "nauc_map_at_5_max": 0.018423,
        "nauc_map_at_5_std": -0.087829,
        "nauc_map_at_5_diff1": 0.180064,
        "nauc_map_at_10_max": 0.117804,
        "nauc_map_at_10_std": -0.098111,
        "nauc_map_at_10_diff1": 0.109303,
        "nauc_map_at_20_max": 0.118033,
        "nauc_map_at_20_std": -0.138468,
        "nauc_map_at_20_diff1": 0.114408,
        "nauc_map_at_100_max": 0.08922,
        "nauc_map_at_100_std": -0.079877,
        "nauc_map_at_100_diff1": 0.116094,
        "nauc_map_at_1000_max": 0.01433,
        "nauc_map_at_1000_std": -0.030037,
        "nauc_map_at_1000_diff1": 0.09068,
        "nauc_recall_at_1_max": 0.01034,
        "nauc_recall_at_1_std": -0.031994,
        "nauc_recall_at_1_diff1": 0.206199,
        "nauc_recall_at_3_max": 0.010147,
        "nauc_recall_at_3_std": -0.068319,
        "nauc_recall_at_3_diff1": 0.2041,
        "nauc_recall_at_5_max": 0.032628,
        "nauc_recall_at_5_std": -0.18404,
        "nauc_recall_at_5_diff1": 0.131765,
        "nauc_recall_at_10_max": 0.289462,
        "nauc_recall_at_10_std": -0.168074,
        "nauc_recall_at_10_diff1": -0.035219,
        "nauc_recall_at_20_max": 0.218609,
        "nauc_recall_at_20_std": -0.248376,
        "nauc_recall_at_20_diff1": 0.0758,
        "nauc_recall_at_100_max": 0.106677,
        "nauc_recall_at_100_std": -0.003334,
        "nauc_recall_at_100_diff1": 0.097919,
        "nauc_recall_at_1000_max": 0.046817,
        "nauc_recall_at_1000_std": -0.107433,
        "nauc_recall_at_1000_diff1": 0.041622,
        "nauc_precision_at_1_max": -0.079683,
        "nauc_precision_at_1_std": 0.070597,
        "nauc_precision_at_1_diff1": 0.144984,
        "nauc_precision_at_3_max": -0.084559,
        "nauc_precision_at_3_std": -0.052743,
        "nauc_precision_at_3_diff1": 0.125364,
        "nauc_precision_at_5_max": -0.04898,
        "nauc_precision_at_5_std": -0.155623,
        "nauc_precision_at_5_diff1": 0.050821,
        "nauc_precision_at_10_max": -0.045663,
        "nauc_precision_at_10_std": -0.045833,
        "nauc_precision_at_10_diff1": 0.077951,
        "nauc_precision_at_20_max": -0.062812,
        "nauc_precision_at_20_std": -0.03137,
        "nauc_precision_at_20_diff1": 0.027506,
        "nauc_precision_at_100_max": -0.15945,
        "nauc_precision_at_100_std": 0.093314,
        "nauc_precision_at_100_diff1": 0.096483,
        "nauc_precision_at_1000_max": -0.159128,
        "nauc_precision_at_1000_std": 0.148024,
        "nauc_precision_at_1000_diff1": 0.082529,
        "nauc_mrr_at_1_max": -0.079683,
        "nauc_mrr_at_1_std": 0.070597,
        "nauc_mrr_at_1_diff1": 0.144984,
        "nauc_mrr_at_3_max": -0.085226,
        "nauc_mrr_at_3_std": 0.006993,
        "nauc_mrr_at_3_diff1": 0.138948,
        "nauc_mrr_at_5_max": -0.062622,
        "nauc_mrr_at_5_std": -0.037833,
        "nauc_mrr_at_5_diff1": 0.122017,
        "nauc_mrr_at_10_max": -0.05031,
        "nauc_mrr_at_10_std": -0.008784,
        "nauc_mrr_at_10_diff1": 0.137424,
        "nauc_mrr_at_20_max": -0.044647,
        "nauc_mrr_at_20_std": -0.013527,
        "nauc_mrr_at_20_diff1": 0.128889,
        "nauc_mrr_at_100_max": -0.034889,
        "nauc_mrr_at_100_std": -0.021564,
        "nauc_mrr_at_100_diff1": 0.137416,
        "nauc_mrr_at_1000_max": -0.033363,
        "nauc_mrr_at_1000_std": -0.023098,
        "nauc_mrr_at_1000_diff1": 0.137244,
        "main_score": 0.01528,
        "hf_subset": "default",
        "languages": [
          "eng-Latn"
        ]
      }
    ]
  },
  "evaluation_time": 7.757536172866821,
  "kg_co2_emissions": null
}