{
  "dataset_revision": "0228b52cf27578f30900b9e5271d331663a030d7",
  "task_name": "SciFact",
  "mteb_version": "1.39.7",
  "scores": {
    "test": [
      {
        "ndcg_at_1": 0.42333,
        "ndcg_at_3": 0.49516,
        "ndcg_at_5": 0.51678,
        "ndcg_at_10": 0.53903,
        "ndcg_at_20": 0.555,
        "ndcg_at_100": 0.57733,
        "ndcg_at_1000": 0.59411,
        "map_at_1": 0.40094,
        "map_at_3": 0.46894,
        "map_at_5": 0.48178,
        "map_at_10": 0.49121,
        "map_at_20": 0.49677,
        "map_at_100": 0.50016,
        "map_at_1000": 0.50077,
        "recall_at_1": 0.40094,
        "recall_at_3": 0.54478,
        "recall_at_5": 0.59961,
        "recall_at_10": 0.66778,
        "recall_at_20": 0.72606,
        "recall_at_100": 0.84256,
        "recall_at_1000": 0.97433,
        "precision_at_1": 0.42333,
        "precision_at_3": 0.19778,
        "precision_at_5": 0.13267,
        "precision_at_10": 0.074,
        "precision_at_20": 0.041,
        "precision_at_100": 0.00953,
        "precision_at_1000": 0.0011,
        "mrr_at_1": 0.423333,
        "mrr_at_3": 0.489444,
        "mrr_at_5": 0.501611,
        "mrr_at_10": 0.510114,
        "mrr_at_20": 0.513338,
        "mrr_at_100": 0.516205,
        "mrr_at_1000": 0.516759,
        "nauc_ndcg_at_1_max": 0.43819,
        "nauc_ndcg_at_1_std": 0.032444,
        "nauc_ndcg_at_1_diff1": 0.723956,
        "nauc_ndcg_at_3_max": 0.471035,
        "nauc_ndcg_at_3_std": 0.048811,
        "nauc_ndcg_at_3_diff1": 0.67954,
        "nauc_ndcg_at_5_max": 0.48315,
        "nauc_ndcg_at_5_std": 0.066976,
        "nauc_ndcg_at_5_diff1": 0.664516,
        "nauc_ndcg_at_10_max": 0.498853,
        "nauc_ndcg_at_10_std": 0.078511,
        "nauc_ndcg_at_10_diff1": 0.663821,
        "nauc_ndcg_at_20_max": 0.512355,
        "nauc_ndcg_at_20_std": 0.105682,
        "nauc_ndcg_at_20_diff1": 0.662475,
        "nauc_ndcg_at_100_max": 0.503717,
        "nauc_ndcg_at_100_std": 0.088428,
        "nauc_ndcg_at_100_diff1": 0.663297,
        "nauc_ndcg_at_1000_max": 0.494318,
        "nauc_ndcg_at_1000_std": 0.08784,
        "nauc_ndcg_at_1000_diff1": 0.665234,
        "nauc_map_at_1_max": 0.404026,
        "nauc_map_at_1_std": -0.008032,
        "nauc_map_at_1_diff1": 0.696335,
        "nauc_map_at_3_max": 0.447412,
        "nauc_map_at_3_std": 0.024727,
        "nauc_map_at_3_diff1": 0.678554,
        "nauc_map_at_5_max": 0.457123,
        "nauc_map_at_5_std": 0.037926,
        "nauc_map_at_5_diff1": 0.670517,
        "nauc_map_at_10_max": 0.464146,
        "nauc_map_at_10_std": 0.043847,
        "nauc_map_at_10_diff1": 0.670479,
        "nauc_map_at_20_max": 0.470166,
        "nauc_map_at_20_std": 0.054639,
        "nauc_map_at_20_diff1": 0.669982,
        "nauc_map_at_100_max": 0.469564,
        "nauc_map_at_100_std": 0.053335,
        "nauc_map_at_100_diff1": 0.670158,
        "nauc_map_at_1000_max": 0.46921,
        "nauc_map_at_1000_std": 0.053266,
        "nauc_map_at_1000_diff1": 0.67022,
        "nauc_recall_at_1_max": 0.404026,
        "nauc_recall_at_1_std": -0.008032,
        "nauc_recall_at_1_diff1": 0.696335,
        "nauc_recall_at_3_max": 0.488387,
        "nauc_recall_at_3_std": 0.061742,
        "nauc_recall_at_3_diff1": 0.652603,
        "nauc_recall_at_5_max": 0.520133,
        "nauc_recall_at_5_std": 0.107154,
        "nauc_recall_at_5_diff1": 0.613795,
        "nauc_recall_at_10_max": 0.56981,
        "nauc_recall_at_10_std": 0.142976,
        "nauc_recall_at_10_diff1": 0.597623,
        "nauc_recall_at_20_max": 0.640325,
        "nauc_recall_at_20_std": 0.268171,
        "nauc_recall_at_20_diff1": 0.584794,
        "nauc_recall_at_100_max": 0.624449,
        "nauc_recall_at_100_std": 0.163826,
        "nauc_recall_at_100_diff1": 0.560153,
        "nauc_recall_at_1000_max": 0.472001,
        "nauc_recall_at_1000_std": 0.480016,
        "nauc_recall_at_1000_diff1": 0.325864,
        "nauc_precision_at_1_max": 0.43819,
        "nauc_precision_at_1_std": 0.032444,
        "nauc_precision_at_1_diff1": 0.723956,
        "nauc_precision_at_3_max": 0.520975,
        "nauc_precision_at_3_std": 0.173175,
        "nauc_precision_at_3_diff1": 0.612613,
        "nauc_precision_at_5_max": 0.55343,
        "nauc_precision_at_5_std": 0.258315,
        "nauc_precision_at_5_diff1": 0.52552,
        "nauc_precision_at_10_max": 0.593933,
        "nauc_precision_at_10_std": 0.31653,
        "nauc_precision_at_10_diff1": 0.478687,
        "nauc_precision_at_20_max": 0.570451,
        "nauc_precision_at_20_std": 0.425678,
        "nauc_precision_at_20_diff1": 0.36997,
        "nauc_precision_at_100_max": 0.482561,
        "nauc_precision_at_100_std": 0.401609,
        "nauc_precision_at_100_diff1": 0.247999,
        "nauc_precision_at_1000_max": 0.316816,
        "nauc_precision_at_1000_std": 0.496622,
        "nauc_precision_at_1000_diff1": 0.031774,
        "nauc_mrr_at_1_max": 0.43819,
        "nauc_mrr_at_1_std": 0.032444,
        "nauc_mrr_at_1_diff1": 0.723956,
        "nauc_mrr_at_3_max": 0.476876,
        "nauc_mrr_at_3_std": 0.068009,
        "nauc_mrr_at_3_diff1": 0.697177,
        "nauc_mrr_at_5_max": 0.484717,
        "nauc_mrr_at_5_std": 0.077495,
        "nauc_mrr_at_5_diff1": 0.692606,
        "nauc_mrr_at_10_max": 0.49001,
        "nauc_mrr_at_10_std": 0.081541,
        "nauc_mrr_at_10_diff1": 0.692853,
        "nauc_mrr_at_20_max": 0.490697,
        "nauc_mrr_at_20_std": 0.084308,
        "nauc_mrr_at_20_diff1": 0.692263,
        "nauc_mrr_at_100_max": 0.488842,
        "nauc_mrr_at_100_std": 0.08151,
        "nauc_mrr_at_100_diff1": 0.692033,
        "nauc_mrr_at_1000_max": 0.488482,
        "nauc_mrr_at_1000_std": 0.081471,
        "nauc_mrr_at_1000_diff1": 0.692002,
        "main_score": 0.53903,
        "hf_subset": "default",
        "languages": [
          "eng-Latn"
        ]
      }
    ]
  },
  "evaluation_time": 14.796841859817505,
  "kg_co2_emissions": null
}