{
  "dataset_revision": "f8c2fcf00f625baaa80f62ec5bd9e1fff3b8ae88",
  "task_name": "SCIDOCS",
  "mteb_version": "1.39.7",
  "scores": {
    "test": [
      {
        "ndcg_at_1": 0.171,
        "ndcg_at_3": 0.13478,
        "ndcg_at_5": 0.11811,
        "ndcg_at_10": 0.13784,
        "ndcg_at_20": 0.1578,
        "ndcg_at_100": 0.19926,
        "ndcg_at_1000": 0.25074,
        "map_at_1": 0.0345,
        "map_at_3": 0.05859,
        "map_at_5": 0.06982,
        "map_at_10": 0.07879,
        "map_at_20": 0.08518,
        "map_at_100": 0.09246,
        "map_at_1000": 0.09484,
        "recall_at_1": 0.0345,
        "recall_at_3": 0.07515,
        "recall_at_5": 0.10423,
        "recall_at_10": 0.14058,
        "recall_at_20": 0.1878,
        "recall_at_100": 0.32152,
        "recall_at_1000": 0.57718,
        "precision_at_1": 0.171,
        "precision_at_3": 0.124,
        "precision_at_5": 0.1028,
        "precision_at_10": 0.0693,
        "precision_at_20": 0.04625,
        "precision_at_100": 0.01585,
        "precision_at_1000": 0.00284,
        "mrr_at_1": 0.171,
        "mrr_at_3": 0.228667,
        "mrr_at_5": 0.245917,
        "mrr_at_10": 0.256725,
        "mrr_at_20": 0.262997,
        "mrr_at_100": 0.267872,
        "mrr_at_1000": 0.268697,
        "nauc_ndcg_at_1_max": 0.230155,
        "nauc_ndcg_at_1_std": 0.087972,
        "nauc_ndcg_at_1_diff1": 0.197588,
        "nauc_ndcg_at_3_max": 0.249632,
        "nauc_ndcg_at_3_std": 0.125645,
        "nauc_ndcg_at_3_diff1": 0.182305,
        "nauc_ndcg_at_5_max": 0.252775,
        "nauc_ndcg_at_5_std": 0.14593,
        "nauc_ndcg_at_5_diff1": 0.158245,
        "nauc_ndcg_at_10_max": 0.271089,
        "nauc_ndcg_at_10_std": 0.170338,
        "nauc_ndcg_at_10_diff1": 0.150359,
        "nauc_ndcg_at_20_max": 0.282699,
        "nauc_ndcg_at_20_std": 0.199963,
        "nauc_ndcg_at_20_diff1": 0.144556,
        "nauc_ndcg_at_100_max": 0.300847,
        "nauc_ndcg_at_100_std": 0.262998,
        "nauc_ndcg_at_100_diff1": 0.141036,
        "nauc_ndcg_at_1000_max": 0.314248,
        "nauc_ndcg_at_1000_std": 0.287481,
        "nauc_ndcg_at_1000_diff1": 0.14738,
        "nauc_map_at_1_max": 0.23021,
        "nauc_map_at_1_std": 0.089691,
        "nauc_map_at_1_diff1": 0.195421,
        "nauc_map_at_3_max": 0.252538,
        "nauc_map_at_3_std": 0.112556,
        "nauc_map_at_3_diff1": 0.189693,
        "nauc_map_at_5_max": 0.254091,
        "nauc_map_at_5_std": 0.122863,
        "nauc_map_at_5_diff1": 0.170448,
        "nauc_map_at_10_max": 0.273603,
        "nauc_map_at_10_std": 0.14548,
        "nauc_map_at_10_diff1": 0.164409,
        "nauc_map_at_20_max": 0.283857,
        "nauc_map_at_20_std": 0.165057,
        "nauc_map_at_20_diff1": 0.15917,
        "nauc_map_at_100_max": 0.288381,
        "nauc_map_at_100_std": 0.189287,
        "nauc_map_at_100_diff1": 0.155937,
        "nauc_map_at_1000_max": 0.289434,
        "nauc_map_at_1000_std": 0.193012,
        "nauc_map_at_1000_diff1": 0.15551,
        "nauc_recall_at_1_max": 0.23021,
        "nauc_recall_at_1_std": 0.089691,
        "nauc_recall_at_1_diff1": 0.195421,
        "nauc_recall_at_3_max": 0.252299,
        "nauc_recall_at_3_std": 0.139852,
        "nauc_recall_at_3_diff1": 0.17163,
        "nauc_recall_at_5_max": 0.249024,
        "nauc_recall_at_5_std": 0.164189,
        "nauc_recall_at_5_diff1": 0.128924,
        "nauc_recall_at_10_max": 0.275369,
        "nauc_recall_at_10_std": 0.202132,
        "nauc_recall_at_10_diff1": 0.114703,
        "nauc_recall_at_20_max": 0.281354,
        "nauc_recall_at_20_std": 0.249728,
        "nauc_recall_at_20_diff1": 0.100005,
        "nauc_recall_at_100_max": 0.298709,
        "nauc_recall_at_100_std": 0.367346,
        "nauc_recall_at_100_diff1": 0.086498,
        "nauc_recall_at_1000_max": 0.310213,
        "nauc_recall_at_1000_std": 0.418841,
        "nauc_recall_at_1000_diff1": 0.095842,
        "nauc_precision_at_1_max": 0.230155,
        "nauc_precision_at_1_std": 0.087972,
        "nauc_precision_at_1_diff1": 0.197588,
        "nauc_precision_at_3_max": 0.252702,
        "nauc_precision_at_3_std": 0.137924,
        "nauc_precision_at_3_diff1": 0.173885,
        "nauc_precision_at_5_max": 0.253231,
        "nauc_precision_at_5_std": 0.165688,
        "nauc_precision_at_5_diff1": 0.133096,
        "nauc_precision_at_10_max": 0.279929,
        "nauc_precision_at_10_std": 0.20327,
        "nauc_precision_at_10_diff1": 0.118066,
        "nauc_precision_at_20_max": 0.284315,
        "nauc_precision_at_20_std": 0.248126,
        "nauc_precision_at_20_diff1": 0.100279,
        "nauc_precision_at_100_max": 0.298707,
        "nauc_precision_at_100_std": 0.361447,
        "nauc_precision_at_100_diff1": 0.086617,
        "nauc_precision_at_1000_max": 0.310711,
        "nauc_precision_at_1000_std": 0.408239,
        "nauc_precision_at_1000_diff1": 0.097663,
        "nauc_mrr_at_1_max": 0.230155,
        "nauc_mrr_at_1_std": 0.087972,
        "nauc_mrr_at_1_diff1": 0.197588,
        "nauc_mrr_at_3_max": 0.240587,
        "nauc_mrr_at_3_std": 0.129975,
        "nauc_mrr_at_3_diff1": 0.176863,
        "nauc_mrr_at_5_max": 0.243359,
        "nauc_mrr_at_5_std": 0.145099,
        "nauc_mrr_at_5_diff1": 0.166133,
        "nauc_mrr_at_10_max": 0.24275,
        "nauc_mrr_at_10_std": 0.146585,
        "nauc_mrr_at_10_diff1": 0.162988,
        "nauc_mrr_at_20_max": 0.243733,
        "nauc_mrr_at_20_std": 0.149141,
        "nauc_mrr_at_20_diff1": 0.164097,
        "nauc_mrr_at_100_max": 0.244621,
        "nauc_mrr_at_100_std": 0.151195,
        "nauc_mrr_at_100_diff1": 0.165415,
        "nauc_mrr_at_1000_max": 0.244598,
        "nauc_mrr_at_1000_std": 0.151115,
        "nauc_mrr_at_1000_diff1": 0.165377,
        "main_score": 0.13784,
        "hf_subset": "default",
        "languages": [
          "eng-Latn"
        ]
      }
    ]
  },
  "evaluation_time": 124.6588933467865,
  "kg_co2_emissions": null
}