{
  "dataset_revision": "27a168819829fe9bcd655c2df245fb19452e8e06",
  "task_name": "FiQA2018",
  "mteb_version": "1.39.7",
  "scores": {
    "test": [
      {
        "ndcg_at_1": 0.23302,
        "ndcg_at_3": 0.22799,
        "ndcg_at_5": 0.23613,
        "ndcg_at_10": 0.25935,
        "ndcg_at_20": 0.27752,
        "ndcg_at_100": 0.31646,
        "ndcg_at_1000": 0.3564,
        "map_at_1": 0.11488,
        "map_at_3": 0.16842,
        "map_at_5": 0.18268,
        "map_at_10": 0.19623,
        "map_at_20": 0.20269,
        "map_at_100": 0.20953,
        "map_at_1000": 0.21149,
        "recall_at_1": 0.11488,
        "recall_at_3": 0.21017,
        "recall_at_5": 0.25158,
        "recall_at_10": 0.32246,
        "recall_at_20": 0.37822,
        "recall_at_100": 0.53977,
        "recall_at_1000": 0.7874,
        "precision_at_1": 0.23302,
        "precision_at_3": 0.15895,
        "precision_at_5": 0.11574,
        "precision_at_10": 0.07623,
        "precision_at_20": 0.04552,
        "precision_at_100": 0.01364,
        "precision_at_1000": 0.00204,
        "mrr_at_1": 0.233025,
        "mrr_at_3": 0.296296,
        "mrr_at_5": 0.306944,
        "mrr_at_10": 0.318896,
        "mrr_at_20": 0.323405,
        "mrr_at_100": 0.327018,
        "mrr_at_1000": 0.327798,
        "nauc_ndcg_at_1_max": 0.134699,
        "nauc_ndcg_at_1_std": -0.082331,
        "nauc_ndcg_at_1_diff1": 0.384768,
        "nauc_ndcg_at_3_max": 0.153163,
        "nauc_ndcg_at_3_std": -0.034302,
        "nauc_ndcg_at_3_diff1": 0.340436,
        "nauc_ndcg_at_5_max": 0.1482,
        "nauc_ndcg_at_5_std": -0.041968,
        "nauc_ndcg_at_5_diff1": 0.340709,
        "nauc_ndcg_at_10_max": 0.154653,
        "nauc_ndcg_at_10_std": -0.014605,
        "nauc_ndcg_at_10_diff1": 0.33357,
        "nauc_ndcg_at_20_max": 0.148119,
        "nauc_ndcg_at_20_std": -0.009874,
        "nauc_ndcg_at_20_diff1": 0.329798,
        "nauc_ndcg_at_100_max": 0.165425,
        "nauc_ndcg_at_100_std": 0.026415,
        "nauc_ndcg_at_100_diff1": 0.317185,
        "nauc_ndcg_at_1000_max": 0.184868,
        "nauc_ndcg_at_1000_std": 0.047212,
        "nauc_ndcg_at_1000_diff1": 0.313978,
        "nauc_map_at_1_max": 0.085082,
        "nauc_map_at_1_std": -0.110917,
        "nauc_map_at_1_diff1": 0.423704,
        "nauc_map_at_3_max": 0.122994,
        "nauc_map_at_3_std": -0.053608,
        "nauc_map_at_3_diff1": 0.378671,
        "nauc_map_at_5_max": 0.136311,
        "nauc_map_at_5_std": -0.054545,
        "nauc_map_at_5_diff1": 0.371933,
        "nauc_map_at_10_max": 0.141423,
        "nauc_map_at_10_std": -0.04096,
        "nauc_map_at_10_diff1": 0.362161,
        "nauc_map_at_20_max": 0.140657,
        "nauc_map_at_20_std": -0.03742,
        "nauc_map_at_20_diff1": 0.35937,
        "nauc_map_at_100_max": 0.145944,
        "nauc_map_at_100_std": -0.029335,
        "nauc_map_at_100_diff1": 0.356798,
        "nauc_map_at_1000_max": 0.147126,
        "nauc_map_at_1000_std": -0.027481,
        "nauc_map_at_1000_diff1": 0.35624,
        "nauc_recall_at_1_max": 0.085082,
        "nauc_recall_at_1_std": -0.110917,
        "nauc_recall_at_1_diff1": 0.423704,
        "nauc_recall_at_3_max": 0.104343,
        "nauc_recall_at_3_std": -0.023694,
        "nauc_recall_at_3_diff1": 0.318639,
        "nauc_recall_at_5_max": 0.10825,
        "nauc_recall_at_5_std": -0.037857,
        "nauc_recall_at_5_diff1": 0.288609,
        "nauc_recall_at_10_max": 0.132166,
        "nauc_recall_at_10_std": 0.025963,
        "nauc_recall_at_10_diff1": 0.248925,
        "nauc_recall_at_20_max": 0.108446,
        "nauc_recall_at_20_std": 0.030943,
        "nauc_recall_at_20_diff1": 0.234643,
        "nauc_recall_at_100_max": 0.137655,
        "nauc_recall_at_100_std": 0.159899,
        "nauc_recall_at_100_diff1": 0.168324,
        "nauc_recall_at_1000_max": 0.259485,
        "nauc_recall_at_1000_std": 0.389818,
        "nauc_recall_at_1000_diff1": 0.089072,
        "nauc_precision_at_1_max": 0.134699,
        "nauc_precision_at_1_std": -0.082331,
        "nauc_precision_at_1_diff1": 0.384768,
        "nauc_precision_at_3_max": 0.206298,
        "nauc_precision_at_3_std": 0.009083,
        "nauc_precision_at_3_diff1": 0.268094,
        "nauc_precision_at_5_max": 0.221492,
        "nauc_precision_at_5_std": 0.017875,
        "nauc_precision_at_5_diff1": 0.238084,
        "nauc_precision_at_10_max": 0.228432,
        "nauc_precision_at_10_std": 0.076844,
        "nauc_precision_at_10_diff1": 0.172695,
        "nauc_precision_at_20_max": 0.210857,
        "nauc_precision_at_20_std": 0.108195,
        "nauc_precision_at_20_diff1": 0.137193,
        "nauc_precision_at_100_max": 0.234277,
        "nauc_precision_at_100_std": 0.193139,
        "nauc_precision_at_100_diff1": 0.047158,
        "nauc_precision_at_1000_max": 0.265398,
        "nauc_precision_at_1000_std": 0.226693,
        "nauc_precision_at_1000_diff1": -0.01498,
        "nauc_mrr_at_1_max": 0.134699,
        "nauc_mrr_at_1_std": -0.082331,
        "nauc_mrr_at_1_diff1": 0.384768,
        "nauc_mrr_at_3_max": 0.157062,
        "nauc_mrr_at_3_std": -0.039355,
        "nauc_mrr_at_3_diff1": 0.351088,
        "nauc_mrr_at_5_max": 0.154898,
        "nauc_mrr_at_5_std": -0.044042,
        "nauc_mrr_at_5_diff1": 0.343837,
        "nauc_mrr_at_10_max": 0.160584,
        "nauc_mrr_at_10_std": -0.032222,
        "nauc_mrr_at_10_diff1": 0.339307,
        "nauc_mrr_at_20_max": 0.159365,
        "nauc_mrr_at_20_std": -0.031534,
        "nauc_mrr_at_20_diff1": 0.33773,
        "nauc_mrr_at_100_max": 0.161105,
        "nauc_mrr_at_100_std": -0.029264,
        "nauc_mrr_at_100_diff1": 0.337711,
        "nauc_mrr_at_1000_max": 0.161211,
        "nauc_mrr_at_1000_std": -0.02916,
        "nauc_mrr_at_1000_diff1": 0.337894,
        "main_score": 0.25935,
        "hf_subset": "default",
        "languages": [
          "eng-Latn"
        ]
      }
    ]
  },
  "evaluation_time": 240.40683937072754,
  "kg_co2_emissions": null
}