{
  "dataset_revision": "c22ab2a51041ffd869aaddef7af8d8215647e41a",
  "task_name": "ArguAna",
  "mteb_version": "1.39.7",
  "scores": {
    "test": [
      {
        "ndcg_at_1": 0.266,
        "ndcg_at_3": 0.40987,
        "ndcg_at_5": 0.45765,
        "ndcg_at_10": 0.50271,
        "ndcg_at_20": 0.52717,
        "ndcg_at_100": 0.54385,
        "ndcg_at_1000": 0.54899,
        "map_at_1": 0.266,
        "map_at_3": 0.37411,
        "map_at_5": 0.40064,
        "map_at_10": 0.4195,
        "map_at_20": 0.42641,
        "map_at_100": 0.42874,
        "map_at_1000": 0.42896,
        "recall_at_1": 0.266,
        "recall_at_3": 0.51351,
        "recall_at_5": 0.62945,
        "recall_at_10": 0.76743,
        "recall_at_20": 0.86273,
        "recall_at_100": 0.95235,
        "recall_at_1000": 0.99147,
        "precision_at_1": 0.266,
        "precision_at_3": 0.17117,
        "precision_at_5": 0.12589,
        "precision_at_10": 0.07674,
        "precision_at_20": 0.04314,
        "precision_at_100": 0.00952,
        "precision_at_1000": 0.00099,
        "mrr_at_1": 0.272404,
        "mrr_at_3": 0.376482,
        "mrr_at_5": 0.402833,
        "mrr_at_10": 0.421749,
        "mrr_at_20": 0.42873,
        "mrr_at_100": 0.431062,
        "mrr_at_1000": 0.431284,
        "nauc_ndcg_at_1_max": -0.046183,
        "nauc_ndcg_at_1_std": -0.085883,
        "nauc_ndcg_at_1_diff1": 0.147941,
        "nauc_ndcg_at_3_max": 0.008025,
        "nauc_ndcg_at_3_std": -0.068324,
        "nauc_ndcg_at_3_diff1": 0.116642,
        "nauc_ndcg_at_5_max": 0.015127,
        "nauc_ndcg_at_5_std": -0.05494,
        "nauc_ndcg_at_5_diff1": 0.10764,
        "nauc_ndcg_at_10_max": 0.017774,
        "nauc_ndcg_at_10_std": -0.056282,
        "nauc_ndcg_at_10_diff1": 0.102523,
        "nauc_ndcg_at_20_max": 0.019337,
        "nauc_ndcg_at_20_std": -0.054592,
        "nauc_ndcg_at_20_diff1": 0.106086,
        "nauc_ndcg_at_100_max": 0.012097,
        "nauc_ndcg_at_100_std": -0.051324,
        "nauc_ndcg_at_100_diff1": 0.113304,
        "nauc_ndcg_at_1000_max": 0.006067,
        "nauc_ndcg_at_1000_std": -0.058416,
        "nauc_ndcg_at_1000_diff1": 0.112503,
        "nauc_map_at_1_max": -0.046183,
        "nauc_map_at_1_std": -0.085883,
        "nauc_map_at_1_diff1": 0.147941,
        "nauc_map_at_3_max": -0.007262,
        "nauc_map_at_3_std": -0.074102,
        "nauc_map_at_3_diff1": 0.123007,
        "nauc_map_at_5_max": -0.004027,
        "nauc_map_at_5_std": -0.067659,
        "nauc_map_at_5_diff1": 0.11853,
        "nauc_map_at_10_max": -0.004009,
        "nauc_map_at_10_std": -0.069038,
        "nauc_map_at_10_diff1": 0.116846,
        "nauc_map_at_20_max": -0.004026,
        "nauc_map_at_20_std": -0.06864,
        "nauc_map_at_20_diff1": 0.117878,
        "nauc_map_at_100_max": -0.005008,
        "nauc_map_at_100_std": -0.068491,
        "nauc_map_at_100_diff1": 0.118946,
        "nauc_map_at_1000_max": -0.00523,
        "nauc_map_at_1000_std": -0.068692,
        "nauc_map_at_1000_diff1": 0.118907,
        "nauc_recall_at_1_max": -0.046183,
        "nauc_recall_at_1_std": -0.085883,
        "nauc_recall_at_1_diff1": 0.147941,
        "nauc_recall_at_3_max": 0.052314,
        "nauc_recall_at_3_std": -0.051309,
        "nauc_recall_at_3_diff1": 0.099021,
        "nauc_recall_at_5_max": 0.078473,
        "nauc_recall_at_5_std": -0.010704,
        "nauc_recall_at_5_diff1": 0.071755,
        "nauc_recall_at_10_max": 0.118428,
        "nauc_recall_at_10_std": 0.005034,
        "nauc_recall_at_10_diff1": 0.03562,
        "nauc_recall_at_20_max": 0.190645,
        "nauc_recall_at_20_std": 0.05126,
        "nauc_recall_at_20_diff1": 0.026479,
        "nauc_recall_at_100_max": 0.284331,
        "nauc_recall_at_100_std": 0.343918,
        "nauc_recall_at_100_diff1": 0.078045,
        "nauc_recall_at_1000_max": 0.169975,
        "nauc_recall_at_1000_std": 0.444894,
        "nauc_recall_at_1000_diff1": -0.235923,
        "nauc_precision_at_1_max": -0.046183,
        "nauc_precision_at_1_std": -0.085883,
        "nauc_precision_at_1_diff1": 0.147941,
        "nauc_precision_at_3_max": 0.052314,
        "nauc_precision_at_3_std": -0.051309,
        "nauc_precision_at_3_diff1": 0.099021,
        "nauc_precision_at_5_max": 0.078473,
        "nauc_precision_at_5_std": -0.010704,
        "nauc_precision_at_5_diff1": 0.071755,
        "nauc_precision_at_10_max": 0.118428,
        "nauc_precision_at_10_std": 0.005034,
        "nauc_precision_at_10_diff1": 0.03562,
        "nauc_precision_at_20_max": 0.190645,
        "nauc_precision_at_20_std": 0.05126,
        "nauc_precision_at_20_diff1": 0.026479,
        "nauc_precision_at_100_max": 0.284331,
        "nauc_precision_at_100_std": 0.343918,
        "nauc_precision_at_100_diff1": 0.078045,
        "nauc_precision_at_1000_max": 0.169975,
        "nauc_precision_at_1000_std": 0.444894,
        "nauc_precision_at_1000_diff1": -0.235923,
        "nauc_mrr_at_1_max": -0.056148,
        "nauc_mrr_at_1_std": -0.080358,
        "nauc_mrr_at_1_diff1": 0.126924,
        "nauc_mrr_at_3_max": -0.018407,
        "nauc_mrr_at_3_std": -0.074106,
        "nauc_mrr_at_3_diff1": 0.108434,
        "nauc_mrr_at_5_max": -0.01548,
        "nauc_mrr_at_5_std": -0.066503,
        "nauc_mrr_at_5_diff1": 0.101744,
        "nauc_mrr_at_10_max": -0.015696,
        "nauc_mrr_at_10_std": -0.067736,
        "nauc_mrr_at_10_diff1": 0.099651,
        "nauc_mrr_at_20_max": -0.015613,
        "nauc_mrr_at_20_std": -0.06722,
        "nauc_mrr_at_20_diff1": 0.100679,
        "nauc_mrr_at_100_max": -0.016687,
        "nauc_mrr_at_100_std": -0.067063,
        "nauc_mrr_at_100_diff1": 0.101603,
        "nauc_mrr_at_1000_max": -0.016915,
        "nauc_mrr_at_1000_std": -0.067262,
        "nauc_mrr_at_1000_diff1": 0.101552,
        "main_score": 0.50271,
        "hf_subset": "default",
        "languages": [
          "eng-Latn"
        ]
      }
    ]
  },
  "evaluation_time": 42.34280967712402,
  "kg_co2_emissions": null
}