{
  "dataset_revision": "ec0fa4fe99da2ff19ca1214b7966684033a58814",
  "task_name": "NFCorpus",
  "mteb_version": "1.39.7",
  "scores": {
    "test": [
      {
        "ndcg_at_1": 0.24458,
        "ndcg_at_3": 0.20242,
        "ndcg_at_5": 0.18681,
        "ndcg_at_10": 0.16508,
        "ndcg_at_20": 0.14951,
        "ndcg_at_100": 0.14928,
        "ndcg_at_1000": 0.2351,
        "map_at_1": 0.03118,
        "map_at_3": 0.04506,
        "map_at_5": 0.05104,
        "map_at_10": 0.0578,
        "map_at_20": 0.06185,
        "map_at_100": 0.06686,
        "map_at_1000": 0.07346,
        "recall_at_1": 0.03118,
        "recall_at_3": 0.05052,
        "recall_at_5": 0.06117,
        "recall_at_10": 0.07722,
        "recall_at_20": 0.09424,
        "recall_at_100": 0.15841,
        "recall_at_1000": 0.45153,
        "precision_at_1": 0.25387,
        "precision_at_3": 0.18369,
        "precision_at_5": 0.15542,
        "precision_at_10": 0.1161,
        "precision_at_20": 0.08158,
        "precision_at_100": 0.03452,
        "precision_at_1000": 0.01437,
        "mrr_at_1": 0.25387,
        "mrr_at_3": 0.299794,
        "mrr_at_5": 0.311868,
        "mrr_at_10": 0.320188,
        "mrr_at_20": 0.324371,
        "mrr_at_100": 0.327999,
        "mrr_at_1000": 0.328899,
        "nauc_ndcg_at_1_max": 0.304861,
        "nauc_ndcg_at_1_std": 0.158623,
        "nauc_ndcg_at_1_diff1": 0.413875,
        "nauc_ndcg_at_3_max": 0.315971,
        "nauc_ndcg_at_3_std": 0.142653,
        "nauc_ndcg_at_3_diff1": 0.334892,
        "nauc_ndcg_at_5_max": 0.340873,
        "nauc_ndcg_at_5_std": 0.125255,
        "nauc_ndcg_at_5_diff1": 0.313013,
        "nauc_ndcg_at_10_max": 0.347703,
        "nauc_ndcg_at_10_std": 0.112689,
        "nauc_ndcg_at_10_diff1": 0.281737,
        "nauc_ndcg_at_20_max": 0.365787,
        "nauc_ndcg_at_20_std": 0.119172,
        "nauc_ndcg_at_20_diff1": 0.297723,
        "nauc_ndcg_at_100_max": 0.40034,
        "nauc_ndcg_at_100_std": 0.131546,
        "nauc_ndcg_at_100_diff1": 0.300872,
        "nauc_ndcg_at_1000_max": 0.420224,
        "nauc_ndcg_at_1000_std": 0.088514,
        "nauc_ndcg_at_1000_diff1": 0.284002,
        "nauc_map_at_1_max": 0.340806,
        "nauc_map_at_1_std": 0.158897,
        "nauc_map_at_1_diff1": 0.6333,
        "nauc_map_at_3_max": 0.359135,
        "nauc_map_at_3_std": 0.203041,
        "nauc_map_at_3_diff1": 0.518238,
        "nauc_map_at_5_max": 0.370497,
        "nauc_map_at_5_std": 0.207396,
        "nauc_map_at_5_diff1": 0.47494,
        "nauc_map_at_10_max": 0.383707,
        "nauc_map_at_10_std": 0.204193,
        "nauc_map_at_10_diff1": 0.424058,
        "nauc_map_at_20_max": 0.391312,
        "nauc_map_at_20_std": 0.200582,
        "nauc_map_at_20_diff1": 0.405143,
        "nauc_map_at_100_max": 0.39689,
        "nauc_map_at_100_std": 0.193176,
        "nauc_map_at_100_diff1": 0.382735,
        "nauc_map_at_1000_max": 0.395065,
        "nauc_map_at_1000_std": 0.184132,
        "nauc_map_at_1000_diff1": 0.371092,
        "nauc_recall_at_1_max": 0.340806,
        "nauc_recall_at_1_std": 0.158897,
        "nauc_recall_at_1_diff1": 0.6333,
        "nauc_recall_at_3_max": 0.342725,
        "nauc_recall_at_3_std": 0.169081,
        "nauc_recall_at_3_diff1": 0.459891,
        "nauc_recall_at_5_max": 0.357542,
        "nauc_recall_at_5_std": 0.160416,
        "nauc_recall_at_5_diff1": 0.391215,
        "nauc_recall_at_10_max": 0.36581,
        "nauc_recall_at_10_std": 0.148272,
        "nauc_recall_at_10_diff1": 0.309803,
        "nauc_recall_at_20_max": 0.34072,
        "nauc_recall_at_20_std": 0.159942,
        "nauc_recall_at_20_diff1": 0.276172,
        "nauc_recall_at_100_max": 0.35363,
        "nauc_recall_at_100_std": 0.094135,
        "nauc_recall_at_100_diff1": 0.170052,
        "nauc_recall_at_1000_max": 0.271799,
        "nauc_recall_at_1000_std": -0.002658,
        "nauc_recall_at_1000_diff1": 0.139304,
        "nauc_precision_at_1_max": 0.329556,
        "nauc_precision_at_1_std": 0.160573,
        "nauc_precision_at_1_diff1": 0.416556,
        "nauc_precision_at_3_max": 0.332045,
        "nauc_precision_at_3_std": 0.132906,
        "nauc_precision_at_3_diff1": 0.245335,
        "nauc_precision_at_5_max": 0.346226,
        "nauc_precision_at_5_std": 0.101325,
        "nauc_precision_at_5_diff1": 0.180147,
        "nauc_precision_at_10_max": 0.316026,
        "nauc_precision_at_10_std": 0.057838,
        "nauc_precision_at_10_diff1": 0.081742,
        "nauc_precision_at_20_max": 0.307156,
        "nauc_precision_at_20_std": 0.027096,
        "nauc_precision_at_20_diff1": 0.045185,
        "nauc_precision_at_100_max": 0.214385,
        "nauc_precision_at_100_std": -0.030962,
        "nauc_precision_at_100_diff1": -0.045681,
        "nauc_precision_at_1000_max": 0.011717,
        "nauc_precision_at_1000_std": -0.06389,
        "nauc_precision_at_1000_diff1": -0.041221,
        "nauc_mrr_at_1_max": 0.329556,
        "nauc_mrr_at_1_std": 0.160573,
        "nauc_mrr_at_1_diff1": 0.416556,
        "nauc_mrr_at_3_max": 0.323055,
        "nauc_mrr_at_3_std": 0.131274,
        "nauc_mrr_at_3_diff1": 0.384916,
        "nauc_mrr_at_5_max": 0.336464,
        "nauc_mrr_at_5_std": 0.12153,
        "nauc_mrr_at_5_diff1": 0.369257,
        "nauc_mrr_at_10_max": 0.336328,
        "nauc_mrr_at_10_std": 0.116838,
        "nauc_mrr_at_10_diff1": 0.360504,
        "nauc_mrr_at_20_max": 0.33757,
        "nauc_mrr_at_20_std": 0.115636,
        "nauc_mrr_at_20_diff1": 0.359421,
        "nauc_mrr_at_100_max": 0.340545,
        "nauc_mrr_at_100_std": 0.115416,
        "nauc_mrr_at_100_diff1": 0.358382,
        "nauc_mrr_at_1000_max": 0.340654,
        "nauc_mrr_at_1000_std": 0.115565,
        "nauc_mrr_at_1000_diff1": 0.359068,
        "main_score": 0.16508,
        "hf_subset": "default",
        "languages": [
          "eng-Latn"
        ]
      }
    ]
  },
  "evaluation_time": 6.976876974105835,
  "kg_co2_emissions": null
}