{
  "dataset_revision": "27a168819829fe9bcd655c2df245fb19452e8e06",
  "task_name": "FiQA2018",
  "mteb_version": "1.39.7",
  "scores": {
    "test": [
      {
        "ndcg_at_1": 0.03858,
        "ndcg_at_3": 0.04067,
        "ndcg_at_5": 0.04528,
        "ndcg_at_10": 0.0512,
        "ndcg_at_20": 0.05879,
        "ndcg_at_100": 0.07228,
        "ndcg_at_1000": 0.09979,
        "map_at_1": 0.02141,
        "map_at_3": 0.02988,
        "map_at_5": 0.03334,
        "map_at_10": 0.03563,
        "map_at_20": 0.03775,
        "map_at_100": 0.03941,
        "map_at_1000": 0.04031,
        "recall_at_1": 0.02141,
        "recall_at_3": 0.03908,
        "recall_at_5": 0.05267,
        "recall_at_10": 0.06858,
        "recall_at_20": 0.09243,
        "recall_at_100": 0.14834,
        "recall_at_1000": 0.32362,
        "precision_at_1": 0.03858,
        "precision_at_3": 0.02572,
        "precision_at_5": 0.0216,
        "precision_at_10": 0.01559,
        "precision_at_20": 0.01057,
        "precision_at_100": 0.00367,
        "precision_at_1000": 0.00085,
        "mrr_at_1": 0.03858,
        "mrr_at_3": 0.053755,
        "mrr_at_5": 0.059619,
        "mrr_at_10": 0.065108,
        "mrr_at_20": 0.067807,
        "mrr_at_100": 0.070388,
        "mrr_at_1000": 0.07126,
        "nauc_ndcg_at_1_max": 0.163253,
        "nauc_ndcg_at_1_std": 0.192208,
        "nauc_ndcg_at_1_diff1": 0.292966,
        "nauc_ndcg_at_3_max": 0.114201,
        "nauc_ndcg_at_3_std": 0.230318,
        "nauc_ndcg_at_3_diff1": 0.241364,
        "nauc_ndcg_at_5_max": 0.100672,
        "nauc_ndcg_at_5_std": 0.271259,
        "nauc_ndcg_at_5_diff1": 0.213407,
        "nauc_ndcg_at_10_max": 0.096476,
        "nauc_ndcg_at_10_std": 0.284846,
        "nauc_ndcg_at_10_diff1": 0.188638,
        "nauc_ndcg_at_20_max": 0.09561,
        "nauc_ndcg_at_20_std": 0.284689,
        "nauc_ndcg_at_20_diff1": 0.18511,
        "nauc_ndcg_at_100_max": 0.096071,
        "nauc_ndcg_at_100_std": 0.251788,
        "nauc_ndcg_at_100_diff1": 0.16974,
        "nauc_ndcg_at_1000_max": 0.090197,
        "nauc_ndcg_at_1000_std": 0.233965,
        "nauc_ndcg_at_1000_diff1": 0.135534,
        "nauc_map_at_1_max": 0.167095,
        "nauc_map_at_1_std": 0.272632,
        "nauc_map_at_1_diff1": 0.314064,
        "nauc_map_at_3_max": 0.113574,
        "nauc_map_at_3_std": 0.249364,
        "nauc_map_at_3_diff1": 0.272365,
        "nauc_map_at_5_max": 0.109034,
        "nauc_map_at_5_std": 0.268204,
        "nauc_map_at_5_diff1": 0.24546,
        "nauc_map_at_10_max": 0.108659,
        "nauc_map_at_10_std": 0.275386,
        "nauc_map_at_10_diff1": 0.22586,
        "nauc_map_at_20_max": 0.104949,
        "nauc_map_at_20_std": 0.278841,
        "nauc_map_at_20_diff1": 0.225183,
        "nauc_map_at_100_max": 0.104435,
        "nauc_map_at_100_std": 0.274745,
        "nauc_map_at_100_diff1": 0.220673,
        "nauc_map_at_1000_max": 0.103561,
        "nauc_map_at_1000_std": 0.275046,
        "nauc_map_at_1000_diff1": 0.218134,
        "nauc_recall_at_1_max": 0.167095,
        "nauc_recall_at_1_std": 0.272632,
        "nauc_recall_at_1_diff1": 0.314064,
        "nauc_recall_at_3_max": 0.07057,
        "nauc_recall_at_3_std": 0.253091,
        "nauc_recall_at_3_diff1": 0.229549,
        "nauc_recall_at_5_max": 0.06082,
        "nauc_recall_at_5_std": 0.293706,
        "nauc_recall_at_5_diff1": 0.176169,
        "nauc_recall_at_10_max": 0.067378,
        "nauc_recall_at_10_std": 0.300189,
        "nauc_recall_at_10_diff1": 0.124023,
        "nauc_recall_at_20_max": 0.062465,
        "nauc_recall_at_20_std": 0.284654,
        "nauc_recall_at_20_diff1": 0.117684,
        "nauc_recall_at_100_max": 0.071731,
        "nauc_recall_at_100_std": 0.193866,
        "nauc_recall_at_100_diff1": 0.103156,
        "nauc_recall_at_1000_max": 0.042709,
        "nauc_recall_at_1000_std": 0.140534,
        "nauc_recall_at_1000_diff1": 0.033994,
        "nauc_precision_at_1_max": 0.163253,
        "nauc_precision_at_1_std": 0.192208,
        "nauc_precision_at_1_diff1": 0.292966,
        "nauc_precision_at_3_max": 0.109171,
        "nauc_precision_at_3_std": 0.220352,
        "nauc_precision_at_3_diff1": 0.219783,
        "nauc_precision_at_5_max": 0.107103,
        "nauc_precision_at_5_std": 0.296123,
        "nauc_precision_at_5_diff1": 0.160389,
        "nauc_precision_at_10_max": 0.091183,
        "nauc_precision_at_10_std": 0.296921,
        "nauc_precision_at_10_diff1": 0.115473,
        "nauc_precision_at_20_max": 0.110395,
        "nauc_precision_at_20_std": 0.289079,
        "nauc_precision_at_20_diff1": 0.133194,
        "nauc_precision_at_100_max": 0.106035,
        "nauc_precision_at_100_std": 0.206846,
        "nauc_precision_at_100_diff1": 0.084892,
        "nauc_precision_at_1000_max": 0.100503,
        "nauc_precision_at_1000_std": 0.105116,
        "nauc_precision_at_1000_diff1": -0.02216,
        "nauc_mrr_at_1_max": 0.163253,
        "nauc_mrr_at_1_std": 0.192208,
        "nauc_mrr_at_1_diff1": 0.292966,
        "nauc_mrr_at_3_max": 0.122033,
        "nauc_mrr_at_3_std": 0.233842,
        "nauc_mrr_at_3_diff1": 0.248848,
        "nauc_mrr_at_5_max": 0.110084,
        "nauc_mrr_at_5_std": 0.25491,
        "nauc_mrr_at_5_diff1": 0.228473,
        "nauc_mrr_at_10_max": 0.107865,
        "nauc_mrr_at_10_std": 0.253135,
        "nauc_mrr_at_10_diff1": 0.216934,
        "nauc_mrr_at_20_max": 0.113803,
        "nauc_mrr_at_20_std": 0.250824,
        "nauc_mrr_at_20_diff1": 0.214695,
        "nauc_mrr_at_100_max": 0.11188,
        "nauc_mrr_at_100_std": 0.244081,
        "nauc_mrr_at_100_diff1": 0.210396,
        "nauc_mrr_at_1000_max": 0.111958,
        "nauc_mrr_at_1000_std": 0.24357,
        "nauc_mrr_at_1000_diff1": 0.209637,
        "main_score": 0.0512,
        "hf_subset": "default",
        "languages": [
          "eng-Latn"
        ]
      }
    ]
  },
  "evaluation_time": 238.03764629364014,
  "kg_co2_emissions": null
}