{
  "dataset_revision": "c22ab2a51041ffd869aaddef7af8d8215647e41a",
  "task_name": "ArguAna",
  "mteb_version": "1.39.7",
  "scores": {
    "test": [
      {
        "ndcg_at_1": 0.266,
        "ndcg_at_3": 0.40916,
        "ndcg_at_5": 0.45832,
        "ndcg_at_10": 0.50262,
        "ndcg_at_20": 0.52709,
        "ndcg_at_100": 0.54377,
        "ndcg_at_1000": 0.54892,
        "map_at_1": 0.266,
        "map_at_3": 0.37364,
        "map_at_5": 0.40088,
        "map_at_10": 0.41938,
        "map_at_20": 0.42631,
        "map_at_100": 0.42864,
        "map_at_1000": 0.42886,
        "recall_at_1": 0.266,
        "recall_at_3": 0.51209,
        "recall_at_5": 0.63158,
        "recall_at_10": 0.76743,
        "recall_at_20": 0.86273,
        "recall_at_100": 0.95235,
        "recall_at_1000": 0.99147,
        "precision_at_1": 0.266,
        "precision_at_3": 0.1707,
        "precision_at_5": 0.12632,
        "precision_at_10": 0.07674,
        "precision_at_20": 0.04314,
        "precision_at_100": 0.00952,
        "precision_at_1000": 0.00099,
        "mrr_at_1": 0.270982,
        "mrr_at_3": 0.374941,
        "mrr_at_5": 0.402323,
        "mrr_at_10": 0.421015,
        "mrr_at_20": 0.428002,
        "mrr_at_100": 0.430335,
        "mrr_at_1000": 0.430557,
        "nauc_ndcg_at_1_max": -0.047399,
        "nauc_ndcg_at_1_std": -0.08725,
        "nauc_ndcg_at_1_diff1": 0.147476,
        "nauc_ndcg_at_3_max": 0.008145,
        "nauc_ndcg_at_3_std": -0.067651,
        "nauc_ndcg_at_3_diff1": 0.116088,
        "nauc_ndcg_at_5_max": 0.013741,
        "nauc_ndcg_at_5_std": -0.054217,
        "nauc_ndcg_at_5_diff1": 0.10789,
        "nauc_ndcg_at_10_max": 0.015781,
        "nauc_ndcg_at_10_std": -0.057122,
        "nauc_ndcg_at_10_diff1": 0.103352,
        "nauc_ndcg_at_20_max": 0.018682,
        "nauc_ndcg_at_20_std": -0.054924,
        "nauc_ndcg_at_20_diff1": 0.10716,
        "nauc_ndcg_at_100_max": 0.011345,
        "nauc_ndcg_at_100_std": -0.051449,
        "nauc_ndcg_at_100_diff1": 0.114271,
        "nauc_ndcg_at_1000_max": 0.005295,
        "nauc_ndcg_at_1000_std": -0.058546,
        "nauc_ndcg_at_1000_diff1": 0.113045,
        "nauc_map_at_1_max": -0.047399,
        "nauc_map_at_1_std": -0.08725,
        "nauc_map_at_1_diff1": 0.147476,
        "nauc_map_at_3_max": -0.007263,
        "nauc_map_at_3_std": -0.073836,
        "nauc_map_at_3_diff1": 0.122211,
        "nauc_map_at_5_max": -0.005051,
        "nauc_map_at_5_std": -0.067552,
        "nauc_map_at_5_diff1": 0.11805,
        "nauc_map_at_10_max": -0.005124,
        "nauc_map_at_10_std": -0.069515,
        "nauc_map_at_10_diff1": 0.1166,
        "nauc_map_at_20_max": -0.004767,
        "nauc_map_at_20_std": -0.068992,
        "nauc_map_at_20_diff1": 0.11768,
        "nauc_map_at_100_max": -0.005751,
        "nauc_map_at_100_std": -0.068807,
        "nauc_map_at_100_diff1": 0.11874,
        "nauc_map_at_1000_max": -0.005974,
        "nauc_map_at_1000_std": -0.069009,
        "nauc_map_at_1000_diff1": 0.118683,
        "nauc_recall_at_1_max": -0.047399,
        "nauc_recall_at_1_std": -0.08725,
        "nauc_recall_at_1_diff1": 0.147476,
        "nauc_recall_at_3_max": 0.052659,
        "nauc_recall_at_3_std": -0.049529,
        "nauc_recall_at_3_diff1": 0.099274,
        "nauc_recall_at_5_max": 0.076072,
        "nauc_recall_at_5_std": -0.007662,
        "nauc_recall_at_5_diff1": 0.074628,
        "nauc_recall_at_10_max": 0.111726,
        "nauc_recall_at_10_std": 0.001821,
        "nauc_recall_at_10_diff1": 0.041933,
        "nauc_recall_at_20_max": 0.191548,
        "nauc_recall_at_20_std": 0.050885,
        "nauc_recall_at_20_diff1": 0.038004,
        "nauc_recall_at_100_max": 0.284331,
        "nauc_recall_at_100_std": 0.348311,
        "nauc_recall_at_100_diff1": 0.104223,
        "nauc_recall_at_1000_max": 0.169975,
        "nauc_recall_at_1000_std": 0.469422,
        "nauc_recall_at_1000_diff1": -0.186869,
        "nauc_precision_at_1_max": -0.047399,
        "nauc_precision_at_1_std": -0.08725,
        "nauc_precision_at_1_diff1": 0.147476,
        "nauc_precision_at_3_max": 0.052659,
        "nauc_precision_at_3_std": -0.049529,
        "nauc_precision_at_3_diff1": 0.099274,
        "nauc_precision_at_5_max": 0.076072,
        "nauc_precision_at_5_std": -0.007662,
        "nauc_precision_at_5_diff1": 0.074628,
        "nauc_precision_at_10_max": 0.111726,
        "nauc_precision_at_10_std": 0.001821,
        "nauc_precision_at_10_diff1": 0.041933,
        "nauc_precision_at_20_max": 0.191548,
        "nauc_precision_at_20_std": 0.050885,
        "nauc_precision_at_20_diff1": 0.038004,
        "nauc_precision_at_100_max": 0.284331,
        "nauc_precision_at_100_std": 0.348311,
        "nauc_precision_at_100_diff1": 0.104223,
        "nauc_precision_at_1000_max": 0.169975,
        "nauc_precision_at_1000_std": 0.469422,
        "nauc_precision_at_1000_diff1": -0.186869,
        "nauc_mrr_at_1_max": -0.055665,
        "nauc_mrr_at_1_std": -0.080447,
        "nauc_mrr_at_1_diff1": 0.131093,
        "nauc_mrr_at_3_max": -0.018133,
        "nauc_mrr_at_3_std": -0.072388,
        "nauc_mrr_at_3_diff1": 0.10768,
        "nauc_mrr_at_5_max": -0.015987,
        "nauc_mrr_at_5_std": -0.066277,
        "nauc_mrr_at_5_diff1": 0.103382,
        "nauc_mrr_at_10_max": -0.015792,
        "nauc_mrr_at_10_std": -0.0677,
        "nauc_mrr_at_10_diff1": 0.101628,
        "nauc_mrr_at_20_max": -0.015355,
        "nauc_mrr_at_20_std": -0.067045,
        "nauc_mrr_at_20_diff1": 0.102703,
        "nauc_mrr_at_100_max": -0.016417,
        "nauc_mrr_at_100_std": -0.066849,
        "nauc_mrr_at_100_diff1": 0.103643,
        "nauc_mrr_at_1000_max": -0.016647,
        "nauc_mrr_at_1000_std": -0.067048,
        "nauc_mrr_at_1000_diff1": 0.103576,
        "main_score": 0.50262,
        "hf_subset": "default",
        "languages": [
          "eng-Latn"
        ]
      }
    ]
  },
  "evaluation_time": 69.46595215797424,
  "kg_co2_emissions": null
}