{
  "dataset_revision": "ec0fa4fe99da2ff19ca1214b7966684033a58814",
  "task_name": "NFCorpus",
  "mteb_version": "1.39.7",
  "scores": {
    "test": [
      {
        "ndcg_at_1": 0.34211,
        "ndcg_at_3": 0.29315,
        "ndcg_at_5": 0.26738,
        "ndcg_at_10": 0.23314,
        "ndcg_at_20": 0.21486,
        "ndcg_at_100": 0.21034,
        "ndcg_at_1000": 0.29873,
        "map_at_1": 0.03612,
        "map_at_3": 0.05764,
        "map_at_5": 0.0665,
        "map_at_10": 0.07592,
        "map_at_20": 0.08343,
        "map_at_100": 0.09292,
        "map_at_1000": 0.10247,
        "recall_at_1": 0.03612,
        "recall_at_3": 0.06604,
        "recall_at_5": 0.08117,
        "recall_at_10": 0.103,
        "recall_at_20": 0.13509,
        "recall_at_100": 0.21842,
        "recall_at_1000": 0.52608,
        "precision_at_1": 0.35604,
        "precision_at_3": 0.27451,
        "precision_at_5": 0.22724,
        "precision_at_10": 0.16625,
        "precision_at_20": 0.12245,
        "precision_at_100": 0.05118,
        "precision_at_1000": 0.01697,
        "mrr_at_1": 0.356037,
        "mrr_at_3": 0.418473,
        "mrr_at_5": 0.42807,
        "mrr_at_10": 0.435035,
        "mrr_at_20": 0.439535,
        "mrr_at_100": 0.442545,
        "mrr_at_1000": 0.443176,
        "nauc_ndcg_at_1_max": 0.38362,
        "nauc_ndcg_at_1_std": 0.216114,
        "nauc_ndcg_at_1_diff1": 0.333029,
        "nauc_ndcg_at_3_max": 0.350668,
        "nauc_ndcg_at_3_std": 0.223146,
        "nauc_ndcg_at_3_diff1": 0.223708,
        "nauc_ndcg_at_5_max": 0.358893,
        "nauc_ndcg_at_5_std": 0.219157,
        "nauc_ndcg_at_5_diff1": 0.216277,
        "nauc_ndcg_at_10_max": 0.37549,
        "nauc_ndcg_at_10_std": 0.222276,
        "nauc_ndcg_at_10_diff1": 0.209865,
        "nauc_ndcg_at_20_max": 0.397637,
        "nauc_ndcg_at_20_std": 0.227134,
        "nauc_ndcg_at_20_diff1": 0.213603,
        "nauc_ndcg_at_100_max": 0.446273,
        "nauc_ndcg_at_100_std": 0.253824,
        "nauc_ndcg_at_100_diff1": 0.222198,
        "nauc_ndcg_at_1000_max": 0.525629,
        "nauc_ndcg_at_1000_std": 0.351369,
        "nauc_ndcg_at_1000_diff1": 0.233459,
        "nauc_map_at_1_max": 0.333162,
        "nauc_map_at_1_std": -0.011019,
        "nauc_map_at_1_diff1": 0.504554,
        "nauc_map_at_3_max": 0.352903,
        "nauc_map_at_3_std": 0.005365,
        "nauc_map_at_3_diff1": 0.420315,
        "nauc_map_at_5_max": 0.363766,
        "nauc_map_at_5_std": 0.036216,
        "nauc_map_at_5_diff1": 0.379586,
        "nauc_map_at_10_max": 0.375938,
        "nauc_map_at_10_std": 0.070784,
        "nauc_map_at_10_diff1": 0.326273,
        "nauc_map_at_20_max": 0.393325,
        "nauc_map_at_20_std": 0.098739,
        "nauc_map_at_20_diff1": 0.304989,
        "nauc_map_at_100_max": 0.401688,
        "nauc_map_at_100_std": 0.141109,
        "nauc_map_at_100_diff1": 0.283097,
        "nauc_map_at_1000_max": 0.406507,
        "nauc_map_at_1000_std": 0.169433,
        "nauc_map_at_1000_diff1": 0.268801,
        "nauc_recall_at_1_max": 0.333162,
        "nauc_recall_at_1_std": -0.011019,
        "nauc_recall_at_1_diff1": 0.504554,
        "nauc_recall_at_3_max": 0.329213,
        "nauc_recall_at_3_std": -0.00876,
        "nauc_recall_at_3_diff1": 0.369748,
        "nauc_recall_at_5_max": 0.312769,
        "nauc_recall_at_5_std": 0.009872,
        "nauc_recall_at_5_diff1": 0.312077,
        "nauc_recall_at_10_max": 0.330601,
        "nauc_recall_at_10_std": 0.052763,
        "nauc_recall_at_10_diff1": 0.246637,
        "nauc_recall_at_20_max": 0.337377,
        "nauc_recall_at_20_std": 0.086239,
        "nauc_recall_at_20_diff1": 0.189007,
        "nauc_recall_at_100_max": 0.292916,
        "nauc_recall_at_100_std": 0.141987,
        "nauc_recall_at_100_diff1": 0.079895,
        "nauc_recall_at_1000_max": 0.314587,
        "nauc_recall_at_1000_std": 0.272275,
        "nauc_recall_at_1000_diff1": 0.098219,
        "nauc_precision_at_1_max": 0.396343,
        "nauc_precision_at_1_std": 0.228127,
        "nauc_precision_at_1_diff1": 0.325677,
        "nauc_precision_at_3_max": 0.334134,
        "nauc_precision_at_3_std": 0.255831,
        "nauc_precision_at_3_diff1": 0.143973,
        "nauc_precision_at_5_max": 0.337934,
        "nauc_precision_at_5_std": 0.272499,
        "nauc_precision_at_5_diff1": 0.109071,
        "nauc_precision_at_10_max": 0.320882,
        "nauc_precision_at_10_std": 0.30563,
        "nauc_precision_at_10_diff1": 0.043205,
        "nauc_precision_at_20_max": 0.294359,
        "nauc_precision_at_20_std": 0.3397,
        "nauc_precision_at_20_diff1": 0.000933,
        "nauc_precision_at_100_max": 0.182451,
        "nauc_precision_at_100_std": 0.333451,
        "nauc_precision_at_100_diff1": -0.081039,
        "nauc_precision_at_1000_max": 0.03329,
        "nauc_precision_at_1000_std": 0.222045,
        "nauc_precision_at_1000_diff1": -0.107698,
        "nauc_mrr_at_1_max": 0.396343,
        "nauc_mrr_at_1_std": 0.228127,
        "nauc_mrr_at_1_diff1": 0.325677,
        "nauc_mrr_at_3_max": 0.413739,
        "nauc_mrr_at_3_std": 0.251314,
        "nauc_mrr_at_3_diff1": 0.306367,
        "nauc_mrr_at_5_max": 0.411598,
        "nauc_mrr_at_5_std": 0.248991,
        "nauc_mrr_at_5_diff1": 0.30485,
        "nauc_mrr_at_10_max": 0.422331,
        "nauc_mrr_at_10_std": 0.257046,
        "nauc_mrr_at_10_diff1": 0.305962,
        "nauc_mrr_at_20_max": 0.427904,
        "nauc_mrr_at_20_std": 0.261181,
        "nauc_mrr_at_20_diff1": 0.303812,
        "nauc_mrr_at_100_max": 0.427297,
        "nauc_mrr_at_100_std": 0.260251,
        "nauc_mrr_at_100_diff1": 0.303566,
        "nauc_mrr_at_1000_max": 0.42702,
        "nauc_mrr_at_1000_std": 0.260397,
        "nauc_mrr_at_1000_diff1": 0.303811,
        "main_score": 0.23314,
        "hf_subset": "default",
        "languages": [
          "eng-Latn"
        ]
      }
    ]
  },
  "evaluation_time": 10.531493663787842,
  "kg_co2_emissions": null
}