{
  "dataset_revision": "a34f9a33db75fa0cbb21bb5cfc3dae8dc8bec93f",
  "task_name": "Touche2020",
  "mteb_version": "1.39.7",
  "scores": {
    "test": [
      {
        "ndcg_at_1": 0.18367,
        "ndcg_at_3": 0.19587,
        "ndcg_at_5": 0.20084,
        "ndcg_at_10": 0.19961,
        "ndcg_at_20": 0.21613,
        "ndcg_at_100": 0.31513,
        "ndcg_at_1000": 0.42154,
        "map_at_1": 0.0164,
        "map_at_3": 0.03869,
        "map_at_5": 0.05549,
        "map_at_10": 0.08145,
        "map_at_20": 0.10219,
        "map_at_100": 0.13487,
        "map_at_1000": 0.14802,
        "recall_at_1": 0.0164,
        "recall_at_3": 0.05073,
        "recall_at_5": 0.08534,
        "recall_at_10": 0.14323,
        "recall_at_20": 0.21598,
        "recall_at_100": 0.42562,
        "recall_at_1000": 0.74871,
        "precision_at_1": 0.20408,
        "precision_at_3": 0.22449,
        "precision_at_5": 0.22449,
        "precision_at_10": 0.1898,
        "precision_at_20": 0.15306,
        "precision_at_100": 0.06857,
        "precision_at_1000": 0.01388,
        "mrr_at_1": 0.204082,
        "mrr_at_3": 0.316327,
        "mrr_at_5": 0.354082,
        "mrr_at_10": 0.365355,
        "mrr_at_20": 0.373345,
        "mrr_at_100": 0.378314,
        "mrr_at_1000": 0.378496,
        "nauc_ndcg_at_1_max": -0.287428,
        "nauc_ndcg_at_1_std": -0.150876,
        "nauc_ndcg_at_1_diff1": -0.083478,
        "nauc_ndcg_at_3_max": -0.259099,
        "nauc_ndcg_at_3_std": -0.107826,
        "nauc_ndcg_at_3_diff1": -0.016207,
        "nauc_ndcg_at_5_max": -0.257188,
        "nauc_ndcg_at_5_std": -0.127121,
        "nauc_ndcg_at_5_diff1": -0.007778,
        "nauc_ndcg_at_10_max": -0.245835,
        "nauc_ndcg_at_10_std": -0.176771,
        "nauc_ndcg_at_10_diff1": -0.033995,
        "nauc_ndcg_at_20_max": -0.282346,
        "nauc_ndcg_at_20_std": -0.171509,
        "nauc_ndcg_at_20_diff1": -0.033931,
        "nauc_ndcg_at_100_max": -0.253929,
        "nauc_ndcg_at_100_std": 0.074215,
        "nauc_ndcg_at_100_diff1": -0.08082,
        "nauc_ndcg_at_1000_max": -0.221342,
        "nauc_ndcg_at_1000_std": 0.203352,
        "nauc_ndcg_at_1000_diff1": -0.169319,
        "nauc_map_at_1_max": -0.276448,
        "nauc_map_at_1_std": -0.264519,
        "nauc_map_at_1_diff1": -0.146269,
        "nauc_map_at_3_max": -0.22391,
        "nauc_map_at_3_std": -0.235092,
        "nauc_map_at_3_diff1": -0.12606,
        "nauc_map_at_5_max": -0.207672,
        "nauc_map_at_5_std": -0.254327,
        "nauc_map_at_5_diff1": -0.113653,
        "nauc_map_at_10_max": -0.192164,
        "nauc_map_at_10_std": -0.307291,
        "nauc_map_at_10_diff1": -0.09716,
        "nauc_map_at_20_max": -0.21017,
        "nauc_map_at_20_std": -0.269112,
        "nauc_map_at_20_diff1": -0.098764,
        "nauc_map_at_100_max": -0.192521,
        "nauc_map_at_100_std": -0.137106,
        "nauc_map_at_100_diff1": -0.097358,
        "nauc_map_at_1000_max": -0.196822,
        "nauc_map_at_1000_std": -0.09872,
        "nauc_map_at_1000_diff1": -0.122052,
        "nauc_recall_at_1_max": -0.276448,
        "nauc_recall_at_1_std": -0.264519,
        "nauc_recall_at_1_diff1": -0.146269,
        "nauc_recall_at_3_max": -0.242643,
        "nauc_recall_at_3_std": -0.221031,
        "nauc_recall_at_3_diff1": -0.105854,
        "nauc_recall_at_5_max": -0.255059,
        "nauc_recall_at_5_std": -0.255549,
        "nauc_recall_at_5_diff1": -0.041973,
        "nauc_recall_at_10_max": -0.243156,
        "nauc_recall_at_10_std": -0.297785,
        "nauc_recall_at_10_diff1": -0.027599,
        "nauc_recall_at_20_max": -0.29838,
        "nauc_recall_at_20_std": -0.221202,
        "nauc_recall_at_20_diff1": -0.029879,
        "nauc_recall_at_100_max": -0.249772,
        "nauc_recall_at_100_std": 0.210152,
        "nauc_recall_at_100_diff1": -0.121843,
        "nauc_recall_at_1000_max": -0.125381,
        "nauc_recall_at_1000_std": 0.616081,
        "nauc_recall_at_1000_diff1": -0.359597,
        "nauc_precision_at_1_max": -0.304196,
        "nauc_precision_at_1_std": -0.1449,
        "nauc_precision_at_1_diff1": -0.082868,
        "nauc_precision_at_3_max": -0.276016,
        "nauc_precision_at_3_std": -0.101045,
        "nauc_precision_at_3_diff1": -0.029238,
        "nauc_precision_at_5_max": -0.270683,
        "nauc_precision_at_5_std": -0.13889,
        "nauc_precision_at_5_diff1": -0.002231,
        "nauc_precision_at_10_max": -0.198823,
        "nauc_precision_at_10_std": -0.150771,
        "nauc_precision_at_10_diff1": -0.049948,
        "nauc_precision_at_20_max": -0.239429,
        "nauc_precision_at_20_std": -0.029861,
        "nauc_precision_at_20_diff1": -0.032773,
        "nauc_precision_at_100_max": -0.08669,
        "nauc_precision_at_100_std": 0.523019,
        "nauc_precision_at_100_diff1": -0.14237,
        "nauc_precision_at_1000_max": 0.295602,
        "nauc_precision_at_1000_std": 0.514297,
        "nauc_precision_at_1000_diff1": -0.181209,
        "nauc_mrr_at_1_max": -0.304196,
        "nauc_mrr_at_1_std": -0.1449,
        "nauc_mrr_at_1_diff1": -0.082868,
        "nauc_mrr_at_3_max": -0.296705,
        "nauc_mrr_at_3_std": -0.102654,
        "nauc_mrr_at_3_diff1": 0.00537,
        "nauc_mrr_at_5_max": -0.352485,
        "nauc_mrr_at_5_std": -0.128829,
        "nauc_mrr_at_5_diff1": 0.027492,
        "nauc_mrr_at_10_max": -0.323867,
        "nauc_mrr_at_10_std": -0.09971,
        "nauc_mrr_at_10_diff1": 0.015237,
        "nauc_mrr_at_20_max": -0.32943,
        "nauc_mrr_at_20_std": -0.103567,
        "nauc_mrr_at_20_diff1": -0.00135,
        "nauc_mrr_at_100_max": -0.329988,
        "nauc_mrr_at_100_std": -0.101059,
        "nauc_mrr_at_100_diff1": 0.00082,
        "nauc_mrr_at_1000_max": -0.329129,
        "nauc_mrr_at_1000_std": -0.101665,
        "nauc_mrr_at_1000_diff1": 0.001164,
        "main_score": 0.19961,
        "hf_subset": "default",
        "languages": [
          "eng-Latn"
        ]
      }
    ]
  },
  "evaluation_time": 736.5568895339966,
  "kg_co2_emissions": null
}