{
  "dataset_revision": "ec0fa4fe99da2ff19ca1214b7966684033a58814",
  "task_name": "NFCorpus",
  "mteb_version": "1.39.7",
  "scores": {
    "test": [
      {
        "ndcg_at_1": 0.00929,
        "ndcg_at_3": 0.00832,
        "ndcg_at_5": 0.009,
        "ndcg_at_10": 0.01026,
        "ndcg_at_20": 0.0105,
        "ndcg_at_100": 0.01817,
        "ndcg_at_1000": 0.0935,
        "map_at_1": 0.00019,
        "map_at_3": 0.00049,
        "map_at_5": 0.00062,
        "map_at_10": 0.00085,
        "map_at_20": 0.001,
        "map_at_100": 0.00166,
        "map_at_1000": 0.00514,
        "recall_at_1": 0.00019,
        "recall_at_3": 0.00094,
        "recall_at_5": 0.0015,
        "recall_at_10": 0.00318,
        "recall_at_20": 0.0049,
        "recall_at_100": 0.02685,
        "recall_at_1000": 0.28534,
        "precision_at_1": 0.01238,
        "precision_at_3": 0.01135,
        "precision_at_5": 0.01176,
        "precision_at_10": 0.01176,
        "precision_at_20": 0.01068,
        "precision_at_100": 0.01105,
        "precision_at_1000": 0.01093,
        "mrr_at_1": 0.009288,
        "mrr_at_3": 0.019092,
        "mrr_at_5": 0.025903,
        "mrr_at_10": 0.031065,
        "mrr_at_20": 0.034985,
        "mrr_at_100": 0.040833,
        "mrr_at_1000": 0.042683,
        "nauc_ndcg_at_1_max": 0.35374,
        "nauc_ndcg_at_1_std": -0.254406,
        "nauc_ndcg_at_1_diff1": 0.075393,
        "nauc_ndcg_at_3_max": 0.106142,
        "nauc_ndcg_at_3_std": 0.080415,
        "nauc_ndcg_at_3_diff1": 0.159336,
        "nauc_ndcg_at_5_max": 0.064976,
        "nauc_ndcg_at_5_std": 0.059345,
        "nauc_ndcg_at_5_diff1": 0.162199,
        "nauc_ndcg_at_10_max": 0.009532,
        "nauc_ndcg_at_10_std": 0.076556,
        "nauc_ndcg_at_10_diff1": 0.135468,
        "nauc_ndcg_at_20_max": -0.01545,
        "nauc_ndcg_at_20_std": 0.030803,
        "nauc_ndcg_at_20_diff1": 0.102414,
        "nauc_ndcg_at_100_max": -8e-06,
        "nauc_ndcg_at_100_std": 0.044023,
        "nauc_ndcg_at_100_diff1": 0.075288,
        "nauc_ndcg_at_1000_max": 0.068599,
        "nauc_ndcg_at_1000_std": -0.01623,
        "nauc_ndcg_at_1000_diff1": 0.127087,
        "nauc_map_at_1_max": 0.28944,
        "nauc_map_at_1_std": -0.304954,
        "nauc_map_at_1_diff1": -0.156512,
        "nauc_map_at_3_max": -0.042157,
        "nauc_map_at_3_std": 0.245718,
        "nauc_map_at_3_diff1": 0.080984,
        "nauc_map_at_5_max": -0.080918,
        "nauc_map_at_5_std": 0.239837,
        "nauc_map_at_5_diff1": 0.123403,
        "nauc_map_at_10_max": -0.024781,
        "nauc_map_at_10_std": 0.18422,
        "nauc_map_at_10_diff1": 0.108476,
        "nauc_map_at_20_max": -0.038171,
        "nauc_map_at_20_std": 0.156522,
        "nauc_map_at_20_diff1": 0.09986,
        "nauc_map_at_100_max": 0.01156,
        "nauc_map_at_100_std": 0.101231,
        "nauc_map_at_100_diff1": 0.085392,
        "nauc_map_at_1000_max": 0.034426,
        "nauc_map_at_1000_std": -0.012393,
        "nauc_map_at_1000_diff1": 0.08428,
        "nauc_recall_at_1_max": 0.28944,
        "nauc_recall_at_1_std": -0.304954,
        "nauc_recall_at_1_diff1": -0.156512,
        "nauc_recall_at_3_max": -0.194166,
        "nauc_recall_at_3_std": 0.462103,
        "nauc_recall_at_3_diff1": 0.09548,
        "nauc_recall_at_5_max": -0.226787,
        "nauc_recall_at_5_std": 0.381853,
        "nauc_recall_at_5_diff1": 0.158991,
        "nauc_recall_at_10_max": -0.008494,
        "nauc_recall_at_10_std": 0.172585,
        "nauc_recall_at_10_diff1": 0.112099,
        "nauc_recall_at_20_max": -0.017802,
        "nauc_recall_at_20_std": 0.091915,
        "nauc_recall_at_20_diff1": 0.098637,
        "nauc_recall_at_100_max": 0.013556,
        "nauc_recall_at_100_std": 0.086518,
        "nauc_recall_at_100_diff1": 0.030129,
        "nauc_recall_at_1000_max": 0.064583,
        "nauc_recall_at_1000_std": -0.026186,
        "nauc_recall_at_1000_diff1": 0.077626,
        "nauc_precision_at_1_max": 0.360087,
        "nauc_precision_at_1_std": -0.278857,
        "nauc_precision_at_1_diff1": 0.006553,
        "nauc_precision_at_3_max": 0.068924,
        "nauc_precision_at_3_std": 0.129548,
        "nauc_precision_at_3_diff1": 0.126559,
        "nauc_precision_at_5_max": -0.003115,
        "nauc_precision_at_5_std": 0.109923,
        "nauc_precision_at_5_diff1": 0.157919,
        "nauc_precision_at_10_max": -0.045934,
        "nauc_precision_at_10_std": 0.113724,
        "nauc_precision_at_10_diff1": 0.125682,
        "nauc_precision_at_20_max": -0.064748,
        "nauc_precision_at_20_std": 0.016167,
        "nauc_precision_at_20_diff1": 0.078289,
        "nauc_precision_at_100_max": -0.015569,
        "nauc_precision_at_100_std": -0.03213,
        "nauc_precision_at_100_diff1": 0.068419,
        "nauc_precision_at_1000_max": 0.04001,
        "nauc_precision_at_1000_std": -0.078635,
        "nauc_precision_at_1000_diff1": 0.057905,
        "nauc_mrr_at_1_max": 0.586086,
        "nauc_mrr_at_1_std": -0.303308,
        "nauc_mrr_at_1_diff1": 0.200022,
        "nauc_mrr_at_3_max": 0.058039,
        "nauc_mrr_at_3_std": 0.106293,
        "nauc_mrr_at_3_diff1": 0.091532,
        "nauc_mrr_at_5_max": 0.038321,
        "nauc_mrr_at_5_std": 0.052279,
        "nauc_mrr_at_5_diff1": 0.079336,
        "nauc_mrr_at_10_max": -0.005052,
        "nauc_mrr_at_10_std": 0.073494,
        "nauc_mrr_at_10_diff1": 0.06609,
        "nauc_mrr_at_20_max": -0.003755,
        "nauc_mrr_at_20_std": 0.063034,
        "nauc_mrr_at_20_diff1": 0.079417,
        "nauc_mrr_at_100_max": 0.012147,
        "nauc_mrr_at_100_std": 0.056971,
        "nauc_mrr_at_100_diff1": 0.068308,
        "nauc_mrr_at_1000_max": 0.014136,
        "nauc_mrr_at_1000_std": 0.056004,
        "nauc_mrr_at_1000_diff1": 0.07056,
        "main_score": 0.01026,
        "hf_subset": "default",
        "languages": [
          "eng-Latn"
        ]
      }
    ]
  },
  "evaluation_time": 56.90418100357056,
  "kg_co2_emissions": null
}