{
  "dataset_revision": "f8c2fcf00f625baaa80f62ec5bd9e1fff3b8ae88",
  "task_name": "SCIDOCS",
  "mteb_version": "1.39.7",
  "scores": {
    "test": [
      {
        "ndcg_at_1": 0.015,
        "ndcg_at_3": 0.01406,
        "ndcg_at_5": 0.01121,
        "ndcg_at_10": 0.01371,
        "ndcg_at_20": 0.01776,
        "ndcg_at_100": 0.03097,
        "ndcg_at_1000": 0.05861,
        "map_at_1": 0.003,
        "map_at_3": 0.00533,
        "map_at_5": 0.00571,
        "map_at_10": 0.00645,
        "map_at_20": 0.0073,
        "map_at_100": 0.00871,
        "map_at_1000": 0.00944,
        "recall_at_1": 0.003,
        "recall_at_3": 0.00825,
        "recall_at_5": 0.0097,
        "recall_at_10": 0.01435,
        "recall_at_20": 0.0239,
        "recall_at_100": 0.0678,
        "recall_at_1000": 0.2082,
        "precision_at_1": 0.015,
        "precision_at_3": 0.01367,
        "precision_at_5": 0.0096,
        "precision_at_10": 0.0071,
        "precision_at_20": 0.0059,
        "precision_at_100": 0.00336,
        "precision_at_1000": 0.00103,
        "mrr_at_1": 0.015,
        "mrr_at_3": 0.025833,
        "mrr_at_5": 0.027283,
        "mrr_at_10": 0.029603,
        "mrr_at_20": 0.03213,
        "mrr_at_100": 0.035352,
        "mrr_at_1000": 0.036454,
        "nauc_ndcg_at_1_max": 0.57773,
        "nauc_ndcg_at_1_std": 0.296575,
        "nauc_ndcg_at_1_diff1": 0.525141,
        "nauc_ndcg_at_3_max": 0.441525,
        "nauc_ndcg_at_3_std": 0.294124,
        "nauc_ndcg_at_3_diff1": 0.305644,
        "nauc_ndcg_at_5_max": 0.449151,
        "nauc_ndcg_at_5_std": 0.257221,
        "nauc_ndcg_at_5_diff1": 0.292039,
        "nauc_ndcg_at_10_max": 0.377715,
        "nauc_ndcg_at_10_std": 0.217915,
        "nauc_ndcg_at_10_diff1": 0.227168,
        "nauc_ndcg_at_20_max": 0.337582,
        "nauc_ndcg_at_20_std": 0.187547,
        "nauc_ndcg_at_20_diff1": 0.157544,
        "nauc_ndcg_at_100_max": 0.253046,
        "nauc_ndcg_at_100_std": 0.184982,
        "nauc_ndcg_at_100_diff1": 0.130318,
        "nauc_ndcg_at_1000_max": 0.203336,
        "nauc_ndcg_at_1000_std": 0.17104,
        "nauc_ndcg_at_1000_diff1": 0.096278,
        "nauc_map_at_1_max": 0.57773,
        "nauc_map_at_1_std": 0.296575,
        "nauc_map_at_1_diff1": 0.525141,
        "nauc_map_at_3_max": 0.473307,
        "nauc_map_at_3_std": 0.304133,
        "nauc_map_at_3_diff1": 0.336702,
        "nauc_map_at_5_max": 0.473114,
        "nauc_map_at_5_std": 0.275331,
        "nauc_map_at_5_diff1": 0.320491,
        "nauc_map_at_10_max": 0.424196,
        "nauc_map_at_10_std": 0.246427,
        "nauc_map_at_10_diff1": 0.271089,
        "nauc_map_at_20_max": 0.404567,
        "nauc_map_at_20_std": 0.233898,
        "nauc_map_at_20_diff1": 0.227221,
        "nauc_map_at_100_max": 0.376769,
        "nauc_map_at_100_std": 0.221172,
        "nauc_map_at_100_diff1": 0.212198,
        "nauc_map_at_1000_max": 0.366986,
        "nauc_map_at_1000_std": 0.218234,
        "nauc_map_at_1000_diff1": 0.205033,
        "nauc_recall_at_1_max": 0.57773,
        "nauc_recall_at_1_std": 0.296575,
        "nauc_recall_at_1_diff1": 0.525141,
        "nauc_recall_at_3_max": 0.402642,
        "nauc_recall_at_3_std": 0.303051,
        "nauc_recall_at_3_diff1": 0.242234,
        "nauc_recall_at_5_max": 0.418166,
        "nauc_recall_at_5_std": 0.239445,
        "nauc_recall_at_5_diff1": 0.229888,
        "nauc_recall_at_10_max": 0.301072,
        "nauc_recall_at_10_std": 0.171912,
        "nauc_recall_at_10_diff1": 0.130857,
        "nauc_recall_at_20_max": 0.259599,
        "nauc_recall_at_20_std": 0.135904,
        "nauc_recall_at_20_diff1": 0.046965,
        "nauc_recall_at_100_max": 0.157226,
        "nauc_recall_at_100_std": 0.163779,
        "nauc_recall_at_100_diff1": 0.065579,
        "nauc_recall_at_1000_max": 0.099791,
        "nauc_recall_at_1000_std": 0.141136,
        "nauc_recall_at_1000_diff1": 0.031074,
        "nauc_precision_at_1_max": 0.57773,
        "nauc_precision_at_1_std": 0.296575,
        "nauc_precision_at_1_diff1": 0.525141,
        "nauc_precision_at_3_max": 0.399,
        "nauc_precision_at_3_std": 0.298802,
        "nauc_precision_at_3_diff1": 0.241736,
        "nauc_precision_at_5_max": 0.413866,
        "nauc_precision_at_5_std": 0.237803,
        "nauc_precision_at_5_diff1": 0.227149,
        "nauc_precision_at_10_max": 0.298053,
        "nauc_precision_at_10_std": 0.172393,
        "nauc_precision_at_10_diff1": 0.13023,
        "nauc_precision_at_20_max": 0.257237,
        "nauc_precision_at_20_std": 0.137089,
        "nauc_precision_at_20_diff1": 0.045318,
        "nauc_precision_at_100_max": 0.157105,
        "nauc_precision_at_100_std": 0.164594,
        "nauc_precision_at_100_diff1": 0.064057,
        "nauc_precision_at_1000_max": 0.105869,
        "nauc_precision_at_1000_std": 0.140865,
        "nauc_precision_at_1000_diff1": 0.029898,
        "nauc_mrr_at_1_max": 0.57773,
        "nauc_mrr_at_1_std": 0.296575,
        "nauc_mrr_at_1_diff1": 0.525141,
        "nauc_mrr_at_3_max": 0.457166,
        "nauc_mrr_at_3_std": 0.282808,
        "nauc_mrr_at_3_diff1": 0.342912,
        "nauc_mrr_at_5_max": 0.462885,
        "nauc_mrr_at_5_std": 0.257999,
        "nauc_mrr_at_5_diff1": 0.337142,
        "nauc_mrr_at_10_max": 0.432411,
        "nauc_mrr_at_10_std": 0.245967,
        "nauc_mrr_at_10_diff1": 0.312714,
        "nauc_mrr_at_20_max": 0.407979,
        "nauc_mrr_at_20_std": 0.227058,
        "nauc_mrr_at_20_diff1": 0.282217,
        "nauc_mrr_at_100_max": 0.384882,
        "nauc_mrr_at_100_std": 0.225221,
        "nauc_mrr_at_100_diff1": 0.266648,
        "nauc_mrr_at_1000_max": 0.382221,
        "nauc_mrr_at_1000_std": 0.223361,
        "nauc_mrr_at_1000_diff1": 0.264752,
        "main_score": 0.01371,
        "hf_subset": "default",
        "languages": [
          "eng-Latn"
        ]
      }
    ]
  },
  "evaluation_time": 171.2424726486206,
  "kg_co2_emissions": null
}