{
  "dataset_revision": "27a168819829fe9bcd655c2df245fb19452e8e06",
  "task_name": "FiQA2018",
  "mteb_version": "1.39.7",
  "scores": {
    "test": [
      {
        "ndcg_at_1": 0.0216,
        "ndcg_at_3": 0.02534,
        "ndcg_at_5": 0.02876,
        "ndcg_at_10": 0.03497,
        "ndcg_at_20": 0.03947,
        "ndcg_at_100": 0.05404,
        "ndcg_at_1000": 0.07802,
        "map_at_1": 0.01154,
        "map_at_3": 0.01737,
        "map_at_5": 0.02,
        "map_at_10": 0.02243,
        "map_at_20": 0.02352,
        "map_at_100": 0.02527,
        "map_at_1000": 0.02603,
        "recall_at_1": 0.01154,
        "recall_at_3": 0.02405,
        "recall_at_5": 0.03518,
        "recall_at_10": 0.05137,
        "recall_at_20": 0.06487,
        "recall_at_100": 0.1289,
        "recall_at_1000": 0.28236,
        "precision_at_1": 0.0216,
        "precision_at_3": 0.01698,
        "precision_at_5": 0.0142,
        "precision_at_10": 0.01142,
        "precision_at_20": 0.00756,
        "precision_at_100": 0.00309,
        "precision_at_1000": 0.00072,
        "mrr_at_1": 0.021605,
        "mrr_at_3": 0.035494,
        "mrr_at_5": 0.039738,
        "mrr_at_10": 0.044189,
        "mrr_at_20": 0.04621,
        "mrr_at_100": 0.048972,
        "mrr_at_1000": 0.049749,
        "nauc_ndcg_at_1_max": 0.198649,
        "nauc_ndcg_at_1_std": 0.257881,
        "nauc_ndcg_at_1_diff1": 0.26478,
        "nauc_ndcg_at_3_max": 0.127558,
        "nauc_ndcg_at_3_std": 0.302399,
        "nauc_ndcg_at_3_diff1": 0.298957,
        "nauc_ndcg_at_5_max": 0.094096,
        "nauc_ndcg_at_5_std": 0.305409,
        "nauc_ndcg_at_5_diff1": 0.247561,
        "nauc_ndcg_at_10_max": 0.095371,
        "nauc_ndcg_at_10_std": 0.346431,
        "nauc_ndcg_at_10_diff1": 0.204487,
        "nauc_ndcg_at_20_max": 0.104712,
        "nauc_ndcg_at_20_std": 0.316162,
        "nauc_ndcg_at_20_diff1": 0.189666,
        "nauc_ndcg_at_100_max": 0.090925,
        "nauc_ndcg_at_100_std": 0.27352,
        "nauc_ndcg_at_100_diff1": 0.131295,
        "nauc_ndcg_at_1000_max": 0.110872,
        "nauc_ndcg_at_1000_std": 0.245859,
        "nauc_ndcg_at_1000_diff1": 0.12811,
        "nauc_map_at_1_max": 0.242461,
        "nauc_map_at_1_std": 0.42353,
        "nauc_map_at_1_diff1": 0.460882,
        "nauc_map_at_3_max": 0.147399,
        "nauc_map_at_3_std": 0.368486,
        "nauc_map_at_3_diff1": 0.380377,
        "nauc_map_at_5_max": 0.123316,
        "nauc_map_at_5_std": 0.348931,
        "nauc_map_at_5_diff1": 0.320211,
        "nauc_map_at_10_max": 0.114658,
        "nauc_map_at_10_std": 0.367791,
        "nauc_map_at_10_diff1": 0.287624,
        "nauc_map_at_20_max": 0.117569,
        "nauc_map_at_20_std": 0.356818,
        "nauc_map_at_20_diff1": 0.27788,
        "nauc_map_at_100_max": 0.114016,
        "nauc_map_at_100_std": 0.347396,
        "nauc_map_at_100_diff1": 0.258008,
        "nauc_map_at_1000_max": 0.116649,
        "nauc_map_at_1000_std": 0.345051,
        "nauc_map_at_1000_diff1": 0.256643,
        "nauc_recall_at_1_max": 0.242461,
        "nauc_recall_at_1_std": 0.42353,
        "nauc_recall_at_1_diff1": 0.460882,
        "nauc_recall_at_3_max": 0.083505,
        "nauc_recall_at_3_std": 0.345194,
        "nauc_recall_at_3_diff1": 0.330178,
        "nauc_recall_at_5_max": 0.048862,
        "nauc_recall_at_5_std": 0.300371,
        "nauc_recall_at_5_diff1": 0.209777,
        "nauc_recall_at_10_max": 0.057465,
        "nauc_recall_at_10_std": 0.3641,
        "nauc_recall_at_10_diff1": 0.14159,
        "nauc_recall_at_20_max": 0.082928,
        "nauc_recall_at_20_std": 0.287028,
        "nauc_recall_at_20_diff1": 0.118595,
        "nauc_recall_at_100_max": 0.045407,
        "nauc_recall_at_100_std": 0.193891,
        "nauc_recall_at_100_diff1": 0.024629,
        "nauc_recall_at_1000_max": 0.077157,
        "nauc_recall_at_1000_std": 0.144754,
        "nauc_recall_at_1000_diff1": 0.041435,
        "nauc_precision_at_1_max": 0.198649,
        "nauc_precision_at_1_std": 0.257881,
        "nauc_precision_at_1_diff1": 0.26478,
        "nauc_precision_at_3_max": 0.103814,
        "nauc_precision_at_3_std": 0.258461,
        "nauc_precision_at_3_diff1": 0.215485,
        "nauc_precision_at_5_max": 0.036651,
        "nauc_precision_at_5_std": 0.267237,
        "nauc_precision_at_5_diff1": 0.148407,
        "nauc_precision_at_10_max": 0.098942,
        "nauc_precision_at_10_std": 0.336773,
        "nauc_precision_at_10_diff1": 0.08533,
        "nauc_precision_at_20_max": 0.115586,
        "nauc_precision_at_20_std": 0.289961,
        "nauc_precision_at_20_diff1": 0.07674,
        "nauc_precision_at_100_max": 0.126476,
        "nauc_precision_at_100_std": 0.210913,
        "nauc_precision_at_100_diff1": 0.013889,
        "nauc_precision_at_1000_max": 0.161486,
        "nauc_precision_at_1000_std": 0.131485,
        "nauc_precision_at_1000_diff1": 0.044333,
        "nauc_mrr_at_1_max": 0.198649,
        "nauc_mrr_at_1_std": 0.257881,
        "nauc_mrr_at_1_diff1": 0.26478,
        "nauc_mrr_at_3_max": 0.138517,
        "nauc_mrr_at_3_std": 0.251948,
        "nauc_mrr_at_3_diff1": 0.2393,
        "nauc_mrr_at_5_max": 0.111589,
        "nauc_mrr_at_5_std": 0.253406,
        "nauc_mrr_at_5_diff1": 0.212743,
        "nauc_mrr_at_10_max": 0.12014,
        "nauc_mrr_at_10_std": 0.275892,
        "nauc_mrr_at_10_diff1": 0.189189,
        "nauc_mrr_at_20_max": 0.123472,
        "nauc_mrr_at_20_std": 0.266916,
        "nauc_mrr_at_20_diff1": 0.186658,
        "nauc_mrr_at_100_max": 0.118077,
        "nauc_mrr_at_100_std": 0.259435,
        "nauc_mrr_at_100_diff1": 0.176855,
        "nauc_mrr_at_1000_max": 0.118877,
        "nauc_mrr_at_1000_std": 0.258005,
        "nauc_mrr_at_1000_diff1": 0.176121,
        "main_score": 0.03497,
        "hf_subset": "default",
        "languages": [
          "eng-Latn"
        ]
      }
    ]
  },
  "evaluation_time": 312.6217677593231,
  "kg_co2_emissions": null
}