{
  "dataset_revision": "c22ab2a51041ffd869aaddef7af8d8215647e41a",
  "task_name": "ArguAna",
  "mteb_version": "1.39.7",
  "scores": {
    "test": [
      {
        "ndcg_at_1": 0.04979,
        "ndcg_at_3": 0.0869,
        "ndcg_at_5": 0.10633,
        "ndcg_at_10": 0.13254,
        "ndcg_at_20": 0.15101,
        "ndcg_at_100": 0.17871,
        "ndcg_at_1000": 0.2149,
        "map_at_1": 0.04979,
        "map_at_3": 0.07741,
        "map_at_5": 0.08807,
        "map_at_10": 0.09876,
        "map_at_20": 0.10399,
        "map_at_100": 0.10763,
        "map_at_1000": 0.10878,
        "recall_at_1": 0.04979,
        "recall_at_3": 0.11451,
        "recall_at_5": 0.16216,
        "recall_at_10": 0.24395,
        "recall_at_20": 0.31579,
        "recall_at_100": 0.46799,
        "recall_at_1000": 0.766,
        "precision_at_1": 0.04979,
        "precision_at_3": 0.03817,
        "precision_at_5": 0.03243,
        "precision_at_10": 0.0244,
        "precision_at_20": 0.01579,
        "precision_at_100": 0.00468,
        "precision_at_1000": 0.00077,
        "mrr_at_1": 0.050498,
        "mrr_at_3": 0.077762,
        "mrr_at_5": 0.088217,
        "mrr_at_10": 0.098972,
        "mrr_at_20": 0.104168,
        "mrr_at_100": 0.107783,
        "mrr_at_1000": 0.108922,
        "nauc_ndcg_at_1_max": 0.102587,
        "nauc_ndcg_at_1_std": 0.097978,
        "nauc_ndcg_at_1_diff1": 0.087755,
        "nauc_ndcg_at_3_max": 0.162528,
        "nauc_ndcg_at_3_std": 0.135049,
        "nauc_ndcg_at_3_diff1": 0.036084,
        "nauc_ndcg_at_5_max": 0.162727,
        "nauc_ndcg_at_5_std": 0.145073,
        "nauc_ndcg_at_5_diff1": 0.003542,
        "nauc_ndcg_at_10_max": 0.210423,
        "nauc_ndcg_at_10_std": 0.207055,
        "nauc_ndcg_at_10_diff1": -0.006514,
        "nauc_ndcg_at_20_max": 0.228582,
        "nauc_ndcg_at_20_std": 0.242392,
        "nauc_ndcg_at_20_diff1": -0.012974,
        "nauc_ndcg_at_100_max": 0.225272,
        "nauc_ndcg_at_100_std": 0.23225,
        "nauc_ndcg_at_100_diff1": 0.002626,
        "nauc_ndcg_at_1000_max": 0.220782,
        "nauc_ndcg_at_1000_std": 0.227552,
        "nauc_ndcg_at_1000_diff1": 0.004351,
        "nauc_map_at_1_max": 0.102587,
        "nauc_map_at_1_std": 0.097978,
        "nauc_map_at_1_diff1": 0.087755,
        "nauc_map_at_3_max": 0.151179,
        "nauc_map_at_3_std": 0.130223,
        "nauc_map_at_3_diff1": 0.041619,
        "nauc_map_at_5_max": 0.151669,
        "nauc_map_at_5_std": 0.137459,
        "nauc_map_at_5_diff1": 0.019577,
        "nauc_map_at_10_max": 0.176973,
        "nauc_map_at_10_std": 0.169848,
        "nauc_map_at_10_diff1": 0.012889,
        "nauc_map_at_20_max": 0.183954,
        "nauc_map_at_20_std": 0.183699,
        "nauc_map_at_20_diff1": 0.009969,
        "nauc_map_at_100_max": 0.183757,
        "nauc_map_at_100_std": 0.181048,
        "nauc_map_at_100_diff1": 0.012682,
        "nauc_map_at_1000_max": 0.183387,
        "nauc_map_at_1000_std": 0.180928,
        "nauc_map_at_1000_diff1": 0.012716,
        "nauc_recall_at_1_max": 0.102587,
        "nauc_recall_at_1_std": 0.097978,
        "nauc_recall_at_1_diff1": 0.087755,
        "nauc_recall_at_3_max": 0.185686,
        "nauc_recall_at_3_std": 0.144375,
        "nauc_recall_at_3_diff1": 0.025802,
        "nauc_recall_at_5_max": 0.182323,
        "nauc_recall_at_5_std": 0.158363,
        "nauc_recall_at_5_diff1": -0.025491,
        "nauc_recall_at_10_max": 0.267968,
        "nauc_recall_at_10_std": 0.272532,
        "nauc_recall_at_10_diff1": -0.036797,
        "nauc_recall_at_20_max": 0.303666,
        "nauc_recall_at_20_std": 0.344081,
        "nauc_recall_at_20_diff1": -0.047503,
        "nauc_recall_at_100_max": 0.290263,
        "nauc_recall_at_100_std": 0.31728,
        "nauc_recall_at_100_diff1": 0.001031,
        "nauc_recall_at_1000_max": 0.307066,
        "nauc_recall_at_1000_std": 0.332572,
        "nauc_recall_at_1000_diff1": 0.015769,
        "nauc_precision_at_1_max": 0.102587,
        "nauc_precision_at_1_std": 0.097978,
        "nauc_precision_at_1_diff1": 0.087755,
        "nauc_precision_at_3_max": 0.185686,
        "nauc_precision_at_3_std": 0.144375,
        "nauc_precision_at_3_diff1": 0.025802,
        "nauc_precision_at_5_max": 0.182323,
        "nauc_precision_at_5_std": 0.158363,
        "nauc_precision_at_5_diff1": -0.025491,
        "nauc_precision_at_10_max": 0.267968,
        "nauc_precision_at_10_std": 0.272532,
        "nauc_precision_at_10_diff1": -0.036797,
        "nauc_precision_at_20_max": 0.303666,
        "nauc_precision_at_20_std": 0.344081,
        "nauc_precision_at_20_diff1": -0.047503,
        "nauc_precision_at_100_max": 0.290263,
        "nauc_precision_at_100_std": 0.31728,
        "nauc_precision_at_100_diff1": 0.001031,
        "nauc_precision_at_1000_max": 0.307066,
        "nauc_precision_at_1000_std": 0.332572,
        "nauc_precision_at_1000_diff1": 0.015769,
        "nauc_mrr_at_1_max": 0.115227,
        "nauc_mrr_at_1_std": 0.105931,
        "nauc_mrr_at_1_diff1": 0.078419,
        "nauc_mrr_at_3_max": 0.152073,
        "nauc_mrr_at_3_std": 0.13207,
        "nauc_mrr_at_3_diff1": 0.037954,
        "nauc_mrr_at_5_max": 0.153047,
        "nauc_mrr_at_5_std": 0.139891,
        "nauc_mrr_at_5_diff1": 0.016482,
        "nauc_mrr_at_10_max": 0.177848,
        "nauc_mrr_at_10_std": 0.17257,
        "nauc_mrr_at_10_diff1": 0.009658,
        "nauc_mrr_at_20_max": 0.184923,
        "nauc_mrr_at_20_std": 0.185749,
        "nauc_mrr_at_20_diff1": 0.006873,
        "nauc_mrr_at_100_max": 0.184885,
        "nauc_mrr_at_100_std": 0.183183,
        "nauc_mrr_at_100_diff1": 0.009714,
        "nauc_mrr_at_1000_max": 0.184533,
        "nauc_mrr_at_1000_std": 0.183114,
        "nauc_mrr_at_1000_diff1": 0.009745,
        "main_score": 0.13254,
        "hf_subset": "default",
        "languages": [
          "eng-Latn"
        ]
      }
    ]
  },
  "evaluation_time": 51.79522705078125,
  "kg_co2_emissions": null
}