{
  "dataset_revision": "bb9466bac8153a0349341eb1b22e06409e78ef4e",
  "task_name": "TRECCOVID",
  "mteb_version": "1.39.7",
  "scores": {
    "test": [
      {
        "ndcg_at_1": 0.35,
        "ndcg_at_3": 0.32531,
        "ndcg_at_5": 0.28692,
        "ndcg_at_10": 0.26419,
        "ndcg_at_20": 0.23029,
        "ndcg_at_100": 0.16024,
        "ndcg_at_1000": 0.13449,
        "map_at_1": 0.00102,
        "map_at_3": 0.00241,
        "map_at_5": 0.00312,
        "map_at_10": 0.0049,
        "map_at_20": 0.00714,
        "map_at_100": 0.01722,
        "map_at_1000": 0.03334,
        "recall_at_1": 0.00102,
        "recall_at_3": 0.00262,
        "recall_at_5": 0.00363,
        "recall_at_10": 0.0063,
        "recall_at_20": 0.01033,
        "recall_at_100": 0.03441,
        "recall_at_1000": 0.12235,
        "precision_at_1": 0.4,
        "precision_at_3": 0.34667,
        "precision_at_5": 0.296,
        "precision_at_10": 0.266,
        "precision_at_20": 0.228,
        "precision_at_100": 0.1558,
        "precision_at_1000": 0.05678,
        "mrr_at_1": 0.4,
        "mrr_at_3": 0.456667,
        "mrr_at_5": 0.470667,
        "mrr_at_10": 0.478722,
        "mrr_at_20": 0.486558,
        "mrr_at_100": 0.491147,
        "mrr_at_1000": 0.491905,
        "nauc_ndcg_at_1_max": 0.050669,
        "nauc_ndcg_at_1_std": 0.43287,
        "nauc_ndcg_at_1_diff1": 0.43254,
        "nauc_ndcg_at_3_max": 0.247228,
        "nauc_ndcg_at_3_std": 0.378647,
        "nauc_ndcg_at_3_diff1": 0.324681,
        "nauc_ndcg_at_5_max": 0.29775,
        "nauc_ndcg_at_5_std": 0.388599,
        "nauc_ndcg_at_5_diff1": 0.273591,
        "nauc_ndcg_at_10_max": 0.341724,
        "nauc_ndcg_at_10_std": 0.374871,
        "nauc_ndcg_at_10_diff1": 0.212207,
        "nauc_ndcg_at_20_max": 0.311749,
        "nauc_ndcg_at_20_std": 0.388274,
        "nauc_ndcg_at_20_diff1": 0.167566,
        "nauc_ndcg_at_100_max": 0.25336,
        "nauc_ndcg_at_100_std": 0.472281,
        "nauc_ndcg_at_100_diff1": 0.074077,
        "nauc_ndcg_at_1000_max": 0.430034,
        "nauc_ndcg_at_1000_std": 0.465206,
        "nauc_ndcg_at_1000_diff1": 0.067033,
        "nauc_map_at_1_max": 0.126184,
        "nauc_map_at_1_std": 0.36343,
        "nauc_map_at_1_diff1": 0.422892,
        "nauc_map_at_3_max": 0.292257,
        "nauc_map_at_3_std": 0.333686,
        "nauc_map_at_3_diff1": 0.403757,
        "nauc_map_at_5_max": 0.315889,
        "nauc_map_at_5_std": 0.355322,
        "nauc_map_at_5_diff1": 0.329074,
        "nauc_map_at_10_max": 0.398984,
        "nauc_map_at_10_std": 0.328638,
        "nauc_map_at_10_diff1": 0.271926,
        "nauc_map_at_20_max": 0.397212,
        "nauc_map_at_20_std": 0.340574,
        "nauc_map_at_20_diff1": 0.219068,
        "nauc_map_at_100_max": 0.27974,
        "nauc_map_at_100_std": 0.486391,
        "nauc_map_at_100_diff1": 0.124663,
        "nauc_map_at_1000_max": 0.444984,
        "nauc_map_at_1000_std": 0.585276,
        "nauc_map_at_1000_diff1": 0.001544,
        "nauc_recall_at_1_max": 0.126184,
        "nauc_recall_at_1_std": 0.36343,
        "nauc_recall_at_1_diff1": 0.422892,
        "nauc_recall_at_3_max": 0.32931,
        "nauc_recall_at_3_std": 0.347479,
        "nauc_recall_at_3_diff1": 0.372494,
        "nauc_recall_at_5_max": 0.400274,
        "nauc_recall_at_5_std": 0.354236,
        "nauc_recall_at_5_diff1": 0.274171,
        "nauc_recall_at_10_max": 0.458893,
        "nauc_recall_at_10_std": 0.319127,
        "nauc_recall_at_10_diff1": 0.216061,
        "nauc_recall_at_20_max": 0.39975,
        "nauc_recall_at_20_std": 0.36194,
        "nauc_recall_at_20_diff1": 0.180016,
        "nauc_recall_at_100_max": 0.262712,
        "nauc_recall_at_100_std": 0.468923,
        "nauc_recall_at_100_diff1": 0.088244,
        "nauc_recall_at_1000_max": 0.470187,
        "nauc_recall_at_1000_std": 0.435214,
        "nauc_recall_at_1000_diff1": 0.019944,
        "nauc_precision_at_1_max": -0.038852,
        "nauc_precision_at_1_std": 0.546292,
        "nauc_precision_at_1_diff1": 0.448301,
        "nauc_precision_at_3_max": 0.227317,
        "nauc_precision_at_3_std": 0.453378,
        "nauc_precision_at_3_diff1": 0.313416,
        "nauc_precision_at_5_max": 0.320488,
        "nauc_precision_at_5_std": 0.437,
        "nauc_precision_at_5_diff1": 0.202715,
        "nauc_precision_at_10_max": 0.35609,
        "nauc_precision_at_10_std": 0.373199,
        "nauc_precision_at_10_diff1": 0.120414,
        "nauc_precision_at_20_max": 0.280666,
        "nauc_precision_at_20_std": 0.401076,
        "nauc_precision_at_20_diff1": 0.087674,
        "nauc_precision_at_100_max": 0.202684,
        "nauc_precision_at_100_std": 0.502781,
        "nauc_precision_at_100_diff1": -0.006809,
        "nauc_precision_at_1000_max": 0.37734,
        "nauc_precision_at_1000_std": 0.491647,
        "nauc_precision_at_1000_diff1": -0.088037,
        "nauc_mrr_at_1_max": -0.038852,
        "nauc_mrr_at_1_std": 0.546292,
        "nauc_mrr_at_1_diff1": 0.448301,
        "nauc_mrr_at_3_max": 0.086056,
        "nauc_mrr_at_3_std": 0.621297,
        "nauc_mrr_at_3_diff1": 0.402362,
        "nauc_mrr_at_5_max": 0.133478,
        "nauc_mrr_at_5_std": 0.599685,
        "nauc_mrr_at_5_diff1": 0.380602,
        "nauc_mrr_at_10_max": 0.122104,
        "nauc_mrr_at_10_std": 0.597509,
        "nauc_mrr_at_10_diff1": 0.392537,
        "nauc_mrr_at_20_max": 0.11406,
        "nauc_mrr_at_20_std": 0.600088,
        "nauc_mrr_at_20_diff1": 0.390316,
        "nauc_mrr_at_100_max": 0.11304,
        "nauc_mrr_at_100_std": 0.597153,
        "nauc_mrr_at_100_diff1": 0.387559,
        "nauc_mrr_at_1000_max": 0.112803,
        "nauc_mrr_at_1000_std": 0.597299,
        "nauc_mrr_at_1000_diff1": 0.389194,
        "main_score": 0.26419,
        "hf_subset": "default",
        "languages": [
          "eng-Latn"
        ]
      }
    ]
  },
  "evaluation_time": 447.79501366615295,
  "kg_co2_emissions": null
}