{
  "dataset_revision": "f8c2fcf00f625baaa80f62ec5bd9e1fff3b8ae88",
  "task_name": "SCIDOCS",
  "mteb_version": "1.39.7",
  "scores": {
    "test": [
      {
        "ndcg_at_1": 0.0,
        "ndcg_at_3": 0.00023,
        "ndcg_at_5": 0.00017,
        "ndcg_at_10": 0.00028,
        "ndcg_at_20": 0.00069,
        "ndcg_at_100": 0.00237,
        "ndcg_at_1000": 0.00985,
        "map_at_1": 0.0,
        "map_at_3": 7e-05,
        "map_at_5": 7e-05,
        "map_at_10": 9e-05,
        "map_at_20": 0.00015,
        "map_at_100": 0.00027,
        "map_at_1000": 0.00038,
        "recall_at_1": 0.0,
        "recall_at_3": 0.0002,
        "recall_at_5": 0.0002,
        "recall_at_10": 0.0004,
        "recall_at_20": 0.0014,
        "recall_at_100": 0.0072,
        "recall_at_1000": 0.04597,
        "precision_at_1": 0.0,
        "precision_at_3": 0.00033,
        "precision_at_5": 0.0002,
        "precision_at_10": 0.0002,
        "precision_at_20": 0.00035,
        "precision_at_100": 0.00036,
        "precision_at_1000": 0.00023,
        "mrr_at_1": 0.0,
        "mrr_at_3": 0.000333,
        "mrr_at_5": 0.000583,
        "mrr_at_10": 0.000708,
        "mrr_at_20": 0.000858,
        "mrr_at_100": 0.001469,
        "mrr_at_1000": 0.001955,
        "nauc_ndcg_at_1_max": NaN,
        "nauc_ndcg_at_1_std": NaN,
        "nauc_ndcg_at_1_diff1": NaN,
        "nauc_ndcg_at_3_max": -0.574725,
        "nauc_ndcg_at_3_std": 1.0,
        "nauc_ndcg_at_3_diff1": 0.098471,
        "nauc_ndcg_at_5_max": -0.574725,
        "nauc_ndcg_at_5_std": 1.0,
        "nauc_ndcg_at_5_diff1": 0.098471,
        "nauc_ndcg_at_10_max": -0.314297,
        "nauc_ndcg_at_10_std": 0.452573,
        "nauc_ndcg_at_10_diff1": 0.033078,
        "nauc_ndcg_at_20_max": -0.223187,
        "nauc_ndcg_at_20_std": 0.191064,
        "nauc_ndcg_at_20_diff1": 0.243754,
        "nauc_ndcg_at_100_max": -0.224758,
        "nauc_ndcg_at_100_std": 0.280185,
        "nauc_ndcg_at_100_diff1": 0.137062,
        "nauc_ndcg_at_1000_max": -0.119783,
        "nauc_ndcg_at_1000_std": 0.200508,
        "nauc_ndcg_at_1000_diff1": 0.021508,
        "nauc_map_at_1_max": NaN,
        "nauc_map_at_1_std": NaN,
        "nauc_map_at_1_diff1": NaN,
        "nauc_map_at_3_max": -0.574725,
        "nauc_map_at_3_std": 1.0,
        "nauc_map_at_3_diff1": 0.098471,
        "nauc_map_at_5_max": -0.574725,
        "nauc_map_at_5_std": 1.0,
        "nauc_map_at_5_diff1": 0.098471,
        "nauc_map_at_10_max": -0.391126,
        "nauc_map_at_10_std": 0.614069,
        "nauc_map_at_10_diff1": 0.05237,
        "nauc_map_at_20_max": -0.290583,
        "nauc_map_at_20_std": 0.363842,
        "nauc_map_at_20_diff1": 0.193793,
        "nauc_map_at_100_max": -0.252267,
        "nauc_map_at_100_std": 0.330514,
        "nauc_map_at_100_diff1": 0.160977,
        "nauc_map_at_1000_max": -0.203383,
        "nauc_map_at_1000_std": 0.279822,
        "nauc_map_at_1000_diff1": 0.112151,
        "nauc_recall_at_1_max": NaN,
        "nauc_recall_at_1_std": NaN,
        "nauc_recall_at_1_diff1": NaN,
        "nauc_recall_at_3_max": -0.574725,
        "nauc_recall_at_3_std": 1.0,
        "nauc_recall_at_3_diff1": 0.098471,
        "nauc_recall_at_5_max": -0.574725,
        "nauc_recall_at_5_std": 1.0,
        "nauc_recall_at_5_diff1": 0.098471,
        "nauc_recall_at_10_max": -0.238127,
        "nauc_recall_at_10_std": 0.29246,
        "nauc_recall_at_10_diff1": 0.013952,
        "nauc_recall_at_20_max": -0.190578,
        "nauc_recall_at_20_std": 0.101882,
        "nauc_recall_at_20_diff1": 0.272337,
        "nauc_recall_at_100_max": -0.224868,
        "nauc_recall_at_100_std": 0.282764,
        "nauc_recall_at_100_diff1": 0.127746,
        "nauc_recall_at_1000_max": -0.10725,
        "nauc_recall_at_1000_std": 0.194216,
        "nauc_recall_at_1000_diff1": 0.003364,
        "nauc_precision_at_1_max": NaN,
        "nauc_precision_at_1_std": NaN,
        "nauc_precision_at_1_diff1": NaN,
        "nauc_precision_at_3_max": -0.574725,
        "nauc_precision_at_3_std": 1.0,
        "nauc_precision_at_3_diff1": 0.098471,
        "nauc_precision_at_5_max": -0.574725,
        "nauc_precision_at_5_std": 1.0,
        "nauc_precision_at_5_diff1": 0.098471,
        "nauc_precision_at_10_max": -0.238127,
        "nauc_precision_at_10_std": 0.29246,
        "nauc_precision_at_10_diff1": 0.013952,
        "nauc_precision_at_20_max": -0.190578,
        "nauc_precision_at_20_std": 0.101882,
        "nauc_precision_at_20_diff1": 0.272337,
        "nauc_precision_at_100_max": -0.224868,
        "nauc_precision_at_100_std": 0.282764,
        "nauc_precision_at_100_diff1": 0.127746,
        "nauc_precision_at_1000_max": -0.111304,
        "nauc_precision_at_1000_std": 0.199407,
        "nauc_precision_at_1000_diff1": 0.007543,
        "nauc_mrr_at_1_max": NaN,
        "nauc_mrr_at_1_std": NaN,
        "nauc_mrr_at_1_diff1": NaN,
        "nauc_mrr_at_3_max": -0.574725,
        "nauc_mrr_at_3_std": 1.0,
        "nauc_mrr_at_3_diff1": 0.098471,
        "nauc_mrr_at_5_max": -0.18962,
        "nauc_mrr_at_5_std": 0.393538,
        "nauc_mrr_at_5_diff1": 0.195063,
        "nauc_mrr_at_10_max": -0.138781,
        "nauc_mrr_at_10_std": 0.25084,
        "nauc_mrr_at_10_diff1": 0.148187,
        "nauc_mrr_at_20_max": -0.197287,
        "nauc_mrr_at_20_std": 0.298907,
        "nauc_mrr_at_20_diff1": 0.194026,
        "nauc_mrr_at_100_max": -0.190658,
        "nauc_mrr_at_100_std": 0.267595,
        "nauc_mrr_at_100_diff1": 0.142146,
        "nauc_mrr_at_1000_max": -0.158818,
        "nauc_mrr_at_1000_std": 0.232305,
        "nauc_mrr_at_1000_diff1": 0.116133,
        "main_score": 0.00028,
        "hf_subset": "default",
        "languages": [
          "eng-Latn"
        ]
      }
    ]
  },
  "evaluation_time": 340.6436848640442,
  "kg_co2_emissions": null
}