{
  "dataset_revision": "0228b52cf27578f30900b9e5271d331663a030d7",
  "task_name": "SciFact",
  "mteb_version": "1.39.7",
  "scores": {
    "test": [
      {
        "ndcg_at_1": 0.04333,
        "ndcg_at_3": 0.05752,
        "ndcg_at_5": 0.06256,
        "ndcg_at_10": 0.07179,
        "ndcg_at_20": 0.08235,
        "ndcg_at_100": 0.10784,
        "ndcg_at_1000": 0.15361,
        "map_at_1": 0.04083,
        "map_at_3": 0.05306,
        "map_at_5": 0.05556,
        "map_at_10": 0.05935,
        "map_at_20": 0.06235,
        "map_at_100": 0.06551,
        "map_at_1000": 0.06702,
        "recall_at_1": 0.04083,
        "recall_at_3": 0.0675,
        "recall_at_5": 0.079,
        "recall_at_10": 0.10678,
        "recall_at_20": 0.14606,
        "recall_at_100": 0.28572,
        "recall_at_1000": 0.65089,
        "precision_at_1": 0.04333,
        "precision_at_3": 0.02333,
        "precision_at_5": 0.018,
        "precision_at_10": 0.012,
        "precision_at_20": 0.00833,
        "precision_at_100": 0.00327,
        "precision_at_1000": 0.00075,
        "mrr_at_1": 0.043333,
        "mrr_at_3": 0.055556,
        "mrr_at_5": 0.059889,
        "mrr_at_10": 0.064049,
        "mrr_at_20": 0.067347,
        "mrr_at_100": 0.070334,
        "mrr_at_1000": 0.071698,
        "nauc_ndcg_at_1_max": 0.142206,
        "nauc_ndcg_at_1_std": 0.25727,
        "nauc_ndcg_at_1_diff1": 0.266145,
        "nauc_ndcg_at_3_max": 0.029761,
        "nauc_ndcg_at_3_std": 0.150273,
        "nauc_ndcg_at_3_diff1": 0.219353,
        "nauc_ndcg_at_5_max": 0.010718,
        "nauc_ndcg_at_5_std": 0.170369,
        "nauc_ndcg_at_5_diff1": 0.208276,
        "nauc_ndcg_at_10_max": 0.018628,
        "nauc_ndcg_at_10_std": 0.138816,
        "nauc_ndcg_at_10_diff1": 0.163989,
        "nauc_ndcg_at_20_max": 0.033698,
        "nauc_ndcg_at_20_std": 0.12485,
        "nauc_ndcg_at_20_diff1": 0.148873,
        "nauc_ndcg_at_100_max": 0.07207,
        "nauc_ndcg_at_100_std": 0.07774,
        "nauc_ndcg_at_100_diff1": 0.123219,
        "nauc_ndcg_at_1000_max": 0.073509,
        "nauc_ndcg_at_1000_std": 0.090977,
        "nauc_ndcg_at_1000_diff1": 0.123988,
        "nauc_map_at_1_max": 0.110386,
        "nauc_map_at_1_std": 0.232495,
        "nauc_map_at_1_diff1": 0.29504,
        "nauc_map_at_3_max": 0.038425,
        "nauc_map_at_3_std": 0.159368,
        "nauc_map_at_3_diff1": 0.238909,
        "nauc_map_at_5_max": 0.027093,
        "nauc_map_at_5_std": 0.171026,
        "nauc_map_at_5_diff1": 0.232073,
        "nauc_map_at_10_max": 0.030355,
        "nauc_map_at_10_std": 0.154639,
        "nauc_map_at_10_diff1": 0.208723,
        "nauc_map_at_20_max": 0.034733,
        "nauc_map_at_20_std": 0.150107,
        "nauc_map_at_20_diff1": 0.203457,
        "nauc_map_at_100_max": 0.040334,
        "nauc_map_at_100_std": 0.140958,
        "nauc_map_at_100_diff1": 0.198335,
        "nauc_map_at_1000_max": 0.04046,
        "nauc_map_at_1000_std": 0.142296,
        "nauc_map_at_1000_diff1": 0.198061,
        "nauc_recall_at_1_max": 0.110386,
        "nauc_recall_at_1_std": 0.232495,
        "nauc_recall_at_1_diff1": 0.29504,
        "nauc_recall_at_3_max": -0.016592,
        "nauc_recall_at_3_std": 0.108382,
        "nauc_recall_at_3_diff1": 0.192539,
        "nauc_recall_at_5_max": -0.047205,
        "nauc_recall_at_5_std": 0.146608,
        "nauc_recall_at_5_diff1": 0.176499,
        "nauc_recall_at_10_max": -0.014306,
        "nauc_recall_at_10_std": 0.090684,
        "nauc_recall_at_10_diff1": 0.092235,
        "nauc_recall_at_20_max": 0.027968,
        "nauc_recall_at_20_std": 0.064964,
        "nauc_recall_at_20_diff1": 0.072219,
        "nauc_recall_at_100_max": 0.130669,
        "nauc_recall_at_100_std": -0.037146,
        "nauc_recall_at_100_diff1": 0.028155,
        "nauc_recall_at_1000_max": 0.141279,
        "nauc_recall_at_1000_std": -0.010871,
        "nauc_recall_at_1000_diff1": 0.010773,
        "nauc_precision_at_1_max": 0.142206,
        "nauc_precision_at_1_std": 0.25727,
        "nauc_precision_at_1_diff1": 0.266145,
        "nauc_precision_at_3_max": 0.007641,
        "nauc_precision_at_3_std": 0.128151,
        "nauc_precision_at_3_diff1": 0.178313,
        "nauc_precision_at_5_max": -0.002007,
        "nauc_precision_at_5_std": 0.199783,
        "nauc_precision_at_5_diff1": 0.14315,
        "nauc_precision_at_10_max": 0.009991,
        "nauc_precision_at_10_std": 0.130375,
        "nauc_precision_at_10_diff1": 0.069496,
        "nauc_precision_at_20_max": 0.058143,
        "nauc_precision_at_20_std": 0.103885,
        "nauc_precision_at_20_diff1": 0.032726,
        "nauc_precision_at_100_max": 0.155766,
        "nauc_precision_at_100_std": 0.009454,
        "nauc_precision_at_100_diff1": -0.007648,
        "nauc_precision_at_1000_max": 0.174875,
        "nauc_precision_at_1000_std": 0.031771,
        "nauc_precision_at_1000_diff1": -0.024571,
        "nauc_mrr_at_1_max": 0.142206,
        "nauc_mrr_at_1_std": 0.25727,
        "nauc_mrr_at_1_diff1": 0.266145,
        "nauc_mrr_at_3_max": 0.066482,
        "nauc_mrr_at_3_std": 0.181983,
        "nauc_mrr_at_3_diff1": 0.218897,
        "nauc_mrr_at_5_max": 0.061179,
        "nauc_mrr_at_5_std": 0.203529,
        "nauc_mrr_at_5_diff1": 0.203702,
        "nauc_mrr_at_10_max": 0.059995,
        "nauc_mrr_at_10_std": 0.183571,
        "nauc_mrr_at_10_diff1": 0.181464,
        "nauc_mrr_at_20_max": 0.06103,
        "nauc_mrr_at_20_std": 0.176444,
        "nauc_mrr_at_20_diff1": 0.176095,
        "nauc_mrr_at_100_max": 0.065895,
        "nauc_mrr_at_100_std": 0.166903,
        "nauc_mrr_at_100_diff1": 0.173638,
        "nauc_mrr_at_1000_max": 0.065048,
        "nauc_mrr_at_1000_std": 0.167805,
        "nauc_mrr_at_1000_diff1": 0.17419,
        "main_score": 0.07179,
        "hf_subset": "default",
        "languages": [
          "eng-Latn"
        ]
      }
    ]
  },
  "evaluation_time": 81.11918950080872,
  "kg_co2_emissions": null
}