{
  "dataset_revision": "27a168819829fe9bcd655c2df245fb19452e8e06",
  "task_name": "FiQA2018",
  "mteb_version": "1.39.7",
  "scores": {
    "test": [
      {
        "ndcg_at_1": 0.23611,
        "ndcg_at_3": 0.22178,
        "ndcg_at_5": 0.23011,
        "ndcg_at_10": 0.24941,
        "ndcg_at_20": 0.27009,
        "ndcg_at_100": 0.31061,
        "ndcg_at_1000": 0.34939,
        "map_at_1": 0.11286,
        "map_at_3": 0.16439,
        "map_at_5": 0.17767,
        "map_at_10": 0.19018,
        "map_at_20": 0.19748,
        "map_at_100": 0.2042,
        "map_at_1000": 0.20614,
        "recall_at_1": 0.11286,
        "recall_at_3": 0.20435,
        "recall_at_5": 0.24409,
        "recall_at_10": 0.30136,
        "recall_at_20": 0.36366,
        "recall_at_100": 0.53701,
        "recall_at_1000": 0.77687,
        "precision_at_1": 0.23611,
        "precision_at_3": 0.15021,
        "precision_at_5": 0.1108,
        "precision_at_10": 0.07191,
        "precision_at_20": 0.04468,
        "precision_at_100": 0.01344,
        "precision_at_1000": 0.002,
        "mrr_at_1": 0.236111,
        "mrr_at_3": 0.291667,
        "mrr_at_5": 0.303781,
        "mrr_at_10": 0.314205,
        "mrr_at_20": 0.318923,
        "mrr_at_100": 0.323346,
        "mrr_at_1000": 0.324103,
        "nauc_ndcg_at_1_max": 0.250478,
        "nauc_ndcg_at_1_std": -0.009189,
        "nauc_ndcg_at_1_diff1": 0.356399,
        "nauc_ndcg_at_3_max": 0.215189,
        "nauc_ndcg_at_3_std": -0.032815,
        "nauc_ndcg_at_3_diff1": 0.346212,
        "nauc_ndcg_at_5_max": 0.202085,
        "nauc_ndcg_at_5_std": -0.039291,
        "nauc_ndcg_at_5_diff1": 0.352084,
        "nauc_ndcg_at_10_max": 0.202643,
        "nauc_ndcg_at_10_std": -0.023889,
        "nauc_ndcg_at_10_diff1": 0.344821,
        "nauc_ndcg_at_20_max": 0.203443,
        "nauc_ndcg_at_20_std": -0.001978,
        "nauc_ndcg_at_20_diff1": 0.339627,
        "nauc_ndcg_at_100_max": 0.222872,
        "nauc_ndcg_at_100_std": 0.03234,
        "nauc_ndcg_at_100_diff1": 0.336492,
        "nauc_ndcg_at_1000_max": 0.240845,
        "nauc_ndcg_at_1000_std": 0.054283,
        "nauc_ndcg_at_1000_diff1": 0.327576,
        "nauc_map_at_1_max": 0.176062,
        "nauc_map_at_1_std": -0.063085,
        "nauc_map_at_1_diff1": 0.413778,
        "nauc_map_at_3_max": 0.176362,
        "nauc_map_at_3_std": -0.057904,
        "nauc_map_at_3_diff1": 0.385087,
        "nauc_map_at_5_max": 0.184279,
        "nauc_map_at_5_std": -0.053096,
        "nauc_map_at_5_diff1": 0.379114,
        "nauc_map_at_10_max": 0.191258,
        "nauc_map_at_10_std": -0.043828,
        "nauc_map_at_10_diff1": 0.372546,
        "nauc_map_at_20_max": 0.191712,
        "nauc_map_at_20_std": -0.0342,
        "nauc_map_at_20_diff1": 0.368655,
        "nauc_map_at_100_max": 0.196423,
        "nauc_map_at_100_std": -0.026772,
        "nauc_map_at_100_diff1": 0.368735,
        "nauc_map_at_1000_max": 0.197528,
        "nauc_map_at_1000_std": -0.02486,
        "nauc_map_at_1000_diff1": 0.367847,
        "nauc_recall_at_1_max": 0.176062,
        "nauc_recall_at_1_std": -0.063085,
        "nauc_recall_at_1_diff1": 0.413778,
        "nauc_recall_at_3_max": 0.14077,
        "nauc_recall_at_3_std": -0.048694,
        "nauc_recall_at_3_diff1": 0.326178,
        "nauc_recall_at_5_max": 0.142207,
        "nauc_recall_at_5_std": -0.057103,
        "nauc_recall_at_5_diff1": 0.3189,
        "nauc_recall_at_10_max": 0.154127,
        "nauc_recall_at_10_std": -0.021393,
        "nauc_recall_at_10_diff1": 0.282679,
        "nauc_recall_at_20_max": 0.149561,
        "nauc_recall_at_20_std": 0.033922,
        "nauc_recall_at_20_diff1": 0.264174,
        "nauc_recall_at_100_max": 0.181376,
        "nauc_recall_at_100_std": 0.159247,
        "nauc_recall_at_100_diff1": 0.218482,
        "nauc_recall_at_1000_max": 0.269621,
        "nauc_recall_at_1000_std": 0.375407,
        "nauc_recall_at_1000_diff1": 0.12877,
        "nauc_precision_at_1_max": 0.250478,
        "nauc_precision_at_1_std": -0.009189,
        "nauc_precision_at_1_diff1": 0.356399,
        "nauc_precision_at_3_max": 0.255663,
        "nauc_precision_at_3_std": -0.004182,
        "nauc_precision_at_3_diff1": 0.295954,
        "nauc_precision_at_5_max": 0.258125,
        "nauc_precision_at_5_std": 0.012634,
        "nauc_precision_at_5_diff1": 0.26109,
        "nauc_precision_at_10_max": 0.261812,
        "nauc_precision_at_10_std": 0.065178,
        "nauc_precision_at_10_diff1": 0.210351,
        "nauc_precision_at_20_max": 0.255561,
        "nauc_precision_at_20_std": 0.127718,
        "nauc_precision_at_20_diff1": 0.170476,
        "nauc_precision_at_100_max": 0.295214,
        "nauc_precision_at_100_std": 0.208701,
        "nauc_precision_at_100_diff1": 0.111357,
        "nauc_precision_at_1000_max": 0.319279,
        "nauc_precision_at_1000_std": 0.258233,
        "nauc_precision_at_1000_diff1": 0.007597,
        "nauc_mrr_at_1_max": 0.250478,
        "nauc_mrr_at_1_std": -0.009189,
        "nauc_mrr_at_1_diff1": 0.356399,
        "nauc_mrr_at_3_max": 0.24062,
        "nauc_mrr_at_3_std": -0.005855,
        "nauc_mrr_at_3_diff1": 0.333632,
        "nauc_mrr_at_5_max": 0.237056,
        "nauc_mrr_at_5_std": -0.014203,
        "nauc_mrr_at_5_diff1": 0.332348,
        "nauc_mrr_at_10_max": 0.239046,
        "nauc_mrr_at_10_std": -0.004404,
        "nauc_mrr_at_10_diff1": 0.323153,
        "nauc_mrr_at_20_max": 0.240201,
        "nauc_mrr_at_20_std": -0.000471,
        "nauc_mrr_at_20_diff1": 0.323001,
        "nauc_mrr_at_100_max": 0.240691,
        "nauc_mrr_at_100_std": 0.001604,
        "nauc_mrr_at_100_diff1": 0.322657,
        "nauc_mrr_at_1000_max": 0.240801,
        "nauc_mrr_at_1000_std": 0.001557,
        "nauc_mrr_at_1000_diff1": 0.322706,
        "main_score": 0.24941,
        "hf_subset": "default",
        "languages": [
          "eng-Latn"
        ]
      }
    ]
  },
  "evaluation_time": 69.366446018219,
  "kg_co2_emissions": null
}