{
  "dataset_revision": "27a168819829fe9bcd655c2df245fb19452e8e06",
  "task_name": "FiQA2018",
  "mteb_version": "1.39.7",
  "scores": {
    "test": [
      {
        "ndcg_at_1": 0.23611,
        "ndcg_at_3": 0.22251,
        "ndcg_at_5": 0.23049,
        "ndcg_at_10": 0.25188,
        "ndcg_at_20": 0.2709,
        "ndcg_at_100": 0.31116,
        "ndcg_at_1000": 0.35006,
        "map_at_1": 0.11425,
        "map_at_3": 0.16532,
        "map_at_5": 0.17846,
        "map_at_10": 0.19175,
        "map_at_20": 0.1985,
        "map_at_100": 0.20516,
        "map_at_1000": 0.20711,
        "recall_at_1": 0.11425,
        "recall_at_3": 0.20474,
        "recall_at_5": 0.24332,
        "recall_at_10": 0.30654,
        "recall_at_20": 0.36443,
        "recall_at_100": 0.53621,
        "recall_at_1000": 0.77759,
        "precision_at_1": 0.23611,
        "precision_at_3": 0.15072,
        "precision_at_5": 0.11111,
        "precision_at_10": 0.07299,
        "precision_at_20": 0.0446,
        "precision_at_100": 0.01343,
        "precision_at_1000": 0.00199,
        "mrr_at_1": 0.236111,
        "mrr_at_3": 0.292181,
        "mrr_at_5": 0.304218,
        "mrr_at_10": 0.315033,
        "mrr_at_20": 0.319337,
        "mrr_at_100": 0.323679,
        "mrr_at_1000": 0.324429,
        "nauc_ndcg_at_1_max": 0.249793,
        "nauc_ndcg_at_1_std": -0.001834,
        "nauc_ndcg_at_1_diff1": 0.352338,
        "nauc_ndcg_at_3_max": 0.215572,
        "nauc_ndcg_at_3_std": -0.038437,
        "nauc_ndcg_at_3_diff1": 0.345675,
        "nauc_ndcg_at_5_max": 0.201398,
        "nauc_ndcg_at_5_std": -0.041639,
        "nauc_ndcg_at_5_diff1": 0.345057,
        "nauc_ndcg_at_10_max": 0.198101,
        "nauc_ndcg_at_10_std": -0.029719,
        "nauc_ndcg_at_10_diff1": 0.332749,
        "nauc_ndcg_at_20_max": 0.198805,
        "nauc_ndcg_at_20_std": -0.009222,
        "nauc_ndcg_at_20_diff1": 0.327928,
        "nauc_ndcg_at_100_max": 0.218266,
        "nauc_ndcg_at_100_std": 0.028187,
        "nauc_ndcg_at_100_diff1": 0.325694,
        "nauc_ndcg_at_1000_max": 0.23851,
        "nauc_ndcg_at_1000_std": 0.050423,
        "nauc_ndcg_at_1000_diff1": 0.317573,
        "nauc_map_at_1_max": 0.168154,
        "nauc_map_at_1_std": -0.061737,
        "nauc_map_at_1_diff1": 0.391768,
        "nauc_map_at_3_max": 0.174731,
        "nauc_map_at_3_std": -0.062536,
        "nauc_map_at_3_diff1": 0.377887,
        "nauc_map_at_5_max": 0.183442,
        "nauc_map_at_5_std": -0.056905,
        "nauc_map_at_5_diff1": 0.369782,
        "nauc_map_at_10_max": 0.186957,
        "nauc_map_at_10_std": -0.049253,
        "nauc_map_at_10_diff1": 0.360566,
        "nauc_map_at_20_max": 0.187654,
        "nauc_map_at_20_std": -0.040143,
        "nauc_map_at_20_diff1": 0.357289,
        "nauc_map_at_100_max": 0.19294,
        "nauc_map_at_100_std": -0.031922,
        "nauc_map_at_100_diff1": 0.35746,
        "nauc_map_at_1000_max": 0.194223,
        "nauc_map_at_1000_std": -0.030005,
        "nauc_map_at_1000_diff1": 0.356709,
        "nauc_recall_at_1_max": 0.168154,
        "nauc_recall_at_1_std": -0.061737,
        "nauc_recall_at_1_diff1": 0.391768,
        "nauc_recall_at_3_max": 0.145469,
        "nauc_recall_at_3_std": -0.057491,
        "nauc_recall_at_3_diff1": 0.332818,
        "nauc_recall_at_5_max": 0.144855,
        "nauc_recall_at_5_std": -0.058485,
        "nauc_recall_at_5_diff1": 0.316527,
        "nauc_recall_at_10_max": 0.145941,
        "nauc_recall_at_10_std": -0.030677,
        "nauc_recall_at_10_diff1": 0.265198,
        "nauc_recall_at_20_max": 0.141279,
        "nauc_recall_at_20_std": 0.022276,
        "nauc_recall_at_20_diff1": 0.247668,
        "nauc_recall_at_100_max": 0.171775,
        "nauc_recall_at_100_std": 0.160151,
        "nauc_recall_at_100_diff1": 0.20486,
        "nauc_recall_at_1000_max": 0.275731,
        "nauc_recall_at_1000_std": 0.385498,
        "nauc_recall_at_1000_diff1": 0.114101,
        "nauc_precision_at_1_max": 0.249793,
        "nauc_precision_at_1_std": -0.001834,
        "nauc_precision_at_1_diff1": 0.352338,
        "nauc_precision_at_3_max": 0.257406,
        "nauc_precision_at_3_std": -0.013582,
        "nauc_precision_at_3_diff1": 0.30028,
        "nauc_precision_at_5_max": 0.260974,
        "nauc_precision_at_5_std": 0.005973,
        "nauc_precision_at_5_diff1": 0.255306,
        "nauc_precision_at_10_max": 0.257391,
        "nauc_precision_at_10_std": 0.057209,
        "nauc_precision_at_10_diff1": 0.198249,
        "nauc_precision_at_20_max": 0.249976,
        "nauc_precision_at_20_std": 0.114421,
        "nauc_precision_at_20_diff1": 0.160254,
        "nauc_precision_at_100_max": 0.288176,
        "nauc_precision_at_100_std": 0.202165,
        "nauc_precision_at_100_diff1": 0.10399,
        "nauc_precision_at_1000_max": 0.318161,
        "nauc_precision_at_1000_std": 0.254704,
        "nauc_precision_at_1000_diff1": 0.006458,
        "nauc_mrr_at_1_max": 0.249793,
        "nauc_mrr_at_1_std": -0.001834,
        "nauc_mrr_at_1_diff1": 0.352338,
        "nauc_mrr_at_3_max": 0.240852,
        "nauc_mrr_at_3_std": -0.006586,
        "nauc_mrr_at_3_diff1": 0.334396,
        "nauc_mrr_at_5_max": 0.234941,
        "nauc_mrr_at_5_std": -0.013228,
        "nauc_mrr_at_5_diff1": 0.328726,
        "nauc_mrr_at_10_max": 0.238106,
        "nauc_mrr_at_10_std": -0.004831,
        "nauc_mrr_at_10_diff1": 0.319231,
        "nauc_mrr_at_20_max": 0.23911,
        "nauc_mrr_at_20_std": -0.001079,
        "nauc_mrr_at_20_diff1": 0.318851,
        "nauc_mrr_at_100_max": 0.239596,
        "nauc_mrr_at_100_std": 0.001244,
        "nauc_mrr_at_100_diff1": 0.319193,
        "nauc_mrr_at_1000_max": 0.239736,
        "nauc_mrr_at_1000_std": 0.001193,
        "nauc_mrr_at_1000_diff1": 0.319236,
        "main_score": 0.25188,
        "hf_subset": "default",
        "languages": [
          "eng-Latn"
        ]
      }
    ]
  },
  "evaluation_time": 242.06420612335205,
  "kg_co2_emissions": null
}