{
  "dataset_revision": "a34f9a33db75fa0cbb21bb5cfc3dae8dc8bec93f",
  "task_name": "Touche2020",
  "mteb_version": "1.39.7",
  "scores": {
    "test": [
      {
        "ndcg_at_1": 0.13265,
        "ndcg_at_3": 0.1861,
        "ndcg_at_5": 0.19297,
        "ndcg_at_10": 0.1969,
        "ndcg_at_20": 0.21533,
        "ndcg_at_100": 0.31886,
        "ndcg_at_1000": 0.41834,
        "map_at_1": 0.01119,
        "map_at_3": 0.03331,
        "map_at_5": 0.05133,
        "map_at_10": 0.07892,
        "map_at_20": 0.10044,
        "map_at_100": 0.13369,
        "map_at_1000": 0.14656,
        "recall_at_1": 0.01119,
        "recall_at_3": 0.04896,
        "recall_at_5": 0.086,
        "recall_at_10": 0.14672,
        "recall_at_20": 0.22104,
        "recall_at_100": 0.44451,
        "recall_at_1000": 0.74407,
        "precision_at_1": 0.14286,
        "precision_at_3": 0.21769,
        "precision_at_5": 0.22449,
        "precision_at_10": 0.19388,
        "precision_at_20": 0.15714,
        "precision_at_100": 0.07204,
        "precision_at_1000": 0.01384,
        "mrr_at_1": 0.142857,
        "mrr_at_3": 0.295918,
        "mrr_at_5": 0.320408,
        "mrr_at_10": 0.334014,
        "mrr_at_20": 0.339947,
        "mrr_at_100": 0.346492,
        "mrr_at_1000": 0.346492,
        "nauc_ndcg_at_1_max": -0.15635,
        "nauc_ndcg_at_1_std": -0.080358,
        "nauc_ndcg_at_1_diff1": 0.013095,
        "nauc_ndcg_at_3_max": -0.221475,
        "nauc_ndcg_at_3_std": -0.126137,
        "nauc_ndcg_at_3_diff1": 0.177088,
        "nauc_ndcg_at_5_max": -0.271344,
        "nauc_ndcg_at_5_std": -0.101994,
        "nauc_ndcg_at_5_diff1": 0.061646,
        "nauc_ndcg_at_10_max": -0.241808,
        "nauc_ndcg_at_10_std": -0.132701,
        "nauc_ndcg_at_10_diff1": 0.005326,
        "nauc_ndcg_at_20_max": -0.294407,
        "nauc_ndcg_at_20_std": -0.130826,
        "nauc_ndcg_at_20_diff1": -0.056426,
        "nauc_ndcg_at_100_max": -0.237932,
        "nauc_ndcg_at_100_std": 0.095136,
        "nauc_ndcg_at_100_diff1": -0.085987,
        "nauc_ndcg_at_1000_max": -0.159364,
        "nauc_ndcg_at_1000_std": 0.241637,
        "nauc_ndcg_at_1000_diff1": -0.139169,
        "nauc_map_at_1_max": -0.144153,
        "nauc_map_at_1_std": -0.24366,
        "nauc_map_at_1_diff1": -0.04983,
        "nauc_map_at_3_max": -0.162656,
        "nauc_map_at_3_std": -0.269409,
        "nauc_map_at_3_diff1": 0.034309,
        "nauc_map_at_5_max": -0.176425,
        "nauc_map_at_5_std": -0.242785,
        "nauc_map_at_5_diff1": -0.022367,
        "nauc_map_at_10_max": -0.154813,
        "nauc_map_at_10_std": -0.266136,
        "nauc_map_at_10_diff1": -0.032367,
        "nauc_map_at_20_max": -0.191698,
        "nauc_map_at_20_std": -0.22689,
        "nauc_map_at_20_diff1": -0.054077,
        "nauc_map_at_100_max": -0.178826,
        "nauc_map_at_100_std": -0.097574,
        "nauc_map_at_100_diff1": -0.054745,
        "nauc_map_at_1000_max": -0.17681,
        "nauc_map_at_1000_std": -0.058402,
        "nauc_map_at_1000_diff1": -0.07252,
        "nauc_recall_at_1_max": -0.144153,
        "nauc_recall_at_1_std": -0.24366,
        "nauc_recall_at_1_diff1": -0.04983,
        "nauc_recall_at_3_max": -0.22557,
        "nauc_recall_at_3_std": -0.278949,
        "nauc_recall_at_3_diff1": 0.098743,
        "nauc_recall_at_5_max": -0.268833,
        "nauc_recall_at_5_std": -0.249144,
        "nauc_recall_at_5_diff1": -0.027112,
        "nauc_recall_at_10_max": -0.254432,
        "nauc_recall_at_10_std": -0.241433,
        "nauc_recall_at_10_diff1": -0.063306,
        "nauc_recall_at_20_max": -0.315567,
        "nauc_recall_at_20_std": -0.162895,
        "nauc_recall_at_20_diff1": -0.111869,
        "nauc_recall_at_100_max": -0.247705,
        "nauc_recall_at_100_std": 0.19572,
        "nauc_recall_at_100_diff1": -0.162556,
        "nauc_recall_at_1000_max": -0.011872,
        "nauc_recall_at_1000_std": 0.623939,
        "nauc_recall_at_1000_diff1": -0.347385,
        "nauc_precision_at_1_max": -0.140465,
        "nauc_precision_at_1_std": -0.109636,
        "nauc_precision_at_1_diff1": 0.037958,
        "nauc_precision_at_3_max": -0.236457,
        "nauc_precision_at_3_std": -0.162648,
        "nauc_precision_at_3_diff1": 0.226717,
        "nauc_precision_at_5_max": -0.287726,
        "nauc_precision_at_5_std": -0.099437,
        "nauc_precision_at_5_diff1": 0.00437,
        "nauc_precision_at_10_max": -0.223951,
        "nauc_precision_at_10_std": -0.075237,
        "nauc_precision_at_10_diff1": -0.033878,
        "nauc_precision_at_20_max": -0.266715,
        "nauc_precision_at_20_std": 0.060647,
        "nauc_precision_at_20_diff1": -0.081336,
        "nauc_precision_at_100_max": -0.021264,
        "nauc_precision_at_100_std": 0.56515,
        "nauc_precision_at_100_diff1": -0.109712,
        "nauc_precision_at_1000_max": 0.405258,
        "nauc_precision_at_1000_std": 0.546723,
        "nauc_precision_at_1000_diff1": -0.067755,
        "nauc_mrr_at_1_max": -0.140465,
        "nauc_mrr_at_1_std": -0.109636,
        "nauc_mrr_at_1_diff1": 0.037958,
        "nauc_mrr_at_3_max": -0.258844,
        "nauc_mrr_at_3_std": -0.15636,
        "nauc_mrr_at_3_diff1": 0.184758,
        "nauc_mrr_at_5_max": -0.334314,
        "nauc_mrr_at_5_std": -0.166991,
        "nauc_mrr_at_5_diff1": 0.121685,
        "nauc_mrr_at_10_max": -0.309878,
        "nauc_mrr_at_10_std": -0.107027,
        "nauc_mrr_at_10_diff1": 0.102991,
        "nauc_mrr_at_20_max": -0.310115,
        "nauc_mrr_at_20_std": -0.100086,
        "nauc_mrr_at_20_diff1": 0.094057,
        "nauc_mrr_at_100_max": -0.305564,
        "nauc_mrr_at_100_std": -0.107848,
        "nauc_mrr_at_100_diff1": 0.099188,
        "nauc_mrr_at_1000_max": -0.305564,
        "nauc_mrr_at_1000_std": -0.107848,
        "nauc_mrr_at_1000_diff1": 0.099188,
        "main_score": 0.1969,
        "hf_subset": "default",
        "languages": [
          "eng-Latn"
        ]
      }
    ]
  },
  "evaluation_time": 491.8929486274719,
  "kg_co2_emissions": null
}