{
  "map_at_10": 0.08402,
  "mrr_at_10": 0.0945132275132275,
  "ndcg_at_10": 0.10478,
  "recall_at_10": 0.161,
  "recall_at_100": 0.3765
}
