{
  "map_at_10": 0.08005,
  "mrr_at_10": 0.09108730158730155,
  "ndcg_at_10": 0.09745,
  "recall_at_10": 0.14367,
  "recall_at_100": 0.34983
}
