{
  "map_at_10": 0.18416,
  "mrr_at_10": 0.19600793650793655,
  "ndcg_at_10": 0.21583,
  "recall_at_10": 0.3025,
  "recall_at_100": 0.52772
}
