{
  "map_at_10": 0.07229,
  "mrr_at_10": 0.07940343915343916,
  "ndcg_at_10": 0.08992,
  "recall_at_10": 0.13922,
  "recall_at_100": 0.33539
}
