{
  "map_at_10": 0.06634,
  "mrr_at_10": 0.0723968253968254,
  "ndcg_at_10": 0.08147,
  "recall_at_10": 0.12411,
  "recall_at_100": 0.31639
}
