{
  "map_at_10": 0.12177,
  "mrr_at_10": 0.13314021164021164,
  "ndcg_at_10": 0.14959,
  "recall_at_10": 0.22722,
  "recall_at_100": 0.46539
}
