{
  "map_at_10": 0.09748,
  "mrr_at_10": 0.10818518518518519,
  "ndcg_at_10": 0.11807,
  "recall_at_10": 0.17167,
  "recall_at_100": 0.40928
}
