{
  "map_at_10": 0.05935,
  "mrr_at_10": 0.06404894179894179,
  "ndcg_at_10": 0.07179,
  "recall_at_10": 0.10678,
  "recall_at_100": 0.28572
}
