{
  "map_at_10": 0.36261,
  "mrr_at_10": 0.3792103174603174,
  "ndcg_at_10": 0.39777,
  "recall_at_10": 0.48983,
  "recall_at_100": 0.71256
}
