{
  "map_at_10": 0.05184,
  "mrr_at_10": 0.05575264550264552,
  "ndcg_at_10": 0.06379,
  "recall_at_10": 0.09844,
  "recall_at_100": 0.26506
}
