{
  "dataset_revision": "0228b52cf27578f30900b9e5271d331663a030d7",
  "task_name": "SciFact",
  "mteb_version": "1.39.7",
  "scores": {
    "test": [
      {
        "ndcg_at_1": 0.41,
        "ndcg_at_3": 0.48269,
        "ndcg_at_5": 0.50932,
        "ndcg_at_10": 0.53463,
        "ndcg_at_20": 0.55044,
        "ndcg_at_100": 0.57331,
        "ndcg_at_1000": 0.58846,
        "map_at_1": 0.38733,
        "map_at_3": 0.45575,
        "map_at_5": 0.47197,
        "map_at_10": 0.48335,
        "map_at_20": 0.48852,
        "map_at_100": 0.49184,
        "map_at_1000": 0.49239,
        "recall_at_1": 0.38733,
        "recall_at_3": 0.53467,
        "recall_at_5": 0.60128,
        "recall_at_10": 0.67389,
        "recall_at_20": 0.73272,
        "recall_at_100": 0.85522,
        "recall_at_1000": 0.97333,
        "precision_at_1": 0.41,
        "precision_at_3": 0.19444,
        "precision_at_5": 0.13267,
        "precision_at_10": 0.075,
        "precision_at_20": 0.0415,
        "precision_at_100": 0.00967,
        "precision_at_1000": 0.0011,
        "mrr_at_1": 0.41,
        "mrr_at_3": 0.476111,
        "mrr_at_5": 0.490444,
        "mrr_at_10": 0.501509,
        "mrr_at_20": 0.504915,
        "mrr_at_100": 0.507475,
        "mrr_at_1000": 0.507976,
        "nauc_ndcg_at_1_max": 0.455529,
        "nauc_ndcg_at_1_std": 0.027686,
        "nauc_ndcg_at_1_diff1": 0.721306,
        "nauc_ndcg_at_3_max": 0.492162,
        "nauc_ndcg_at_3_std": 0.056455,
        "nauc_ndcg_at_3_diff1": 0.641431,
        "nauc_ndcg_at_5_max": 0.504126,
        "nauc_ndcg_at_5_std": 0.072687,
        "nauc_ndcg_at_5_diff1": 0.634664,
        "nauc_ndcg_at_10_max": 0.512588,
        "nauc_ndcg_at_10_std": 0.077944,
        "nauc_ndcg_at_10_diff1": 0.634086,
        "nauc_ndcg_at_20_max": 0.516062,
        "nauc_ndcg_at_20_std": 0.090407,
        "nauc_ndcg_at_20_diff1": 0.627819,
        "nauc_ndcg_at_100_max": 0.507805,
        "nauc_ndcg_at_100_std": 0.078412,
        "nauc_ndcg_at_100_diff1": 0.626697,
        "nauc_ndcg_at_1000_max": 0.501251,
        "nauc_ndcg_at_1000_std": 0.077766,
        "nauc_ndcg_at_1000_diff1": 0.635043,
        "nauc_map_at_1_max": 0.420245,
        "nauc_map_at_1_std": -0.010979,
        "nauc_map_at_1_diff1": 0.700622,
        "nauc_map_at_3_max": 0.467768,
        "nauc_map_at_3_std": 0.027996,
        "nauc_map_at_3_diff1": 0.654842,
        "nauc_map_at_5_max": 0.477364,
        "nauc_map_at_5_std": 0.04146,
        "nauc_map_at_5_diff1": 0.650495,
        "nauc_map_at_10_max": 0.481662,
        "nauc_map_at_10_std": 0.045395,
        "nauc_map_at_10_diff1": 0.649779,
        "nauc_map_at_20_max": 0.484889,
        "nauc_map_at_20_std": 0.051074,
        "nauc_map_at_20_diff1": 0.648152,
        "nauc_map_at_100_max": 0.484048,
        "nauc_map_at_100_std": 0.05027,
        "nauc_map_at_100_diff1": 0.648278,
        "nauc_map_at_1000_max": 0.483745,
        "nauc_map_at_1000_std": 0.050184,
        "nauc_map_at_1000_diff1": 0.648476,
        "nauc_recall_at_1_max": 0.420245,
        "nauc_recall_at_1_std": -0.010979,
        "nauc_recall_at_1_diff1": 0.700622,
        "nauc_recall_at_3_max": 0.515135,
        "nauc_recall_at_3_std": 0.074926,
        "nauc_recall_at_3_diff1": 0.577648,
        "nauc_recall_at_5_max": 0.552621,
        "nauc_recall_at_5_std": 0.123423,
        "nauc_recall_at_5_diff1": 0.555553,
        "nauc_recall_at_10_max": 0.576728,
        "nauc_recall_at_10_std": 0.136427,
        "nauc_recall_at_10_diff1": 0.538662,
        "nauc_recall_at_20_max": 0.595614,
        "nauc_recall_at_20_std": 0.194429,
        "nauc_recall_at_20_diff1": 0.493887,
        "nauc_recall_at_100_max": 0.568443,
        "nauc_recall_at_100_std": 0.112014,
        "nauc_recall_at_100_diff1": 0.4058,
        "nauc_recall_at_1000_max": 0.338994,
        "nauc_recall_at_1000_std": 0.192519,
        "nauc_recall_at_1000_diff1": 0.244456,
        "nauc_precision_at_1_max": 0.455529,
        "nauc_precision_at_1_std": 0.027686,
        "nauc_precision_at_1_diff1": 0.721306,
        "nauc_precision_at_3_max": 0.552088,
        "nauc_precision_at_3_std": 0.190041,
        "nauc_precision_at_3_diff1": 0.542364,
        "nauc_precision_at_5_max": 0.561539,
        "nauc_precision_at_5_std": 0.263918,
        "nauc_precision_at_5_diff1": 0.466572,
        "nauc_precision_at_10_max": 0.58204,
        "nauc_precision_at_10_std": 0.315036,
        "nauc_precision_at_10_diff1": 0.412012,
        "nauc_precision_at_20_max": 0.537661,
        "nauc_precision_at_20_std": 0.387897,
        "nauc_precision_at_20_diff1": 0.305826,
        "nauc_precision_at_100_max": 0.427303,
        "nauc_precision_at_100_std": 0.370781,
        "nauc_precision_at_100_diff1": 0.172324,
        "nauc_precision_at_1000_max": 0.258467,
        "nauc_precision_at_1000_std": 0.446073,
        "nauc_precision_at_1000_diff1": 0.035165,
        "nauc_mrr_at_1_max": 0.455529,
        "nauc_mrr_at_1_std": 0.027686,
        "nauc_mrr_at_1_diff1": 0.721306,
        "nauc_mrr_at_3_max": 0.489205,
        "nauc_mrr_at_3_std": 0.069879,
        "nauc_mrr_at_3_diff1": 0.667688,
        "nauc_mrr_at_5_max": 0.495715,
        "nauc_mrr_at_5_std": 0.077617,
        "nauc_mrr_at_5_diff1": 0.664916,
        "nauc_mrr_at_10_max": 0.500143,
        "nauc_mrr_at_10_std": 0.079657,
        "nauc_mrr_at_10_diff1": 0.667379,
        "nauc_mrr_at_20_max": 0.498827,
        "nauc_mrr_at_20_std": 0.079354,
        "nauc_mrr_at_20_diff1": 0.665912,
        "nauc_mrr_at_100_max": 0.497296,
        "nauc_mrr_at_100_std": 0.077337,
        "nauc_mrr_at_100_diff1": 0.66538,
        "nauc_mrr_at_1000_max": 0.49703,
        "nauc_mrr_at_1000_std": 0.077237,
        "nauc_mrr_at_1000_diff1": 0.665557,
        "main_score": 0.53463,
        "hf_subset": "default",
        "languages": [
          "eng-Latn"
        ]
      }
    ]
  },
  "evaluation_time": 18.363021850585938,
  "kg_co2_emissions": null
}