{
  "dataset_revision": "a34f9a33db75fa0cbb21bb5cfc3dae8dc8bec93f",
  "task_name": "Touche2020",
  "mteb_version": "1.39.7",
  "scores": {
    "test": [
      {
        "ndcg_at_1": 0.03061,
        "ndcg_at_3": 0.04686,
        "ndcg_at_5": 0.0422,
        "ndcg_at_10": 0.04622,
        "ndcg_at_20": 0.04763,
        "ndcg_at_100": 0.07501,
        "ndcg_at_1000": 0.13194,
        "map_at_1": 0.00254,
        "map_at_3": 0.005,
        "map_at_5": 0.00617,
        "map_at_10": 0.00992,
        "map_at_20": 0.01318,
        "map_at_100": 0.01712,
        "map_at_1000": 0.02058,
        "recall_at_1": 0.00254,
        "recall_at_3": 0.0085,
        "recall_at_5": 0.01185,
        "recall_at_10": 0.02829,
        "recall_at_20": 0.04569,
        "recall_at_100": 0.10574,
        "recall_at_1000": 0.27385,
        "precision_at_1": 0.04082,
        "precision_at_3": 0.05442,
        "precision_at_5": 0.0449,
        "precision_at_10": 0.04898,
        "precision_at_20": 0.03776,
        "precision_at_100": 0.01939,
        "precision_at_1000": 0.00555,
        "mrr_at_1": 0.040816,
        "mrr_at_3": 0.091837,
        "mrr_at_5": 0.095918,
        "mrr_at_10": 0.114018,
        "mrr_at_20": 0.11744,
        "mrr_at_100": 0.124506,
        "mrr_at_1000": 0.1254,
        "nauc_ndcg_at_1_max": 0.699151,
        "nauc_ndcg_at_1_std": -0.071775,
        "nauc_ndcg_at_1_diff1": 0.245325,
        "nauc_ndcg_at_3_max": 0.16362,
        "nauc_ndcg_at_3_std": 0.151471,
        "nauc_ndcg_at_3_diff1": 0.025827,
        "nauc_ndcg_at_5_max": 0.197798,
        "nauc_ndcg_at_5_std": 0.17117,
        "nauc_ndcg_at_5_diff1": 0.11295,
        "nauc_ndcg_at_10_max": 0.243221,
        "nauc_ndcg_at_10_std": 0.298817,
        "nauc_ndcg_at_10_diff1": 0.320709,
        "nauc_ndcg_at_20_max": 0.298395,
        "nauc_ndcg_at_20_std": 0.39646,
        "nauc_ndcg_at_20_diff1": 0.378446,
        "nauc_ndcg_at_100_max": 0.230136,
        "nauc_ndcg_at_100_std": 0.496353,
        "nauc_ndcg_at_100_diff1": 0.402812,
        "nauc_ndcg_at_1000_max": 0.380429,
        "nauc_ndcg_at_1000_std": 0.550521,
        "nauc_ndcg_at_1000_diff1": 0.23,
        "nauc_map_at_1_max": 0.442544,
        "nauc_map_at_1_std": -0.071775,
        "nauc_map_at_1_diff1": -0.109687,
        "nauc_map_at_3_max": 0.161591,
        "nauc_map_at_3_std": 0.03851,
        "nauc_map_at_3_diff1": -0.110075,
        "nauc_map_at_5_max": 0.208299,
        "nauc_map_at_5_std": 0.066682,
        "nauc_map_at_5_diff1": -0.025917,
        "nauc_map_at_10_max": 0.282757,
        "nauc_map_at_10_std": 0.217822,
        "nauc_map_at_10_diff1": 0.213454,
        "nauc_map_at_20_max": 0.328354,
        "nauc_map_at_20_std": 0.327698,
        "nauc_map_at_20_diff1": 0.299787,
        "nauc_map_at_100_max": 0.279242,
        "nauc_map_at_100_std": 0.388866,
        "nauc_map_at_100_diff1": 0.329597,
        "nauc_map_at_1000_max": 0.313507,
        "nauc_map_at_1000_std": 0.428267,
        "nauc_map_at_1000_diff1": 0.304438,
        "nauc_recall_at_1_max": 0.442544,
        "nauc_recall_at_1_std": -0.071775,
        "nauc_recall_at_1_diff1": -0.109687,
        "nauc_recall_at_3_max": 0.030336,
        "nauc_recall_at_3_std": 0.092445,
        "nauc_recall_at_3_diff1": -0.10822,
        "nauc_recall_at_5_max": 0.090284,
        "nauc_recall_at_5_std": 0.154401,
        "nauc_recall_at_5_diff1": 0.079511,
        "nauc_recall_at_10_max": 0.232263,
        "nauc_recall_at_10_std": 0.371087,
        "nauc_recall_at_10_diff1": 0.449461,
        "nauc_recall_at_20_max": 0.258162,
        "nauc_recall_at_20_std": 0.500976,
        "nauc_recall_at_20_diff1": 0.454724,
        "nauc_recall_at_100_max": 0.166917,
        "nauc_recall_at_100_std": 0.579475,
        "nauc_recall_at_100_diff1": 0.442563,
        "nauc_recall_at_1000_max": 0.369348,
        "nauc_recall_at_1000_std": 0.581988,
        "nauc_recall_at_1000_diff1": 0.14385,
        "nauc_precision_at_1_max": 0.548726,
        "nauc_precision_at_1_std": -0.071775,
        "nauc_precision_at_1_diff1": 0.037214,
        "nauc_precision_at_3_max": 0.071983,
        "nauc_precision_at_3_std": 0.169993,
        "nauc_precision_at_3_diff1": -0.049695,
        "nauc_precision_at_5_max": 0.145389,
        "nauc_precision_at_5_std": 0.194332,
        "nauc_precision_at_5_diff1": 0.102691,
        "nauc_precision_at_10_max": 0.234565,
        "nauc_precision_at_10_std": 0.345778,
        "nauc_precision_at_10_diff1": 0.4009,
        "nauc_precision_at_20_max": 0.306533,
        "nauc_precision_at_20_std": 0.434638,
        "nauc_precision_at_20_diff1": 0.37745,
        "nauc_precision_at_100_max": 0.235274,
        "nauc_precision_at_100_std": 0.53458,
        "nauc_precision_at_100_diff1": 0.338761,
        "nauc_precision_at_1000_max": 0.492862,
        "nauc_precision_at_1000_std": 0.467531,
        "nauc_precision_at_1000_diff1": -0.066429,
        "nauc_mrr_at_1_max": 0.548726,
        "nauc_mrr_at_1_std": -0.071775,
        "nauc_mrr_at_1_diff1": 0.037214,
        "nauc_mrr_at_3_max": 0.205712,
        "nauc_mrr_at_3_std": 0.104664,
        "nauc_mrr_at_3_diff1": -0.029328,
        "nauc_mrr_at_5_max": 0.179651,
        "nauc_mrr_at_5_std": 0.132252,
        "nauc_mrr_at_5_diff1": 0.018154,
        "nauc_mrr_at_10_max": 0.214579,
        "nauc_mrr_at_10_std": 0.174677,
        "nauc_mrr_at_10_diff1": 0.1125,
        "nauc_mrr_at_20_max": 0.22101,
        "nauc_mrr_at_20_std": 0.185441,
        "nauc_mrr_at_20_diff1": 0.101887,
        "nauc_mrr_at_100_max": 0.23304,
        "nauc_mrr_at_100_std": 0.180215,
        "nauc_mrr_at_100_diff1": 0.092247,
        "nauc_mrr_at_1000_max": 0.233115,
        "nauc_mrr_at_1000_std": 0.179512,
        "nauc_mrr_at_1000_diff1": 0.091874,
        "main_score": 0.04622,
        "hf_subset": "default",
        "languages": [
          "eng-Latn"
        ]
      }
    ]
  },
  "evaluation_time": 2848.978887319565,
  "kg_co2_emissions": null
}