{
  "dataset_revision": "27a168819829fe9bcd655c2df245fb19452e8e06",
  "task_name": "FiQA2018",
  "mteb_version": "1.39.7",
  "scores": {
    "test": [
      {
        "ndcg_at_1": 0.23611,
        "ndcg_at_3": 0.22279,
        "ndcg_at_5": 0.23019,
        "ndcg_at_10": 0.25117,
        "ndcg_at_20": 0.27075,
        "ndcg_at_100": 0.31085,
        "ndcg_at_1000": 0.34964,
        "map_at_1": 0.11363,
        "map_at_3": 0.16519,
        "map_at_5": 0.17814,
        "map_at_10": 0.19129,
        "map_at_20": 0.19808,
        "map_at_100": 0.20473,
        "map_at_1000": 0.2067,
        "recall_at_1": 0.11363,
        "recall_at_3": 0.20525,
        "recall_at_5": 0.24306,
        "recall_at_10": 0.30517,
        "recall_at_20": 0.36494,
        "recall_at_100": 0.536,
        "recall_at_1000": 0.7763,
        "precision_at_1": 0.23611,
        "precision_at_3": 0.15123,
        "precision_at_5": 0.1108,
        "precision_at_10": 0.07284,
        "precision_at_20": 0.04468,
        "precision_at_100": 0.01344,
        "precision_at_1000": 0.00199,
        "mrr_at_1": 0.236111,
        "mrr_at_3": 0.292695,
        "mrr_at_5": 0.304038,
        "mrr_at_10": 0.314733,
        "mrr_at_20": 0.319316,
        "mrr_at_100": 0.323657,
        "mrr_at_1000": 0.324405,
        "nauc_ndcg_at_1_max": 0.2532,
        "nauc_ndcg_at_1_std": -0.002042,
        "nauc_ndcg_at_1_diff1": 0.34849,
        "nauc_ndcg_at_3_max": 0.213234,
        "nauc_ndcg_at_3_std": -0.038426,
        "nauc_ndcg_at_3_diff1": 0.344189,
        "nauc_ndcg_at_5_max": 0.200235,
        "nauc_ndcg_at_5_std": -0.041385,
        "nauc_ndcg_at_5_diff1": 0.345529,
        "nauc_ndcg_at_10_max": 0.197007,
        "nauc_ndcg_at_10_std": -0.027808,
        "nauc_ndcg_at_10_diff1": 0.33355,
        "nauc_ndcg_at_20_max": 0.19934,
        "nauc_ndcg_at_20_std": -0.006791,
        "nauc_ndcg_at_20_diff1": 0.327416,
        "nauc_ndcg_at_100_max": 0.216977,
        "nauc_ndcg_at_100_std": 0.02784,
        "nauc_ndcg_at_100_diff1": 0.323942,
        "nauc_ndcg_at_1000_max": 0.237655,
        "nauc_ndcg_at_1000_std": 0.050705,
        "nauc_ndcg_at_1000_diff1": 0.316541,
        "nauc_map_at_1_max": 0.172006,
        "nauc_map_at_1_std": -0.055958,
        "nauc_map_at_1_diff1": 0.394388,
        "nauc_map_at_3_max": 0.172736,
        "nauc_map_at_3_std": -0.060595,
        "nauc_map_at_3_diff1": 0.37807,
        "nauc_map_at_5_max": 0.182074,
        "nauc_map_at_5_std": -0.055617,
        "nauc_map_at_5_diff1": 0.370438,
        "nauc_map_at_10_max": 0.185948,
        "nauc_map_at_10_std": -0.047316,
        "nauc_map_at_10_diff1": 0.361068,
        "nauc_map_at_20_max": 0.186947,
        "nauc_map_at_20_std": -0.038367,
        "nauc_map_at_20_diff1": 0.357035,
        "nauc_map_at_100_max": 0.191559,
        "nauc_map_at_100_std": -0.030919,
        "nauc_map_at_100_diff1": 0.357059,
        "nauc_map_at_1000_max": 0.192879,
        "nauc_map_at_1000_std": -0.028947,
        "nauc_map_at_1000_diff1": 0.356256,
        "nauc_recall_at_1_max": 0.172006,
        "nauc_recall_at_1_std": -0.055958,
        "nauc_recall_at_1_diff1": 0.394388,
        "nauc_recall_at_3_max": 0.140669,
        "nauc_recall_at_3_std": -0.056667,
        "nauc_recall_at_3_diff1": 0.330094,
        "nauc_recall_at_5_max": 0.142183,
        "nauc_recall_at_5_std": -0.058243,
        "nauc_recall_at_5_diff1": 0.316639,
        "nauc_recall_at_10_max": 0.144223,
        "nauc_recall_at_10_std": -0.027702,
        "nauc_recall_at_10_diff1": 0.266943,
        "nauc_recall_at_20_max": 0.14331,
        "nauc_recall_at_20_std": 0.027248,
        "nauc_recall_at_20_diff1": 0.246358,
        "nauc_recall_at_100_max": 0.168811,
        "nauc_recall_at_100_std": 0.15617,
        "nauc_recall_at_100_diff1": 0.199292,
        "nauc_recall_at_1000_max": 0.277562,
        "nauc_recall_at_1000_std": 0.382441,
        "nauc_recall_at_1000_diff1": 0.120675,
        "nauc_precision_at_1_max": 0.2532,
        "nauc_precision_at_1_std": -0.002042,
        "nauc_precision_at_1_diff1": 0.34849,
        "nauc_precision_at_3_max": 0.253594,
        "nauc_precision_at_3_std": -0.016011,
        "nauc_precision_at_3_diff1": 0.295968,
        "nauc_precision_at_5_max": 0.262728,
        "nauc_precision_at_5_std": 0.004191,
        "nauc_precision_at_5_diff1": 0.255465,
        "nauc_precision_at_10_max": 0.257407,
        "nauc_precision_at_10_std": 0.06079,
        "nauc_precision_at_10_diff1": 0.196684,
        "nauc_precision_at_20_max": 0.25719,
        "nauc_precision_at_20_std": 0.120405,
        "nauc_precision_at_20_diff1": 0.155485,
        "nauc_precision_at_100_max": 0.29126,
        "nauc_precision_at_100_std": 0.198146,
        "nauc_precision_at_100_diff1": 0.096943,
        "nauc_precision_at_1000_max": 0.320486,
        "nauc_precision_at_1000_std": 0.252366,
        "nauc_precision_at_1000_diff1": 0.001651,
        "nauc_mrr_at_1_max": 0.2532,
        "nauc_mrr_at_1_std": -0.002042,
        "nauc_mrr_at_1_diff1": 0.34849,
        "nauc_mrr_at_3_max": 0.238835,
        "nauc_mrr_at_3_std": -0.00826,
        "nauc_mrr_at_3_diff1": 0.332484,
        "nauc_mrr_at_5_max": 0.234529,
        "nauc_mrr_at_5_std": -0.014239,
        "nauc_mrr_at_5_diff1": 0.328557,
        "nauc_mrr_at_10_max": 0.237123,
        "nauc_mrr_at_10_std": -0.005691,
        "nauc_mrr_at_10_diff1": 0.318075,
        "nauc_mrr_at_20_max": 0.238464,
        "nauc_mrr_at_20_std": -0.002182,
        "nauc_mrr_at_20_diff1": 0.317685,
        "nauc_mrr_at_100_max": 0.238915,
        "nauc_mrr_at_100_std": 0.000196,
        "nauc_mrr_at_100_diff1": 0.317892,
        "nauc_mrr_at_1000_max": 0.239072,
        "nauc_mrr_at_1000_std": 0.00015,
        "nauc_mrr_at_1000_diff1": 0.317952,
        "main_score": 0.25117,
        "hf_subset": "default",
        "languages": [
          "eng-Latn"
        ]
      }
    ]
  },
  "evaluation_time": 311.04048800468445,
  "kg_co2_emissions": null
}