{
  "dataset_revision": "c22ab2a51041ffd869aaddef7af8d8215647e41a",
  "task_name": "ArguAna",
  "mteb_version": "1.39.7",
  "scores": {
    "test": [
      {
        "ndcg_at_1": 0.27169,
        "ndcg_at_3": 0.4018,
        "ndcg_at_5": 0.45525,
        "ndcg_at_10": 0.50243,
        "ndcg_at_20": 0.52317,
        "ndcg_at_100": 0.5418,
        "ndcg_at_1000": 0.54655,
        "map_at_1": 0.27169,
        "map_at_3": 0.36854,
        "map_at_5": 0.39827,
        "map_at_10": 0.41777,
        "map_at_20": 0.42359,
        "map_at_100": 0.42617,
        "map_at_1000": 0.42637,
        "recall_at_1": 0.27169,
        "recall_at_3": 0.49858,
        "recall_at_5": 0.62802,
        "recall_at_10": 0.77383,
        "recall_at_20": 0.85491,
        "recall_at_100": 0.95519,
        "recall_at_1000": 0.99147,
        "precision_at_1": 0.27169,
        "precision_at_3": 0.16619,
        "precision_at_5": 0.1256,
        "precision_at_10": 0.07738,
        "precision_at_20": 0.04275,
        "precision_at_100": 0.00955,
        "precision_at_1000": 0.00099,
        "mrr_at_1": 0.27596,
        "mrr_at_3": 0.37091,
        "mrr_at_5": 0.399893,
        "mrr_at_10": 0.419255,
        "mrr_at_20": 0.425211,
        "mrr_at_100": 0.427792,
        "mrr_at_1000": 0.427992,
        "nauc_ndcg_at_1_max": -0.079102,
        "nauc_ndcg_at_1_std": -0.06722,
        "nauc_ndcg_at_1_diff1": 0.109439,
        "nauc_ndcg_at_3_max": -0.018381,
        "nauc_ndcg_at_3_std": -0.06522,
        "nauc_ndcg_at_3_diff1": 0.073306,
        "nauc_ndcg_at_5_max": -0.007066,
        "nauc_ndcg_at_5_std": -0.059958,
        "nauc_ndcg_at_5_diff1": 0.07826,
        "nauc_ndcg_at_10_max": -0.005335,
        "nauc_ndcg_at_10_std": -0.047668,
        "nauc_ndcg_at_10_diff1": 0.071484,
        "nauc_ndcg_at_20_max": -0.005974,
        "nauc_ndcg_at_20_std": -0.044285,
        "nauc_ndcg_at_20_diff1": 0.069925,
        "nauc_ndcg_at_100_max": -0.007172,
        "nauc_ndcg_at_100_std": -0.039659,
        "nauc_ndcg_at_100_diff1": 0.07991,
        "nauc_ndcg_at_1000_max": -0.014464,
        "nauc_ndcg_at_1000_std": -0.047717,
        "nauc_ndcg_at_1000_diff1": 0.079854,
        "nauc_map_at_1_max": -0.079102,
        "nauc_map_at_1_std": -0.06722,
        "nauc_map_at_1_diff1": 0.109439,
        "nauc_map_at_3_max": -0.03308,
        "nauc_map_at_3_std": -0.065749,
        "nauc_map_at_3_diff1": 0.082153,
        "nauc_map_at_5_max": -0.027073,
        "nauc_map_at_5_std": -0.062411,
        "nauc_map_at_5_diff1": 0.085177,
        "nauc_map_at_10_max": -0.027103,
        "nauc_map_at_10_std": -0.057788,
        "nauc_map_at_10_diff1": 0.082713,
        "nauc_map_at_20_max": -0.02708,
        "nauc_map_at_20_std": -0.056935,
        "nauc_map_at_20_diff1": 0.082634,
        "nauc_map_at_100_max": -0.02697,
        "nauc_map_at_100_std": -0.056692,
        "nauc_map_at_100_diff1": 0.084255,
        "nauc_map_at_1000_max": -0.027217,
        "nauc_map_at_1000_std": -0.05692,
        "nauc_map_at_1000_diff1": 0.084227,
        "nauc_recall_at_1_max": -0.079102,
        "nauc_recall_at_1_std": -0.06722,
        "nauc_recall_at_1_diff1": 0.109439,
        "nauc_recall_at_3_max": 0.023247,
        "nauc_recall_at_3_std": -0.063704,
        "nauc_recall_at_3_diff1": 0.048212,
        "nauc_recall_at_5_max": 0.058357,
        "nauc_recall_at_5_std": -0.051921,
        "nauc_recall_at_5_diff1": 0.05679,
        "nauc_recall_at_10_max": 0.095116,
        "nauc_recall_at_10_std": 0.005568,
        "nauc_recall_at_10_diff1": 0.018545,
        "nauc_recall_at_20_max": 0.129778,
        "nauc_recall_at_20_std": 0.054427,
        "nauc_recall_at_20_diff1": -0.021261,
        "nauc_recall_at_100_max": 0.336935,
        "nauc_recall_at_100_std": 0.426963,
        "nauc_recall_at_100_diff1": 0.056496,
        "nauc_recall_at_1000_max": 0.111028,
        "nauc_recall_at_1000_std": 0.470208,
        "nauc_recall_at_1000_diff1": -0.002718,
        "nauc_precision_at_1_max": -0.079102,
        "nauc_precision_at_1_std": -0.06722,
        "nauc_precision_at_1_diff1": 0.109439,
        "nauc_precision_at_3_max": 0.023247,
        "nauc_precision_at_3_std": -0.063704,
        "nauc_precision_at_3_diff1": 0.048212,
        "nauc_precision_at_5_max": 0.058357,
        "nauc_precision_at_5_std": -0.051921,
        "nauc_precision_at_5_diff1": 0.05679,
        "nauc_precision_at_10_max": 0.095116,
        "nauc_precision_at_10_std": 0.005568,
        "nauc_precision_at_10_diff1": 0.018545,
        "nauc_precision_at_20_max": 0.129778,
        "nauc_precision_at_20_std": 0.054427,
        "nauc_precision_at_20_diff1": -0.021261,
        "nauc_precision_at_100_max": 0.336935,
        "nauc_precision_at_100_std": 0.426963,
        "nauc_precision_at_100_diff1": 0.056496,
        "nauc_precision_at_1000_max": 0.111028,
        "nauc_precision_at_1000_std": 0.470208,
        "nauc_precision_at_1000_diff1": -0.002718,
        "nauc_mrr_at_1_max": -0.083894,
        "nauc_mrr_at_1_std": -0.068608,
        "nauc_mrr_at_1_diff1": 0.095791,
        "nauc_mrr_at_3_max": -0.044598,
        "nauc_mrr_at_3_std": -0.06531,
        "nauc_mrr_at_3_diff1": 0.066517,
        "nauc_mrr_at_5_max": -0.037259,
        "nauc_mrr_at_5_std": -0.062926,
        "nauc_mrr_at_5_diff1": 0.070484,
        "nauc_mrr_at_10_max": -0.038448,
        "nauc_mrr_at_10_std": -0.058872,
        "nauc_mrr_at_10_diff1": 0.067569,
        "nauc_mrr_at_20_max": -0.037926,
        "nauc_mrr_at_20_std": -0.058097,
        "nauc_mrr_at_20_diff1": 0.067958,
        "nauc_mrr_at_100_max": -0.037915,
        "nauc_mrr_at_100_std": -0.057865,
        "nauc_mrr_at_100_diff1": 0.069442,
        "nauc_mrr_at_1000_max": -0.038168,
        "nauc_mrr_at_1000_std": -0.058093,
        "nauc_mrr_at_1000_diff1": 0.069406,
        "main_score": 0.50243,
        "hf_subset": "default",
        "languages": [
          "eng-Latn"
        ]
      }
    ]
  },
  "evaluation_time": 15.36469554901123,
  "kg_co2_emissions": null
}