{
  "dataset_revision": "0228b52cf27578f30900b9e5271d331663a030d7",
  "task_name": "SciFact",
  "mteb_version": "1.39.7",
  "scores": {
    "test": [
      {
        "ndcg_at_1": 0.04667,
        "ndcg_at_3": 0.06336,
        "ndcg_at_5": 0.07152,
        "ndcg_at_10": 0.08147,
        "ndcg_at_20": 0.09033,
        "ndcg_at_100": 0.11928,
        "ndcg_at_1000": 0.16402,
        "map_at_1": 0.04417,
        "map_at_3": 0.058,
        "map_at_5": 0.06241,
        "map_at_10": 0.06634,
        "map_at_20": 0.06881,
        "map_at_100": 0.07243,
        "map_at_1000": 0.07384,
        "recall_at_1": 0.04417,
        "recall_at_3": 0.07317,
        "recall_at_5": 0.09328,
        "recall_at_10": 0.12411,
        "recall_at_20": 0.15717,
        "recall_at_100": 0.31639,
        "recall_at_1000": 0.67672,
        "precision_at_1": 0.04667,
        "precision_at_3": 0.02667,
        "precision_at_5": 0.02133,
        "precision_at_10": 0.014,
        "precision_at_20": 0.009,
        "precision_at_100": 0.0036,
        "precision_at_1000": 0.00078,
        "mrr_at_1": 0.046667,
        "mrr_at_3": 0.062222,
        "mrr_at_5": 0.068056,
        "mrr_at_10": 0.072397,
        "mrr_at_20": 0.07508,
        "mrr_at_100": 0.078378,
        "mrr_at_1000": 0.07965,
        "nauc_ndcg_at_1_max": 0.149546,
        "nauc_ndcg_at_1_std": 0.231649,
        "nauc_ndcg_at_1_diff1": 0.278604,
        "nauc_ndcg_at_3_max": 0.000878,
        "nauc_ndcg_at_3_std": 0.20033,
        "nauc_ndcg_at_3_diff1": 0.206197,
        "nauc_ndcg_at_5_max": 0.011206,
        "nauc_ndcg_at_5_std": 0.128027,
        "nauc_ndcg_at_5_diff1": 0.171373,
        "nauc_ndcg_at_10_max": 0.00352,
        "nauc_ndcg_at_10_std": 0.14522,
        "nauc_ndcg_at_10_diff1": 0.144002,
        "nauc_ndcg_at_20_max": 0.028478,
        "nauc_ndcg_at_20_std": 0.114671,
        "nauc_ndcg_at_20_diff1": 0.139619,
        "nauc_ndcg_at_100_max": 0.061318,
        "nauc_ndcg_at_100_std": 0.071935,
        "nauc_ndcg_at_100_diff1": 0.09297,
        "nauc_ndcg_at_1000_max": 0.067217,
        "nauc_ndcg_at_1000_std": 0.084415,
        "nauc_ndcg_at_1000_diff1": 0.091694,
        "nauc_map_at_1_max": 0.120543,
        "nauc_map_at_1_std": 0.188158,
        "nauc_map_at_1_diff1": 0.317869,
        "nauc_map_at_3_max": 0.017629,
        "nauc_map_at_3_std": 0.18763,
        "nauc_map_at_3_diff1": 0.23675,
        "nauc_map_at_5_max": 0.023543,
        "nauc_map_at_5_std": 0.148155,
        "nauc_map_at_5_diff1": 0.210664,
        "nauc_map_at_10_max": 0.019135,
        "nauc_map_at_10_std": 0.154966,
        "nauc_map_at_10_diff1": 0.195489,
        "nauc_map_at_20_max": 0.027084,
        "nauc_map_at_20_std": 0.143646,
        "nauc_map_at_20_diff1": 0.191196,
        "nauc_map_at_100_max": 0.033837,
        "nauc_map_at_100_std": 0.135126,
        "nauc_map_at_100_diff1": 0.18092,
        "nauc_map_at_1000_max": 0.034661,
        "nauc_map_at_1000_std": 0.137242,
        "nauc_map_at_1000_diff1": 0.18098,
        "nauc_recall_at_1_max": 0.120543,
        "nauc_recall_at_1_std": 0.188158,
        "nauc_recall_at_1_diff1": 0.317869,
        "nauc_recall_at_3_max": -0.053758,
        "nauc_recall_at_3_std": 0.181067,
        "nauc_recall_at_3_diff1": 0.175648,
        "nauc_recall_at_5_max": -0.015237,
        "nauc_recall_at_5_std": 0.06334,
        "nauc_recall_at_5_diff1": 0.113468,
        "nauc_recall_at_10_max": -0.033486,
        "nauc_recall_at_10_std": 0.1078,
        "nauc_recall_at_10_diff1": 0.069564,
        "nauc_recall_at_20_max": 0.027062,
        "nauc_recall_at_20_std": 0.043955,
        "nauc_recall_at_20_diff1": 0.081139,
        "nauc_recall_at_100_max": 0.107658,
        "nauc_recall_at_100_std": -0.050604,
        "nauc_recall_at_100_diff1": -0.018009,
        "nauc_recall_at_1000_max": 0.133927,
        "nauc_recall_at_1000_std": -0.052642,
        "nauc_recall_at_1000_diff1": -0.057141,
        "nauc_precision_at_1_max": 0.149546,
        "nauc_precision_at_1_std": 0.231649,
        "nauc_precision_at_1_diff1": 0.278604,
        "nauc_precision_at_3_max": -0.042807,
        "nauc_precision_at_3_std": 0.232705,
        "nauc_precision_at_3_diff1": 0.137767,
        "nauc_precision_at_5_max": -0.012198,
        "nauc_precision_at_5_std": 0.088553,
        "nauc_precision_at_5_diff1": 0.074479,
        "nauc_precision_at_10_max": -0.009822,
        "nauc_precision_at_10_std": 0.138536,
        "nauc_precision_at_10_diff1": 0.032111,
        "nauc_precision_at_20_max": 0.070978,
        "nauc_precision_at_20_std": 0.076864,
        "nauc_precision_at_20_diff1": 0.031618,
        "nauc_precision_at_100_max": 0.134412,
        "nauc_precision_at_100_std": -0.000943,
        "nauc_precision_at_100_diff1": -0.072054,
        "nauc_precision_at_1000_max": 0.165612,
        "nauc_precision_at_1000_std": 0.01573,
        "nauc_precision_at_1000_diff1": -0.13466,
        "nauc_mrr_at_1_max": 0.149546,
        "nauc_mrr_at_1_std": 0.231649,
        "nauc_mrr_at_1_diff1": 0.278604,
        "nauc_mrr_at_3_max": 0.034322,
        "nauc_mrr_at_3_std": 0.233398,
        "nauc_mrr_at_3_diff1": 0.201208,
        "nauc_mrr_at_5_max": 0.036387,
        "nauc_mrr_at_5_std": 0.183608,
        "nauc_mrr_at_5_diff1": 0.172757,
        "nauc_mrr_at_10_max": 0.037663,
        "nauc_mrr_at_10_std": 0.192079,
        "nauc_mrr_at_10_diff1": 0.156948,
        "nauc_mrr_at_20_max": 0.044456,
        "nauc_mrr_at_20_std": 0.178562,
        "nauc_mrr_at_20_diff1": 0.153022,
        "nauc_mrr_at_100_max": 0.049533,
        "nauc_mrr_at_100_std": 0.170435,
        "nauc_mrr_at_100_diff1": 0.145885,
        "nauc_mrr_at_1000_max": 0.049337,
        "nauc_mrr_at_1000_std": 0.171829,
        "nauc_mrr_at_1000_diff1": 0.146901,
        "main_score": 0.08147,
        "hf_subset": "default",
        "languages": [
          "eng-Latn"
        ]
      }
    ]
  },
  "evaluation_time": 72.1700370311737,
  "kg_co2_emissions": null
}