{
  "dataset_revision": "c22ab2a51041ffd869aaddef7af8d8215647e41a",
  "task_name": "ArguAna",
  "mteb_version": "1.39.7",
  "scores": {
    "test": [
      {
        "ndcg_at_1": 0.05832,
        "ndcg_at_3": 0.09893,
        "ndcg_at_5": 0.11726,
        "ndcg_at_10": 0.14287,
        "ndcg_at_20": 0.16241,
        "ndcg_at_100": 0.19581,
        "ndcg_at_1000": 0.22824,
        "map_at_1": 0.05832,
        "map_at_3": 0.08867,
        "map_at_5": 0.09877,
        "map_at_10": 0.10925,
        "map_at_20": 0.11477,
        "map_at_100": 0.11922,
        "map_at_1000": 0.12024,
        "recall_at_1": 0.05832,
        "recall_at_3": 0.12873,
        "recall_at_5": 0.17354,
        "recall_at_10": 0.2532,
        "recall_at_20": 0.3293,
        "recall_at_100": 0.51209,
        "recall_at_1000": 0.77881,
        "precision_at_1": 0.05832,
        "precision_at_3": 0.04291,
        "precision_at_5": 0.03471,
        "precision_at_10": 0.02532,
        "precision_at_20": 0.01647,
        "precision_at_100": 0.00512,
        "precision_at_1000": 0.00078,
        "mrr_at_1": 0.060455,
        "mrr_at_3": 0.089379,
        "mrr_at_5": 0.099443,
        "mrr_at_10": 0.109804,
        "mrr_at_20": 0.115488,
        "mrr_at_100": 0.119896,
        "mrr_at_1000": 0.120916,
        "nauc_ndcg_at_1_max": 0.121538,
        "nauc_ndcg_at_1_std": 0.091603,
        "nauc_ndcg_at_1_diff1": 0.076296,
        "nauc_ndcg_at_3_max": 0.186158,
        "nauc_ndcg_at_3_std": 0.16675,
        "nauc_ndcg_at_3_diff1": 0.014557,
        "nauc_ndcg_at_5_max": 0.20442,
        "nauc_ndcg_at_5_std": 0.197388,
        "nauc_ndcg_at_5_diff1": 0.012209,
        "nauc_ndcg_at_10_max": 0.209649,
        "nauc_ndcg_at_10_std": 0.212176,
        "nauc_ndcg_at_10_diff1": 0.002383,
        "nauc_ndcg_at_20_max": 0.216076,
        "nauc_ndcg_at_20_std": 0.225506,
        "nauc_ndcg_at_20_diff1": 0.003761,
        "nauc_ndcg_at_100_max": 0.219026,
        "nauc_ndcg_at_100_std": 0.235722,
        "nauc_ndcg_at_100_diff1": 0.008413,
        "nauc_ndcg_at_1000_max": 0.21354,
        "nauc_ndcg_at_1000_std": 0.22842,
        "nauc_ndcg_at_1000_diff1": 0.011589,
        "nauc_map_at_1_max": 0.121538,
        "nauc_map_at_1_std": 0.091603,
        "nauc_map_at_1_diff1": 0.076296,
        "nauc_map_at_3_max": 0.175866,
        "nauc_map_at_3_std": 0.151454,
        "nauc_map_at_3_diff1": 0.024971,
        "nauc_map_at_5_max": 0.188055,
        "nauc_map_at_5_std": 0.171987,
        "nauc_map_at_5_diff1": 0.022553,
        "nauc_map_at_10_max": 0.190736,
        "nauc_map_at_10_std": 0.180865,
        "nauc_map_at_10_diff1": 0.016392,
        "nauc_map_at_20_max": 0.193448,
        "nauc_map_at_20_std": 0.185254,
        "nauc_map_at_20_diff1": 0.016694,
        "nauc_map_at_100_max": 0.194508,
        "nauc_map_at_100_std": 0.187213,
        "nauc_map_at_100_diff1": 0.017042,
        "nauc_map_at_1000_max": 0.194291,
        "nauc_map_at_1000_std": 0.186967,
        "nauc_map_at_1000_diff1": 0.017208,
        "nauc_recall_at_1_max": 0.121538,
        "nauc_recall_at_1_std": 0.091603,
        "nauc_recall_at_1_diff1": 0.076296,
        "nauc_recall_at_3_max": 0.207363,
        "nauc_recall_at_3_std": 0.199284,
        "nauc_recall_at_3_diff1": -0.00708,
        "nauc_recall_at_5_max": 0.235419,
        "nauc_recall_at_5_std": 0.246381,
        "nauc_recall_at_5_diff1": -0.006425,
        "nauc_recall_at_10_max": 0.241911,
        "nauc_recall_at_10_std": 0.265835,
        "nauc_recall_at_10_diff1": -0.020388,
        "nauc_recall_at_20_max": 0.253604,
        "nauc_recall_at_20_std": 0.295282,
        "nauc_recall_at_20_diff1": -0.015134,
        "nauc_recall_at_100_max": 0.259667,
        "nauc_recall_at_100_std": 0.329464,
        "nauc_recall_at_100_diff1": 0.002538,
        "nauc_recall_at_1000_max": 0.241206,
        "nauc_recall_at_1000_std": 0.332673,
        "nauc_recall_at_1000_diff1": 0.021352,
        "nauc_precision_at_1_max": 0.121538,
        "nauc_precision_at_1_std": 0.091603,
        "nauc_precision_at_1_diff1": 0.076296,
        "nauc_precision_at_3_max": 0.207363,
        "nauc_precision_at_3_std": 0.199284,
        "nauc_precision_at_3_diff1": -0.00708,
        "nauc_precision_at_5_max": 0.235419,
        "nauc_precision_at_5_std": 0.246381,
        "nauc_precision_at_5_diff1": -0.006425,
        "nauc_precision_at_10_max": 0.241911,
        "nauc_precision_at_10_std": 0.265835,
        "nauc_precision_at_10_diff1": -0.020388,
        "nauc_precision_at_20_max": 0.253604,
        "nauc_precision_at_20_std": 0.295282,
        "nauc_precision_at_20_diff1": -0.015134,
        "nauc_precision_at_100_max": 0.259667,
        "nauc_precision_at_100_std": 0.329464,
        "nauc_precision_at_100_diff1": 0.002538,
        "nauc_precision_at_1000_max": 0.241206,
        "nauc_precision_at_1000_std": 0.332673,
        "nauc_precision_at_1000_diff1": 0.021352,
        "nauc_mrr_at_1_max": 0.119327,
        "nauc_mrr_at_1_std": 0.098065,
        "nauc_mrr_at_1_diff1": 0.053304,
        "nauc_mrr_at_3_max": 0.171946,
        "nauc_mrr_at_3_std": 0.151889,
        "nauc_mrr_at_3_diff1": 0.013983,
        "nauc_mrr_at_5_max": 0.183989,
        "nauc_mrr_at_5_std": 0.172498,
        "nauc_mrr_at_5_diff1": 0.012124,
        "nauc_mrr_at_10_max": 0.186496,
        "nauc_mrr_at_10_std": 0.181757,
        "nauc_mrr_at_10_diff1": 0.006193,
        "nauc_mrr_at_20_max": 0.18957,
        "nauc_mrr_at_20_std": 0.18598,
        "nauc_mrr_at_20_diff1": 0.006737,
        "nauc_mrr_at_100_max": 0.19057,
        "nauc_mrr_at_100_std": 0.18757,
        "nauc_mrr_at_100_diff1": 0.007229,
        "nauc_mrr_at_1000_max": 0.190343,
        "nauc_mrr_at_1000_std": 0.187326,
        "nauc_mrr_at_1000_diff1": 0.007366,
        "main_score": 0.14287,
        "hf_subset": "default",
        "languages": [
          "eng-Latn"
        ]
      }
    ]
  },
  "evaluation_time": 50.79780316352844,
  "kg_co2_emissions": null
}