{
  "dataset_revision": "c22ab2a51041ffd869aaddef7af8d8215647e41a",
  "task_name": "ArguAna",
  "mteb_version": "1.39.7",
  "scores": {
    "test": [
      {
        "ndcg_at_1": 0.03627,
        "ndcg_at_3": 0.06747,
        "ndcg_at_5": 0.08348,
        "ndcg_at_10": 0.10784,
        "ndcg_at_20": 0.12583,
        "ndcg_at_100": 0.15253,
        "ndcg_at_1000": 0.18895,
        "map_at_1": 0.03627,
        "map_at_3": 0.05939,
        "map_at_5": 0.06821,
        "map_at_10": 0.07811,
        "map_at_20": 0.08305,
        "map_at_100": 0.08653,
        "map_at_1000": 0.08766,
        "recall_at_1": 0.03627,
        "recall_at_3": 0.09104,
        "recall_at_5": 0.13016,
        "recall_at_10": 0.20626,
        "recall_at_20": 0.27738,
        "recall_at_100": 0.42461,
        "recall_at_1000": 0.72546,
        "precision_at_1": 0.03627,
        "precision_at_3": 0.03035,
        "precision_at_5": 0.02603,
        "precision_at_10": 0.02063,
        "precision_at_20": 0.01387,
        "precision_at_100": 0.00425,
        "precision_at_1000": 0.00073,
        "mrr_at_1": 0.036273,
        "mrr_at_3": 0.059388,
        "mrr_at_5": 0.068101,
        "mrr_at_10": 0.078195,
        "mrr_at_20": 0.083066,
        "mrr_at_100": 0.08654,
        "mrr_at_1000": 0.087672,
        "nauc_ndcg_at_1_max": 0.14693,
        "nauc_ndcg_at_1_std": 0.088769,
        "nauc_ndcg_at_1_diff1": 0.111363,
        "nauc_ndcg_at_3_max": 0.156068,
        "nauc_ndcg_at_3_std": 0.139853,
        "nauc_ndcg_at_3_diff1": 0.021129,
        "nauc_ndcg_at_5_max": 0.172172,
        "nauc_ndcg_at_5_std": 0.158565,
        "nauc_ndcg_at_5_diff1": 0.02001,
        "nauc_ndcg_at_10_max": 0.205966,
        "nauc_ndcg_at_10_std": 0.201711,
        "nauc_ndcg_at_10_diff1": -0.001213,
        "nauc_ndcg_at_20_max": 0.228043,
        "nauc_ndcg_at_20_std": 0.235241,
        "nauc_ndcg_at_20_diff1": -0.004439,
        "nauc_ndcg_at_100_max": 0.227869,
        "nauc_ndcg_at_100_std": 0.235465,
        "nauc_ndcg_at_100_diff1": 0.013653,
        "nauc_ndcg_at_1000_max": 0.219993,
        "nauc_ndcg_at_1000_std": 0.234924,
        "nauc_ndcg_at_1000_diff1": 0.010217,
        "nauc_map_at_1_max": 0.14693,
        "nauc_map_at_1_std": 0.088769,
        "nauc_map_at_1_diff1": 0.111363,
        "nauc_map_at_3_max": 0.156252,
        "nauc_map_at_3_std": 0.131769,
        "nauc_map_at_3_diff1": 0.033969,
        "nauc_map_at_5_max": 0.166707,
        "nauc_map_at_5_std": 0.145588,
        "nauc_map_at_5_diff1": 0.032191,
        "nauc_map_at_10_max": 0.185064,
        "nauc_map_at_10_std": 0.171251,
        "nauc_map_at_10_diff1": 0.018672,
        "nauc_map_at_20_max": 0.194339,
        "nauc_map_at_20_std": 0.184656,
        "nauc_map_at_20_diff1": 0.016464,
        "nauc_map_at_100_max": 0.194429,
        "nauc_map_at_100_std": 0.184913,
        "nauc_map_at_100_diff1": 0.01995,
        "nauc_map_at_1000_max": 0.193988,
        "nauc_map_at_1000_std": 0.184877,
        "nauc_map_at_1000_diff1": 0.019879,
        "nauc_recall_at_1_max": 0.14693,
        "nauc_recall_at_1_std": 0.088769,
        "nauc_recall_at_1_diff1": 0.111363,
        "nauc_recall_at_3_max": 0.155308,
        "nauc_recall_at_3_std": 0.155221,
        "nauc_recall_at_3_diff1": -0.002922,
        "nauc_recall_at_5_max": 0.181988,
        "nauc_recall_at_5_std": 0.180382,
        "nauc_recall_at_5_diff1": 0.000509,
        "nauc_recall_at_10_max": 0.239124,
        "nauc_recall_at_10_std": 0.246701,
        "nauc_recall_at_10_diff1": -0.028691,
        "nauc_recall_at_20_max": 0.279492,
        "nauc_recall_at_20_std": 0.310518,
        "nauc_recall_at_20_diff1": -0.030523,
        "nauc_recall_at_100_max": 0.275647,
        "nauc_recall_at_100_std": 0.307553,
        "nauc_recall_at_100_diff1": 0.020572,
        "nauc_recall_at_1000_max": 0.255582,
        "nauc_recall_at_1000_std": 0.335121,
        "nauc_recall_at_1000_diff1": 0.004149,
        "nauc_precision_at_1_max": 0.14693,
        "nauc_precision_at_1_std": 0.088769,
        "nauc_precision_at_1_diff1": 0.111363,
        "nauc_precision_at_3_max": 0.155308,
        "nauc_precision_at_3_std": 0.155221,
        "nauc_precision_at_3_diff1": -0.002922,
        "nauc_precision_at_5_max": 0.181988,
        "nauc_precision_at_5_std": 0.180382,
        "nauc_precision_at_5_diff1": 0.000509,
        "nauc_precision_at_10_max": 0.239124,
        "nauc_precision_at_10_std": 0.246701,
        "nauc_precision_at_10_diff1": -0.028691,
        "nauc_precision_at_20_max": 0.279492,
        "nauc_precision_at_20_std": 0.310518,
        "nauc_precision_at_20_diff1": -0.030523,
        "nauc_precision_at_100_max": 0.275647,
        "nauc_precision_at_100_std": 0.307553,
        "nauc_precision_at_100_diff1": 0.020572,
        "nauc_precision_at_1000_max": 0.255582,
        "nauc_precision_at_1000_std": 0.335121,
        "nauc_precision_at_1000_diff1": 0.004149,
        "nauc_mrr_at_1_max": 0.14693,
        "nauc_mrr_at_1_std": 0.088769,
        "nauc_mrr_at_1_diff1": 0.111363,
        "nauc_mrr_at_3_max": 0.156252,
        "nauc_mrr_at_3_std": 0.131769,
        "nauc_mrr_at_3_diff1": 0.033969,
        "nauc_mrr_at_5_max": 0.165962,
        "nauc_mrr_at_5_std": 0.14522,
        "nauc_mrr_at_5_diff1": 0.029845,
        "nauc_mrr_at_10_max": 0.184473,
        "nauc_mrr_at_10_std": 0.171882,
        "nauc_mrr_at_10_diff1": 0.018063,
        "nauc_mrr_at_20_max": 0.193909,
        "nauc_mrr_at_20_std": 0.18468,
        "nauc_mrr_at_20_diff1": 0.015839,
        "nauc_mrr_at_100_max": 0.193994,
        "nauc_mrr_at_100_std": 0.184939,
        "nauc_mrr_at_100_diff1": 0.01932,
        "nauc_mrr_at_1000_max": 0.193551,
        "nauc_mrr_at_1000_std": 0.184902,
        "nauc_mrr_at_1000_diff1": 0.019246,
        "main_score": 0.10784,
        "hf_subset": "default",
        "languages": [
          "eng-Latn"
        ]
      }
    ]
  },
  "evaluation_time": 68.11093235015869,
  "kg_co2_emissions": null
}