{
  "map_at_10": 0.07948,
  "mrr_at_10": 0.3357142857142857,
  "ndcg_at_10": 0.19731,
  "recall_at_10": 0.14672,
  "recall_at_100": 0.44338
}
