{
  "map_at_10": 0.07907,
  "mrr_at_10": 0.332312925170068,
  "ndcg_at_10": 0.19684,
  "recall_at_10": 0.14672,
  "recall_at_100": 0.44181
}
