{
  "map_at_10": 0.07981,
  "mrr_at_10": 0.3442176870748299,
  "ndcg_at_10": 0.1989,
  "recall_at_10": 0.14672,
  "recall_at_100": 0.44445
}
