{
  "map_at_10": 0.07931,
  "mrr_at_10": 0.332312925170068,
  "ndcg_at_10": 0.19666,
  "recall_at_10": 0.14672,
  "recall_at_100": 0.44445
}
