{
  "map_at_10": 0.07833,
  "mrr_at_10": 0.3356252024619372,
  "ndcg_at_10": 0.19782,
  "recall_at_10": 0.14702,
  "recall_at_100": 0.43786
}
