{
  "map_at_10": 0.07892,
  "mrr_at_10": 0.3340136054421769,
  "ndcg_at_10": 0.1969,
  "recall_at_10": 0.14672,
  "recall_at_100": 0.44451
}
