{
  "dataset_revision": "27a168819829fe9bcd655c2df245fb19452e8e06",
  "task_name": "FiQA2018",
  "mteb_version": "1.39.7",
  "scores": {
    "test": [
      {
        "ndcg_at_1": 0.0,
        "ndcg_at_3": 0.0,
        "ndcg_at_5": 0.00031,
        "ndcg_at_10": 0.00055,
        "ndcg_at_20": 0.00055,
        "ndcg_at_100": 0.00071,
        "ndcg_at_1000": 0.00309,
        "map_at_1": 0.0,
        "map_at_3": 0.0,
        "map_at_5": 0.00013,
        "map_at_10": 0.0002,
        "map_at_20": 0.0002,
        "map_at_100": 0.00022,
        "map_at_1000": 0.00027,
        "recall_at_1": 0.0,
        "recall_at_3": 0.0,
        "recall_at_5": 0.00051,
        "recall_at_10": 0.00103,
        "recall_at_20": 0.00103,
        "recall_at_100": 0.00154,
        "recall_at_1000": 0.01721,
        "precision_at_1": 0.0,
        "precision_at_3": 0.0,
        "precision_at_5": 0.00031,
        "precision_at_10": 0.00031,
        "precision_at_20": 0.00015,
        "precision_at_100": 5e-05,
        "precision_at_1000": 5e-05,
        "mrr_at_1": 0.0,
        "mrr_at_3": 0.000772,
        "mrr_at_5": 0.001157,
        "mrr_at_10": 0.001157,
        "mrr_at_20": 0.001157,
        "mrr_at_100": 0.00121,
        "mrr_at_1000": 0.001314,
        "nauc_ndcg_at_1_max": NaN,
        "nauc_ndcg_at_1_std": NaN,
        "nauc_ndcg_at_1_diff1": NaN,
        "nauc_ndcg_at_3_max": NaN,
        "nauc_ndcg_at_3_std": NaN,
        "nauc_ndcg_at_3_diff1": NaN,
        "nauc_ndcg_at_5_max": -0.57561,
        "nauc_ndcg_at_5_std": 0.662448,
        "nauc_ndcg_at_5_diff1": -0.070727,
        "nauc_ndcg_at_10_max": -0.46364,
        "nauc_ndcg_at_10_std": 0.155129,
        "nauc_ndcg_at_10_diff1": -0.179034,
        "nauc_ndcg_at_20_max": -0.46364,
        "nauc_ndcg_at_20_std": 0.155129,
        "nauc_ndcg_at_20_diff1": -0.179034,
        "nauc_ndcg_at_100_max": -0.293432,
        "nauc_ndcg_at_100_std": 0.106378,
        "nauc_ndcg_at_100_diff1": -0.155656,
        "nauc_ndcg_at_1000_max": -0.034723,
        "nauc_ndcg_at_1000_std": -0.002569,
        "nauc_ndcg_at_1000_diff1": -0.062327,
        "nauc_map_at_1_max": NaN,
        "nauc_map_at_1_std": NaN,
        "nauc_map_at_1_diff1": NaN,
        "nauc_map_at_3_max": NaN,
        "nauc_map_at_3_std": NaN,
        "nauc_map_at_3_diff1": NaN,
        "nauc_map_at_5_max": -0.57561,
        "nauc_map_at_5_std": 0.662448,
        "nauc_map_at_5_diff1": -0.070727,
        "nauc_map_at_10_max": -0.482287,
        "nauc_map_at_10_std": 0.239616,
        "nauc_map_at_10_diff1": -0.160998,
        "nauc_map_at_20_max": -0.482287,
        "nauc_map_at_20_std": 0.239616,
        "nauc_map_at_20_diff1": -0.160998,
        "nauc_map_at_100_max": -0.410309,
        "nauc_map_at_100_std": 0.211942,
        "nauc_map_at_100_diff1": -0.152948,
        "nauc_map_at_1000_max": -0.341989,
        "nauc_map_at_1000_std": 0.147942,
        "nauc_map_at_1000_diff1": -0.12836,
        "nauc_recall_at_1_max": NaN,
        "nauc_recall_at_1_std": NaN,
        "nauc_recall_at_1_diff1": NaN,
        "nauc_recall_at_3_max": NaN,
        "nauc_recall_at_3_std": NaN,
        "nauc_recall_at_3_diff1": NaN,
        "nauc_recall_at_5_max": -0.57561,
        "nauc_recall_at_5_std": 0.662448,
        "nauc_recall_at_5_diff1": -0.070727,
        "nauc_recall_at_10_max": -0.44729,
        "nauc_recall_at_10_std": 0.081053,
        "nauc_recall_at_10_diff1": -0.194849,
        "nauc_recall_at_20_max": -0.44729,
        "nauc_recall_at_20_std": 0.081053,
        "nauc_recall_at_20_diff1": -0.194849,
        "nauc_recall_at_100_max": -0.189895,
        "nauc_recall_at_100_std": 0.03046,
        "nauc_recall_at_100_diff1": -0.153475,
        "nauc_recall_at_1000_max": -0.000326,
        "nauc_recall_at_1000_std": -0.012555,
        "nauc_recall_at_1000_diff1": -0.054056,
        "nauc_precision_at_1_max": NaN,
        "nauc_precision_at_1_std": NaN,
        "nauc_precision_at_1_diff1": NaN,
        "nauc_precision_at_3_max": NaN,
        "nauc_precision_at_3_std": NaN,
        "nauc_precision_at_3_diff1": NaN,
        "nauc_precision_at_5_max": -0.57561,
        "nauc_precision_at_5_std": 0.662448,
        "nauc_precision_at_5_diff1": -0.070727,
        "nauc_precision_at_10_max": -0.44729,
        "nauc_precision_at_10_std": 0.081053,
        "nauc_precision_at_10_diff1": -0.194849,
        "nauc_precision_at_20_max": -0.44729,
        "nauc_precision_at_20_std": 0.081053,
        "nauc_precision_at_20_diff1": -0.194849,
        "nauc_precision_at_100_max": -0.189895,
        "nauc_precision_at_100_std": 0.03046,
        "nauc_precision_at_100_diff1": -0.153475,
        "nauc_precision_at_1000_max": 0.056052,
        "nauc_precision_at_1000_std": -0.013,
        "nauc_precision_at_1000_diff1": -0.048285,
        "nauc_mrr_at_1_max": NaN,
        "nauc_mrr_at_1_std": NaN,
        "nauc_mrr_at_1_diff1": NaN,
        "nauc_mrr_at_3_max": -0.57561,
        "nauc_mrr_at_3_std": 0.662448,
        "nauc_mrr_at_3_diff1": -0.070727,
        "nauc_mrr_at_5_max": -0.490064,
        "nauc_mrr_at_5_std": 0.274852,
        "nauc_mrr_at_5_diff1": -0.153475,
        "nauc_mrr_at_10_max": -0.490064,
        "nauc_mrr_at_10_std": 0.274852,
        "nauc_mrr_at_10_diff1": -0.153475,
        "nauc_mrr_at_20_max": -0.490064,
        "nauc_mrr_at_20_std": 0.274852,
        "nauc_mrr_at_20_diff1": -0.153475,
        "nauc_mrr_at_100_max": -0.444081,
        "nauc_mrr_at_100_std": 0.25767,
        "nauc_mrr_at_100_diff1": -0.138596,
        "nauc_mrr_at_1000_max": -0.404941,
        "nauc_mrr_at_1000_std": 0.230058,
        "nauc_mrr_at_1000_diff1": -0.129501,
        "main_score": 0.00055,
        "hf_subset": "default",
        "languages": [
          "eng-Latn"
        ]
      }
    ]
  },
  "evaluation_time": 632.6121604442596,
  "kg_co2_emissions": null
}