{
  "dataset_revision": "c22ab2a51041ffd869aaddef7af8d8215647e41a",
  "task_name": "ArguAna",
  "mteb_version": "1.39.7",
  "scores": {
    "test": [
      {
        "ndcg_at_1": 0.06259,
        "ndcg_at_3": 0.0974,
        "ndcg_at_5": 0.11306,
        "ndcg_at_10": 0.13025,
        "ndcg_at_20": 0.14897,
        "ndcg_at_100": 0.1805,
        "ndcg_at_1000": 0.21661,
        "map_at_1": 0.06259,
        "map_at_3": 0.08879,
        "map_at_5": 0.09739,
        "map_at_10": 0.10445,
        "map_at_20": 0.10978,
        "map_at_100": 0.11393,
        "map_at_1000": 0.11508,
        "recall_at_1": 0.06259,
        "recall_at_3": 0.12233,
        "recall_at_5": 0.16074,
        "recall_at_10": 0.21408,
        "recall_at_20": 0.28663,
        "recall_at_100": 0.45946,
        "recall_at_1000": 0.75605,
        "precision_at_1": 0.06259,
        "precision_at_3": 0.04078,
        "precision_at_5": 0.03215,
        "precision_at_10": 0.02141,
        "precision_at_20": 0.01433,
        "precision_at_100": 0.00459,
        "precision_at_1000": 0.00076,
        "mrr_at_1": 0.0633,
        "mrr_at_3": 0.089023,
        "mrr_at_5": 0.097629,
        "mrr_at_10": 0.104624,
        "mrr_at_20": 0.110022,
        "mrr_at_100": 0.114177,
        "mrr_at_1000": 0.115322,
        "nauc_ndcg_at_1_max": 0.028441,
        "nauc_ndcg_at_1_std": 0.018279,
        "nauc_ndcg_at_1_diff1": 0.162808,
        "nauc_ndcg_at_3_max": 0.006252,
        "nauc_ndcg_at_3_std": 0.033313,
        "nauc_ndcg_at_3_diff1": 0.134513,
        "nauc_ndcg_at_5_max": 0.001966,
        "nauc_ndcg_at_5_std": 0.055091,
        "nauc_ndcg_at_5_diff1": 0.127718,
        "nauc_ndcg_at_10_max": 0.012544,
        "nauc_ndcg_at_10_std": 0.055148,
        "nauc_ndcg_at_10_diff1": 0.126244,
        "nauc_ndcg_at_20_max": 0.019655,
        "nauc_ndcg_at_20_std": 0.061104,
        "nauc_ndcg_at_20_diff1": 0.128163,
        "nauc_ndcg_at_100_max": 0.022632,
        "nauc_ndcg_at_100_std": 0.089016,
        "nauc_ndcg_at_100_diff1": 0.121006,
        "nauc_ndcg_at_1000_max": 0.028596,
        "nauc_ndcg_at_1000_std": 0.082735,
        "nauc_ndcg_at_1000_diff1": 0.12281,
        "nauc_map_at_1_max": 0.028441,
        "nauc_map_at_1_std": 0.018279,
        "nauc_map_at_1_diff1": 0.162808,
        "nauc_map_at_3_max": 0.010026,
        "nauc_map_at_3_std": 0.028935,
        "nauc_map_at_3_diff1": 0.137769,
        "nauc_map_at_5_max": 0.006729,
        "nauc_map_at_5_std": 0.04345,
        "nauc_map_at_5_diff1": 0.133383,
        "nauc_map_at_10_max": 0.011495,
        "nauc_map_at_10_std": 0.044388,
        "nauc_map_at_10_diff1": 0.132315,
        "nauc_map_at_20_max": 0.014668,
        "nauc_map_at_20_std": 0.046511,
        "nauc_map_at_20_diff1": 0.132649,
        "nauc_map_at_100_max": 0.015102,
        "nauc_map_at_100_std": 0.051589,
        "nauc_map_at_100_diff1": 0.13141,
        "nauc_map_at_1000_max": 0.015257,
        "nauc_map_at_1000_std": 0.051412,
        "nauc_map_at_1000_diff1": 0.131459,
        "nauc_recall_at_1_max": 0.028441,
        "nauc_recall_at_1_std": 0.018279,
        "nauc_recall_at_1_diff1": 0.162808,
        "nauc_recall_at_3_max": -0.001894,
        "nauc_recall_at_3_std": 0.043345,
        "nauc_recall_at_3_diff1": 0.127982,
        "nauc_recall_at_5_max": -0.007118,
        "nauc_recall_at_5_std": 0.079168,
        "nauc_recall_at_5_diff1": 0.116712,
        "nauc_recall_at_10_max": 0.01699,
        "nauc_recall_at_10_std": 0.073849,
        "nauc_recall_at_10_diff1": 0.115928,
        "nauc_recall_at_20_max": 0.03104,
        "nauc_recall_at_20_std": 0.08645,
        "nauc_recall_at_20_diff1": 0.122633,
        "nauc_recall_at_100_max": 0.040371,
        "nauc_recall_at_100_std": 0.17375,
        "nauc_recall_at_100_diff1": 0.099406,
        "nauc_recall_at_1000_max": 0.096492,
        "nauc_recall_at_1000_std": 0.1755,
        "nauc_recall_at_1000_diff1": 0.100066,
        "nauc_precision_at_1_max": 0.028441,
        "nauc_precision_at_1_std": 0.018279,
        "nauc_precision_at_1_diff1": 0.162808,
        "nauc_precision_at_3_max": -0.001894,
        "nauc_precision_at_3_std": 0.043345,
        "nauc_precision_at_3_diff1": 0.127982,
        "nauc_precision_at_5_max": -0.007118,
        "nauc_precision_at_5_std": 0.079168,
        "nauc_precision_at_5_diff1": 0.116712,
        "nauc_precision_at_10_max": 0.01699,
        "nauc_precision_at_10_std": 0.073849,
        "nauc_precision_at_10_diff1": 0.115928,
        "nauc_precision_at_20_max": 0.03104,
        "nauc_precision_at_20_std": 0.08645,
        "nauc_precision_at_20_diff1": 0.122633,
        "nauc_precision_at_100_max": 0.040371,
        "nauc_precision_at_100_std": 0.17375,
        "nauc_precision_at_100_diff1": 0.099406,
        "nauc_precision_at_1000_max": 0.096492,
        "nauc_precision_at_1000_std": 0.1755,
        "nauc_precision_at_1000_diff1": 0.100066,
        "nauc_mrr_at_1_max": 0.025807,
        "nauc_mrr_at_1_std": 0.013407,
        "nauc_mrr_at_1_diff1": 0.154516,
        "nauc_mrr_at_3_max": 0.007782,
        "nauc_mrr_at_3_std": 0.027585,
        "nauc_mrr_at_3_diff1": 0.133658,
        "nauc_mrr_at_5_max": 0.004632,
        "nauc_mrr_at_5_std": 0.042146,
        "nauc_mrr_at_5_diff1": 0.129538,
        "nauc_mrr_at_10_max": 0.0086,
        "nauc_mrr_at_10_std": 0.042696,
        "nauc_mrr_at_10_diff1": 0.127764,
        "nauc_mrr_at_20_max": 0.012453,
        "nauc_mrr_at_20_std": 0.045263,
        "nauc_mrr_at_20_diff1": 0.128787,
        "nauc_mrr_at_100_max": 0.012886,
        "nauc_mrr_at_100_std": 0.050332,
        "nauc_mrr_at_100_diff1": 0.127561,
        "nauc_mrr_at_1000_max": 0.013034,
        "nauc_mrr_at_1000_std": 0.050152,
        "nauc_mrr_at_1000_diff1": 0.1276,
        "main_score": 0.13025,
        "hf_subset": "default",
        "languages": [
          "eng-Latn"
        ]
      }
    ]
  },
  "evaluation_time": 21.1188223361969,
  "kg_co2_emissions": null
}