{
  "dataset_revision": "f8c2fcf00f625baaa80f62ec5bd9e1fff3b8ae88",
  "task_name": "SCIDOCS",
  "mteb_version": "1.39.7",
  "scores": {
    "test": [
      {
        "ndcg_at_1": 0.171,
        "ndcg_at_3": 0.13525,
        "ndcg_at_5": 0.11823,
        "ndcg_at_10": 0.13803,
        "ndcg_at_20": 0.15762,
        "ndcg_at_100": 0.19887,
        "ndcg_at_1000": 0.25079,
        "map_at_1": 0.0345,
        "map_at_3": 0.0588,
        "map_at_5": 0.06996,
        "map_at_10": 0.07886,
        "map_at_20": 0.08512,
        "map_at_100": 0.09243,
        "map_at_1000": 0.09485,
        "recall_at_1": 0.0345,
        "recall_at_3": 0.07555,
        "recall_at_5": 0.10443,
        "recall_at_10": 0.14103,
        "recall_at_20": 0.1874,
        "recall_at_100": 0.32012,
        "recall_at_1000": 0.57778,
        "precision_at_1": 0.171,
        "precision_at_3": 0.12467,
        "precision_at_5": 0.103,
        "precision_at_10": 0.0695,
        "precision_at_20": 0.04615,
        "precision_at_100": 0.01578,
        "precision_at_1000": 0.00284,
        "mrr_at_1": 0.171,
        "mrr_at_3": 0.229333,
        "mrr_at_5": 0.245683,
        "mrr_at_10": 0.256744,
        "mrr_at_20": 0.262939,
        "mrr_at_100": 0.267755,
        "mrr_at_1000": 0.268573,
        "nauc_ndcg_at_1_max": 0.233561,
        "nauc_ndcg_at_1_std": 0.087742,
        "nauc_ndcg_at_1_diff1": 0.198304,
        "nauc_ndcg_at_3_max": 0.251618,
        "nauc_ndcg_at_3_std": 0.126027,
        "nauc_ndcg_at_3_diff1": 0.188036,
        "nauc_ndcg_at_5_max": 0.254495,
        "nauc_ndcg_at_5_std": 0.146597,
        "nauc_ndcg_at_5_diff1": 0.162778,
        "nauc_ndcg_at_10_max": 0.27167,
        "nauc_ndcg_at_10_std": 0.171947,
        "nauc_ndcg_at_10_diff1": 0.151338,
        "nauc_ndcg_at_20_max": 0.285534,
        "nauc_ndcg_at_20_std": 0.199926,
        "nauc_ndcg_at_20_diff1": 0.144757,
        "nauc_ndcg_at_100_max": 0.3028,
        "nauc_ndcg_at_100_std": 0.263295,
        "nauc_ndcg_at_100_diff1": 0.140086,
        "nauc_ndcg_at_1000_max": 0.314491,
        "nauc_ndcg_at_1000_std": 0.287836,
        "nauc_ndcg_at_1000_diff1": 0.146267,
        "nauc_map_at_1_max": 0.233581,
        "nauc_map_at_1_std": 0.089463,
        "nauc_map_at_1_diff1": 0.196129,
        "nauc_map_at_3_max": 0.256651,
        "nauc_map_at_3_std": 0.113881,
        "nauc_map_at_3_diff1": 0.196593,
        "nauc_map_at_5_max": 0.256037,
        "nauc_map_at_5_std": 0.123643,
        "nauc_map_at_5_diff1": 0.174871,
        "nauc_map_at_10_max": 0.274826,
        "nauc_map_at_10_std": 0.146551,
        "nauc_map_at_10_diff1": 0.166888,
        "nauc_map_at_20_max": 0.286447,
        "nauc_map_at_20_std": 0.165607,
        "nauc_map_at_20_diff1": 0.161532,
        "nauc_map_at_100_max": 0.29029,
        "nauc_map_at_100_std": 0.190071,
        "nauc_map_at_100_diff1": 0.157945,
        "nauc_map_at_1000_max": 0.291212,
        "nauc_map_at_1000_std": 0.193981,
        "nauc_map_at_1000_diff1": 0.157515,
        "nauc_recall_at_1_max": 0.233581,
        "nauc_recall_at_1_std": 0.089463,
        "nauc_recall_at_1_diff1": 0.196129,
        "nauc_recall_at_3_max": 0.252772,
        "nauc_recall_at_3_std": 0.139481,
        "nauc_recall_at_3_diff1": 0.178945,
        "nauc_recall_at_5_max": 0.248589,
        "nauc_recall_at_5_std": 0.163926,
        "nauc_recall_at_5_diff1": 0.133802,
        "nauc_recall_at_10_max": 0.272912,
        "nauc_recall_at_10_std": 0.204369,
        "nauc_recall_at_10_diff1": 0.112557,
        "nauc_recall_at_20_max": 0.284386,
        "nauc_recall_at_20_std": 0.248434,
        "nauc_recall_at_20_diff1": 0.096407,
        "nauc_recall_at_100_max": 0.300145,
        "nauc_recall_at_100_std": 0.36647,
        "nauc_recall_at_100_diff1": 0.080576,
        "nauc_recall_at_1000_max": 0.306051,
        "nauc_recall_at_1000_std": 0.417861,
        "nauc_recall_at_1000_diff1": 0.089095,
        "nauc_precision_at_1_max": 0.233561,
        "nauc_precision_at_1_std": 0.087742,
        "nauc_precision_at_1_diff1": 0.198304,
        "nauc_precision_at_3_max": 0.253181,
        "nauc_precision_at_3_std": 0.13755,
        "nauc_precision_at_3_diff1": 0.1813,
        "nauc_precision_at_5_max": 0.252774,
        "nauc_precision_at_5_std": 0.165415,
        "nauc_precision_at_5_diff1": 0.138041,
        "nauc_precision_at_10_max": 0.277716,
        "nauc_precision_at_10_std": 0.205035,
        "nauc_precision_at_10_diff1": 0.11596,
        "nauc_precision_at_20_max": 0.287608,
        "nauc_precision_at_20_std": 0.246799,
        "nauc_precision_at_20_diff1": 0.096643,
        "nauc_precision_at_100_max": 0.300164,
        "nauc_precision_at_100_std": 0.360414,
        "nauc_precision_at_100_diff1": 0.080766,
        "nauc_precision_at_1000_max": 0.306317,
        "nauc_precision_at_1000_std": 0.406825,
        "nauc_precision_at_1000_diff1": 0.090699,
        "nauc_mrr_at_1_max": 0.233561,
        "nauc_mrr_at_1_std": 0.087742,
        "nauc_mrr_at_1_diff1": 0.198304,
        "nauc_mrr_at_3_max": 0.24273,
        "nauc_mrr_at_3_std": 0.130362,
        "nauc_mrr_at_3_diff1": 0.179884,
        "nauc_mrr_at_5_max": 0.246969,
        "nauc_mrr_at_5_std": 0.146374,
        "nauc_mrr_at_5_diff1": 0.169766,
        "nauc_mrr_at_10_max": 0.246089,
        "nauc_mrr_at_10_std": 0.148123,
        "nauc_mrr_at_10_diff1": 0.165301,
        "nauc_mrr_at_20_max": 0.246834,
        "nauc_mrr_at_20_std": 0.150074,
        "nauc_mrr_at_20_diff1": 0.166233,
        "nauc_mrr_at_100_max": 0.247971,
        "nauc_mrr_at_100_std": 0.152293,
        "nauc_mrr_at_100_diff1": 0.167381,
        "nauc_mrr_at_1000_max": 0.247884,
        "nauc_mrr_at_1000_std": 0.152172,
        "nauc_mrr_at_1000_diff1": 0.167384,
        "main_score": 0.13803,
        "hf_subset": "default",
        "languages": [
          "eng-Latn"
        ]
      }
    ]
  },
  "evaluation_time": 89.12764430046082,
  "kg_co2_emissions": null
}