{
  "dataset_revision": "27a168819829fe9bcd655c2df245fb19452e8e06",
  "task_name": "FiQA2018",
  "mteb_version": "1.39.7",
  "scores": {
    "test": [
      {
        "ndcg_at_1": 0.06019,
        "ndcg_at_3": 0.05907,
        "ndcg_at_5": 0.06534,
        "ndcg_at_10": 0.07424,
        "ndcg_at_20": 0.08137,
        "ndcg_at_100": 0.09915,
        "ndcg_at_1000": 0.12585,
        "map_at_1": 0.03382,
        "map_at_3": 0.04438,
        "map_at_5": 0.04871,
        "map_at_10": 0.05258,
        "map_at_20": 0.05453,
        "map_at_100": 0.05684,
        "map_at_1000": 0.05774,
        "recall_at_1": 0.03382,
        "recall_at_3": 0.05732,
        "recall_at_5": 0.07471,
        "recall_at_10": 0.1005,
        "recall_at_20": 0.12193,
        "recall_at_100": 0.19567,
        "recall_at_1000": 0.36689,
        "precision_at_1": 0.06019,
        "precision_at_3": 0.03704,
        "precision_at_5": 0.03117,
        "precision_at_10": 0.0213,
        "precision_at_20": 0.01381,
        "precision_at_100": 0.00491,
        "precision_at_1000": 0.00095,
        "mrr_at_1": 0.060185,
        "mrr_at_3": 0.076903,
        "mrr_at_5": 0.08624,
        "mrr_at_10": 0.092115,
        "mrr_at_20": 0.09493,
        "mrr_at_100": 0.097806,
        "mrr_at_1000": 0.098609,
        "nauc_ndcg_at_1_max": 0.232541,
        "nauc_ndcg_at_1_std": 0.1841,
        "nauc_ndcg_at_1_diff1": 0.501769,
        "nauc_ndcg_at_3_max": 0.173562,
        "nauc_ndcg_at_3_std": 0.212798,
        "nauc_ndcg_at_3_diff1": 0.40364,
        "nauc_ndcg_at_5_max": 0.169649,
        "nauc_ndcg_at_5_std": 0.228903,
        "nauc_ndcg_at_5_diff1": 0.379554,
        "nauc_ndcg_at_10_max": 0.171707,
        "nauc_ndcg_at_10_std": 0.226422,
        "nauc_ndcg_at_10_diff1": 0.347385,
        "nauc_ndcg_at_20_max": 0.166175,
        "nauc_ndcg_at_20_std": 0.233867,
        "nauc_ndcg_at_20_diff1": 0.325542,
        "nauc_ndcg_at_100_max": 0.173742,
        "nauc_ndcg_at_100_std": 0.221666,
        "nauc_ndcg_at_100_diff1": 0.29969,
        "nauc_ndcg_at_1000_max": 0.183516,
        "nauc_ndcg_at_1000_std": 0.223631,
        "nauc_ndcg_at_1000_diff1": 0.290819,
        "nauc_map_at_1_max": 0.204945,
        "nauc_map_at_1_std": 0.22298,
        "nauc_map_at_1_diff1": 0.535223,
        "nauc_map_at_3_max": 0.16414,
        "nauc_map_at_3_std": 0.238534,
        "nauc_map_at_3_diff1": 0.437532,
        "nauc_map_at_5_max": 0.169134,
        "nauc_map_at_5_std": 0.238242,
        "nauc_map_at_5_diff1": 0.419671,
        "nauc_map_at_10_max": 0.173275,
        "nauc_map_at_10_std": 0.235565,
        "nauc_map_at_10_diff1": 0.400071,
        "nauc_map_at_20_max": 0.171879,
        "nauc_map_at_20_std": 0.238912,
        "nauc_map_at_20_diff1": 0.389973,
        "nauc_map_at_100_max": 0.172919,
        "nauc_map_at_100_std": 0.237093,
        "nauc_map_at_100_diff1": 0.383249,
        "nauc_map_at_1000_max": 0.173479,
        "nauc_map_at_1000_std": 0.237409,
        "nauc_map_at_1000_diff1": 0.382017,
        "nauc_recall_at_1_max": 0.204945,
        "nauc_recall_at_1_std": 0.22298,
        "nauc_recall_at_1_diff1": 0.535223,
        "nauc_recall_at_3_max": 0.141465,
        "nauc_recall_at_3_std": 0.230342,
        "nauc_recall_at_3_diff1": 0.351254,
        "nauc_recall_at_5_max": 0.144721,
        "nauc_recall_at_5_std": 0.229903,
        "nauc_recall_at_5_diff1": 0.321601,
        "nauc_recall_at_10_max": 0.144896,
        "nauc_recall_at_10_std": 0.204861,
        "nauc_recall_at_10_diff1": 0.248963,
        "nauc_recall_at_20_max": 0.128986,
        "nauc_recall_at_20_std": 0.217794,
        "nauc_recall_at_20_diff1": 0.20229,
        "nauc_recall_at_100_max": 0.13957,
        "nauc_recall_at_100_std": 0.184997,
        "nauc_recall_at_100_diff1": 0.151136,
        "nauc_recall_at_1000_max": 0.14444,
        "nauc_recall_at_1000_std": 0.185539,
        "nauc_recall_at_1000_diff1": 0.131954,
        "nauc_precision_at_1_max": 0.232541,
        "nauc_precision_at_1_std": 0.1841,
        "nauc_precision_at_1_diff1": 0.501769,
        "nauc_precision_at_3_max": 0.156799,
        "nauc_precision_at_3_std": 0.219723,
        "nauc_precision_at_3_diff1": 0.364932,
        "nauc_precision_at_5_max": 0.165923,
        "nauc_precision_at_5_std": 0.238103,
        "nauc_precision_at_5_diff1": 0.31614,
        "nauc_precision_at_10_max": 0.192726,
        "nauc_precision_at_10_std": 0.22754,
        "nauc_precision_at_10_diff1": 0.262868,
        "nauc_precision_at_20_max": 0.187847,
        "nauc_precision_at_20_std": 0.241576,
        "nauc_precision_at_20_diff1": 0.223954,
        "nauc_precision_at_100_max": 0.211273,
        "nauc_precision_at_100_std": 0.168503,
        "nauc_precision_at_100_diff1": 0.169295,
        "nauc_precision_at_1000_max": 0.223168,
        "nauc_precision_at_1000_std": 0.146401,
        "nauc_precision_at_1000_diff1": 0.13569,
        "nauc_mrr_at_1_max": 0.232541,
        "nauc_mrr_at_1_std": 0.1841,
        "nauc_mrr_at_1_diff1": 0.501769,
        "nauc_mrr_at_3_max": 0.197249,
        "nauc_mrr_at_3_std": 0.192821,
        "nauc_mrr_at_3_diff1": 0.418543,
        "nauc_mrr_at_5_max": 0.19212,
        "nauc_mrr_at_5_std": 0.207797,
        "nauc_mrr_at_5_diff1": 0.398023,
        "nauc_mrr_at_10_max": 0.191681,
        "nauc_mrr_at_10_std": 0.203922,
        "nauc_mrr_at_10_diff1": 0.38363,
        "nauc_mrr_at_20_max": 0.189696,
        "nauc_mrr_at_20_std": 0.205374,
        "nauc_mrr_at_20_diff1": 0.377407,
        "nauc_mrr_at_100_max": 0.188938,
        "nauc_mrr_at_100_std": 0.203541,
        "nauc_mrr_at_100_diff1": 0.371872,
        "nauc_mrr_at_1000_max": 0.189551,
        "nauc_mrr_at_1000_std": 0.203044,
        "nauc_mrr_at_1000_diff1": 0.371261,
        "main_score": 0.07424,
        "hf_subset": "default",
        "languages": [
          "eng-Latn"
        ]
      }
    ]
  },
  "evaluation_time": 157.13871550559998,
  "kg_co2_emissions": null
}