{
  "dataset_revision": "c22ab2a51041ffd869aaddef7af8d8215647e41a",
  "task_name": "ArguAna",
  "mteb_version": "1.39.7",
  "scores": {
    "test": [
      {
        "ndcg_at_1": 0.27169,
        "ndcg_at_3": 0.40216,
        "ndcg_at_5": 0.45416,
        "ndcg_at_10": 0.50148,
        "ndcg_at_20": 0.52381,
        "ndcg_at_100": 0.54153,
        "ndcg_at_1000": 0.54638,
        "map_at_1": 0.27169,
        "map_at_3": 0.36878,
        "map_at_5": 0.39772,
        "map_at_10": 0.41734,
        "map_at_20": 0.4236,
        "map_at_100": 0.426,
        "map_at_1000": 0.4262,
        "recall_at_1": 0.27169,
        "recall_at_3": 0.49929,
        "recall_at_5": 0.62518,
        "recall_at_10": 0.77098,
        "recall_at_20": 0.85846,
        "recall_at_100": 0.95448,
        "recall_at_1000": 0.99147,
        "precision_at_1": 0.27169,
        "precision_at_3": 0.16643,
        "precision_at_5": 0.12504,
        "precision_at_10": 0.0771,
        "precision_at_20": 0.04292,
        "precision_at_100": 0.00954,
        "precision_at_1000": 0.00099,
        "mrr_at_1": 0.274538,
        "mrr_at_3": 0.370555,
        "mrr_at_5": 0.399111,
        "mrr_at_10": 0.418544,
        "mrr_at_20": 0.424854,
        "mrr_at_100": 0.427255,
        "mrr_at_1000": 0.427462,
        "nauc_ndcg_at_1_max": -0.079255,
        "nauc_ndcg_at_1_std": -0.066797,
        "nauc_ndcg_at_1_diff1": 0.113023,
        "nauc_ndcg_at_3_max": -0.017357,
        "nauc_ndcg_at_3_std": -0.067119,
        "nauc_ndcg_at_3_diff1": 0.078597,
        "nauc_ndcg_at_5_max": -0.008151,
        "nauc_ndcg_at_5_std": -0.062178,
        "nauc_ndcg_at_5_diff1": 0.088171,
        "nauc_ndcg_at_10_max": -0.005697,
        "nauc_ndcg_at_10_std": -0.051906,
        "nauc_ndcg_at_10_diff1": 0.077967,
        "nauc_ndcg_at_20_max": -0.003636,
        "nauc_ndcg_at_20_std": -0.044417,
        "nauc_ndcg_at_20_diff1": 0.079262,
        "nauc_ndcg_at_100_max": -0.006824,
        "nauc_ndcg_at_100_std": -0.040541,
        "nauc_ndcg_at_100_diff1": 0.086385,
        "nauc_ndcg_at_1000_max": -0.014233,
        "nauc_ndcg_at_1000_std": -0.048562,
        "nauc_ndcg_at_1000_diff1": 0.086107,
        "nauc_map_at_1_max": -0.079255,
        "nauc_map_at_1_std": -0.066797,
        "nauc_map_at_1_diff1": 0.113023,
        "nauc_map_at_3_max": -0.032449,
        "nauc_map_at_3_std": -0.067089,
        "nauc_map_at_3_diff1": 0.086858,
        "nauc_map_at_5_max": -0.027593,
        "nauc_map_at_5_std": -0.063987,
        "nauc_map_at_5_diff1": 0.092336,
        "nauc_map_at_10_max": -0.02707,
        "nauc_map_at_10_std": -0.059629,
        "nauc_map_at_10_diff1": 0.088343,
        "nauc_map_at_20_max": -0.026555,
        "nauc_map_at_20_std": -0.057656,
        "nauc_map_at_20_diff1": 0.088799,
        "nauc_map_at_100_max": -0.026794,
        "nauc_map_at_100_std": -0.057515,
        "nauc_map_at_100_diff1": 0.089924,
        "nauc_map_at_1000_max": -0.027049,
        "nauc_map_at_1000_std": -0.057742,
        "nauc_map_at_1000_diff1": 0.089886,
        "nauc_recall_at_1_max": -0.079255,
        "nauc_recall_at_1_std": -0.066797,
        "nauc_recall_at_1_diff1": 0.113023,
        "nauc_recall_at_3_max": 0.025436,
        "nauc_recall_at_3_std": -0.067184,
        "nauc_recall_at_3_diff1": 0.055227,
        "nauc_recall_at_5_max": 0.054916,
        "nauc_recall_at_5_std": -0.056169,
        "nauc_recall_at_5_diff1": 0.076427,
        "nauc_recall_at_10_max": 0.091181,
        "nauc_recall_at_10_std": -0.012756,
        "nauc_recall_at_10_diff1": 0.028789,
        "nauc_recall_at_20_max": 0.152854,
        "nauc_recall_at_20_std": 0.063029,
        "nauc_recall_at_20_diff1": 0.013745,
        "nauc_recall_at_100_max": 0.335887,
        "nauc_recall_at_100_std": 0.417612,
        "nauc_recall_at_100_diff1": 0.073169,
        "nauc_recall_at_1000_max": 0.111028,
        "nauc_recall_at_1000_std": 0.470208,
        "nauc_recall_at_1000_diff1": 0.008015,
        "nauc_precision_at_1_max": -0.079255,
        "nauc_precision_at_1_std": -0.066797,
        "nauc_precision_at_1_diff1": 0.113023,
        "nauc_precision_at_3_max": 0.025436,
        "nauc_precision_at_3_std": -0.067184,
        "nauc_precision_at_3_diff1": 0.055227,
        "nauc_precision_at_5_max": 0.054916,
        "nauc_precision_at_5_std": -0.056169,
        "nauc_precision_at_5_diff1": 0.076427,
        "nauc_precision_at_10_max": 0.091181,
        "nauc_precision_at_10_std": -0.012756,
        "nauc_precision_at_10_diff1": 0.028789,
        "nauc_precision_at_20_max": 0.152854,
        "nauc_precision_at_20_std": 0.063029,
        "nauc_precision_at_20_diff1": 0.013745,
        "nauc_precision_at_100_max": 0.335887,
        "nauc_precision_at_100_std": 0.417612,
        "nauc_precision_at_100_diff1": 0.073169,
        "nauc_precision_at_1000_max": 0.111028,
        "nauc_precision_at_1000_std": 0.470208,
        "nauc_precision_at_1000_diff1": 0.008015,
        "nauc_mrr_at_1_max": -0.079949,
        "nauc_mrr_at_1_std": -0.063484,
        "nauc_mrr_at_1_diff1": 0.103885,
        "nauc_mrr_at_3_max": -0.037438,
        "nauc_mrr_at_3_std": -0.064397,
        "nauc_mrr_at_3_diff1": 0.076809,
        "nauc_mrr_at_5_max": -0.03177,
        "nauc_mrr_at_5_std": -0.063257,
        "nauc_mrr_at_5_diff1": 0.083423,
        "nauc_mrr_at_10_max": -0.032746,
        "nauc_mrr_at_10_std": -0.059169,
        "nauc_mrr_at_10_diff1": 0.078286,
        "nauc_mrr_at_20_max": -0.031491,
        "nauc_mrr_at_20_std": -0.057014,
        "nauc_mrr_at_20_diff1": 0.079437,
        "nauc_mrr_at_100_max": -0.03177,
        "nauc_mrr_at_100_std": -0.05687,
        "nauc_mrr_at_100_diff1": 0.080483,
        "nauc_mrr_at_1000_max": -0.032028,
        "nauc_mrr_at_1000_std": -0.057096,
        "nauc_mrr_at_1000_diff1": 0.080439,
        "main_score": 0.50148,
        "hf_subset": "default",
        "languages": [
          "eng-Latn"
        ]
      }
    ]
  },
  "evaluation_time": 56.11636519432068,
  "kg_co2_emissions": null
}