{
  "dataset_revision": "c22ab2a51041ffd869aaddef7af8d8215647e41a",
  "task_name": "ArguAna",
  "mteb_version": "1.39.7",
  "scores": {
    "test": [
      {
        "ndcg_at_1": 0.07112,
        "ndcg_at_3": 0.12137,
        "ndcg_at_5": 0.14931,
        "ndcg_at_10": 0.18121,
        "ndcg_at_20": 0.1997,
        "ndcg_at_100": 0.23403,
        "ndcg_at_1000": 0.26184,
        "map_at_1": 0.07112,
        "map_at_3": 0.10835,
        "map_at_5": 0.12374,
        "map_at_10": 0.13686,
        "map_at_20": 0.14221,
        "map_at_100": 0.14688,
        "map_at_1000": 0.14776,
        "recall_at_1": 0.07112,
        "recall_at_3": 0.15932,
        "recall_at_5": 0.2276,
        "recall_at_10": 0.32646,
        "recall_at_20": 0.39758,
        "recall_at_100": 0.58393,
        "recall_at_1000": 0.81294,
        "precision_at_1": 0.07112,
        "precision_at_3": 0.05311,
        "precision_at_5": 0.04552,
        "precision_at_10": 0.03265,
        "precision_at_20": 0.01988,
        "precision_at_100": 0.00584,
        "precision_at_1000": 0.00081,
        "mrr_at_1": 0.073257,
        "mrr_at_3": 0.109056,
        "mrr_at_5": 0.124419,
        "mrr_at_10": 0.137682,
        "mrr_at_20": 0.142925,
        "mrr_at_100": 0.147569,
        "mrr_at_1000": 0.148442,
        "nauc_ndcg_at_1_max": 0.089481,
        "nauc_ndcg_at_1_std": 0.107474,
        "nauc_ndcg_at_1_diff1": 0.149648,
        "nauc_ndcg_at_3_max": 0.129928,
        "nauc_ndcg_at_3_std": 0.15657,
        "nauc_ndcg_at_3_diff1": 0.075594,
        "nauc_ndcg_at_5_max": 0.161355,
        "nauc_ndcg_at_5_std": 0.178938,
        "nauc_ndcg_at_5_diff1": 0.062682,
        "nauc_ndcg_at_10_max": 0.202134,
        "nauc_ndcg_at_10_std": 0.221903,
        "nauc_ndcg_at_10_diff1": 0.051294,
        "nauc_ndcg_at_20_max": 0.226544,
        "nauc_ndcg_at_20_std": 0.231953,
        "nauc_ndcg_at_20_diff1": 0.05333,
        "nauc_ndcg_at_100_max": 0.225044,
        "nauc_ndcg_at_100_std": 0.235296,
        "nauc_ndcg_at_100_diff1": 0.054939,
        "nauc_ndcg_at_1000_max": 0.213482,
        "nauc_ndcg_at_1000_std": 0.223008,
        "nauc_ndcg_at_1000_diff1": 0.062507,
        "nauc_map_at_1_max": 0.089481,
        "nauc_map_at_1_std": 0.107474,
        "nauc_map_at_1_diff1": 0.149648,
        "nauc_map_at_3_max": 0.12128,
        "nauc_map_at_3_std": 0.145478,
        "nauc_map_at_3_diff1": 0.08854,
        "nauc_map_at_5_max": 0.141362,
        "nauc_map_at_5_std": 0.159342,
        "nauc_map_at_5_diff1": 0.078918,
        "nauc_map_at_10_max": 0.16176,
        "nauc_map_at_10_std": 0.18045,
        "nauc_map_at_10_diff1": 0.072305,
        "nauc_map_at_20_max": 0.171057,
        "nauc_map_at_20_std": 0.184281,
        "nauc_map_at_20_diff1": 0.073171,
        "nauc_map_at_100_max": 0.170432,
        "nauc_map_at_100_std": 0.18366,
        "nauc_map_at_100_diff1": 0.074043,
        "nauc_map_at_1000_max": 0.169871,
        "nauc_map_at_1000_std": 0.183327,
        "nauc_map_at_1000_diff1": 0.074405,
        "nauc_recall_at_1_max": 0.089481,
        "nauc_recall_at_1_std": 0.107474,
        "nauc_recall_at_1_diff1": 0.149648,
        "nauc_recall_at_3_max": 0.148482,
        "nauc_recall_at_3_std": 0.180508,
        "nauc_recall_at_3_diff1": 0.048504,
        "nauc_recall_at_5_max": 0.201008,
        "nauc_recall_at_5_std": 0.217777,
        "nauc_recall_at_5_diff1": 0.032591,
        "nauc_recall_at_10_max": 0.280494,
        "nauc_recall_at_10_std": 0.302938,
        "nauc_recall_at_10_diff1": 0.014527,
        "nauc_recall_at_20_max": 0.336565,
        "nauc_recall_at_20_std": 0.324778,
        "nauc_recall_at_20_diff1": 0.019818,
        "nauc_recall_at_100_max": 0.347061,
        "nauc_recall_at_100_std": 0.358383,
        "nauc_recall_at_100_diff1": 0.017243,
        "nauc_recall_at_1000_max": 0.333194,
        "nauc_recall_at_1000_std": 0.323406,
        "nauc_recall_at_1000_diff1": 0.058268,
        "nauc_precision_at_1_max": 0.089481,
        "nauc_precision_at_1_std": 0.107474,
        "nauc_precision_at_1_diff1": 0.149648,
        "nauc_precision_at_3_max": 0.148482,
        "nauc_precision_at_3_std": 0.180508,
        "nauc_precision_at_3_diff1": 0.048504,
        "nauc_precision_at_5_max": 0.201008,
        "nauc_precision_at_5_std": 0.217777,
        "nauc_precision_at_5_diff1": 0.032591,
        "nauc_precision_at_10_max": 0.280494,
        "nauc_precision_at_10_std": 0.302938,
        "nauc_precision_at_10_diff1": 0.014527,
        "nauc_precision_at_20_max": 0.336565,
        "nauc_precision_at_20_std": 0.324778,
        "nauc_precision_at_20_diff1": 0.019818,
        "nauc_precision_at_100_max": 0.347061,
        "nauc_precision_at_100_std": 0.358383,
        "nauc_precision_at_100_diff1": 0.017243,
        "nauc_precision_at_1000_max": 0.333194,
        "nauc_precision_at_1000_std": 0.323406,
        "nauc_precision_at_1000_diff1": 0.058268,
        "nauc_mrr_at_1_max": 0.097742,
        "nauc_mrr_at_1_std": 0.111049,
        "nauc_mrr_at_1_diff1": 0.128537,
        "nauc_mrr_at_3_max": 0.115769,
        "nauc_mrr_at_3_std": 0.145186,
        "nauc_mrr_at_3_diff1": 0.074593,
        "nauc_mrr_at_5_max": 0.138372,
        "nauc_mrr_at_5_std": 0.160144,
        "nauc_mrr_at_5_diff1": 0.068341,
        "nauc_mrr_at_10_max": 0.159075,
        "nauc_mrr_at_10_std": 0.181099,
        "nauc_mrr_at_10_diff1": 0.061719,
        "nauc_mrr_at_20_max": 0.167933,
        "nauc_mrr_at_20_std": 0.18493,
        "nauc_mrr_at_20_diff1": 0.062974,
        "nauc_mrr_at_100_max": 0.167084,
        "nauc_mrr_at_100_std": 0.184287,
        "nauc_mrr_at_100_diff1": 0.06359,
        "nauc_mrr_at_1000_max": 0.166518,
        "nauc_mrr_at_1000_std": 0.183958,
        "nauc_mrr_at_1000_diff1": 0.063924,
        "main_score": 0.18121,
        "hf_subset": "default",
        "languages": [
          "eng-Latn"
        ]
      }
    ]
  },
  "evaluation_time": 35.45849847793579,
  "kg_co2_emissions": null
}