{
  "dataset_revision": "ec0fa4fe99da2ff19ca1214b7966684033a58814",
  "task_name": "NFCorpus",
  "mteb_version": "1.39.7",
  "scores": {
    "test": [
      {
        "ndcg_at_1": 0.05418,
        "ndcg_at_3": 0.05484,
        "ndcg_at_5": 0.05151,
        "ndcg_at_10": 0.04756,
        "ndcg_at_20": 0.04803,
        "ndcg_at_100": 0.06005,
        "ndcg_at_1000": 0.14438,
        "map_at_1": 0.00683,
        "map_at_3": 0.01171,
        "map_at_5": 0.01383,
        "map_at_10": 0.01556,
        "map_at_20": 0.01724,
        "map_at_100": 0.01972,
        "map_at_1000": 0.0246,
        "recall_at_1": 0.00683,
        "recall_at_3": 0.01452,
        "recall_at_5": 0.02005,
        "recall_at_10": 0.02769,
        "recall_at_20": 0.03804,
        "recall_at_100": 0.08324,
        "recall_at_1000": 0.3683,
        "precision_at_1": 0.06192,
        "precision_at_3": 0.05366,
        "precision_at_5": 0.04582,
        "precision_at_10": 0.03591,
        "precision_at_20": 0.02972,
        "precision_at_100": 0.0195,
        "precision_at_1000": 0.01226,
        "mrr_at_1": 0.058824,
        "mrr_at_3": 0.089783,
        "mrr_at_5": 0.097678,
        "mrr_at_10": 0.107113,
        "mrr_at_20": 0.112239,
        "mrr_at_100": 0.117097,
        "mrr_at_1000": 0.118862,
        "nauc_ndcg_at_1_max": 0.3479,
        "nauc_ndcg_at_1_std": 0.150109,
        "nauc_ndcg_at_1_diff1": 0.296287,
        "nauc_ndcg_at_3_max": 0.237763,
        "nauc_ndcg_at_3_std": -0.002459,
        "nauc_ndcg_at_3_diff1": 0.147921,
        "nauc_ndcg_at_5_max": 0.260156,
        "nauc_ndcg_at_5_std": -0.012442,
        "nauc_ndcg_at_5_diff1": 0.142408,
        "nauc_ndcg_at_10_max": 0.2419,
        "nauc_ndcg_at_10_std": -0.025384,
        "nauc_ndcg_at_10_diff1": 0.129742,
        "nauc_ndcg_at_20_max": 0.286659,
        "nauc_ndcg_at_20_std": -0.022859,
        "nauc_ndcg_at_20_diff1": 0.139261,
        "nauc_ndcg_at_100_max": 0.302076,
        "nauc_ndcg_at_100_std": 0.014876,
        "nauc_ndcg_at_100_diff1": 0.13729,
        "nauc_ndcg_at_1000_max": 0.29046,
        "nauc_ndcg_at_1000_std": -0.013908,
        "nauc_ndcg_at_1000_diff1": 0.068765,
        "nauc_map_at_1_max": 0.798869,
        "nauc_map_at_1_std": 0.057267,
        "nauc_map_at_1_diff1": 0.490333,
        "nauc_map_at_3_max": 0.560218,
        "nauc_map_at_3_std": -0.020243,
        "nauc_map_at_3_diff1": 0.288457,
        "nauc_map_at_5_max": 0.514883,
        "nauc_map_at_5_std": 0.011829,
        "nauc_map_at_5_diff1": 0.277995,
        "nauc_map_at_10_max": 0.477586,
        "nauc_map_at_10_std": -0.001129,
        "nauc_map_at_10_diff1": 0.261944,
        "nauc_map_at_20_max": 0.468845,
        "nauc_map_at_20_std": -0.007154,
        "nauc_map_at_20_diff1": 0.266116,
        "nauc_map_at_100_max": 0.458669,
        "nauc_map_at_100_std": -0.011711,
        "nauc_map_at_100_diff1": 0.248884,
        "nauc_map_at_1000_max": 0.434739,
        "nauc_map_at_1000_std": -0.014278,
        "nauc_map_at_1000_diff1": 0.211298,
        "nauc_recall_at_1_max": 0.798869,
        "nauc_recall_at_1_std": 0.057267,
        "nauc_recall_at_1_diff1": 0.490333,
        "nauc_recall_at_3_max": 0.434968,
        "nauc_recall_at_3_std": -0.0584,
        "nauc_recall_at_3_diff1": 0.206685,
        "nauc_recall_at_5_max": 0.331295,
        "nauc_recall_at_5_std": 0.010359,
        "nauc_recall_at_5_diff1": 0.172433,
        "nauc_recall_at_10_max": 0.208231,
        "nauc_recall_at_10_std": -0.004537,
        "nauc_recall_at_10_diff1": 0.134607,
        "nauc_recall_at_20_max": 0.251689,
        "nauc_recall_at_20_std": -0.015751,
        "nauc_recall_at_20_diff1": 0.165511,
        "nauc_recall_at_100_max": 0.210577,
        "nauc_recall_at_100_std": 0.036005,
        "nauc_recall_at_100_diff1": 0.145998,
        "nauc_recall_at_1000_max": 0.155377,
        "nauc_recall_at_1000_std": -0.01106,
        "nauc_recall_at_1000_diff1": 0.064507,
        "nauc_precision_at_1_max": 0.346194,
        "nauc_precision_at_1_std": 0.123143,
        "nauc_precision_at_1_diff1": 0.231764,
        "nauc_precision_at_3_max": 0.210896,
        "nauc_precision_at_3_std": -0.057473,
        "nauc_precision_at_3_diff1": 0.053431,
        "nauc_precision_at_5_max": 0.235403,
        "nauc_precision_at_5_std": -0.045564,
        "nauc_precision_at_5_diff1": 0.054922,
        "nauc_precision_at_10_max": 0.181205,
        "nauc_precision_at_10_std": -0.063986,
        "nauc_precision_at_10_diff1": 0.054231,
        "nauc_precision_at_20_max": 0.214993,
        "nauc_precision_at_20_std": -0.064285,
        "nauc_precision_at_20_diff1": 0.031121,
        "nauc_precision_at_100_max": 0.157834,
        "nauc_precision_at_100_std": -0.052093,
        "nauc_precision_at_100_diff1": -0.074639,
        "nauc_precision_at_1000_max": 0.084505,
        "nauc_precision_at_1000_std": -0.012769,
        "nauc_precision_at_1000_diff1": -0.120905,
        "nauc_mrr_at_1_max": 0.347373,
        "nauc_mrr_at_1_std": 0.159827,
        "nauc_mrr_at_1_diff1": 0.274165,
        "nauc_mrr_at_3_max": 0.24233,
        "nauc_mrr_at_3_std": 0.056031,
        "nauc_mrr_at_3_diff1": 0.131436,
        "nauc_mrr_at_5_max": 0.238387,
        "nauc_mrr_at_5_std": 0.039636,
        "nauc_mrr_at_5_diff1": 0.11509,
        "nauc_mrr_at_10_max": 0.225483,
        "nauc_mrr_at_10_std": 0.027402,
        "nauc_mrr_at_10_diff1": 0.106632,
        "nauc_mrr_at_20_max": 0.232498,
        "nauc_mrr_at_20_std": 0.02801,
        "nauc_mrr_at_20_diff1": 0.107711,
        "nauc_mrr_at_100_max": 0.234602,
        "nauc_mrr_at_100_std": 0.031806,
        "nauc_mrr_at_100_diff1": 0.10254,
        "nauc_mrr_at_1000_max": 0.234433,
        "nauc_mrr_at_1000_std": 0.032184,
        "nauc_mrr_at_1000_diff1": 0.104438,
        "main_score": 0.04756,
        "hf_subset": "default",
        "languages": [
          "eng-Latn"
        ]
      }
    ]
  },
  "evaluation_time": 49.744152545928955,
  "kg_co2_emissions": null
}