{
  "map_at_10": 0.00072,
  "mrr_at_10": 0.001483196159122085,
  "ndcg_at_10": 0.00152,
  "recall_at_10": 0.00314,
  "recall_at_100": 0.01111
}
