{
  "dataset_revision": "f8c2fcf00f625baaa80f62ec5bd9e1fff3b8ae88",
  "task_name": "SCIDOCS",
  "mteb_version": "1.39.7",
  "scores": {
    "test": [
      {
        "ndcg_at_1": 0.018,
        "ndcg_at_3": 0.01269,
        "ndcg_at_5": 0.01191,
        "ndcg_at_10": 0.01467,
        "ndcg_at_20": 0.01755,
        "ndcg_at_100": 0.02644,
        "ndcg_at_1000": 0.05305,
        "map_at_1": 0.0036,
        "map_at_3": 0.00498,
        "map_at_5": 0.00591,
        "map_at_10": 0.00678,
        "map_at_20": 0.00738,
        "map_at_100": 0.00824,
        "map_at_1000": 0.00892,
        "recall_at_1": 0.0036,
        "recall_at_3": 0.0069,
        "recall_at_5": 0.0108,
        "recall_at_10": 0.01585,
        "recall_at_20": 0.02255,
        "recall_at_100": 0.0525,
        "recall_at_1000": 0.18703,
        "precision_at_1": 0.018,
        "precision_at_3": 0.01133,
        "precision_at_5": 0.0106,
        "precision_at_10": 0.0078,
        "precision_at_20": 0.00555,
        "precision_at_100": 0.00259,
        "precision_at_1000": 0.00092,
        "mrr_at_1": 0.018,
        "mrr_at_3": 0.024667,
        "mrr_at_5": 0.028667,
        "mrr_at_10": 0.03119,
        "mrr_at_20": 0.033041,
        "mrr_at_100": 0.035212,
        "mrr_at_1000": 0.036376,
        "nauc_ndcg_at_1_max": -0.003712,
        "nauc_ndcg_at_1_std": 0.272426,
        "nauc_ndcg_at_1_diff1": 0.012581,
        "nauc_ndcg_at_3_max": 0.096451,
        "nauc_ndcg_at_3_std": 0.210257,
        "nauc_ndcg_at_3_diff1": -0.003879,
        "nauc_ndcg_at_5_max": 0.089692,
        "nauc_ndcg_at_5_std": 0.192954,
        "nauc_ndcg_at_5_diff1": -0.012262,
        "nauc_ndcg_at_10_max": 0.109271,
        "nauc_ndcg_at_10_std": 0.165394,
        "nauc_ndcg_at_10_diff1": -0.017718,
        "nauc_ndcg_at_20_max": 0.102915,
        "nauc_ndcg_at_20_std": 0.148016,
        "nauc_ndcg_at_20_diff1": -0.020352,
        "nauc_ndcg_at_100_max": 0.084758,
        "nauc_ndcg_at_100_std": 0.114704,
        "nauc_ndcg_at_100_diff1": -0.044067,
        "nauc_ndcg_at_1000_max": 0.086905,
        "nauc_ndcg_at_1000_std": 0.097295,
        "nauc_ndcg_at_1000_diff1": -0.025458,
        "nauc_map_at_1_max": -0.003712,
        "nauc_map_at_1_std": 0.272426,
        "nauc_map_at_1_diff1": 0.012581,
        "nauc_map_at_3_max": 0.077599,
        "nauc_map_at_3_std": 0.220578,
        "nauc_map_at_3_diff1": -0.003915,
        "nauc_map_at_5_max": 0.067569,
        "nauc_map_at_5_std": 0.211445,
        "nauc_map_at_5_diff1": -0.008655,
        "nauc_map_at_10_max": 0.099896,
        "nauc_map_at_10_std": 0.190952,
        "nauc_map_at_10_diff1": -0.006193,
        "nauc_map_at_20_max": 0.103451,
        "nauc_map_at_20_std": 0.176296,
        "nauc_map_at_20_diff1": -0.003767,
        "nauc_map_at_100_max": 0.10571,
        "nauc_map_at_100_std": 0.164329,
        "nauc_map_at_100_diff1": -0.011068,
        "nauc_map_at_1000_max": 0.107963,
        "nauc_map_at_1000_std": 0.159925,
        "nauc_map_at_1000_diff1": -0.009896,
        "nauc_recall_at_1_max": -0.003712,
        "nauc_recall_at_1_std": 0.272426,
        "nauc_recall_at_1_diff1": 0.012581,
        "nauc_recall_at_3_max": 0.147704,
        "nauc_recall_at_3_std": 0.185563,
        "nauc_recall_at_3_diff1": -0.016873,
        "nauc_recall_at_5_max": 0.120703,
        "nauc_recall_at_5_std": 0.166191,
        "nauc_recall_at_5_diff1": -0.022358,
        "nauc_recall_at_10_max": 0.141652,
        "nauc_recall_at_10_std": 0.125154,
        "nauc_recall_at_10_diff1": -0.03055,
        "nauc_recall_at_20_max": 0.116353,
        "nauc_recall_at_20_std": 0.107049,
        "nauc_recall_at_20_diff1": -0.030585,
        "nauc_recall_at_100_max": 0.073324,
        "nauc_recall_at_100_std": 0.064503,
        "nauc_recall_at_100_diff1": -0.070057,
        "nauc_recall_at_1000_max": 0.075225,
        "nauc_recall_at_1000_std": 0.055664,
        "nauc_recall_at_1000_diff1": -0.025957,
        "nauc_precision_at_1_max": -0.003712,
        "nauc_precision_at_1_std": 0.272426,
        "nauc_precision_at_1_diff1": 0.012581,
        "nauc_precision_at_3_max": 0.144036,
        "nauc_precision_at_3_std": 0.186477,
        "nauc_precision_at_3_diff1": -0.011727,
        "nauc_precision_at_5_max": 0.117242,
        "nauc_precision_at_5_std": 0.168991,
        "nauc_precision_at_5_diff1": -0.015106,
        "nauc_precision_at_10_max": 0.141624,
        "nauc_precision_at_10_std": 0.125894,
        "nauc_precision_at_10_diff1": -0.024224,
        "nauc_precision_at_20_max": 0.117857,
        "nauc_precision_at_20_std": 0.107784,
        "nauc_precision_at_20_diff1": -0.024436,
        "nauc_precision_at_100_max": 0.075901,
        "nauc_precision_at_100_std": 0.065309,
        "nauc_precision_at_100_diff1": -0.066559,
        "nauc_precision_at_1000_max": 0.072103,
        "nauc_precision_at_1000_std": 0.055858,
        "nauc_precision_at_1000_diff1": -0.024707,
        "nauc_mrr_at_1_max": -0.003712,
        "nauc_mrr_at_1_std": 0.272426,
        "nauc_mrr_at_1_diff1": 0.012581,
        "nauc_mrr_at_3_max": 0.074361,
        "nauc_mrr_at_3_std": 0.221563,
        "nauc_mrr_at_3_diff1": -0.000237,
        "nauc_mrr_at_5_max": 0.075383,
        "nauc_mrr_at_5_std": 0.205709,
        "nauc_mrr_at_5_diff1": -0.005626,
        "nauc_mrr_at_10_max": 0.072152,
        "nauc_mrr_at_10_std": 0.193799,
        "nauc_mrr_at_10_diff1": -0.011096,
        "nauc_mrr_at_20_max": 0.070082,
        "nauc_mrr_at_20_std": 0.187783,
        "nauc_mrr_at_20_diff1": -0.017858,
        "nauc_mrr_at_100_max": 0.063804,
        "nauc_mrr_at_100_std": 0.181129,
        "nauc_mrr_at_100_diff1": -0.0211,
        "nauc_mrr_at_1000_max": 0.064281,
        "nauc_mrr_at_1000_std": 0.180137,
        "nauc_mrr_at_1000_diff1": -0.019207,
        "main_score": 0.01467,
        "hf_subset": "default",
        "languages": [
          "eng-Latn"
        ]
      }
    ]
  },
  "evaluation_time": 209.67007875442505,
  "kg_co2_emissions": null
}