{
  "dataset_revision": "a34f9a33db75fa0cbb21bb5cfc3dae8dc8bec93f",
  "task_name": "Touche2020",
  "mteb_version": "1.39.7",
  "scores": {
    "test": [
      {
        "ndcg_at_1": 0.18367,
        "ndcg_at_3": 0.19317,
        "ndcg_at_5": 0.20289,
        "ndcg_at_10": 0.20073,
        "ndcg_at_20": 0.21407,
        "ndcg_at_100": 0.31502,
        "ndcg_at_1000": 0.42141,
        "map_at_1": 0.0164,
        "map_at_3": 0.03883,
        "map_at_5": 0.05603,
        "map_at_10": 0.08179,
        "map_at_20": 0.10099,
        "map_at_100": 0.13483,
        "map_at_1000": 0.14788,
        "recall_at_1": 0.0164,
        "recall_at_3": 0.05243,
        "recall_at_5": 0.08636,
        "recall_at_10": 0.14425,
        "recall_at_20": 0.21236,
        "recall_at_100": 0.42591,
        "recall_at_1000": 0.74871,
        "precision_at_1": 0.20408,
        "precision_at_3": 0.22449,
        "precision_at_5": 0.22857,
        "precision_at_10": 0.19184,
        "precision_at_20": 0.15102,
        "precision_at_100": 0.06837,
        "precision_at_1000": 0.01388,
        "mrr_at_1": 0.22449,
        "mrr_at_3": 0.326531,
        "mrr_at_5": 0.364286,
        "mrr_at_10": 0.375559,
        "mrr_at_20": 0.383549,
        "mrr_at_100": 0.388602,
        "mrr_at_1000": 0.388785,
        "nauc_ndcg_at_1_max": -0.287428,
        "nauc_ndcg_at_1_std": -0.150876,
        "nauc_ndcg_at_1_diff1": -0.107847,
        "nauc_ndcg_at_3_max": -0.251932,
        "nauc_ndcg_at_3_std": -0.112077,
        "nauc_ndcg_at_3_diff1": -0.004071,
        "nauc_ndcg_at_5_max": -0.247776,
        "nauc_ndcg_at_5_std": -0.110715,
        "nauc_ndcg_at_5_diff1": -0.038946,
        "nauc_ndcg_at_10_max": -0.242099,
        "nauc_ndcg_at_10_std": -0.168428,
        "nauc_ndcg_at_10_diff1": -0.061933,
        "nauc_ndcg_at_20_max": -0.273257,
        "nauc_ndcg_at_20_std": -0.170079,
        "nauc_ndcg_at_20_diff1": -0.04912,
        "nauc_ndcg_at_100_max": -0.253128,
        "nauc_ndcg_at_100_std": 0.074293,
        "nauc_ndcg_at_100_diff1": -0.100299,
        "nauc_ndcg_at_1000_max": -0.221152,
        "nauc_ndcg_at_1000_std": 0.203206,
        "nauc_ndcg_at_1000_diff1": -0.180728,
        "nauc_map_at_1_max": -0.276448,
        "nauc_map_at_1_std": -0.264519,
        "nauc_map_at_1_diff1": -0.167476,
        "nauc_map_at_3_max": -0.23589,
        "nauc_map_at_3_std": -0.263591,
        "nauc_map_at_3_diff1": -0.10001,
        "nauc_map_at_5_max": -0.204176,
        "nauc_map_at_5_std": -0.2488,
        "nauc_map_at_5_diff1": -0.129457,
        "nauc_map_at_10_max": -0.189891,
        "nauc_map_at_10_std": -0.304896,
        "nauc_map_at_10_diff1": -0.109234,
        "nauc_map_at_20_max": -0.202862,
        "nauc_map_at_20_std": -0.270202,
        "nauc_map_at_20_diff1": -0.108925,
        "nauc_map_at_100_max": -0.19204,
        "nauc_map_at_100_std": -0.139772,
        "nauc_map_at_100_diff1": -0.109267,
        "nauc_map_at_1000_max": -0.19663,
        "nauc_map_at_1000_std": -0.101541,
        "nauc_map_at_1000_diff1": -0.132718,
        "nauc_recall_at_1_max": -0.276448,
        "nauc_recall_at_1_std": -0.264519,
        "nauc_recall_at_1_diff1": -0.167476,
        "nauc_recall_at_3_max": -0.265929,
        "nauc_recall_at_3_std": -0.25418,
        "nauc_recall_at_3_diff1": -0.000561,
        "nauc_recall_at_5_max": -0.250307,
        "nauc_recall_at_5_std": -0.239499,
        "nauc_recall_at_5_diff1": -0.062525,
        "nauc_recall_at_10_max": -0.240986,
        "nauc_recall_at_10_std": -0.288445,
        "nauc_recall_at_10_diff1": -0.046889,
        "nauc_recall_at_20_max": -0.283518,
        "nauc_recall_at_20_std": -0.216223,
        "nauc_recall_at_20_diff1": -0.037375,
        "nauc_recall_at_100_max": -0.247466,
        "nauc_recall_at_100_std": 0.209286,
        "nauc_recall_at_100_diff1": -0.14188,
        "nauc_recall_at_1000_max": -0.125381,
        "nauc_recall_at_1000_std": 0.616081,
        "nauc_recall_at_1000_diff1": -0.344886,
        "nauc_precision_at_1_max": -0.304196,
        "nauc_precision_at_1_std": -0.1449,
        "nauc_precision_at_1_diff1": -0.105297,
        "nauc_precision_at_3_max": -0.280098,
        "nauc_precision_at_3_std": -0.115017,
        "nauc_precision_at_3_diff1": 0.023767,
        "nauc_precision_at_5_max": -0.256892,
        "nauc_precision_at_5_std": -0.108904,
        "nauc_precision_at_5_diff1": -0.036802,
        "nauc_precision_at_10_max": -0.191628,
        "nauc_precision_at_10_std": -0.131045,
        "nauc_precision_at_10_diff1": -0.084575,
        "nauc_precision_at_20_max": -0.2205,
        "nauc_precision_at_20_std": -0.023368,
        "nauc_precision_at_20_diff1": -0.047747,
        "nauc_precision_at_100_max": -0.087633,
        "nauc_precision_at_100_std": 0.523701,
        "nauc_precision_at_100_diff1": -0.170292,
        "nauc_precision_at_1000_max": 0.295602,
        "nauc_precision_at_1000_std": 0.514297,
        "nauc_precision_at_1000_diff1": -0.162142,
        "nauc_mrr_at_1_max": -0.281517,
        "nauc_mrr_at_1_std": -0.062826,
        "nauc_mrr_at_1_diff1": -0.169381,
        "nauc_mrr_at_3_max": -0.28915,
        "nauc_mrr_at_3_std": -0.075037,
        "nauc_mrr_at_3_diff1": 0.001316,
        "nauc_mrr_at_5_max": -0.341503,
        "nauc_mrr_at_5_std": -0.092355,
        "nauc_mrr_at_5_diff1": -0.016493,
        "nauc_mrr_at_10_max": -0.313173,
        "nauc_mrr_at_10_std": -0.062989,
        "nauc_mrr_at_10_diff1": -0.029463,
        "nauc_mrr_at_20_max": -0.318422,
        "nauc_mrr_at_20_std": -0.06605,
        "nauc_mrr_at_20_diff1": -0.04381,
        "nauc_mrr_at_100_max": -0.318556,
        "nauc_mrr_at_100_std": -0.06322,
        "nauc_mrr_at_100_diff1": -0.041937,
        "nauc_mrr_at_1000_max": -0.317706,
        "nauc_mrr_at_1000_std": -0.063793,
        "nauc_mrr_at_1000_diff1": -0.041625,
        "main_score": 0.20073,
        "hf_subset": "default",
        "languages": [
          "eng-Latn"
        ]
      }
    ]
  },
  "evaluation_time": 1550.6884994506836,
  "kg_co2_emissions": null
}