{
  "dataset_revision": "c22ab2a51041ffd869aaddef7af8d8215647e41a",
  "task_name": "ArguAna",
  "mteb_version": "1.39.7",
  "scores": {
    "test": [
      {
        "ndcg_at_1": 0.02845,
        "ndcg_at_3": 0.04929,
        "ndcg_at_5": 0.06042,
        "ndcg_at_10": 0.0798,
        "ndcg_at_20": 0.09662,
        "ndcg_at_100": 0.12414,
        "ndcg_at_1000": 0.16144,
        "map_at_1": 0.02845,
        "map_at_3": 0.04398,
        "map_at_5": 0.04999,
        "map_at_10": 0.05801,
        "map_at_20": 0.06268,
        "map_at_100": 0.06632,
        "map_at_1000": 0.06747,
        "recall_at_1": 0.02845,
        "recall_at_3": 0.06472,
        "recall_at_5": 0.09246,
        "recall_at_10": 0.1522,
        "recall_at_20": 0.21835,
        "recall_at_100": 0.36913,
        "recall_at_1000": 0.67781,
        "precision_at_1": 0.02845,
        "precision_at_3": 0.02157,
        "precision_at_5": 0.01849,
        "precision_at_10": 0.01522,
        "precision_at_20": 0.01092,
        "precision_at_100": 0.00369,
        "precision_at_1000": 0.00068,
        "mrr_at_1": 0.029161,
        "mrr_at_3": 0.043978,
        "mrr_at_5": 0.050166,
        "mrr_at_10": 0.058192,
        "mrr_at_20": 0.062862,
        "mrr_at_100": 0.066501,
        "mrr_at_1000": 0.067649,
        "nauc_ndcg_at_1_max": 0.200425,
        "nauc_ndcg_at_1_std": 0.08686,
        "nauc_ndcg_at_1_diff1": -0.043687,
        "nauc_ndcg_at_3_max": 0.222418,
        "nauc_ndcg_at_3_std": 0.128907,
        "nauc_ndcg_at_3_diff1": -0.042426,
        "nauc_ndcg_at_5_max": 0.216993,
        "nauc_ndcg_at_5_std": 0.137016,
        "nauc_ndcg_at_5_diff1": -0.057459,
        "nauc_ndcg_at_10_max": 0.234091,
        "nauc_ndcg_at_10_std": 0.176805,
        "nauc_ndcg_at_10_diff1": -0.050116,
        "nauc_ndcg_at_20_max": 0.252058,
        "nauc_ndcg_at_20_std": 0.203295,
        "nauc_ndcg_at_20_diff1": -0.032293,
        "nauc_ndcg_at_100_max": 0.242753,
        "nauc_ndcg_at_100_std": 0.210926,
        "nauc_ndcg_at_100_diff1": -0.000258,
        "nauc_ndcg_at_1000_max": 0.236817,
        "nauc_ndcg_at_1000_std": 0.214945,
        "nauc_ndcg_at_1000_diff1": -0.006733,
        "nauc_map_at_1_max": 0.200425,
        "nauc_map_at_1_std": 0.08686,
        "nauc_map_at_1_diff1": -0.043687,
        "nauc_map_at_3_max": 0.215264,
        "nauc_map_at_3_std": 0.12274,
        "nauc_map_at_3_diff1": -0.04236,
        "nauc_map_at_5_max": 0.211992,
        "nauc_map_at_5_std": 0.1276,
        "nauc_map_at_5_diff1": -0.052442,
        "nauc_map_at_10_max": 0.221819,
        "nauc_map_at_10_std": 0.150511,
        "nauc_map_at_10_diff1": -0.047849,
        "nauc_map_at_20_max": 0.230474,
        "nauc_map_at_20_std": 0.16291,
        "nauc_map_at_20_diff1": -0.040749,
        "nauc_map_at_100_max": 0.227839,
        "nauc_map_at_100_std": 0.165714,
        "nauc_map_at_100_diff1": -0.034302,
        "nauc_map_at_1000_max": 0.227562,
        "nauc_map_at_1000_std": 0.16609,
        "nauc_map_at_1000_diff1": -0.034865,
        "nauc_recall_at_1_max": 0.200425,
        "nauc_recall_at_1_std": 0.08686,
        "nauc_recall_at_1_diff1": -0.043687,
        "nauc_recall_at_3_max": 0.237491,
        "nauc_recall_at_3_std": 0.140887,
        "nauc_recall_at_3_diff1": -0.042628,
        "nauc_recall_at_5_max": 0.225467,
        "nauc_recall_at_5_std": 0.15312,
        "nauc_recall_at_5_diff1": -0.06644,
        "nauc_recall_at_10_max": 0.252192,
        "nauc_recall_at_10_std": 0.21575,
        "nauc_recall_at_10_diff1": -0.053462,
        "nauc_recall_at_20_max": 0.280334,
        "nauc_recall_at_20_std": 0.256356,
        "nauc_recall_at_20_diff1": -0.018944,
        "nauc_recall_at_100_max": 0.258033,
        "nauc_recall_at_100_std": 0.264042,
        "nauc_recall_at_100_diff1": 0.05705,
        "nauc_recall_at_1000_max": 0.235337,
        "nauc_recall_at_1000_std": 0.292462,
        "nauc_recall_at_1000_diff1": 0.049665,
        "nauc_precision_at_1_max": 0.200425,
        "nauc_precision_at_1_std": 0.08686,
        "nauc_precision_at_1_diff1": -0.043687,
        "nauc_precision_at_3_max": 0.237491,
        "nauc_precision_at_3_std": 0.140887,
        "nauc_precision_at_3_diff1": -0.042628,
        "nauc_precision_at_5_max": 0.225467,
        "nauc_precision_at_5_std": 0.15312,
        "nauc_precision_at_5_diff1": -0.06644,
        "nauc_precision_at_10_max": 0.252192,
        "nauc_precision_at_10_std": 0.21575,
        "nauc_precision_at_10_diff1": -0.053462,
        "nauc_precision_at_20_max": 0.280334,
        "nauc_precision_at_20_std": 0.256356,
        "nauc_precision_at_20_diff1": -0.018944,
        "nauc_precision_at_100_max": 0.258033,
        "nauc_precision_at_100_std": 0.264042,
        "nauc_precision_at_100_diff1": 0.05705,
        "nauc_precision_at_1000_max": 0.235337,
        "nauc_precision_at_1000_std": 0.292462,
        "nauc_precision_at_1000_diff1": 0.049665,
        "nauc_mrr_at_1_max": 0.219927,
        "nauc_mrr_at_1_std": 0.087147,
        "nauc_mrr_at_1_diff1": -0.056649,
        "nauc_mrr_at_3_max": 0.220123,
        "nauc_mrr_at_3_std": 0.124904,
        "nauc_mrr_at_3_diff1": -0.045645,
        "nauc_mrr_at_5_max": 0.21585,
        "nauc_mrr_at_5_std": 0.127572,
        "nauc_mrr_at_5_diff1": -0.056608,
        "nauc_mrr_at_10_max": 0.225181,
        "nauc_mrr_at_10_std": 0.150424,
        "nauc_mrr_at_10_diff1": -0.051634,
        "nauc_mrr_at_20_max": 0.233659,
        "nauc_mrr_at_20_std": 0.162797,
        "nauc_mrr_at_20_diff1": -0.044369,
        "nauc_mrr_at_100_max": 0.230979,
        "nauc_mrr_at_100_std": 0.165589,
        "nauc_mrr_at_100_diff1": -0.037872,
        "nauc_mrr_at_1000_max": 0.230709,
        "nauc_mrr_at_1000_std": 0.165964,
        "nauc_mrr_at_1000_diff1": -0.03844,
        "main_score": 0.0798,
        "hf_subset": "default",
        "languages": [
          "eng-Latn"
        ]
      }
    ]
  },
  "evaluation_time": 100.7305634021759,
  "kg_co2_emissions": null
}