{
  "dataset_revision": "27a168819829fe9bcd655c2df245fb19452e8e06",
  "task_name": "FiQA2018",
  "mteb_version": "1.39.7",
  "scores": {
    "test": [
      {
        "ndcg_at_1": 0.00463,
        "ndcg_at_3": 0.00472,
        "ndcg_at_5": 0.00453,
        "ndcg_at_10": 0.00518,
        "ndcg_at_20": 0.00568,
        "ndcg_at_100": 0.00737,
        "ndcg_at_1000": 0.01387,
        "map_at_1": 0.0027,
        "map_at_3": 0.00354,
        "map_at_5": 0.00354,
        "map_at_10": 0.00381,
        "map_at_20": 0.00391,
        "map_at_100": 0.00408,
        "map_at_1000": 0.00421,
        "recall_at_1": 0.0027,
        "recall_at_3": 0.00437,
        "recall_at_5": 0.00437,
        "recall_at_10": 0.00607,
        "recall_at_20": 0.00746,
        "recall_at_100": 0.01455,
        "recall_at_1000": 0.0574,
        "precision_at_1": 0.00463,
        "precision_at_3": 0.00309,
        "precision_at_5": 0.00185,
        "precision_at_10": 0.00123,
        "precision_at_20": 0.00085,
        "precision_at_100": 0.00037,
        "precision_at_1000": 0.00016,
        "mrr_at_1": 0.00463,
        "mrr_at_3": 0.006944,
        "mrr_at_5": 0.006944,
        "mrr_at_10": 0.007395,
        "mrr_at_20": 0.007701,
        "mrr_at_100": 0.00816,
        "mrr_at_1000": 0.008465,
        "nauc_ndcg_at_1_max": 0.362015,
        "nauc_ndcg_at_1_std": -0.497193,
        "nauc_ndcg_at_1_diff1": 0.274852,
        "nauc_ndcg_at_3_max": 0.18281,
        "nauc_ndcg_at_3_std": -0.4294,
        "nauc_ndcg_at_3_diff1": 0.159075,
        "nauc_ndcg_at_5_max": 0.19186,
        "nauc_ndcg_at_5_std": -0.431281,
        "nauc_ndcg_at_5_diff1": 0.184929,
        "nauc_ndcg_at_10_max": 0.198687,
        "nauc_ndcg_at_10_std": -0.374745,
        "nauc_ndcg_at_10_diff1": 0.185656,
        "nauc_ndcg_at_20_max": 0.206815,
        "nauc_ndcg_at_20_std": -0.385012,
        "nauc_ndcg_at_20_diff1": 0.14061,
        "nauc_ndcg_at_100_max": 0.250488,
        "nauc_ndcg_at_100_std": -0.347562,
        "nauc_ndcg_at_100_diff1": 0.045694,
        "nauc_ndcg_at_1000_max": 0.12414,
        "nauc_ndcg_at_1000_std": -0.191173,
        "nauc_ndcg_at_1000_diff1": -0.006262,
        "nauc_map_at_1_max": 0.292085,
        "nauc_map_at_1_std": -0.473438,
        "nauc_map_at_1_diff1": 0.399892,
        "nauc_map_at_3_max": 0.205031,
        "nauc_map_at_3_std": -0.437133,
        "nauc_map_at_3_diff1": 0.25706,
        "nauc_map_at_5_max": 0.205031,
        "nauc_map_at_5_std": -0.437133,
        "nauc_map_at_5_diff1": 0.25706,
        "nauc_map_at_10_max": 0.20188,
        "nauc_map_at_10_std": -0.400881,
        "nauc_map_at_10_diff1": 0.248429,
        "nauc_map_at_20_max": 0.201903,
        "nauc_map_at_20_std": -0.402799,
        "nauc_map_at_20_diff1": 0.231832,
        "nauc_map_at_100_max": 0.210138,
        "nauc_map_at_100_std": -0.39559,
        "nauc_map_at_100_diff1": 0.211373,
        "nauc_map_at_1000_max": 0.203906,
        "nauc_map_at_1000_std": -0.383335,
        "nauc_map_at_1000_diff1": 0.203316,
        "nauc_recall_at_1_max": 0.292085,
        "nauc_recall_at_1_std": -0.473438,
        "nauc_recall_at_1_diff1": 0.399892,
        "nauc_recall_at_3_max": 0.151262,
        "nauc_recall_at_3_std": -0.41471,
        "nauc_recall_at_3_diff1": 0.16884,
        "nauc_recall_at_5_max": 0.151262,
        "nauc_recall_at_5_std": -0.41471,
        "nauc_recall_at_5_diff1": 0.16884,
        "nauc_recall_at_10_max": 0.159477,
        "nauc_recall_at_10_std": -0.284205,
        "nauc_recall_at_10_diff1": 0.163557,
        "nauc_recall_at_20_max": 0.181901,
        "nauc_recall_at_20_std": -0.321916,
        "nauc_recall_at_20_diff1": 0.067703,
        "nauc_recall_at_100_max": 0.291618,
        "nauc_recall_at_100_std": -0.274641,
        "nauc_recall_at_100_diff1": -0.121415,
        "nauc_recall_at_1000_max": 0.045607,
        "nauc_recall_at_1000_std": -0.062012,
        "nauc_recall_at_1000_diff1": -0.102888,
        "nauc_precision_at_1_max": 0.362015,
        "nauc_precision_at_1_std": -0.497193,
        "nauc_precision_at_1_diff1": 0.274852,
        "nauc_precision_at_3_max": 0.142319,
        "nauc_precision_at_3_std": -0.413253,
        "nauc_precision_at_3_diff1": 0.019314,
        "nauc_precision_at_5_max": 0.142319,
        "nauc_precision_at_5_std": -0.413253,
        "nauc_precision_at_5_diff1": 0.019314,
        "nauc_precision_at_10_max": 0.244077,
        "nauc_precision_at_10_std": -0.349555,
        "nauc_precision_at_10_diff1": 0.109629,
        "nauc_precision_at_20_max": 0.279213,
        "nauc_precision_at_20_std": -0.396663,
        "nauc_precision_at_20_diff1": 0.014543,
        "nauc_precision_at_100_max": 0.328131,
        "nauc_precision_at_100_std": -0.298914,
        "nauc_precision_at_100_diff1": -0.096087,
        "nauc_precision_at_1000_max": 0.075217,
        "nauc_precision_at_1000_std": -0.104698,
        "nauc_precision_at_1000_diff1": -0.043266,
        "nauc_mrr_at_1_max": 0.362015,
        "nauc_mrr_at_1_std": -0.497193,
        "nauc_mrr_at_1_diff1": 0.274852,
        "nauc_mrr_at_3_max": 0.215551,
        "nauc_mrr_at_3_std": -0.441233,
        "nauc_mrr_at_3_diff1": 0.104493,
        "nauc_mrr_at_5_max": 0.215551,
        "nauc_mrr_at_5_std": -0.441233,
        "nauc_mrr_at_5_diff1": 0.104493,
        "nauc_mrr_at_10_max": 0.23195,
        "nauc_mrr_at_10_std": -0.421784,
        "nauc_mrr_at_10_diff1": 0.118847,
        "nauc_mrr_at_20_max": 0.235234,
        "nauc_mrr_at_20_std": -0.425231,
        "nauc_mrr_at_20_diff1": 0.102876,
        "nauc_mrr_at_100_max": 0.241481,
        "nauc_mrr_at_100_std": -0.412891,
        "nauc_mrr_at_100_diff1": 0.086148,
        "nauc_mrr_at_1000_max": 0.231466,
        "nauc_mrr_at_1000_std": -0.399224,
        "nauc_mrr_at_1000_diff1": 0.08102,
        "main_score": 0.00518,
        "hf_subset": "default",
        "languages": [
          "eng-Latn"
        ]
      }
    ]
  },
  "evaluation_time": 79.90898776054382,
  "kg_co2_emissions": null
}