{
  "dataset_revision": "f8c2fcf00f625baaa80f62ec5bd9e1fff3b8ae88",
  "task_name": "SCIDOCS",
  "mteb_version": "1.39.7",
  "scores": {
    "test": [
      {
        "ndcg_at_1": 0.0,
        "ndcg_at_3": 0.0,
        "ndcg_at_5": 0.00015,
        "ndcg_at_10": 0.00046,
        "ndcg_at_20": 0.00108,
        "ndcg_at_100": 0.0026,
        "ndcg_at_1000": 0.00974,
        "map_at_1": 0.0,
        "map_at_3": 0.0,
        "map_at_5": 5e-05,
        "map_at_10": 0.00012,
        "map_at_20": 0.00022,
        "map_at_100": 0.00032,
        "map_at_1000": 0.00042,
        "recall_at_1": 0.0,
        "recall_at_3": 0.0,
        "recall_at_5": 0.0002,
        "recall_at_10": 0.0008,
        "recall_at_20": 0.00225,
        "recall_at_100": 0.00758,
        "recall_at_1000": 0.04512,
        "precision_at_1": 0.0,
        "precision_at_3": 0.0,
        "precision_at_5": 0.0002,
        "precision_at_10": 0.0004,
        "precision_at_20": 0.00055,
        "precision_at_100": 0.00037,
        "precision_at_1000": 0.00022,
        "mrr_at_1": 0.0,
        "mrr_at_3": 0.0,
        "mrr_at_5": 0.00025,
        "mrr_at_10": 0.000739,
        "mrr_at_20": 0.001115,
        "mrr_at_100": 0.001589,
        "mrr_at_1000": 0.002007,
        "nauc_ndcg_at_1_max": NaN,
        "nauc_ndcg_at_1_std": NaN,
        "nauc_ndcg_at_1_diff1": NaN,
        "nauc_ndcg_at_3_max": NaN,
        "nauc_ndcg_at_3_std": NaN,
        "nauc_ndcg_at_3_diff1": NaN,
        "nauc_ndcg_at_5_max": -0.499598,
        "nauc_ndcg_at_5_std": -0.205796,
        "nauc_ndcg_at_5_diff1": -0.574725,
        "nauc_ndcg_at_10_max": -0.43632,
        "nauc_ndcg_at_10_std": -0.016002,
        "nauc_ndcg_at_10_diff1": -0.206564,
        "nauc_ndcg_at_20_max": 0.050627,
        "nauc_ndcg_at_20_std": -0.069443,
        "nauc_ndcg_at_20_diff1": -0.028521,
        "nauc_ndcg_at_100_max": -0.045242,
        "nauc_ndcg_at_100_std": 0.090364,
        "nauc_ndcg_at_100_diff1": 0.020125,
        "nauc_ndcg_at_1000_max": 0.019736,
        "nauc_ndcg_at_1000_std": 0.044276,
        "nauc_ndcg_at_1000_diff1": 0.038497,
        "nauc_map_at_1_max": NaN,
        "nauc_map_at_1_std": NaN,
        "nauc_map_at_1_diff1": NaN,
        "nauc_map_at_3_max": NaN,
        "nauc_map_at_3_std": NaN,
        "nauc_map_at_3_diff1": NaN,
        "nauc_map_at_5_max": -0.499598,
        "nauc_map_at_5_std": -0.205796,
        "nauc_map_at_5_diff1": -0.574725,
        "nauc_map_at_10_max": -0.450041,
        "nauc_map_at_10_std": -0.03255,
        "nauc_map_at_10_diff1": -0.244649,
        "nauc_map_at_20_max": -0.054662,
        "nauc_map_at_20_std": -0.087138,
        "nauc_map_at_20_diff1": -0.098206,
        "nauc_map_at_100_max": -0.09278,
        "nauc_map_at_100_std": 0.010403,
        "nauc_map_at_100_diff1": -0.046884,
        "nauc_map_at_1000_max": -0.067423,
        "nauc_map_at_1000_std": 0.014687,
        "nauc_map_at_1000_diff1": -0.028403,
        "nauc_recall_at_1_max": NaN,
        "nauc_recall_at_1_std": NaN,
        "nauc_recall_at_1_diff1": NaN,
        "nauc_recall_at_3_max": NaN,
        "nauc_recall_at_3_std": NaN,
        "nauc_recall_at_3_diff1": NaN,
        "nauc_recall_at_5_max": -0.499598,
        "nauc_recall_at_5_std": -0.205796,
        "nauc_recall_at_5_diff1": -0.574725,
        "nauc_recall_at_10_max": -0.426147,
        "nauc_recall_at_10_std": -0.005769,
        "nauc_recall_at_10_diff1": -0.181782,
        "nauc_recall_at_20_max": 0.111707,
        "nauc_recall_at_20_std": -0.063286,
        "nauc_recall_at_20_diff1": 0.010023,
        "nauc_recall_at_100_max": -0.035138,
        "nauc_recall_at_100_std": 0.11553,
        "nauc_recall_at_100_diff1": 0.0342,
        "nauc_recall_at_1000_max": 0.033942,
        "nauc_recall_at_1000_std": 0.041876,
        "nauc_recall_at_1000_diff1": 0.044313,
        "nauc_precision_at_1_max": NaN,
        "nauc_precision_at_1_std": NaN,
        "nauc_precision_at_1_diff1": NaN,
        "nauc_precision_at_3_max": NaN,
        "nauc_precision_at_3_std": NaN,
        "nauc_precision_at_3_diff1": NaN,
        "nauc_precision_at_5_max": -0.499598,
        "nauc_precision_at_5_std": -0.205796,
        "nauc_precision_at_5_diff1": -0.574725,
        "nauc_precision_at_10_max": -0.426147,
        "nauc_precision_at_10_std": -0.005769,
        "nauc_precision_at_10_diff1": -0.181782,
        "nauc_precision_at_20_max": 0.112008,
        "nauc_precision_at_20_std": -0.05337,
        "nauc_precision_at_20_diff1": 0.011855,
        "nauc_precision_at_100_max": -0.029195,
        "nauc_precision_at_100_std": 0.123039,
        "nauc_precision_at_100_diff1": 0.044525,
        "nauc_precision_at_1000_max": 0.036215,
        "nauc_precision_at_1000_std": 0.043749,
        "nauc_precision_at_1000_diff1": 0.049675,
        "nauc_mrr_at_1_max": NaN,
        "nauc_mrr_at_1_std": NaN,
        "nauc_mrr_at_1_diff1": NaN,
        "nauc_mrr_at_3_max": NaN,
        "nauc_mrr_at_3_std": NaN,
        "nauc_mrr_at_3_diff1": NaN,
        "nauc_mrr_at_5_max": -0.499598,
        "nauc_mrr_at_5_std": -0.205796,
        "nauc_mrr_at_5_diff1": -0.574725,
        "nauc_mrr_at_10_max": -0.280752,
        "nauc_mrr_at_10_std": -0.07916,
        "nauc_mrr_at_10_diff1": -0.242397,
        "nauc_mrr_at_20_max": -0.048011,
        "nauc_mrr_at_20_std": -0.069184,
        "nauc_mrr_at_20_diff1": -0.088796,
        "nauc_mrr_at_100_max": -0.088323,
        "nauc_mrr_at_100_std": 0.026021,
        "nauc_mrr_at_100_diff1": -0.038317,
        "nauc_mrr_at_1000_max": -0.065783,
        "nauc_mrr_at_1000_std": 0.024895,
        "nauc_mrr_at_1000_diff1": -0.021239,
        "main_score": 0.00046,
        "hf_subset": "default",
        "languages": [
          "eng-Latn"
        ]
      }
    ]
  },
  "evaluation_time": 279.4128592014313,
  "kg_co2_emissions": null
}