{
  "map_at_10": 0.07691,
  "mrr_at_10": 0.42654184480809854,
  "ndcg_at_10": 0.23849,
  "recall_at_10": 0.10969,
  "recall_at_100": 0.21405
}
