{
  "dataset_revision": "c22ab2a51041ffd869aaddef7af8d8215647e41a",
  "task_name": "ArguAna",
  "mteb_version": "1.39.7",
  "scores": {
    "test": [
      {
        "ndcg_at_1": 0.2724,
        "ndcg_at_3": 0.40216,
        "ndcg_at_5": 0.45566,
        "ndcg_at_10": 0.50215,
        "ndcg_at_20": 0.52396,
        "ndcg_at_100": 0.54198,
        "ndcg_at_1000": 0.54684,
        "map_at_1": 0.2724,
        "map_at_3": 0.36901,
        "map_at_5": 0.39881,
        "map_at_10": 0.41802,
        "map_at_20": 0.42412,
        "map_at_100": 0.42659,
        "map_at_1000": 0.42679,
        "recall_at_1": 0.2724,
        "recall_at_3": 0.49858,
        "recall_at_5": 0.62802,
        "recall_at_10": 0.77169,
        "recall_at_20": 0.85704,
        "recall_at_100": 0.95448,
        "recall_at_1000": 0.99147,
        "precision_at_1": 0.2724,
        "precision_at_3": 0.16619,
        "precision_at_5": 0.1256,
        "precision_at_10": 0.07717,
        "precision_at_20": 0.04285,
        "precision_at_100": 0.00954,
        "precision_at_1000": 0.00099,
        "mrr_at_1": 0.273826,
        "mrr_at_3": 0.370318,
        "mrr_at_5": 0.399621,
        "mrr_at_10": 0.41869,
        "mrr_at_20": 0.42493,
        "mrr_at_100": 0.427394,
        "mrr_at_1000": 0.427601,
        "nauc_ndcg_at_1_max": -0.078489,
        "nauc_ndcg_at_1_std": -0.064025,
        "nauc_ndcg_at_1_diff1": 0.112877,
        "nauc_ndcg_at_3_max": -0.023255,
        "nauc_ndcg_at_3_std": -0.073522,
        "nauc_ndcg_at_3_diff1": 0.077875,
        "nauc_ndcg_at_5_max": -0.008695,
        "nauc_ndcg_at_5_std": -0.061917,
        "nauc_ndcg_at_5_diff1": 0.087906,
        "nauc_ndcg_at_10_max": -0.005871,
        "nauc_ndcg_at_10_std": -0.051409,
        "nauc_ndcg_at_10_diff1": 0.079043,
        "nauc_ndcg_at_20_max": -0.006457,
        "nauc_ndcg_at_20_std": -0.045709,
        "nauc_ndcg_at_20_diff1": 0.077537,
        "nauc_ndcg_at_100_max": -0.007982,
        "nauc_ndcg_at_100_std": -0.04149,
        "nauc_ndcg_at_100_diff1": 0.086659,
        "nauc_ndcg_at_1000_max": -0.015447,
        "nauc_ndcg_at_1000_std": -0.049514,
        "nauc_ndcg_at_1000_diff1": 0.086302,
        "nauc_map_at_1_max": -0.078489,
        "nauc_map_at_1_std": -0.064025,
        "nauc_map_at_1_diff1": 0.112877,
        "nauc_map_at_3_max": -0.036447,
        "nauc_map_at_3_std": -0.071152,
        "nauc_map_at_3_diff1": 0.086328,
        "nauc_map_at_5_max": -0.028538,
        "nauc_map_at_5_std": -0.064232,
        "nauc_map_at_5_diff1": 0.09213,
        "nauc_map_at_10_max": -0.028024,
        "nauc_map_at_10_std": -0.060036,
        "nauc_map_at_10_diff1": 0.08857,
        "nauc_map_at_20_max": -0.028098,
        "nauc_map_at_20_std": -0.058559,
        "nauc_map_at_20_diff1": 0.088433,
        "nauc_map_at_100_max": -0.028017,
        "nauc_map_at_100_std": -0.058342,
        "nauc_map_at_100_diff1": 0.08996,
        "nauc_map_at_1000_max": -0.028272,
        "nauc_map_at_1000_std": -0.058568,
        "nauc_map_at_1000_diff1": 0.08992,
        "nauc_recall_at_1_max": -0.078489,
        "nauc_recall_at_1_std": -0.064025,
        "nauc_recall_at_1_diff1": 0.112877,
        "nauc_recall_at_3_max": 0.01406,
        "nauc_recall_at_3_std": -0.080266,
        "nauc_recall_at_3_diff1": 0.053929,
        "nauc_recall_at_5_max": 0.056548,
        "nauc_recall_at_5_std": -0.053414,
        "nauc_recall_at_5_diff1": 0.075876,
        "nauc_recall_at_10_max": 0.096363,
        "nauc_recall_at_10_std": -0.005872,
        "nauc_recall_at_10_diff1": 0.034581,
        "nauc_recall_at_20_max": 0.136834,
        "nauc_recall_at_20_std": 0.058637,
        "nauc_recall_at_20_diff1": -0.001444,
        "nauc_recall_at_100_max": 0.338184,
        "nauc_recall_at_100_std": 0.417612,
        "nauc_recall_at_100_diff1": 0.076745,
        "nauc_recall_at_1000_max": 0.111028,
        "nauc_recall_at_1000_std": 0.470208,
        "nauc_recall_at_1000_diff1": 0.008015,
        "nauc_precision_at_1_max": -0.078489,
        "nauc_precision_at_1_std": -0.064025,
        "nauc_precision_at_1_diff1": 0.112877,
        "nauc_precision_at_3_max": 0.01406,
        "nauc_precision_at_3_std": -0.080266,
        "nauc_precision_at_3_diff1": 0.053929,
        "nauc_precision_at_5_max": 0.056548,
        "nauc_precision_at_5_std": -0.053414,
        "nauc_precision_at_5_diff1": 0.075876,
        "nauc_precision_at_10_max": 0.096363,
        "nauc_precision_at_10_std": -0.005872,
        "nauc_precision_at_10_diff1": 0.034581,
        "nauc_precision_at_20_max": 0.136834,
        "nauc_precision_at_20_std": 0.058637,
        "nauc_precision_at_20_diff1": -0.001444,
        "nauc_precision_at_100_max": 0.338184,
        "nauc_precision_at_100_std": 0.417612,
        "nauc_precision_at_100_diff1": 0.076745,
        "nauc_precision_at_1000_max": 0.111028,
        "nauc_precision_at_1000_std": 0.470208,
        "nauc_precision_at_1000_diff1": 0.008015,
        "nauc_mrr_at_1_max": -0.079122,
        "nauc_mrr_at_1_std": -0.063262,
        "nauc_mrr_at_1_diff1": 0.108303,
        "nauc_mrr_at_3_max": -0.039838,
        "nauc_mrr_at_3_std": -0.06913,
        "nauc_mrr_at_3_diff1": 0.080748,
        "nauc_mrr_at_5_max": -0.031319,
        "nauc_mrr_at_5_std": -0.063687,
        "nauc_mrr_at_5_diff1": 0.086692,
        "nauc_mrr_at_10_max": -0.031736,
        "nauc_mrr_at_10_std": -0.059892,
        "nauc_mrr_at_10_diff1": 0.082981,
        "nauc_mrr_at_20_max": -0.031194,
        "nauc_mrr_at_20_std": -0.058458,
        "nauc_mrr_at_20_diff1": 0.083439,
        "nauc_mrr_at_100_max": -0.031151,
        "nauc_mrr_at_100_std": -0.058242,
        "nauc_mrr_at_100_diff1": 0.08491,
        "nauc_mrr_at_1000_max": -0.031408,
        "nauc_mrr_at_1000_std": -0.058467,
        "nauc_mrr_at_1000_diff1": 0.084867,
        "main_score": 0.50215,
        "hf_subset": "default",
        "languages": [
          "eng-Latn"
        ]
      }
    ]
  },
  "evaluation_time": 49.42790508270264,
  "kg_co2_emissions": null
}