{
  "dataset_revision": "c22ab2a51041ffd869aaddef7af8d8215647e41a",
  "task_name": "ArguAna",
  "mteb_version": "1.39.7",
  "scores": {
    "test": [
      {
        "ndcg_at_1": 0.01494,
        "ndcg_at_3": 0.03463,
        "ndcg_at_5": 0.04253,
        "ndcg_at_10": 0.05543,
        "ndcg_at_20": 0.06616,
        "ndcg_at_100": 0.09438,
        "ndcg_at_1000": 0.13342,
        "map_at_1": 0.01494,
        "map_at_3": 0.02987,
        "map_at_5": 0.03425,
        "map_at_10": 0.03945,
        "map_at_20": 0.04236,
        "map_at_100": 0.046,
        "map_at_1000": 0.04716,
        "recall_at_1": 0.01494,
        "recall_at_3": 0.04836,
        "recall_at_5": 0.06757,
        "recall_at_10": 0.10811,
        "recall_at_20": 0.15078,
        "recall_at_100": 0.30654,
        "recall_at_1000": 0.63229,
        "precision_at_1": 0.01494,
        "precision_at_3": 0.01612,
        "precision_at_5": 0.01351,
        "precision_at_10": 0.01081,
        "precision_at_20": 0.00754,
        "precision_at_100": 0.00307,
        "precision_at_1000": 0.00063,
        "mrr_at_1": 0.015647,
        "mrr_at_3": 0.030109,
        "mrr_at_5": 0.034483,
        "mrr_at_10": 0.039688,
        "mrr_at_20": 0.042602,
        "mrr_at_100": 0.046233,
        "mrr_at_1000": 0.047394,
        "nauc_ndcg_at_1_max": 0.239511,
        "nauc_ndcg_at_1_std": -0.094596,
        "nauc_ndcg_at_1_diff1": -0.053941,
        "nauc_ndcg_at_3_max": 0.304902,
        "nauc_ndcg_at_3_std": 0.037743,
        "nauc_ndcg_at_3_diff1": -0.062563,
        "nauc_ndcg_at_5_max": 0.290874,
        "nauc_ndcg_at_5_std": 0.058085,
        "nauc_ndcg_at_5_diff1": -0.025035,
        "nauc_ndcg_at_10_max": 0.310114,
        "nauc_ndcg_at_10_std": 0.107348,
        "nauc_ndcg_at_10_diff1": -0.020201,
        "nauc_ndcg_at_20_max": 0.292107,
        "nauc_ndcg_at_20_std": 0.137015,
        "nauc_ndcg_at_20_diff1": 1e-05,
        "nauc_ndcg_at_100_max": 0.260238,
        "nauc_ndcg_at_100_std": 0.156066,
        "nauc_ndcg_at_100_diff1": 0.024385,
        "nauc_ndcg_at_1000_max": 0.265905,
        "nauc_ndcg_at_1000_std": 0.15578,
        "nauc_ndcg_at_1000_diff1": 0.027799,
        "nauc_map_at_1_max": 0.239511,
        "nauc_map_at_1_std": -0.094596,
        "nauc_map_at_1_diff1": -0.053941,
        "nauc_map_at_3_max": 0.299737,
        "nauc_map_at_3_std": 0.025678,
        "nauc_map_at_3_diff1": -0.061589,
        "nauc_map_at_5_max": 0.289774,
        "nauc_map_at_5_std": 0.040762,
        "nauc_map_at_5_diff1": -0.034584,
        "nauc_map_at_10_max": 0.301121,
        "nauc_map_at_10_std": 0.070399,
        "nauc_map_at_10_diff1": -0.030076,
        "nauc_map_at_20_max": 0.293988,
        "nauc_map_at_20_std": 0.084375,
        "nauc_map_at_20_diff1": -0.02171,
        "nauc_map_at_100_max": 0.285283,
        "nauc_map_at_100_std": 0.089808,
        "nauc_map_at_100_diff1": -0.016594,
        "nauc_map_at_1000_max": 0.285448,
        "nauc_map_at_1000_std": 0.090073,
        "nauc_map_at_1000_diff1": -0.016289,
        "nauc_recall_at_1_max": 0.239511,
        "nauc_recall_at_1_std": -0.094596,
        "nauc_recall_at_1_diff1": -0.053941,
        "nauc_recall_at_3_max": 0.313415,
        "nauc_recall_at_3_std": 0.058256,
        "nauc_recall_at_3_diff1": -0.064282,
        "nauc_recall_at_5_max": 0.291565,
        "nauc_recall_at_5_std": 0.084504,
        "nauc_recall_at_5_diff1": -0.009113,
        "nauc_recall_at_10_max": 0.321891,
        "nauc_recall_at_10_std": 0.155704,
        "nauc_recall_at_10_diff1": -0.008351,
        "nauc_recall_at_20_max": 0.286864,
        "nauc_recall_at_20_std": 0.199679,
        "nauc_recall_at_20_diff1": 0.027001,
        "nauc_recall_at_100_max": 0.227926,
        "nauc_recall_at_100_std": 0.221392,
        "nauc_recall_at_100_diff1": 0.072253,
        "nauc_recall_at_1000_max": 0.243893,
        "nauc_recall_at_1000_std": 0.227713,
        "nauc_recall_at_1000_diff1": 0.091035,
        "nauc_precision_at_1_max": 0.239511,
        "nauc_precision_at_1_std": -0.094596,
        "nauc_precision_at_1_diff1": -0.053941,
        "nauc_precision_at_3_max": 0.313415,
        "nauc_precision_at_3_std": 0.058256,
        "nauc_precision_at_3_diff1": -0.064282,
        "nauc_precision_at_5_max": 0.291565,
        "nauc_precision_at_5_std": 0.084504,
        "nauc_precision_at_5_diff1": -0.009113,
        "nauc_precision_at_10_max": 0.321891,
        "nauc_precision_at_10_std": 0.155704,
        "nauc_precision_at_10_diff1": -0.008351,
        "nauc_precision_at_20_max": 0.286864,
        "nauc_precision_at_20_std": 0.199679,
        "nauc_precision_at_20_diff1": 0.027001,
        "nauc_precision_at_100_max": 0.227926,
        "nauc_precision_at_100_std": 0.221392,
        "nauc_precision_at_100_diff1": 0.072253,
        "nauc_precision_at_1000_max": 0.243893,
        "nauc_precision_at_1000_std": 0.227713,
        "nauc_precision_at_1000_diff1": 0.091035,
        "nauc_mrr_at_1_max": 0.258744,
        "nauc_mrr_at_1_std": -0.099659,
        "nauc_mrr_at_1_diff1": -0.077632,
        "nauc_mrr_at_3_max": 0.301266,
        "nauc_mrr_at_3_std": 0.023854,
        "nauc_mrr_at_3_diff1": -0.070506,
        "nauc_mrr_at_5_max": 0.291178,
        "nauc_mrr_at_5_std": 0.039066,
        "nauc_mrr_at_5_diff1": -0.042555,
        "nauc_mrr_at_10_max": 0.30228,
        "nauc_mrr_at_10_std": 0.068737,
        "nauc_mrr_at_10_diff1": -0.037075,
        "nauc_mrr_at_20_max": 0.295135,
        "nauc_mrr_at_20_std": 0.08271,
        "nauc_mrr_at_20_diff1": -0.028431,
        "nauc_mrr_at_100_max": 0.286431,
        "nauc_mrr_at_100_std": 0.088183,
        "nauc_mrr_at_100_diff1": -0.023067,
        "nauc_mrr_at_1000_max": 0.286595,
        "nauc_mrr_at_1000_std": 0.088446,
        "nauc_mrr_at_1000_diff1": -0.022763,
        "main_score": 0.05543,
        "hf_subset": "default",
        "languages": [
          "eng-Latn"
        ]
      }
    ]
  },
  "evaluation_time": 149.6999876499176,
  "kg_co2_emissions": null
}