{
  "map_at_10": 0.41946,
  "mrr_at_10": 0.42092280250174974,
  "ndcg_at_10": 0.50285,
  "recall_at_10": 0.76814,
  "recall_at_100": 0.95235
}
