{
  "map_at_10": 0.42003,
  "mrr_at_10": 0.4214395786764208,
  "ndcg_at_10": 0.50325,
  "recall_at_10": 0.76814,
  "recall_at_100": 0.95235
}
