{
  "map_at_10": 0.42113,
  "mrr_at_10": 0.42246776852039986,
  "ndcg_at_10": 0.50618,
  "recall_at_10": 0.77738,
  "recall_at_100": 0.95448
}
