{
  "map_at_10": 0.41877,
  "mrr_at_10": 0.42058637584953357,
  "ndcg_at_10": 0.50232,
  "recall_at_10": 0.76814,
  "recall_at_100": 0.95235
}
