{
  "map_at_10": 0.41938,
  "mrr_at_10": 0.42101481180428524,
  "ndcg_at_10": 0.50262,
  "recall_at_10": 0.76743,
  "recall_at_100": 0.95235
}
