{
  "map_at_10": 0.41891,
  "mrr_at_10": 0.42040151053308944,
  "ndcg_at_10": 0.50291,
  "recall_at_10": 0.77027,
  "recall_at_100": 0.95306
}
