{
  "map_at_10": 0.4195,
  "mrr_at_10": 0.42174947503894866,
  "ndcg_at_10": 0.50271,
  "recall_at_10": 0.76743,
  "recall_at_100": 0.95235
}
