{
  "map_at_10": 0.4192,
  "mrr_at_10": 0.42115000338684555,
  "ndcg_at_10": 0.50264,
  "recall_at_10": 0.76814,
  "recall_at_100": 0.95164
}
