{
  "map_at_10": 0.41941,
  "mrr_at_10": 0.42047630337104,
  "ndcg_at_10": 0.50263,
  "recall_at_10": 0.76743,
  "recall_at_100": 0.95235
}
