{
  "dataset_revision": "27a168819829fe9bcd655c2df245fb19452e8e06",
  "task_name": "FiQA2018",
  "mteb_version": "1.39.7",
  "scores": {
    "test": [
      {
        "ndcg_at_1": 0.02469,
        "ndcg_at_3": 0.02849,
        "ndcg_at_5": 0.03083,
        "ndcg_at_10": 0.0369,
        "ndcg_at_20": 0.04408,
        "ndcg_at_100": 0.05573,
        "ndcg_at_1000": 0.0822,
        "map_at_1": 0.01265,
        "map_at_3": 0.0199,
        "map_at_5": 0.02162,
        "map_at_10": 0.02429,
        "map_at_20": 0.02614,
        "map_at_100": 0.02749,
        "map_at_1000": 0.02829,
        "recall_at_1": 0.01265,
        "recall_at_3": 0.02794,
        "recall_at_5": 0.03576,
        "recall_at_10": 0.05344,
        "recall_at_20": 0.07639,
        "recall_at_100": 0.12492,
        "recall_at_1000": 0.29536,
        "precision_at_1": 0.02469,
        "precision_at_3": 0.01903,
        "precision_at_5": 0.01543,
        "precision_at_10": 0.01142,
        "precision_at_20": 0.00841,
        "precision_at_100": 0.00306,
        "precision_at_1000": 0.00077,
        "mrr_at_1": 0.024691,
        "mrr_at_3": 0.03858,
        "mrr_at_5": 0.042978,
        "mrr_at_10": 0.046304,
        "mrr_at_20": 0.049321,
        "mrr_at_100": 0.051585,
        "mrr_at_1000": 0.052496,
        "nauc_ndcg_at_1_max": 0.285565,
        "nauc_ndcg_at_1_std": 0.168938,
        "nauc_ndcg_at_1_diff1": 0.275104,
        "nauc_ndcg_at_3_max": 0.175556,
        "nauc_ndcg_at_3_std": 0.248309,
        "nauc_ndcg_at_3_diff1": 0.330282,
        "nauc_ndcg_at_5_max": 0.156601,
        "nauc_ndcg_at_5_std": 0.30005,
        "nauc_ndcg_at_5_diff1": 0.290633,
        "nauc_ndcg_at_10_max": 0.132107,
        "nauc_ndcg_at_10_std": 0.301488,
        "nauc_ndcg_at_10_diff1": 0.235305,
        "nauc_ndcg_at_20_max": 0.117449,
        "nauc_ndcg_at_20_std": 0.290688,
        "nauc_ndcg_at_20_diff1": 0.218773,
        "nauc_ndcg_at_100_max": 0.10242,
        "nauc_ndcg_at_100_std": 0.260477,
        "nauc_ndcg_at_100_diff1": 0.160383,
        "nauc_ndcg_at_1000_max": 0.089525,
        "nauc_ndcg_at_1000_std": 0.240145,
        "nauc_ndcg_at_1000_diff1": 0.110502,
        "nauc_map_at_1_max": 0.334016,
        "nauc_map_at_1_std": 0.278433,
        "nauc_map_at_1_diff1": 0.332035,
        "nauc_map_at_3_max": 0.195926,
        "nauc_map_at_3_std": 0.29256,
        "nauc_map_at_3_diff1": 0.344916,
        "nauc_map_at_5_max": 0.185759,
        "nauc_map_at_5_std": 0.313175,
        "nauc_map_at_5_diff1": 0.32159,
        "nauc_map_at_10_max": 0.170364,
        "nauc_map_at_10_std": 0.309592,
        "nauc_map_at_10_diff1": 0.283992,
        "nauc_map_at_20_max": 0.1612,
        "nauc_map_at_20_std": 0.304155,
        "nauc_map_at_20_diff1": 0.272013,
        "nauc_map_at_100_max": 0.155042,
        "nauc_map_at_100_std": 0.300648,
        "nauc_map_at_100_diff1": 0.257278,
        "nauc_map_at_1000_max": 0.153063,
        "nauc_map_at_1000_std": 0.300886,
        "nauc_map_at_1000_diff1": 0.253014,
        "nauc_recall_at_1_max": 0.334016,
        "nauc_recall_at_1_std": 0.278433,
        "nauc_recall_at_1_diff1": 0.332035,
        "nauc_recall_at_3_max": 0.138207,
        "nauc_recall_at_3_std": 0.29384,
        "nauc_recall_at_3_diff1": 0.357168,
        "nauc_recall_at_5_max": 0.118359,
        "nauc_recall_at_5_std": 0.351958,
        "nauc_recall_at_5_diff1": 0.291436,
        "nauc_recall_at_10_max": 0.080354,
        "nauc_recall_at_10_std": 0.311431,
        "nauc_recall_at_10_diff1": 0.190942,
        "nauc_recall_at_20_max": 0.058679,
        "nauc_recall_at_20_std": 0.279623,
        "nauc_recall_at_20_diff1": 0.167089,
        "nauc_recall_at_100_max": 0.042777,
        "nauc_recall_at_100_std": 0.202087,
        "nauc_recall_at_100_diff1": 0.05799,
        "nauc_recall_at_1000_max": 0.022842,
        "nauc_recall_at_1000_std": 0.153749,
        "nauc_recall_at_1000_diff1": -0.018194,
        "nauc_precision_at_1_max": 0.285565,
        "nauc_precision_at_1_std": 0.168938,
        "nauc_precision_at_1_diff1": 0.275104,
        "nauc_precision_at_3_max": 0.152736,
        "nauc_precision_at_3_std": 0.221749,
        "nauc_precision_at_3_diff1": 0.334569,
        "nauc_precision_at_5_max": 0.116169,
        "nauc_precision_at_5_std": 0.300249,
        "nauc_precision_at_5_diff1": 0.219843,
        "nauc_precision_at_10_max": 0.083871,
        "nauc_precision_at_10_std": 0.308337,
        "nauc_precision_at_10_diff1": 0.137263,
        "nauc_precision_at_20_max": 0.071081,
        "nauc_precision_at_20_std": 0.284944,
        "nauc_precision_at_20_diff1": 0.117724,
        "nauc_precision_at_100_max": 0.061854,
        "nauc_precision_at_100_std": 0.218261,
        "nauc_precision_at_100_diff1": 0.022217,
        "nauc_precision_at_1000_max": 0.052041,
        "nauc_precision_at_1000_std": 0.124033,
        "nauc_precision_at_1000_diff1": -0.070518,
        "nauc_mrr_at_1_max": 0.285565,
        "nauc_mrr_at_1_std": 0.168938,
        "nauc_mrr_at_1_diff1": 0.275104,
        "nauc_mrr_at_3_max": 0.186404,
        "nauc_mrr_at_3_std": 0.213552,
        "nauc_mrr_at_3_diff1": 0.301871,
        "nauc_mrr_at_5_max": 0.170554,
        "nauc_mrr_at_5_std": 0.245378,
        "nauc_mrr_at_5_diff1": 0.26064,
        "nauc_mrr_at_10_max": 0.157438,
        "nauc_mrr_at_10_std": 0.243487,
        "nauc_mrr_at_10_diff1": 0.239607,
        "nauc_mrr_at_20_max": 0.153556,
        "nauc_mrr_at_20_std": 0.243347,
        "nauc_mrr_at_20_diff1": 0.237531,
        "nauc_mrr_at_100_max": 0.150512,
        "nauc_mrr_at_100_std": 0.237443,
        "nauc_mrr_at_100_diff1": 0.226249,
        "nauc_mrr_at_1000_max": 0.150082,
        "nauc_mrr_at_1000_std": 0.236375,
        "nauc_mrr_at_1000_diff1": 0.224605,
        "main_score": 0.0369,
        "hf_subset": "default",
        "languages": [
          "eng-Latn"
        ]
      }
    ]
  },
  "evaluation_time": 317.030974149704,
  "kg_co2_emissions": null
}