{
  "dataset_revision": "bb9466bac8153a0349341eb1b22e06409e78ef4e",
  "task_name": "TRECCOVID",
  "mteb_version": "1.39.7",
  "scores": {
    "test": [
      {
        "ndcg_at_1": 0.69,
        "ndcg_at_3": 0.71246,
        "ndcg_at_5": 0.70477,
        "ndcg_at_10": 0.66479,
        "ndcg_at_20": 0.6272,
        "ndcg_at_100": 0.48451,
        "ndcg_at_1000": 0.413,
        "map_at_1": 0.00196,
        "map_at_3": 0.00536,
        "map_at_5": 0.00843,
        "map_at_10": 0.01467,
        "map_at_20": 0.02561,
        "map_at_100": 0.07746,
        "map_at_1000": 0.17698,
        "recall_at_1": 0.00196,
        "recall_at_3": 0.00577,
        "recall_at_5": 0.00963,
        "recall_at_10": 0.0175,
        "recall_at_20": 0.03185,
        "recall_at_100": 0.11139,
        "recall_at_1000": 0.38312,
        "precision_at_1": 0.76,
        "precision_at_3": 0.76667,
        "precision_at_5": 0.772,
        "precision_at_10": 0.71,
        "precision_at_20": 0.664,
        "precision_at_100": 0.4938,
        "precision_at_1000": 0.18632,
        "mrr_at_1": 0.76,
        "mrr_at_3": 0.846667,
        "mrr_at_5": 0.861667,
        "mrr_at_10": 0.861667,
        "mrr_at_20": 0.861667,
        "mrr_at_100": 0.861667,
        "mrr_at_1000": 0.861667,
        "nauc_ndcg_at_1_max": 0.247478,
        "nauc_ndcg_at_1_std": 0.23002,
        "nauc_ndcg_at_1_diff1": 0.174335,
        "nauc_ndcg_at_3_max": 0.380139,
        "nauc_ndcg_at_3_std": 0.437647,
        "nauc_ndcg_at_3_diff1": -0.090785,
        "nauc_ndcg_at_5_max": 0.380117,
        "nauc_ndcg_at_5_std": 0.517085,
        "nauc_ndcg_at_5_diff1": -0.088254,
        "nauc_ndcg_at_10_max": 0.399101,
        "nauc_ndcg_at_10_std": 0.59142,
        "nauc_ndcg_at_10_diff1": -0.131867,
        "nauc_ndcg_at_20_max": 0.395759,
        "nauc_ndcg_at_20_std": 0.632587,
        "nauc_ndcg_at_20_diff1": -0.148041,
        "nauc_ndcg_at_100_max": 0.512093,
        "nauc_ndcg_at_100_std": 0.797632,
        "nauc_ndcg_at_100_diff1": -0.167062,
        "nauc_ndcg_at_1000_max": 0.592466,
        "nauc_ndcg_at_1000_std": 0.829059,
        "nauc_ndcg_at_1000_diff1": -0.188985,
        "nauc_map_at_1_max": 0.096166,
        "nauc_map_at_1_std": -0.080765,
        "nauc_map_at_1_diff1": 0.173648,
        "nauc_map_at_3_max": 0.133411,
        "nauc_map_at_3_std": 0.038149,
        "nauc_map_at_3_diff1": -0.08486,
        "nauc_map_at_5_max": 0.062488,
        "nauc_map_at_5_std": 0.090775,
        "nauc_map_at_5_diff1": -0.107436,
        "nauc_map_at_10_max": 0.148785,
        "nauc_map_at_10_std": 0.233346,
        "nauc_map_at_10_diff1": -0.151968,
        "nauc_map_at_20_max": 0.22019,
        "nauc_map_at_20_std": 0.354227,
        "nauc_map_at_20_diff1": -0.173248,
        "nauc_map_at_100_max": 0.530836,
        "nauc_map_at_100_std": 0.772639,
        "nauc_map_at_100_diff1": -0.144188,
        "nauc_map_at_1000_max": 0.605443,
        "nauc_map_at_1000_std": 0.871854,
        "nauc_map_at_1000_diff1": -0.166338,
        "nauc_recall_at_1_max": 0.096166,
        "nauc_recall_at_1_std": -0.080765,
        "nauc_recall_at_1_diff1": 0.173648,
        "nauc_recall_at_3_max": 0.107857,
        "nauc_recall_at_3_std": 0.004937,
        "nauc_recall_at_3_diff1": -0.099655,
        "nauc_recall_at_5_max": -0.014589,
        "nauc_recall_at_5_std": -0.00839,
        "nauc_recall_at_5_diff1": -0.083749,
        "nauc_recall_at_10_max": 0.07752,
        "nauc_recall_at_10_std": 0.113651,
        "nauc_recall_at_10_diff1": -0.129609,
        "nauc_recall_at_20_max": 0.152805,
        "nauc_recall_at_20_std": 0.211736,
        "nauc_recall_at_20_diff1": -0.129269,
        "nauc_recall_at_100_max": 0.470525,
        "nauc_recall_at_100_std": 0.6172,
        "nauc_recall_at_100_diff1": -0.121199,
        "nauc_recall_at_1000_max": 0.575889,
        "nauc_recall_at_1000_std": 0.736854,
        "nauc_recall_at_1000_diff1": -0.1521,
        "nauc_precision_at_1_max": 0.250454,
        "nauc_precision_at_1_std": 0.258198,
        "nauc_precision_at_1_diff1": 0.21779,
        "nauc_precision_at_3_max": 0.428182,
        "nauc_precision_at_3_std": 0.512064,
        "nauc_precision_at_3_diff1": -0.148711,
        "nauc_precision_at_5_max": 0.305003,
        "nauc_precision_at_5_std": 0.541984,
        "nauc_precision_at_5_diff1": -0.116829,
        "nauc_precision_at_10_max": 0.421412,
        "nauc_precision_at_10_std": 0.674402,
        "nauc_precision_at_10_diff1": -0.182905,
        "nauc_precision_at_20_max": 0.403099,
        "nauc_precision_at_20_std": 0.668372,
        "nauc_precision_at_20_diff1": -0.175499,
        "nauc_precision_at_100_max": 0.544092,
        "nauc_precision_at_100_std": 0.829251,
        "nauc_precision_at_100_diff1": -0.137277,
        "nauc_precision_at_1000_max": 0.429181,
        "nauc_precision_at_1000_std": 0.661421,
        "nauc_precision_at_1000_diff1": -0.146773,
        "nauc_mrr_at_1_max": 0.250454,
        "nauc_mrr_at_1_std": 0.258198,
        "nauc_mrr_at_1_diff1": 0.21779,
        "nauc_mrr_at_3_max": 0.372645,
        "nauc_mrr_at_3_std": 0.37151,
        "nauc_mrr_at_3_diff1": 0.173949,
        "nauc_mrr_at_5_max": 0.328705,
        "nauc_mrr_at_5_std": 0.325493,
        "nauc_mrr_at_5_diff1": 0.195117,
        "nauc_mrr_at_10_max": 0.328705,
        "nauc_mrr_at_10_std": 0.325493,
        "nauc_mrr_at_10_diff1": 0.195117,
        "nauc_mrr_at_20_max": 0.328705,
        "nauc_mrr_at_20_std": 0.325493,
        "nauc_mrr_at_20_diff1": 0.195117,
        "nauc_mrr_at_100_max": 0.328705,
        "nauc_mrr_at_100_std": 0.325493,
        "nauc_mrr_at_100_diff1": 0.195117,
        "nauc_mrr_at_1000_max": 0.328705,
        "nauc_mrr_at_1000_std": 0.325493,
        "nauc_mrr_at_1000_diff1": 0.195117,
        "main_score": 0.66479,
        "hf_subset": "default",
        "languages": [
          "eng-Latn"
        ]
      }
    ]
  },
  "evaluation_time": 296.3371641635895,
  "kg_co2_emissions": null
}