{
  "map_at_10": 0.41777,
  "mrr_at_10": 0.41925506333401075,
  "ndcg_at_10": 0.50243,
  "recall_at_10": 0.77383,
  "recall_at_100": 0.95519
}
