{
  "map_at_10": 0.41843,
  "mrr_at_10": 0.41928723836618553,
  "ndcg_at_10": 0.5041,
  "recall_at_10": 0.77881,
  "recall_at_100": 0.95448
}
