{
  "map_at_10": 0.41802,
  "mrr_at_10": 0.418690024611077,
  "ndcg_at_10": 0.50215,
  "recall_at_10": 0.77169,
  "recall_at_100": 0.95448
}
