{
  "map_at_10": 0.41734,
  "mrr_at_10": 0.4185438257806678,
  "ndcg_at_10": 0.50148,
  "recall_at_10": 0.77098,
  "recall_at_100": 0.95448
}
