{
  "map_at_10": 0.41725,
  "mrr_at_10": 0.4184396802817856,
  "ndcg_at_10": 0.50143,
  "recall_at_10": 0.77098,
  "recall_at_100": 0.95377
}
