{
  "map_at_10": 0.41748,
  "mrr_at_10": 0.4186697035381245,
  "ndcg_at_10": 0.50208,
  "recall_at_10": 0.77312,
  "recall_at_100": 0.95448
}
