{
  "map_at_10": 0.41808,
  "mrr_at_10": 0.4192059540743749,
  "ndcg_at_10": 0.50209,
  "recall_at_10": 0.77098,
  "recall_at_100": 0.95448
}
