{
  "map_at_10": 0.41759,
  "mrr_at_10": 0.41835754927860175,
  "ndcg_at_10": 0.50199,
  "recall_at_10": 0.7724,
  "recall_at_100": 0.95448
}
