{
  "map_at_10": 0.4179,
  "mrr_at_10": 0.4189767775294088,
  "ndcg_at_10": 0.50223,
  "recall_at_10": 0.7724,
  "recall_at_100": 0.95448
}
