{
  "map_at_10": 0.41831,
  "mrr_at_10": 0.41956270179954375,
  "ndcg_at_10": 0.50284,
  "recall_at_10": 0.77383,
  "recall_at_100": 0.95377
}
