{
  "map_at_10": 0.01724,
  "mrr_at_10": 0.019156084656084656,
  "ndcg_at_10": 0.02122,
  "recall_at_10": 0.03278,
  "recall_at_100": 0.17139
}
