{
  "map_at_10": 0.0,
  "mrr_at_10": 0.0010000000000000002,
  "ndcg_at_10": 0.0,
  "recall_at_10": 0.0,
  "recall_at_100": 0.02444
}
