{
  "map_at_10": 0.00042,
  "mrr_at_10": 0.0,
  "ndcg_at_10": 0.00105,
  "recall_at_10": 0.00333,
  "recall_at_100": 0.015
}
