{
  "dataset_revision": "f8c2fcf00f625baaa80f62ec5bd9e1fff3b8ae88",
  "task_name": "SCIDOCS",
  "mteb_version": "1.39.7",
  "scores": {
    "test": [
      {
        "ndcg_at_1": 0.012,
        "ndcg_at_3": 0.00928,
        "ndcg_at_5": 0.00776,
        "ndcg_at_10": 0.01024,
        "ndcg_at_20": 0.01244,
        "ndcg_at_100": 0.01967,
        "ndcg_at_1000": 0.04413,
        "map_at_1": 0.00245,
        "map_at_3": 0.00361,
        "map_at_5": 0.00392,
        "map_at_10": 0.00463,
        "map_at_20": 0.00507,
        "map_at_100": 0.00576,
        "map_at_1000": 0.00631,
        "recall_at_1": 0.00245,
        "recall_at_3": 0.0053,
        "recall_at_5": 0.0067,
        "recall_at_10": 0.0112,
        "recall_at_20": 0.0164,
        "recall_at_100": 0.04065,
        "recall_at_1000": 0.16562,
        "precision_at_1": 0.012,
        "precision_at_3": 0.00867,
        "precision_at_5": 0.0066,
        "precision_at_10": 0.0055,
        "precision_at_20": 0.00405,
        "precision_at_100": 0.00201,
        "precision_at_1000": 0.00082,
        "mrr_at_1": 0.012,
        "mrr_at_3": 0.017667,
        "mrr_at_5": 0.019217,
        "mrr_at_10": 0.021856,
        "mrr_at_20": 0.023163,
        "mrr_at_100": 0.024975,
        "mrr_at_1000": 0.026141,
        "nauc_ndcg_at_1_max": 0.001453,
        "nauc_ndcg_at_1_std": 0.126107,
        "nauc_ndcg_at_1_diff1": 0.091316,
        "nauc_ndcg_at_3_max": 0.11229,
        "nauc_ndcg_at_3_std": 0.14183,
        "nauc_ndcg_at_3_diff1": 0.021174,
        "nauc_ndcg_at_5_max": 0.110152,
        "nauc_ndcg_at_5_std": 0.140949,
        "nauc_ndcg_at_5_diff1": 0.002558,
        "nauc_ndcg_at_10_max": 0.095783,
        "nauc_ndcg_at_10_std": 0.1682,
        "nauc_ndcg_at_10_diff1": -0.019286,
        "nauc_ndcg_at_20_max": 0.077156,
        "nauc_ndcg_at_20_std": 0.175683,
        "nauc_ndcg_at_20_diff1": -0.011447,
        "nauc_ndcg_at_100_max": 0.068086,
        "nauc_ndcg_at_100_std": 0.105758,
        "nauc_ndcg_at_100_diff1": -0.029769,
        "nauc_ndcg_at_1000_max": 0.065375,
        "nauc_ndcg_at_1000_std": 0.06955,
        "nauc_ndcg_at_1000_diff1": -0.004378,
        "nauc_map_at_1_max": -0.002776,
        "nauc_map_at_1_std": 0.117033,
        "nauc_map_at_1_diff1": 0.082952,
        "nauc_map_at_3_max": 0.093513,
        "nauc_map_at_3_std": 0.141862,
        "nauc_map_at_3_diff1": 0.029082,
        "nauc_map_at_5_max": 0.092891,
        "nauc_map_at_5_std": 0.14179,
        "nauc_map_at_5_diff1": 0.019255,
        "nauc_map_at_10_max": 0.088182,
        "nauc_map_at_10_std": 0.158346,
        "nauc_map_at_10_diff1": 0.003119,
        "nauc_map_at_20_max": 0.084527,
        "nauc_map_at_20_std": 0.157727,
        "nauc_map_at_20_diff1": 0.006295,
        "nauc_map_at_100_max": 0.089853,
        "nauc_map_at_100_std": 0.133169,
        "nauc_map_at_100_diff1": -0.004329,
        "nauc_map_at_1000_max": 0.090629,
        "nauc_map_at_1000_std": 0.127979,
        "nauc_map_at_1000_diff1": -0.003496,
        "nauc_recall_at_1_max": -0.002776,
        "nauc_recall_at_1_std": 0.117033,
        "nauc_recall_at_1_diff1": 0.082952,
        "nauc_recall_at_3_max": 0.15875,
        "nauc_recall_at_3_std": 0.135381,
        "nauc_recall_at_3_diff1": -0.009492,
        "nauc_recall_at_5_max": 0.142093,
        "nauc_recall_at_5_std": 0.136871,
        "nauc_recall_at_5_diff1": -0.032394,
        "nauc_recall_at_10_max": 0.107954,
        "nauc_recall_at_10_std": 0.179758,
        "nauc_recall_at_10_diff1": -0.05424,
        "nauc_recall_at_20_max": 0.072632,
        "nauc_recall_at_20_std": 0.19089,
        "nauc_recall_at_20_diff1": -0.028574,
        "nauc_recall_at_100_max": 0.055198,
        "nauc_recall_at_100_std": 0.069702,
        "nauc_recall_at_100_diff1": -0.048212,
        "nauc_recall_at_1000_max": 0.058955,
        "nauc_recall_at_1000_std": 0.027955,
        "nauc_recall_at_1000_diff1": 0.005841,
        "nauc_precision_at_1_max": 0.001453,
        "nauc_precision_at_1_std": 0.126107,
        "nauc_precision_at_1_diff1": 0.091316,
        "nauc_precision_at_3_max": 0.154166,
        "nauc_precision_at_3_std": 0.134682,
        "nauc_precision_at_3_diff1": -0.005934,
        "nauc_precision_at_5_max": 0.13823,
        "nauc_precision_at_5_std": 0.136343,
        "nauc_precision_at_5_diff1": -0.029937,
        "nauc_precision_at_10_max": 0.107447,
        "nauc_precision_at_10_std": 0.184399,
        "nauc_precision_at_10_diff1": -0.055019,
        "nauc_precision_at_20_max": 0.071851,
        "nauc_precision_at_20_std": 0.194179,
        "nauc_precision_at_20_diff1": -0.028786,
        "nauc_precision_at_100_max": 0.055181,
        "nauc_precision_at_100_std": 0.07079,
        "nauc_precision_at_100_diff1": -0.047922,
        "nauc_precision_at_1000_max": 0.051356,
        "nauc_precision_at_1000_std": 0.029337,
        "nauc_precision_at_1000_diff1": 0.007268,
        "nauc_mrr_at_1_max": 0.001453,
        "nauc_mrr_at_1_std": 0.126107,
        "nauc_mrr_at_1_diff1": 0.091316,
        "nauc_mrr_at_3_max": 0.091335,
        "nauc_mrr_at_3_std": 0.144696,
        "nauc_mrr_at_3_diff1": 0.034706,
        "nauc_mrr_at_5_max": 0.090876,
        "nauc_mrr_at_5_std": 0.144394,
        "nauc_mrr_at_5_diff1": 0.024234,
        "nauc_mrr_at_10_max": 0.081307,
        "nauc_mrr_at_10_std": 0.160217,
        "nauc_mrr_at_10_diff1": 0.01096,
        "nauc_mrr_at_20_max": 0.070104,
        "nauc_mrr_at_20_std": 0.165325,
        "nauc_mrr_at_20_diff1": 0.009491,
        "nauc_mrr_at_100_max": 0.067197,
        "nauc_mrr_at_100_std": 0.151617,
        "nauc_mrr_at_100_diff1": 0.007883,
        "nauc_mrr_at_1000_max": 0.065801,
        "nauc_mrr_at_1000_std": 0.149054,
        "nauc_mrr_at_1000_diff1": 0.008172,
        "main_score": 0.01024,
        "hf_subset": "default",
        "languages": [
          "eng-Latn"
        ]
      }
    ]
  },
  "evaluation_time": 334.21690344810486,
  "kg_co2_emissions": null
}