{
  "dataset_revision": "a34f9a33db75fa0cbb21bb5cfc3dae8dc8bec93f",
  "task_name": "Touche2020",
  "mteb_version": "1.39.7",
  "scores": {
    "test": [
      {
        "ndcg_at_1": 0.18367,
        "ndcg_at_3": 0.19796,
        "ndcg_at_5": 0.20069,
        "ndcg_at_10": 0.19956,
        "ndcg_at_20": 0.21449,
        "ndcg_at_100": 0.31507,
        "ndcg_at_1000": 0.42146,
        "map_at_1": 0.0164,
        "map_at_3": 0.03909,
        "map_at_5": 0.05528,
        "map_at_10": 0.08125,
        "map_at_20": 0.10094,
        "map_at_100": 0.13462,
        "map_at_1000": 0.14777,
        "recall_at_1": 0.0164,
        "recall_at_3": 0.05321,
        "recall_at_5": 0.08534,
        "recall_at_10": 0.14323,
        "recall_at_20": 0.21252,
        "recall_at_100": 0.42562,
        "recall_at_1000": 0.74871,
        "precision_at_1": 0.20408,
        "precision_at_3": 0.23129,
        "precision_at_5": 0.22449,
        "precision_at_10": 0.1898,
        "precision_at_20": 0.15102,
        "precision_at_100": 0.06857,
        "precision_at_1000": 0.01388,
        "mrr_at_1": 0.22449,
        "mrr_at_3": 0.333333,
        "mrr_at_5": 0.365986,
        "mrr_at_10": 0.377259,
        "mrr_at_20": 0.385119,
        "mrr_at_100": 0.39013,
        "mrr_at_1000": 0.390312,
        "nauc_ndcg_at_1_max": -0.287428,
        "nauc_ndcg_at_1_std": -0.150876,
        "nauc_ndcg_at_1_diff1": -0.125553,
        "nauc_ndcg_at_3_max": -0.273161,
        "nauc_ndcg_at_3_std": -0.125415,
        "nauc_ndcg_at_3_diff1": -0.03342,
        "nauc_ndcg_at_5_max": -0.259245,
        "nauc_ndcg_at_5_std": -0.132402,
        "nauc_ndcg_at_5_diff1": -0.037887,
        "nauc_ndcg_at_10_max": -0.247293,
        "nauc_ndcg_at_10_std": -0.18086,
        "nauc_ndcg_at_10_diff1": -0.054367,
        "nauc_ndcg_at_20_max": -0.274878,
        "nauc_ndcg_at_20_std": -0.168501,
        "nauc_ndcg_at_20_diff1": -0.042272,
        "nauc_ndcg_at_100_max": -0.255014,
        "nauc_ndcg_at_100_std": 0.07226,
        "nauc_ndcg_at_100_diff1": -0.088491,
        "nauc_ndcg_at_1000_max": -0.222908,
        "nauc_ndcg_at_1000_std": 0.201683,
        "nauc_ndcg_at_1000_diff1": -0.182548,
        "nauc_map_at_1_max": -0.276448,
        "nauc_map_at_1_std": -0.264519,
        "nauc_map_at_1_diff1": -0.179287,
        "nauc_map_at_3_max": -0.240661,
        "nauc_map_at_3_std": -0.266693,
        "nauc_map_at_3_diff1": -0.11296,
        "nauc_map_at_5_max": -0.210365,
        "nauc_map_at_5_std": -0.267465,
        "nauc_map_at_5_diff1": -0.131529,
        "nauc_map_at_10_max": -0.193311,
        "nauc_map_at_10_std": -0.315628,
        "nauc_map_at_10_diff1": -0.108877,
        "nauc_map_at_20_max": -0.204333,
        "nauc_map_at_20_std": -0.270543,
        "nauc_map_at_20_diff1": -0.10512,
        "nauc_map_at_100_max": -0.193581,
        "nauc_map_at_100_std": -0.142853,
        "nauc_map_at_100_diff1": -0.105465,
        "nauc_map_at_1000_max": -0.197978,
        "nauc_map_at_1000_std": -0.104348,
        "nauc_map_at_1000_diff1": -0.131008,
        "nauc_recall_at_1_max": -0.276448,
        "nauc_recall_at_1_std": -0.264519,
        "nauc_recall_at_1_diff1": -0.179287,
        "nauc_recall_at_3_max": -0.277826,
        "nauc_recall_at_3_std": -0.26187,
        "nauc_recall_at_3_diff1": -0.017733,
        "nauc_recall_at_5_max": -0.255059,
        "nauc_recall_at_5_std": -0.255549,
        "nauc_recall_at_5_diff1": -0.057397,
        "nauc_recall_at_10_max": -0.243156,
        "nauc_recall_at_10_std": -0.297785,
        "nauc_recall_at_10_diff1": -0.034475,
        "nauc_recall_at_20_max": -0.283023,
        "nauc_recall_at_20_std": -0.209904,
        "nauc_recall_at_20_diff1": -0.019358,
        "nauc_recall_at_100_max": -0.249772,
        "nauc_recall_at_100_std": 0.210152,
        "nauc_recall_at_100_diff1": -0.116627,
        "nauc_recall_at_1000_max": -0.125381,
        "nauc_recall_at_1000_std": 0.616081,
        "nauc_recall_at_1000_diff1": -0.350083,
        "nauc_precision_at_1_max": -0.304196,
        "nauc_precision_at_1_std": -0.1449,
        "nauc_precision_at_1_diff1": -0.121593,
        "nauc_precision_at_3_max": -0.308351,
        "nauc_precision_at_3_std": -0.132711,
        "nauc_precision_at_3_diff1": -0.007823,
        "nauc_precision_at_5_max": -0.270683,
        "nauc_precision_at_5_std": -0.13889,
        "nauc_precision_at_5_diff1": -0.023804,
        "nauc_precision_at_10_max": -0.198823,
        "nauc_precision_at_10_std": -0.150771,
        "nauc_precision_at_10_diff1": -0.059251,
        "nauc_precision_at_20_max": -0.218924,
        "nauc_precision_at_20_std": -0.013913,
        "nauc_precision_at_20_diff1": -0.018533,
        "nauc_precision_at_100_max": -0.08669,
        "nauc_precision_at_100_std": 0.523019,
        "nauc_precision_at_100_diff1": -0.132959,
        "nauc_precision_at_1000_max": 0.295602,
        "nauc_precision_at_1000_std": 0.514297,
        "nauc_precision_at_1000_diff1": -0.177738,
        "nauc_mrr_at_1_max": -0.281517,
        "nauc_mrr_at_1_std": -0.062826,
        "nauc_mrr_at_1_diff1": -0.185066,
        "nauc_mrr_at_3_max": -0.308026,
        "nauc_mrr_at_3_std": -0.086742,
        "nauc_mrr_at_3_diff1": -0.024633,
        "nauc_mrr_at_5_max": -0.346436,
        "nauc_mrr_at_5_std": -0.095404,
        "nauc_mrr_at_5_diff1": -0.02548,
        "nauc_mrr_at_10_max": -0.318192,
        "nauc_mrr_at_10_std": -0.066084,
        "nauc_mrr_at_10_diff1": -0.036099,
        "nauc_mrr_at_20_max": -0.323515,
        "nauc_mrr_at_20_std": -0.069033,
        "nauc_mrr_at_20_diff1": -0.053073,
        "nauc_mrr_at_100_max": -0.323893,
        "nauc_mrr_at_100_std": -0.066262,
        "nauc_mrr_at_100_diff1": -0.051467,
        "nauc_mrr_at_1000_max": -0.323046,
        "nauc_mrr_at_1000_std": -0.066836,
        "nauc_mrr_at_1000_diff1": -0.051161,
        "main_score": 0.19956,
        "hf_subset": "default",
        "languages": [
          "eng-Latn"
        ]
      }
    ]
  },
  "evaluation_time": 1159.6392271518707,
  "kg_co2_emissions": null
}