{
  "dataset_revision": "0228b52cf27578f30900b9e5271d331663a030d7",
  "task_name": "SciFact",
  "mteb_version": "1.39.7",
  "scores": {
    "test": [
      {
        "ndcg_at_1": 0.05333,
        "ndcg_at_3": 0.06886,
        "ndcg_at_5": 0.07526,
        "ndcg_at_10": 0.08798,
        "ndcg_at_20": 0.1044,
        "ndcg_at_100": 0.12972,
        "ndcg_at_1000": 0.17294,
        "map_at_1": 0.04833,
        "map_at_3": 0.06133,
        "map_at_5": 0.06528,
        "map_at_10": 0.0706,
        "map_at_20": 0.07505,
        "map_at_100": 0.07834,
        "map_at_1000": 0.07972,
        "recall_at_1": 0.04833,
        "recall_at_3": 0.08078,
        "recall_at_5": 0.09856,
        "recall_at_10": 0.13689,
        "recall_at_20": 0.20156,
        "recall_at_100": 0.33528,
        "recall_at_1000": 0.68422,
        "precision_at_1": 0.05333,
        "precision_at_3": 0.03111,
        "precision_at_5": 0.02267,
        "precision_at_10": 0.01533,
        "precision_at_20": 0.01117,
        "precision_at_100": 0.00393,
        "precision_at_1000": 0.00079,
        "mrr_at_1": 0.053333,
        "mrr_at_3": 0.068333,
        "mrr_at_5": 0.072833,
        "mrr_at_10": 0.078365,
        "mrr_at_20": 0.08285,
        "mrr_at_100": 0.085975,
        "mrr_at_1000": 0.087253,
        "nauc_ndcg_at_1_max": 0.177975,
        "nauc_ndcg_at_1_std": 0.103652,
        "nauc_ndcg_at_1_diff1": 0.450765,
        "nauc_ndcg_at_3_max": 0.172284,
        "nauc_ndcg_at_3_std": 0.02247,
        "nauc_ndcg_at_3_diff1": 0.236808,
        "nauc_ndcg_at_5_max": 0.153232,
        "nauc_ndcg_at_5_std": 0.011848,
        "nauc_ndcg_at_5_diff1": 0.223376,
        "nauc_ndcg_at_10_max": 0.14785,
        "nauc_ndcg_at_10_std": 0.017017,
        "nauc_ndcg_at_10_diff1": 0.21865,
        "nauc_ndcg_at_20_max": 0.124115,
        "nauc_ndcg_at_20_std": -0.00162,
        "nauc_ndcg_at_20_diff1": 0.173797,
        "nauc_ndcg_at_100_max": 0.13463,
        "nauc_ndcg_at_100_std": 0.041408,
        "nauc_ndcg_at_100_diff1": 0.179865,
        "nauc_ndcg_at_1000_max": 0.145812,
        "nauc_ndcg_at_1000_std": 0.027116,
        "nauc_ndcg_at_1000_diff1": 0.163897,
        "nauc_map_at_1_max": 0.110424,
        "nauc_map_at_1_std": 0.010927,
        "nauc_map_at_1_diff1": 0.411434,
        "nauc_map_at_3_max": 0.139925,
        "nauc_map_at_3_std": 0.007228,
        "nauc_map_at_3_diff1": 0.270213,
        "nauc_map_at_5_max": 0.134281,
        "nauc_map_at_5_std": 0.003897,
        "nauc_map_at_5_diff1": 0.259032,
        "nauc_map_at_10_max": 0.130856,
        "nauc_map_at_10_std": 0.009555,
        "nauc_map_at_10_diff1": 0.255269,
        "nauc_map_at_20_max": 0.123499,
        "nauc_map_at_20_std": 0.003478,
        "nauc_map_at_20_diff1": 0.237902,
        "nauc_map_at_100_max": 0.125553,
        "nauc_map_at_100_std": 0.014968,
        "nauc_map_at_100_diff1": 0.237444,
        "nauc_map_at_1000_max": 0.125828,
        "nauc_map_at_1000_std": 0.014834,
        "nauc_map_at_1000_diff1": 0.236123,
        "nauc_recall_at_1_max": 0.110424,
        "nauc_recall_at_1_std": 0.010927,
        "nauc_recall_at_1_diff1": 0.411434,
        "nauc_recall_at_3_max": 0.161172,
        "nauc_recall_at_3_std": 0.008183,
        "nauc_recall_at_3_diff1": 0.151444,
        "nauc_recall_at_5_max": 0.140501,
        "nauc_recall_at_5_std": 0.002889,
        "nauc_recall_at_5_diff1": 0.142264,
        "nauc_recall_at_10_max": 0.13414,
        "nauc_recall_at_10_std": 0.009294,
        "nauc_recall_at_10_diff1": 0.146551,
        "nauc_recall_at_20_max": 0.083285,
        "nauc_recall_at_20_std": -0.031364,
        "nauc_recall_at_20_diff1": 0.06447,
        "nauc_recall_at_100_max": 0.114543,
        "nauc_recall_at_100_std": 0.071044,
        "nauc_recall_at_100_diff1": 0.107129,
        "nauc_recall_at_1000_max": 0.172076,
        "nauc_recall_at_1000_std": 0.007619,
        "nauc_recall_at_1000_diff1": 0.036916,
        "nauc_precision_at_1_max": 0.177975,
        "nauc_precision_at_1_std": 0.103652,
        "nauc_precision_at_1_diff1": 0.450765,
        "nauc_precision_at_3_max": 0.24886,
        "nauc_precision_at_3_std": 0.032035,
        "nauc_precision_at_3_diff1": 0.150188,
        "nauc_precision_at_5_max": 0.237787,
        "nauc_precision_at_5_std": 0.013649,
        "nauc_precision_at_5_diff1": 0.141104,
        "nauc_precision_at_10_max": 0.217396,
        "nauc_precision_at_10_std": 0.013518,
        "nauc_precision_at_10_diff1": 0.146779,
        "nauc_precision_at_20_max": 0.156531,
        "nauc_precision_at_20_std": -0.030029,
        "nauc_precision_at_20_diff1": 0.056289,
        "nauc_precision_at_100_max": 0.204992,
        "nauc_precision_at_100_std": 0.068391,
        "nauc_precision_at_100_diff1": 0.097335,
        "nauc_precision_at_1000_max": 0.264109,
        "nauc_precision_at_1000_std": -0.009001,
        "nauc_precision_at_1000_diff1": 0.010806,
        "nauc_mrr_at_1_max": 0.177975,
        "nauc_mrr_at_1_std": 0.103652,
        "nauc_mrr_at_1_diff1": 0.450765,
        "nauc_mrr_at_3_max": 0.204668,
        "nauc_mrr_at_3_std": 0.070913,
        "nauc_mrr_at_3_diff1": 0.296788,
        "nauc_mrr_at_5_max": 0.20312,
        "nauc_mrr_at_5_std": 0.060663,
        "nauc_mrr_at_5_diff1": 0.283353,
        "nauc_mrr_at_10_max": 0.197356,
        "nauc_mrr_at_10_std": 0.062136,
        "nauc_mrr_at_10_diff1": 0.278588,
        "nauc_mrr_at_20_max": 0.186042,
        "nauc_mrr_at_20_std": 0.055629,
        "nauc_mrr_at_20_diff1": 0.261929,
        "nauc_mrr_at_100_max": 0.184902,
        "nauc_mrr_at_100_std": 0.064544,
        "nauc_mrr_at_100_diff1": 0.261091,
        "nauc_mrr_at_1000_max": 0.184354,
        "nauc_mrr_at_1000_std": 0.063977,
        "nauc_mrr_at_1000_diff1": 0.259711,
        "main_score": 0.08798,
        "hf_subset": "default",
        "languages": [
          "eng-Latn"
        ]
      }
    ]
  },
  "evaluation_time": 53.37906336784363,
  "kg_co2_emissions": null
}