{
  "dataset_revision": "27a168819829fe9bcd655c2df245fb19452e8e06",
  "task_name": "FiQA2018",
  "mteb_version": "1.39.7",
  "scores": {
    "test": [
      {
        "ndcg_at_1": 0.01389,
        "ndcg_at_3": 0.01114,
        "ndcg_at_5": 0.01233,
        "ndcg_at_10": 0.01493,
        "ndcg_at_20": 0.01853,
        "ndcg_at_100": 0.0265,
        "ndcg_at_1000": 0.04757,
        "map_at_1": 0.00534,
        "map_at_3": 0.00718,
        "map_at_5": 0.00818,
        "map_at_10": 0.00928,
        "map_at_20": 0.01013,
        "map_at_100": 0.01098,
        "map_at_1000": 0.01156,
        "recall_at_1": 0.00534,
        "recall_at_3": 0.0092,
        "recall_at_5": 0.01338,
        "recall_at_10": 0.0211,
        "recall_at_20": 0.03292,
        "recall_at_100": 0.06697,
        "recall_at_1000": 0.20672,
        "precision_at_1": 0.01389,
        "precision_at_3": 0.00669,
        "precision_at_5": 0.00648,
        "precision_at_10": 0.00525,
        "precision_at_20": 0.00394,
        "precision_at_100": 0.00174,
        "precision_at_1000": 0.00053,
        "mrr_at_1": 0.013889,
        "mrr_at_3": 0.016718,
        "mrr_at_5": 0.01911,
        "mrr_at_10": 0.021824,
        "mrr_at_20": 0.023303,
        "mrr_at_100": 0.024746,
        "mrr_at_1000": 0.025484,
        "nauc_ndcg_at_1_max": 0.002068,
        "nauc_ndcg_at_1_std": -0.022839,
        "nauc_ndcg_at_1_diff1": -0.12259,
        "nauc_ndcg_at_3_max": -0.056112,
        "nauc_ndcg_at_3_std": 0.125463,
        "nauc_ndcg_at_3_diff1": 0.042066,
        "nauc_ndcg_at_5_max": 0.005965,
        "nauc_ndcg_at_5_std": 0.149232,
        "nauc_ndcg_at_5_diff1": 0.029626,
        "nauc_ndcg_at_10_max": -0.037522,
        "nauc_ndcg_at_10_std": 0.205166,
        "nauc_ndcg_at_10_diff1": 0.073616,
        "nauc_ndcg_at_20_max": 0.012162,
        "nauc_ndcg_at_20_std": 0.208954,
        "nauc_ndcg_at_20_diff1": 0.102713,
        "nauc_ndcg_at_100_max": 0.034854,
        "nauc_ndcg_at_100_std": 0.192946,
        "nauc_ndcg_at_100_diff1": 0.044511,
        "nauc_ndcg_at_1000_max": 0.058118,
        "nauc_ndcg_at_1000_std": 0.132456,
        "nauc_ndcg_at_1000_diff1": 0.030917,
        "nauc_map_at_1_max": 0.071678,
        "nauc_map_at_1_std": -0.032094,
        "nauc_map_at_1_diff1": -0.007776,
        "nauc_map_at_3_max": -0.049136,
        "nauc_map_at_3_std": 0.13865,
        "nauc_map_at_3_diff1": 0.085457,
        "nauc_map_at_5_max": -0.021905,
        "nauc_map_at_5_std": 0.145615,
        "nauc_map_at_5_diff1": 0.060674,
        "nauc_map_at_10_max": -0.044784,
        "nauc_map_at_10_std": 0.179808,
        "nauc_map_at_10_diff1": 0.088861,
        "nauc_map_at_20_max": -0.02244,
        "nauc_map_at_20_std": 0.186013,
        "nauc_map_at_20_diff1": 0.10382,
        "nauc_map_at_100_max": -0.013196,
        "nauc_map_at_100_std": 0.18426,
        "nauc_map_at_100_diff1": 0.088109,
        "nauc_map_at_1000_max": -0.009584,
        "nauc_map_at_1000_std": 0.179824,
        "nauc_map_at_1000_diff1": 0.085331,
        "nauc_recall_at_1_max": 0.071678,
        "nauc_recall_at_1_std": -0.032094,
        "nauc_recall_at_1_diff1": -0.007776,
        "nauc_recall_at_3_max": -0.112299,
        "nauc_recall_at_3_std": 0.253831,
        "nauc_recall_at_3_diff1": 0.128661,
        "nauc_recall_at_5_max": -0.012182,
        "nauc_recall_at_5_std": 0.242652,
        "nauc_recall_at_5_diff1": 0.039571,
        "nauc_recall_at_10_max": -0.079619,
        "nauc_recall_at_10_std": 0.305273,
        "nauc_recall_at_10_diff1": 0.127136,
        "nauc_recall_at_20_max": 0.031695,
        "nauc_recall_at_20_std": 0.272042,
        "nauc_recall_at_20_diff1": 0.171506,
        "nauc_recall_at_100_max": 0.059873,
        "nauc_recall_at_100_std": 0.221161,
        "nauc_recall_at_100_diff1": 0.036047,
        "nauc_recall_at_1000_max": 0.071145,
        "nauc_recall_at_1000_std": 0.092907,
        "nauc_recall_at_1000_diff1": 0.022694,
        "nauc_precision_at_1_max": 0.002068,
        "nauc_precision_at_1_std": -0.022839,
        "nauc_precision_at_1_diff1": -0.12259,
        "nauc_precision_at_3_max": -0.065684,
        "nauc_precision_at_3_std": 0.147167,
        "nauc_precision_at_3_diff1": 0.01463,
        "nauc_precision_at_5_max": 0.097807,
        "nauc_precision_at_5_std": 0.133477,
        "nauc_precision_at_5_diff1": 0.041324,
        "nauc_precision_at_10_max": 0.019311,
        "nauc_precision_at_10_std": 0.195147,
        "nauc_precision_at_10_diff1": 0.056499,
        "nauc_precision_at_20_max": 0.080706,
        "nauc_precision_at_20_std": 0.192177,
        "nauc_precision_at_20_diff1": 0.085965,
        "nauc_precision_at_100_max": 0.100206,
        "nauc_precision_at_100_std": 0.164241,
        "nauc_precision_at_100_diff1": -0.002988,
        "nauc_precision_at_1000_max": 0.124553,
        "nauc_precision_at_1000_std": 0.065365,
        "nauc_precision_at_1000_diff1": -0.021254,
        "nauc_mrr_at_1_max": 0.002068,
        "nauc_mrr_at_1_std": -0.022839,
        "nauc_mrr_at_1_diff1": -0.12259,
        "nauc_mrr_at_3_max": -0.04355,
        "nauc_mrr_at_3_std": 0.063429,
        "nauc_mrr_at_3_diff1": -0.034447,
        "nauc_mrr_at_5_max": 0.017259,
        "nauc_mrr_at_5_std": 0.073931,
        "nauc_mrr_at_5_diff1": -0.035975,
        "nauc_mrr_at_10_max": 0.000707,
        "nauc_mrr_at_10_std": 0.104957,
        "nauc_mrr_at_10_diff1": -0.019118,
        "nauc_mrr_at_20_max": 0.013069,
        "nauc_mrr_at_20_std": 0.117329,
        "nauc_mrr_at_20_diff1": -0.00881,
        "nauc_mrr_at_100_max": 0.013882,
        "nauc_mrr_at_100_std": 0.113149,
        "nauc_mrr_at_100_diff1": -0.014836,
        "nauc_mrr_at_1000_max": 0.013608,
        "nauc_mrr_at_1000_std": 0.11016,
        "nauc_mrr_at_1000_diff1": -0.015222,
        "main_score": 0.01493,
        "hf_subset": "default",
        "languages": [
          "eng-Latn"
        ]
      }
    ]
  },
  "evaluation_time": 700.4441719055176,
  "kg_co2_emissions": null
}