{
  "dataset_revision": "0228b52cf27578f30900b9e5271d331663a030d7",
  "task_name": "SciFact",
  "mteb_version": "1.39.7",
  "scores": {
    "test": [
      {
        "ndcg_at_1": 0.04667,
        "ndcg_at_3": 0.05875,
        "ndcg_at_5": 0.06597,
        "ndcg_at_10": 0.07275,
        "ndcg_at_20": 0.09075,
        "ndcg_at_100": 0.11881,
        "ndcg_at_1000": 0.16177,
        "map_at_1": 0.04167,
        "map_at_3": 0.053,
        "map_at_5": 0.05744,
        "map_at_10": 0.06042,
        "map_at_20": 0.06557,
        "map_at_100": 0.06947,
        "map_at_1000": 0.07078,
        "recall_at_1": 0.04167,
        "recall_at_3": 0.06633,
        "recall_at_5": 0.08522,
        "recall_at_10": 0.10522,
        "recall_at_20": 0.17422,
        "recall_at_100": 0.31961,
        "recall_at_1000": 0.66894,
        "precision_at_1": 0.04667,
        "precision_at_3": 0.02556,
        "precision_at_5": 0.02,
        "precision_at_10": 0.012,
        "precision_at_20": 0.00967,
        "precision_at_100": 0.00373,
        "precision_at_1000": 0.00077,
        "mrr_at_1": 0.046667,
        "mrr_at_3": 0.058889,
        "mrr_at_5": 0.064222,
        "mrr_at_10": 0.067198,
        "mrr_at_20": 0.072373,
        "mrr_at_100": 0.076172,
        "mrr_at_1000": 0.077397,
        "nauc_ndcg_at_1_max": 0.025279,
        "nauc_ndcg_at_1_std": 0.14464,
        "nauc_ndcg_at_1_diff1": 0.407854,
        "nauc_ndcg_at_3_max": 0.119335,
        "nauc_ndcg_at_3_std": -0.00422,
        "nauc_ndcg_at_3_diff1": 0.229116,
        "nauc_ndcg_at_5_max": 0.120406,
        "nauc_ndcg_at_5_std": 0.022116,
        "nauc_ndcg_at_5_diff1": 0.217415,
        "nauc_ndcg_at_10_max": 0.101667,
        "nauc_ndcg_at_10_std": 0.055916,
        "nauc_ndcg_at_10_diff1": 0.20129,
        "nauc_ndcg_at_20_max": 0.100414,
        "nauc_ndcg_at_20_std": 0.019444,
        "nauc_ndcg_at_20_diff1": 0.149846,
        "nauc_ndcg_at_100_max": 0.092303,
        "nauc_ndcg_at_100_std": 0.055635,
        "nauc_ndcg_at_100_diff1": 0.141303,
        "nauc_ndcg_at_1000_max": 0.11145,
        "nauc_ndcg_at_1000_std": 0.041826,
        "nauc_ndcg_at_1000_diff1": 0.149182,
        "nauc_map_at_1_max": -0.051119,
        "nauc_map_at_1_std": 0.041996,
        "nauc_map_at_1_diff1": 0.357081,
        "nauc_map_at_3_max": 0.072123,
        "nauc_map_at_3_std": -0.015496,
        "nauc_map_at_3_diff1": 0.245847,
        "nauc_map_at_5_max": 0.081331,
        "nauc_map_at_5_std": 0.007029,
        "nauc_map_at_5_diff1": 0.237942,
        "nauc_map_at_10_max": 0.073103,
        "nauc_map_at_10_std": 0.024167,
        "nauc_map_at_10_diff1": 0.229027,
        "nauc_map_at_20_max": 0.074059,
        "nauc_map_at_20_std": 0.011261,
        "nauc_map_at_20_diff1": 0.208715,
        "nauc_map_at_100_max": 0.072988,
        "nauc_map_at_100_std": 0.017861,
        "nauc_map_at_100_diff1": 0.204284,
        "nauc_map_at_1000_max": 0.073983,
        "nauc_map_at_1000_std": 0.017023,
        "nauc_map_at_1000_diff1": 0.204531,
        "nauc_recall_at_1_max": -0.051119,
        "nauc_recall_at_1_std": 0.041996,
        "nauc_recall_at_1_diff1": 0.357081,
        "nauc_recall_at_3_max": 0.136034,
        "nauc_recall_at_3_std": -0.042678,
        "nauc_recall_at_3_diff1": 0.160471,
        "nauc_recall_at_5_max": 0.149978,
        "nauc_recall_at_5_std": 0.025327,
        "nauc_recall_at_5_diff1": 0.160362,
        "nauc_recall_at_10_max": 0.103134,
        "nauc_recall_at_10_std": 0.096178,
        "nauc_recall_at_10_diff1": 0.130412,
        "nauc_recall_at_20_max": 0.098589,
        "nauc_recall_at_20_std": 0.009329,
        "nauc_recall_at_20_diff1": 0.039693,
        "nauc_recall_at_100_max": 0.073631,
        "nauc_recall_at_100_std": 0.100912,
        "nauc_recall_at_100_diff1": 0.049661,
        "nauc_recall_at_1000_max": 0.158237,
        "nauc_recall_at_1000_std": 0.0689,
        "nauc_recall_at_1000_diff1": 0.067031,
        "nauc_precision_at_1_max": 0.025279,
        "nauc_precision_at_1_std": 0.14464,
        "nauc_precision_at_1_diff1": 0.407854,
        "nauc_precision_at_3_max": 0.230434,
        "nauc_precision_at_3_std": -0.000583,
        "nauc_precision_at_3_diff1": 0.178719,
        "nauc_precision_at_5_max": 0.243663,
        "nauc_precision_at_5_std": 0.036777,
        "nauc_precision_at_5_diff1": 0.16986,
        "nauc_precision_at_10_max": 0.194593,
        "nauc_precision_at_10_std": 0.100288,
        "nauc_precision_at_10_diff1": 0.146999,
        "nauc_precision_at_20_max": 0.179803,
        "nauc_precision_at_20_std": 0.008904,
        "nauc_precision_at_20_diff1": 0.053979,
        "nauc_precision_at_100_max": 0.172414,
        "nauc_precision_at_100_std": 0.120052,
        "nauc_precision_at_100_diff1": 0.09132,
        "nauc_precision_at_1000_max": 0.233633,
        "nauc_precision_at_1000_std": 0.050195,
        "nauc_precision_at_1000_diff1": 0.0917,
        "nauc_mrr_at_1_max": 0.025279,
        "nauc_mrr_at_1_std": 0.14464,
        "nauc_mrr_at_1_diff1": 0.407854,
        "nauc_mrr_at_3_max": 0.136206,
        "nauc_mrr_at_3_std": 0.064694,
        "nauc_mrr_at_3_diff1": 0.288709,
        "nauc_mrr_at_5_max": 0.147284,
        "nauc_mrr_at_5_std": 0.074451,
        "nauc_mrr_at_5_diff1": 0.275493,
        "nauc_mrr_at_10_max": 0.138001,
        "nauc_mrr_at_10_std": 0.08773,
        "nauc_mrr_at_10_diff1": 0.267045,
        "nauc_mrr_at_20_max": 0.134756,
        "nauc_mrr_at_20_std": 0.073171,
        "nauc_mrr_at_20_diff1": 0.247355,
        "nauc_mrr_at_100_max": 0.129282,
        "nauc_mrr_at_100_std": 0.076341,
        "nauc_mrr_at_100_diff1": 0.240579,
        "nauc_mrr_at_1000_max": 0.129714,
        "nauc_mrr_at_1000_std": 0.075156,
        "nauc_mrr_at_1000_diff1": 0.241,
        "main_score": 0.07275,
        "hf_subset": "default",
        "languages": [
          "eng-Latn"
        ]
      }
    ]
  },
  "evaluation_time": 62.15326809883118,
  "kg_co2_emissions": null
}