{
  "dataset_revision": "f8c2fcf00f625baaa80f62ec5bd9e1fff3b8ae88",
  "task_name": "SCIDOCS",
  "mteb_version": "1.39.7",
  "scores": {
    "test": [
      {
        "ndcg_at_1": 0.095,
        "ndcg_at_3": 0.07648,
        "ndcg_at_5": 0.06578,
        "ndcg_at_10": 0.07833,
        "ndcg_at_20": 0.0904,
        "ndcg_at_100": 0.11175,
        "ndcg_at_1000": 0.14558,
        "map_at_1": 0.0193,
        "map_at_3": 0.03182,
        "map_at_5": 0.03696,
        "map_at_10": 0.04203,
        "map_at_20": 0.04553,
        "map_at_100": 0.04858,
        "map_at_1000": 0.04982,
        "recall_at_1": 0.0193,
        "recall_at_3": 0.04365,
        "recall_at_5": 0.0583,
        "recall_at_10": 0.08152,
        "recall_at_20": 0.10967,
        "recall_at_100": 0.17945,
        "recall_at_1000": 0.34753,
        "precision_at_1": 0.095,
        "precision_at_3": 0.072,
        "precision_at_5": 0.0578,
        "precision_at_10": 0.0402,
        "precision_at_20": 0.0271,
        "precision_at_100": 0.00887,
        "precision_at_1000": 0.00171,
        "mrr_at_1": 0.095,
        "mrr_at_3": 0.133,
        "mrr_at_5": 0.1425,
        "mrr_at_10": 0.150738,
        "mrr_at_20": 0.15545,
        "mrr_at_100": 0.159277,
        "mrr_at_1000": 0.160259,
        "nauc_ndcg_at_1_max": 0.317509,
        "nauc_ndcg_at_1_std": -0.010992,
        "nauc_ndcg_at_1_diff1": 0.235109,
        "nauc_ndcg_at_3_max": 0.331974,
        "nauc_ndcg_at_3_std": 0.046285,
        "nauc_ndcg_at_3_diff1": 0.206289,
        "nauc_ndcg_at_5_max": 0.353964,
        "nauc_ndcg_at_5_std": 0.059537,
        "nauc_ndcg_at_5_diff1": 0.177554,
        "nauc_ndcg_at_10_max": 0.354248,
        "nauc_ndcg_at_10_std": 0.08253,
        "nauc_ndcg_at_10_diff1": 0.161675,
        "nauc_ndcg_at_20_max": 0.373233,
        "nauc_ndcg_at_20_std": 0.103301,
        "nauc_ndcg_at_20_diff1": 0.153169,
        "nauc_ndcg_at_100_max": 0.380762,
        "nauc_ndcg_at_100_std": 0.121409,
        "nauc_ndcg_at_100_diff1": 0.133875,
        "nauc_ndcg_at_1000_max": 0.382464,
        "nauc_ndcg_at_1000_std": 0.120009,
        "nauc_ndcg_at_1000_diff1": 0.12556,
        "nauc_map_at_1_max": 0.320469,
        "nauc_map_at_1_std": -0.010971,
        "nauc_map_at_1_diff1": 0.231597,
        "nauc_map_at_3_max": 0.332812,
        "nauc_map_at_3_std": 0.039255,
        "nauc_map_at_3_diff1": 0.198934,
        "nauc_map_at_5_max": 0.3612,
        "nauc_map_at_5_std": 0.046006,
        "nauc_map_at_5_diff1": 0.181447,
        "nauc_map_at_10_max": 0.365395,
        "nauc_map_at_10_std": 0.065905,
        "nauc_map_at_10_diff1": 0.174696,
        "nauc_map_at_20_max": 0.379729,
        "nauc_map_at_20_std": 0.079769,
        "nauc_map_at_20_diff1": 0.168869,
        "nauc_map_at_100_max": 0.385662,
        "nauc_map_at_100_std": 0.093463,
        "nauc_map_at_100_diff1": 0.16281,
        "nauc_map_at_1000_max": 0.386579,
        "nauc_map_at_1000_std": 0.094021,
        "nauc_map_at_1000_diff1": 0.161562,
        "nauc_recall_at_1_max": 0.320469,
        "nauc_recall_at_1_std": -0.010971,
        "nauc_recall_at_1_diff1": 0.231597,
        "nauc_recall_at_3_max": 0.333541,
        "nauc_recall_at_3_std": 0.063758,
        "nauc_recall_at_3_diff1": 0.194911,
        "nauc_recall_at_5_max": 0.365625,
        "nauc_recall_at_5_std": 0.085674,
        "nauc_recall_at_5_diff1": 0.148268,
        "nauc_recall_at_10_max": 0.353255,
        "nauc_recall_at_10_std": 0.121673,
        "nauc_recall_at_10_diff1": 0.12189,
        "nauc_recall_at_20_max": 0.384258,
        "nauc_recall_at_20_std": 0.156988,
        "nauc_recall_at_20_diff1": 0.107192,
        "nauc_recall_at_100_max": 0.374582,
        "nauc_recall_at_100_std": 0.171064,
        "nauc_recall_at_100_diff1": 0.060523,
        "nauc_recall_at_1000_max": 0.331793,
        "nauc_recall_at_1000_std": 0.1415,
        "nauc_recall_at_1000_diff1": 0.039368,
        "nauc_precision_at_1_max": 0.317509,
        "nauc_precision_at_1_std": -0.010992,
        "nauc_precision_at_1_diff1": 0.235109,
        "nauc_precision_at_3_max": 0.333717,
        "nauc_precision_at_3_std": 0.066376,
        "nauc_precision_at_3_diff1": 0.196485,
        "nauc_precision_at_5_max": 0.36653,
        "nauc_precision_at_5_std": 0.088378,
        "nauc_precision_at_5_diff1": 0.149442,
        "nauc_precision_at_10_max": 0.35676,
        "nauc_precision_at_10_std": 0.123702,
        "nauc_precision_at_10_diff1": 0.121342,
        "nauc_precision_at_20_max": 0.38688,
        "nauc_precision_at_20_std": 0.157373,
        "nauc_precision_at_20_diff1": 0.106186,
        "nauc_precision_at_100_max": 0.37488,
        "nauc_precision_at_100_std": 0.169999,
        "nauc_precision_at_100_diff1": 0.060043,
        "nauc_precision_at_1000_max": 0.327946,
        "nauc_precision_at_1000_std": 0.140012,
        "nauc_precision_at_1000_diff1": 0.037039,
        "nauc_mrr_at_1_max": 0.317509,
        "nauc_mrr_at_1_std": -0.010992,
        "nauc_mrr_at_1_diff1": 0.235109,
        "nauc_mrr_at_3_max": 0.331144,
        "nauc_mrr_at_3_std": 0.033605,
        "nauc_mrr_at_3_diff1": 0.221645,
        "nauc_mrr_at_5_max": 0.331971,
        "nauc_mrr_at_5_std": 0.043294,
        "nauc_mrr_at_5_diff1": 0.198999,
        "nauc_mrr_at_10_max": 0.328781,
        "nauc_mrr_at_10_std": 0.047934,
        "nauc_mrr_at_10_diff1": 0.188795,
        "nauc_mrr_at_20_max": 0.330282,
        "nauc_mrr_at_20_std": 0.049724,
        "nauc_mrr_at_20_diff1": 0.188591,
        "nauc_mrr_at_100_max": 0.330638,
        "nauc_mrr_at_100_std": 0.049942,
        "nauc_mrr_at_100_diff1": 0.187639,
        "nauc_mrr_at_1000_max": 0.330806,
        "nauc_mrr_at_1000_std": 0.049715,
        "nauc_mrr_at_1000_diff1": 0.187679,
        "main_score": 0.07833,
        "hf_subset": "default",
        "languages": [
          "eng-Latn"
        ]
      }
    ]
  },
  "evaluation_time": 43.95557713508606,
  "kg_co2_emissions": null
}