{
  "dataset_revision": "f8c2fcf00f625baaa80f62ec5bd9e1fff3b8ae88",
  "task_name": "SCIDOCS",
  "mteb_version": "1.39.7",
  "scores": {
    "test": [
      {
        "ndcg_at_1": 0.034,
        "ndcg_at_3": 0.02688,
        "ndcg_at_5": 0.02564,
        "ndcg_at_10": 0.03067,
        "ndcg_at_20": 0.03733,
        "ndcg_at_100": 0.05368,
        "ndcg_at_1000": 0.08307,
        "map_at_1": 0.0068,
        "map_at_3": 0.01072,
        "map_at_5": 0.01298,
        "map_at_10": 0.01495,
        "map_at_20": 0.01651,
        "map_at_100": 0.01856,
        "map_at_1000": 0.01945,
        "recall_at_1": 0.0068,
        "recall_at_3": 0.01485,
        "recall_at_5": 0.02375,
        "recall_at_10": 0.03295,
        "recall_at_20": 0.0485,
        "recall_at_100": 0.1017,
        "recall_at_1000": 0.24963,
        "precision_at_1": 0.034,
        "precision_at_3": 0.02467,
        "precision_at_5": 0.0236,
        "precision_at_10": 0.0164,
        "precision_at_20": 0.01205,
        "precision_at_100": 0.00502,
        "precision_at_1000": 0.00123,
        "mrr_at_1": 0.034,
        "mrr_at_3": 0.0495,
        "mrr_at_5": 0.0584,
        "mrr_at_10": 0.061949,
        "mrr_at_20": 0.065394,
        "mrr_at_100": 0.069067,
        "mrr_at_1000": 0.07016,
        "nauc_ndcg_at_1_max": 0.438028,
        "nauc_ndcg_at_1_std": 0.069154,
        "nauc_ndcg_at_1_diff1": 0.235531,
        "nauc_ndcg_at_3_max": 0.387915,
        "nauc_ndcg_at_3_std": 0.098892,
        "nauc_ndcg_at_3_diff1": 0.142534,
        "nauc_ndcg_at_5_max": 0.369289,
        "nauc_ndcg_at_5_std": 0.110961,
        "nauc_ndcg_at_5_diff1": 0.117807,
        "nauc_ndcg_at_10_max": 0.335412,
        "nauc_ndcg_at_10_std": 0.105156,
        "nauc_ndcg_at_10_diff1": 0.097333,
        "nauc_ndcg_at_20_max": 0.327191,
        "nauc_ndcg_at_20_std": 0.117966,
        "nauc_ndcg_at_20_diff1": 0.082353,
        "nauc_ndcg_at_100_max": 0.296103,
        "nauc_ndcg_at_100_std": 0.128523,
        "nauc_ndcg_at_100_diff1": 0.069446,
        "nauc_ndcg_at_1000_max": 0.263662,
        "nauc_ndcg_at_1000_std": 0.132678,
        "nauc_ndcg_at_1000_diff1": 0.055426,
        "nauc_map_at_1_max": 0.438028,
        "nauc_map_at_1_std": 0.069154,
        "nauc_map_at_1_diff1": 0.235531,
        "nauc_map_at_3_max": 0.395433,
        "nauc_map_at_3_std": 0.089903,
        "nauc_map_at_3_diff1": 0.157333,
        "nauc_map_at_5_max": 0.384436,
        "nauc_map_at_5_std": 0.100504,
        "nauc_map_at_5_diff1": 0.136471,
        "nauc_map_at_10_max": 0.358409,
        "nauc_map_at_10_std": 0.099032,
        "nauc_map_at_10_diff1": 0.120887,
        "nauc_map_at_20_max": 0.359798,
        "nauc_map_at_20_std": 0.105041,
        "nauc_map_at_20_diff1": 0.113917,
        "nauc_map_at_100_max": 0.353248,
        "nauc_map_at_100_std": 0.111891,
        "nauc_map_at_100_diff1": 0.107652,
        "nauc_map_at_1000_max": 0.349243,
        "nauc_map_at_1000_std": 0.113801,
        "nauc_map_at_1000_diff1": 0.105699,
        "nauc_recall_at_1_max": 0.438028,
        "nauc_recall_at_1_std": 0.069154,
        "nauc_recall_at_1_diff1": 0.235531,
        "nauc_recall_at_3_max": 0.374476,
        "nauc_recall_at_3_std": 0.109662,
        "nauc_recall_at_3_diff1": 0.113467,
        "nauc_recall_at_5_max": 0.347071,
        "nauc_recall_at_5_std": 0.122297,
        "nauc_recall_at_5_diff1": 0.085985,
        "nauc_recall_at_10_max": 0.292817,
        "nauc_recall_at_10_std": 0.111613,
        "nauc_recall_at_10_diff1": 0.057153,
        "nauc_recall_at_20_max": 0.286662,
        "nauc_recall_at_20_std": 0.131946,
        "nauc_recall_at_20_diff1": 0.039387,
        "nauc_recall_at_100_max": 0.230597,
        "nauc_recall_at_100_std": 0.137528,
        "nauc_recall_at_100_diff1": 0.029304,
        "nauc_recall_at_1000_max": 0.163257,
        "nauc_recall_at_1000_std": 0.132339,
        "nauc_recall_at_1000_diff1": 0.008541,
        "nauc_precision_at_1_max": 0.438028,
        "nauc_precision_at_1_std": 0.069154,
        "nauc_precision_at_1_diff1": 0.235531,
        "nauc_precision_at_3_max": 0.372363,
        "nauc_precision_at_3_std": 0.106654,
        "nauc_precision_at_3_diff1": 0.113518,
        "nauc_precision_at_5_max": 0.348559,
        "nauc_precision_at_5_std": 0.120375,
        "nauc_precision_at_5_diff1": 0.085782,
        "nauc_precision_at_10_max": 0.293678,
        "nauc_precision_at_10_std": 0.110104,
        "nauc_precision_at_10_diff1": 0.056857,
        "nauc_precision_at_20_max": 0.287349,
        "nauc_precision_at_20_std": 0.132808,
        "nauc_precision_at_20_diff1": 0.040108,
        "nauc_precision_at_100_max": 0.234774,
        "nauc_precision_at_100_std": 0.13822,
        "nauc_precision_at_100_diff1": 0.027658,
        "nauc_precision_at_1000_max": 0.162128,
        "nauc_precision_at_1000_std": 0.133115,
        "nauc_precision_at_1000_diff1": 0.002936,
        "nauc_mrr_at_1_max": 0.438028,
        "nauc_mrr_at_1_std": 0.069154,
        "nauc_mrr_at_1_diff1": 0.235531,
        "nauc_mrr_at_3_max": 0.39749,
        "nauc_mrr_at_3_std": 0.102637,
        "nauc_mrr_at_3_diff1": 0.156547,
        "nauc_mrr_at_5_max": 0.380181,
        "nauc_mrr_at_5_std": 0.108119,
        "nauc_mrr_at_5_diff1": 0.139167,
        "nauc_mrr_at_10_max": 0.367172,
        "nauc_mrr_at_10_std": 0.104777,
        "nauc_mrr_at_10_diff1": 0.127359,
        "nauc_mrr_at_20_max": 0.357825,
        "nauc_mrr_at_20_std": 0.107731,
        "nauc_mrr_at_20_diff1": 0.122401,
        "nauc_mrr_at_100_max": 0.348854,
        "nauc_mrr_at_100_std": 0.11012,
        "nauc_mrr_at_100_diff1": 0.12087,
        "nauc_mrr_at_1000_max": 0.348333,
        "nauc_mrr_at_1000_std": 0.109555,
        "nauc_mrr_at_1000_diff1": 0.1206,
        "main_score": 0.03067,
        "hf_subset": "default",
        "languages": [
          "eng-Latn"
        ]
      }
    ]
  },
  "evaluation_time": 86.5278148651123,
  "kg_co2_emissions": null
}