{
  "dataset_revision": "ec0fa4fe99da2ff19ca1214b7966684033a58814",
  "task_name": "NFCorpus",
  "mteb_version": "1.39.7",
  "scores": {
    "test": [
      {
        "ndcg_at_1": 0.08978,
        "ndcg_at_3": 0.07879,
        "ndcg_at_5": 0.07039,
        "ndcg_at_10": 0.06726,
        "ndcg_at_20": 0.06488,
        "ndcg_at_100": 0.07722,
        "ndcg_at_1000": 0.16167,
        "map_at_1": 0.01084,
        "map_at_3": 0.01629,
        "map_at_5": 0.01882,
        "map_at_10": 0.02264,
        "map_at_20": 0.02427,
        "map_at_100": 0.02732,
        "map_at_1000": 0.03239,
        "recall_at_1": 0.01084,
        "recall_at_3": 0.01833,
        "recall_at_5": 0.02241,
        "recall_at_10": 0.03849,
        "recall_at_20": 0.05171,
        "recall_at_100": 0.10521,
        "recall_at_1000": 0.3906,
        "precision_at_1": 0.09598,
        "precision_at_3": 0.0743,
        "precision_at_5": 0.05882,
        "precision_at_10": 0.04861,
        "precision_at_20": 0.03746,
        "precision_at_100": 0.02294,
        "precision_at_1000": 0.01273,
        "mrr_at_1": 0.095975,
        "mrr_at_3": 0.124871,
        "mrr_at_5": 0.130599,
        "mrr_at_10": 0.139945,
        "mrr_at_20": 0.145977,
        "mrr_at_100": 0.151372,
        "mrr_at_1000": 0.152728,
        "nauc_ndcg_at_1_max": 0.384788,
        "nauc_ndcg_at_1_std": -0.000857,
        "nauc_ndcg_at_1_diff1": 0.186349,
        "nauc_ndcg_at_3_max": 0.364231,
        "nauc_ndcg_at_3_std": -0.020473,
        "nauc_ndcg_at_3_diff1": 0.110264,
        "nauc_ndcg_at_5_max": 0.377214,
        "nauc_ndcg_at_5_std": -0.015181,
        "nauc_ndcg_at_5_diff1": 0.102752,
        "nauc_ndcg_at_10_max": 0.356451,
        "nauc_ndcg_at_10_std": -0.002682,
        "nauc_ndcg_at_10_diff1": 0.113581,
        "nauc_ndcg_at_20_max": 0.350972,
        "nauc_ndcg_at_20_std": -0.001889,
        "nauc_ndcg_at_20_diff1": 0.131874,
        "nauc_ndcg_at_100_max": 0.339825,
        "nauc_ndcg_at_100_std": 0.026678,
        "nauc_ndcg_at_100_diff1": 0.112805,
        "nauc_ndcg_at_1000_max": 0.344317,
        "nauc_ndcg_at_1000_std": -0.018978,
        "nauc_ndcg_at_1000_diff1": 0.07013,
        "nauc_map_at_1_max": 0.61588,
        "nauc_map_at_1_std": -0.131513,
        "nauc_map_at_1_diff1": 0.47681,
        "nauc_map_at_3_max": 0.561282,
        "nauc_map_at_3_std": -0.096467,
        "nauc_map_at_3_diff1": 0.339867,
        "nauc_map_at_5_max": 0.561978,
        "nauc_map_at_5_std": -0.065748,
        "nauc_map_at_5_diff1": 0.305498,
        "nauc_map_at_10_max": 0.497615,
        "nauc_map_at_10_std": -0.025395,
        "nauc_map_at_10_diff1": 0.267889,
        "nauc_map_at_20_max": 0.486433,
        "nauc_map_at_20_std": -0.020904,
        "nauc_map_at_20_diff1": 0.253782,
        "nauc_map_at_100_max": 0.47779,
        "nauc_map_at_100_std": -0.022056,
        "nauc_map_at_100_diff1": 0.223793,
        "nauc_map_at_1000_max": 0.46864,
        "nauc_map_at_1000_std": -0.021775,
        "nauc_map_at_1000_diff1": 0.202464,
        "nauc_recall_at_1_max": 0.61588,
        "nauc_recall_at_1_std": -0.131513,
        "nauc_recall_at_1_diff1": 0.47681,
        "nauc_recall_at_3_max": 0.5051,
        "nauc_recall_at_3_std": -0.089787,
        "nauc_recall_at_3_diff1": 0.303966,
        "nauc_recall_at_5_max": 0.500084,
        "nauc_recall_at_5_std": -0.053606,
        "nauc_recall_at_5_diff1": 0.254617,
        "nauc_recall_at_10_max": 0.263794,
        "nauc_recall_at_10_std": 0.045872,
        "nauc_recall_at_10_diff1": 0.184609,
        "nauc_recall_at_20_max": 0.195237,
        "nauc_recall_at_20_std": 0.063529,
        "nauc_recall_at_20_diff1": 0.175073,
        "nauc_recall_at_100_max": 0.19837,
        "nauc_recall_at_100_std": 0.04254,
        "nauc_recall_at_100_diff1": 0.063904,
        "nauc_recall_at_1000_max": 0.172231,
        "nauc_recall_at_1000_std": -0.016873,
        "nauc_recall_at_1000_diff1": 0.007607,
        "nauc_precision_at_1_max": 0.408077,
        "nauc_precision_at_1_std": -0.01801,
        "nauc_precision_at_1_diff1": 0.196144,
        "nauc_precision_at_3_max": 0.358638,
        "nauc_precision_at_3_std": -0.041382,
        "nauc_precision_at_3_diff1": 0.049693,
        "nauc_precision_at_5_max": 0.362041,
        "nauc_precision_at_5_std": -0.00397,
        "nauc_precision_at_5_diff1": 0.023775,
        "nauc_precision_at_10_max": 0.340958,
        "nauc_precision_at_10_std": 0.016151,
        "nauc_precision_at_10_diff1": 0.002322,
        "nauc_precision_at_20_max": 0.312394,
        "nauc_precision_at_20_std": -0.011207,
        "nauc_precision_at_20_diff1": -0.041377,
        "nauc_precision_at_100_max": 0.225895,
        "nauc_precision_at_100_std": 0.028119,
        "nauc_precision_at_100_diff1": -0.108728,
        "nauc_precision_at_1000_max": 0.145661,
        "nauc_precision_at_1000_std": 0.036082,
        "nauc_precision_at_1000_diff1": -0.05525,
        "nauc_mrr_at_1_max": 0.408077,
        "nauc_mrr_at_1_std": -0.01801,
        "nauc_mrr_at_1_diff1": 0.196144,
        "nauc_mrr_at_3_max": 0.359689,
        "nauc_mrr_at_3_std": -0.027415,
        "nauc_mrr_at_3_diff1": 0.133478,
        "nauc_mrr_at_5_max": 0.354019,
        "nauc_mrr_at_5_std": -0.031007,
        "nauc_mrr_at_5_diff1": 0.117621,
        "nauc_mrr_at_10_max": 0.341391,
        "nauc_mrr_at_10_std": -0.029701,
        "nauc_mrr_at_10_diff1": 0.110279,
        "nauc_mrr_at_20_max": 0.34091,
        "nauc_mrr_at_20_std": -0.030501,
        "nauc_mrr_at_20_diff1": 0.106351,
        "nauc_mrr_at_100_max": 0.339197,
        "nauc_mrr_at_100_std": -0.026853,
        "nauc_mrr_at_100_diff1": 0.107262,
        "nauc_mrr_at_1000_max": 0.339962,
        "nauc_mrr_at_1000_std": -0.02699,
        "nauc_mrr_at_1000_diff1": 0.107798,
        "main_score": 0.06726,
        "hf_subset": "default",
        "languages": [
          "eng-Latn"
        ]
      }
    ]
  },
  "evaluation_time": 25.363506078720093,
  "kg_co2_emissions": null
}