{
  "map_at_10": 0.03492,
  "mrr_at_10": 0.04009126984126983,
  "ndcg_at_10": 0.04891,
  "recall_at_10": 0.08928,
  "recall_at_100": 0.26233
}
