{
  "map_at_10": 0.0,
  "mrr_at_10": 0.00037037037037037035,
  "ndcg_at_10": 0.0,
  "recall_at_10": 0.0,
  "recall_at_100": 0.02511
}
