{
  "map_at_10": 0.00131,
  "mrr_at_10": 0.0015873015873015873,
  "ndcg_at_10": 0.00255,
  "recall_at_10": 0.00667,
  "recall_at_100": 0.01733
}
