{
  "dataset_revision": "0228b52cf27578f30900b9e5271d331663a030d7",
  "task_name": "SciFact",
  "mteb_version": "1.39.7",
  "scores": {
    "test": [
      {
        "ndcg_at_1": 0.07667,
        "ndcg_at_3": 0.08876,
        "ndcg_at_5": 0.09255,
        "ndcg_at_10": 0.10804,
        "ndcg_at_20": 0.1214,
        "ndcg_at_100": 0.1511,
        "ndcg_at_1000": 0.19462,
        "map_at_1": 0.06944,
        "map_at_3": 0.08133,
        "map_at_5": 0.08383,
        "map_at_10": 0.09045,
        "map_at_20": 0.09413,
        "map_at_100": 0.09798,
        "map_at_1000": 0.0993,
        "recall_at_1": 0.06944,
        "recall_at_3": 0.09856,
        "recall_at_5": 0.11022,
        "recall_at_10": 0.15689,
        "recall_at_20": 0.20767,
        "recall_at_100": 0.36694,
        "recall_at_1000": 0.72256,
        "precision_at_1": 0.07667,
        "precision_at_3": 0.03778,
        "precision_at_5": 0.02533,
        "precision_at_10": 0.01733,
        "precision_at_20": 0.01167,
        "precision_at_100": 0.00427,
        "precision_at_1000": 0.00083,
        "mrr_at_1": 0.076667,
        "mrr_at_3": 0.090556,
        "mrr_at_5": 0.093389,
        "mrr_at_10": 0.100009,
        "mrr_at_20": 0.10401,
        "mrr_at_100": 0.107495,
        "mrr_at_1000": 0.108703,
        "nauc_ndcg_at_1_max": 0.155504,
        "nauc_ndcg_at_1_std": 0.10078,
        "nauc_ndcg_at_1_diff1": 0.298923,
        "nauc_ndcg_at_3_max": 0.162837,
        "nauc_ndcg_at_3_std": 0.031432,
        "nauc_ndcg_at_3_diff1": 0.199854,
        "nauc_ndcg_at_5_max": 0.156667,
        "nauc_ndcg_at_5_std": 0.020009,
        "nauc_ndcg_at_5_diff1": 0.202357,
        "nauc_ndcg_at_10_max": 0.143666,
        "nauc_ndcg_at_10_std": 0.009679,
        "nauc_ndcg_at_10_diff1": 0.177988,
        "nauc_ndcg_at_20_max": 0.133471,
        "nauc_ndcg_at_20_std": 0.036915,
        "nauc_ndcg_at_20_diff1": 0.175634,
        "nauc_ndcg_at_100_max": 0.137241,
        "nauc_ndcg_at_100_std": 0.036186,
        "nauc_ndcg_at_100_diff1": 0.149966,
        "nauc_ndcg_at_1000_max": 0.139605,
        "nauc_ndcg_at_1000_std": 0.030261,
        "nauc_ndcg_at_1000_diff1": 0.13568,
        "nauc_map_at_1_max": 0.101484,
        "nauc_map_at_1_std": 0.052544,
        "nauc_map_at_1_diff1": 0.273998,
        "nauc_map_at_3_max": 0.134082,
        "nauc_map_at_3_std": 0.025923,
        "nauc_map_at_3_diff1": 0.211445,
        "nauc_map_at_5_max": 0.136204,
        "nauc_map_at_5_std": 0.021858,
        "nauc_map_at_5_diff1": 0.213694,
        "nauc_map_at_10_max": 0.130267,
        "nauc_map_at_10_std": 0.017204,
        "nauc_map_at_10_diff1": 0.200912,
        "nauc_map_at_20_max": 0.127564,
        "nauc_map_at_20_std": 0.024658,
        "nauc_map_at_20_diff1": 0.199015,
        "nauc_map_at_100_max": 0.129281,
        "nauc_map_at_100_std": 0.025408,
        "nauc_map_at_100_diff1": 0.194154,
        "nauc_map_at_1000_max": 0.12992,
        "nauc_map_at_1000_std": 0.025846,
        "nauc_map_at_1000_diff1": 0.193865,
        "nauc_recall_at_1_max": 0.101484,
        "nauc_recall_at_1_std": 0.052544,
        "nauc_recall_at_1_diff1": 0.273998,
        "nauc_recall_at_3_max": 0.146942,
        "nauc_recall_at_3_std": 0.017604,
        "nauc_recall_at_3_diff1": 0.164757,
        "nauc_recall_at_5_max": 0.152146,
        "nauc_recall_at_5_std": 0.001674,
        "nauc_recall_at_5_diff1": 0.173158,
        "nauc_recall_at_10_max": 0.126451,
        "nauc_recall_at_10_std": -0.018498,
        "nauc_recall_at_10_diff1": 0.126921,
        "nauc_recall_at_20_max": 0.102202,
        "nauc_recall_at_20_std": 0.057901,
        "nauc_recall_at_20_diff1": 0.130499,
        "nauc_recall_at_100_max": 0.109705,
        "nauc_recall_at_100_std": 0.046915,
        "nauc_recall_at_100_diff1": 0.063729,
        "nauc_recall_at_1000_max": 0.087524,
        "nauc_recall_at_1000_std": 0.002654,
        "nauc_recall_at_1000_diff1": -0.06377,
        "nauc_precision_at_1_max": 0.155504,
        "nauc_precision_at_1_std": 0.10078,
        "nauc_precision_at_1_diff1": 0.298923,
        "nauc_precision_at_3_max": 0.243505,
        "nauc_precision_at_3_std": 0.022483,
        "nauc_precision_at_3_diff1": 0.149612,
        "nauc_precision_at_5_max": 0.24279,
        "nauc_precision_at_5_std": 0.003381,
        "nauc_precision_at_5_diff1": 0.155851,
        "nauc_precision_at_10_max": 0.200449,
        "nauc_precision_at_10_std": -0.015525,
        "nauc_precision_at_10_diff1": 0.116897,
        "nauc_precision_at_20_max": 0.171409,
        "nauc_precision_at_20_std": 0.057655,
        "nauc_precision_at_20_diff1": 0.108372,
        "nauc_precision_at_100_max": 0.196137,
        "nauc_precision_at_100_std": 0.048588,
        "nauc_precision_at_100_diff1": 0.050959,
        "nauc_precision_at_1000_max": 0.225699,
        "nauc_precision_at_1000_std": -0.007957,
        "nauc_precision_at_1000_diff1": -0.063174,
        "nauc_mrr_at_1_max": 0.155504,
        "nauc_mrr_at_1_std": 0.10078,
        "nauc_mrr_at_1_diff1": 0.298923,
        "nauc_mrr_at_3_max": 0.197718,
        "nauc_mrr_at_3_std": 0.058627,
        "nauc_mrr_at_3_diff1": 0.225799,
        "nauc_mrr_at_5_max": 0.198358,
        "nauc_mrr_at_5_std": 0.053068,
        "nauc_mrr_at_5_diff1": 0.226268,
        "nauc_mrr_at_10_max": 0.190136,
        "nauc_mrr_at_10_std": 0.047425,
        "nauc_mrr_at_10_diff1": 0.214119,
        "nauc_mrr_at_20_max": 0.183616,
        "nauc_mrr_at_20_std": 0.055188,
        "nauc_mrr_at_20_diff1": 0.211755,
        "nauc_mrr_at_100_max": 0.182965,
        "nauc_mrr_at_100_std": 0.054953,
        "nauc_mrr_at_100_diff1": 0.207721,
        "nauc_mrr_at_1000_max": 0.182868,
        "nauc_mrr_at_1000_std": 0.055191,
        "nauc_mrr_at_1000_diff1": 0.207389,
        "main_score": 0.10804,
        "hf_subset": "default",
        "languages": [
          "eng-Latn"
        ]
      }
    ]
  },
  "evaluation_time": 44.68156623840332,
  "kg_co2_emissions": null
}