{
  "map_at_10": 0.01885,
  "mrr_at_10": 0.03667817950225357,
  "ndcg_at_10": 0.02944,
  "recall_at_10": 0.04362,
  "recall_at_100": 0.11284
}
