{
  "map_at_10": 0.10847,
  "mrr_at_10": 0.19603174603174603,
  "ndcg_at_10": 0.14982,
  "recall_at_10": 0.18742,
  "recall_at_100": 0.35804
}
