{
  "map_at_10": 0.01101,
  "mrr_at_10": 0.021168307858122667,
  "ndcg_at_10": 0.01716,
  "recall_at_10": 0.02491,
  "recall_at_100": 0.0861
}
