{
  "map_at_10": 0.05828,
  "mrr_at_10": 0.10540368410738786,
  "ndcg_at_10": 0.0813,
  "recall_at_10": 0.10403,
  "recall_at_100": 0.19464
}
