{
  "map_at_10": 0.0173,
  "mrr_at_10": 0.03325127376053301,
  "ndcg_at_10": 0.02605,
  "recall_at_10": 0.0368,
  "recall_at_100": 0.09346
}
