{
  "map_at_10": 0.01391,
  "mrr_at_10": 0.026267636684303347,
  "ndcg_at_10": 0.02172,
  "recall_at_10": 0.0319,
  "recall_at_100": 0.0935
}
