{
  "map_at_10": 0.00989,
  "mrr_at_10": 0.0195271164021164,
  "ndcg_at_10": 0.01466,
  "recall_at_10": 0.0189,
  "recall_at_100": 0.08311
}
