{
  "map_at_10": 0.03563,
  "mrr_at_10": 0.06510753478346074,
  "ndcg_at_10": 0.0512,
  "recall_at_10": 0.06858,
  "recall_at_100": 0.14834
}
