{
  "map_at_10": 0.01737,
  "mrr_at_10": 0.03386672055653536,
  "ndcg_at_10": 0.0268,
  "recall_at_10": 0.0389,
  "recall_at_100": 0.10106
}
