{
  "map_at_10": 0.02429,
  "mrr_at_10": 0.04630425729962767,
  "ndcg_at_10": 0.0369,
  "recall_at_10": 0.05344,
  "recall_at_100": 0.12492
}
