{
  "map_at_10": 0.00024,
  "mrr_at_10": 0.001242857142857143,
  "ndcg_at_10": 0.00063,
  "recall_at_10": 0.0008,
  "recall_at_100": 0.0068
}
