{
  "map_at_10": 0.00038,
  "mrr_at_10": 0.0019039682539682538,
  "ndcg_at_10": 0.00096,
  "recall_at_10": 0.0012,
  "recall_at_100": 0.0094
}
