{
  "map_at_10": 9e-05,
  "mrr_at_10": 0.0007083333333333333,
  "ndcg_at_10": 0.00028,
  "recall_at_10": 0.0004,
  "recall_at_100": 0.0072
}
