{
  "map_at_10": 0.00014,
  "mrr_at_10": 0.0007916666666666666,
  "ndcg_at_10": 0.00041,
  "recall_at_10": 0.0006,
  "recall_at_100": 0.00543
}
