{
  "map_at_10": 0.0004,
  "mrr_at_10": 0.001977777777777778,
  "ndcg_at_10": 0.00112,
  "recall_at_10": 0.0016,
  "recall_at_100": 0.0088
}
