{
  "map_at_10": 3e-05,
  "mrr_at_10": 0.00024285714285714286,
  "ndcg_at_10": 0.00011,
  "recall_at_10": 0.0002,
  "recall_at_100": 0.0064
}
