{
  "map_at_10": 0.00151,
  "mrr_at_10": 0.007573412698412698,
  "ndcg_at_10": 0.00338,
  "recall_at_10": 0.0036,
  "recall_at_100": 0.01403
}
