{
  "map_at_10": 0.00049,
  "mrr_at_10": 0.0023511904761904763,
  "ndcg_at_10": 0.00111,
  "recall_at_10": 0.0012,
  "recall_at_100": 0.00865
}
