{
  "map_at_10": 0.00021,
  "mrr_at_10": 0.0010428571428571427,
  "ndcg_at_10": 0.00065,
  "recall_at_10": 0.001,
  "recall_at_100": 0.0092
}
