{
  "map_at_10": 0.00018,
  "mrr_at_10": 0.01042311661506708,
  "ndcg_at_10": 0.00496,
  "recall_at_10": 0.00121,
  "recall_at_100": 0.02971
}
