{
  "map_at_10": 0.00112,
  "mrr_at_10": 0.03826969384244926,
  "ndcg_at_10": 0.01288,
  "recall_at_10": 0.00251,
  "recall_at_100": 0.02485
}
