{
  "map_at_10": 0.00048,
  "mrr_at_10": 0.017005749668288366,
  "ndcg_at_10": 0.00639,
  "recall_at_10": 0.00184,
  "recall_at_100": 0.0281
}
