{
  "map_at_10": 0.0012,
  "mrr_at_10": 0.03718978819598014,
  "ndcg_at_10": 0.00979,
  "recall_at_10": 0.00319,
  "recall_at_100": 0.02783
}
