{
  "map_at_10": 0.00085,
  "mrr_at_10": 0.03106540861958819,
  "ndcg_at_10": 0.01026,
  "recall_at_10": 0.00318,
  "recall_at_100": 0.02685
}
