{
  "map_at_10": 0.00103,
  "mrr_at_10": 0.03656936458794044,
  "ndcg_at_10": 0.01119,
  "recall_at_10": 0.00236,
  "recall_at_100": 0.02353
}
