{
  "map_at_10": 0.00115,
  "mrr_at_10": 0.027372352449751825,
  "ndcg_at_10": 0.01002,
  "recall_at_10": 0.00352,
  "recall_at_100": 0.0269
}
