{
  "map_at_10": 0.00144,
  "mrr_at_10": 0.032904565334905884,
  "ndcg_at_10": 0.01269,
  "recall_at_10": 0.00357,
  "recall_at_100": 0.02891
}
