{
  "map_at_10": 0.00111,
  "mrr_at_10": 0.03830286500565138,
  "ndcg_at_10": 0.01294,
  "recall_at_10": 0.00266,
  "recall_at_100": 0.04981
}
