{
  "map_at_10": 0.00064,
  "mrr_at_10": 0.0254078824512261,
  "ndcg_at_10": 0.01091,
  "recall_at_10": 0.00252,
  "recall_at_100": 0.02782
}
