{
  "dataset_revision": "f8c2fcf00f625baaa80f62ec5bd9e1fff3b8ae88",
  "task_name": "SCIDOCS",
  "mteb_version": "1.39.7",
  "scores": {
    "test": [
      {
        "ndcg_at_1": 0.172,
        "ndcg_at_3": 0.1336,
        "ndcg_at_5": 0.11445,
        "ndcg_at_10": 0.13671,
        "ndcg_at_20": 0.1592,
        "ndcg_at_100": 0.19896,
        "ndcg_at_1000": 0.25117,
        "map_at_1": 0.03488,
        "map_at_3": 0.05836,
        "map_at_5": 0.0681,
        "map_at_10": 0.07778,
        "map_at_20": 0.08494,
        "map_at_100": 0.092,
        "map_at_1000": 0.09439,
        "recall_at_1": 0.03488,
        "recall_at_3": 0.07533,
        "recall_at_5": 0.09998,
        "recall_at_10": 0.14142,
        "recall_at_20": 0.19445,
        "recall_at_100": 0.32357,
        "recall_at_1000": 0.58308,
        "precision_at_1": 0.172,
        "precision_at_3": 0.124,
        "precision_at_5": 0.0988,
        "precision_at_10": 0.0697,
        "precision_at_20": 0.0479,
        "precision_at_100": 0.01595,
        "precision_at_1000": 0.00287,
        "mrr_at_1": 0.172,
        "mrr_at_3": 0.225167,
        "mrr_at_5": 0.239167,
        "mrr_at_10": 0.252089,
        "mrr_at_20": 0.25934,
        "mrr_at_100": 0.263528,
        "mrr_at_1000": 0.264393,
        "nauc_ndcg_at_1_max": 0.261789,
        "nauc_ndcg_at_1_std": 0.069316,
        "nauc_ndcg_at_1_diff1": 0.23253,
        "nauc_ndcg_at_3_max": 0.292323,
        "nauc_ndcg_at_3_std": 0.138932,
        "nauc_ndcg_at_3_diff1": 0.189922,
        "nauc_ndcg_at_5_max": 0.304848,
        "nauc_ndcg_at_5_std": 0.154092,
        "nauc_ndcg_at_5_diff1": 0.180931,
        "nauc_ndcg_at_10_max": 0.309869,
        "nauc_ndcg_at_10_std": 0.184844,
        "nauc_ndcg_at_10_diff1": 0.168107,
        "nauc_ndcg_at_20_max": 0.325498,
        "nauc_ndcg_at_20_std": 0.217991,
        "nauc_ndcg_at_20_diff1": 0.161624,
        "nauc_ndcg_at_100_max": 0.330852,
        "nauc_ndcg_at_100_std": 0.2699,
        "nauc_ndcg_at_100_diff1": 0.151141,
        "nauc_ndcg_at_1000_max": 0.342197,
        "nauc_ndcg_at_1000_std": 0.293486,
        "nauc_ndcg_at_1000_diff1": 0.149009,
        "nauc_map_at_1_max": 0.258734,
        "nauc_map_at_1_std": 0.067602,
        "nauc_map_at_1_diff1": 0.227699,
        "nauc_map_at_3_max": 0.293527,
        "nauc_map_at_3_std": 0.121323,
        "nauc_map_at_3_diff1": 0.199133,
        "nauc_map_at_5_max": 0.30651,
        "nauc_map_at_5_std": 0.132914,
        "nauc_map_at_5_diff1": 0.191746,
        "nauc_map_at_10_max": 0.31836,
        "nauc_map_at_10_std": 0.159379,
        "nauc_map_at_10_diff1": 0.180029,
        "nauc_map_at_20_max": 0.324386,
        "nauc_map_at_20_std": 0.177414,
        "nauc_map_at_20_diff1": 0.176918,
        "nauc_map_at_100_max": 0.326844,
        "nauc_map_at_100_std": 0.197767,
        "nauc_map_at_100_diff1": 0.172897,
        "nauc_map_at_1000_max": 0.327881,
        "nauc_map_at_1000_std": 0.201769,
        "nauc_map_at_1000_diff1": 0.171807,
        "nauc_recall_at_1_max": 0.258734,
        "nauc_recall_at_1_std": 0.067602,
        "nauc_recall_at_1_diff1": 0.227699,
        "nauc_recall_at_3_max": 0.304164,
        "nauc_recall_at_3_std": 0.165602,
        "nauc_recall_at_3_diff1": 0.17075,
        "nauc_recall_at_5_max": 0.316214,
        "nauc_recall_at_5_std": 0.185139,
        "nauc_recall_at_5_diff1": 0.155659,
        "nauc_recall_at_10_max": 0.309072,
        "nauc_recall_at_10_std": 0.232298,
        "nauc_recall_at_10_diff1": 0.127458,
        "nauc_recall_at_20_max": 0.320301,
        "nauc_recall_at_20_std": 0.281904,
        "nauc_recall_at_20_diff1": 0.109477,
        "nauc_recall_at_100_max": 0.306776,
        "nauc_recall_at_100_std": 0.374426,
        "nauc_recall_at_100_diff1": 0.082253,
        "nauc_recall_at_1000_max": 0.301824,
        "nauc_recall_at_1000_std": 0.415589,
        "nauc_recall_at_1000_diff1": 0.056292,
        "nauc_precision_at_1_max": 0.261789,
        "nauc_precision_at_1_std": 0.069316,
        "nauc_precision_at_1_diff1": 0.23253,
        "nauc_precision_at_3_max": 0.305514,
        "nauc_precision_at_3_std": 0.167645,
        "nauc_precision_at_3_diff1": 0.173112,
        "nauc_precision_at_5_max": 0.317518,
        "nauc_precision_at_5_std": 0.185909,
        "nauc_precision_at_5_diff1": 0.157696,
        "nauc_precision_at_10_max": 0.313038,
        "nauc_precision_at_10_std": 0.234107,
        "nauc_precision_at_10_diff1": 0.129433,
        "nauc_precision_at_20_max": 0.322717,
        "nauc_precision_at_20_std": 0.281681,
        "nauc_precision_at_20_diff1": 0.112508,
        "nauc_precision_at_100_max": 0.307238,
        "nauc_precision_at_100_std": 0.3705,
        "nauc_precision_at_100_diff1": 0.085844,
        "nauc_precision_at_1000_max": 0.302441,
        "nauc_precision_at_1000_std": 0.40911,
        "nauc_precision_at_1000_diff1": 0.060645,
        "nauc_mrr_at_1_max": 0.261789,
        "nauc_mrr_at_1_std": 0.069316,
        "nauc_mrr_at_1_diff1": 0.23253,
        "nauc_mrr_at_3_max": 0.278115,
        "nauc_mrr_at_3_std": 0.132129,
        "nauc_mrr_at_3_diff1": 0.19319,
        "nauc_mrr_at_5_max": 0.280515,
        "nauc_mrr_at_5_std": 0.138903,
        "nauc_mrr_at_5_diff1": 0.189456,
        "nauc_mrr_at_10_max": 0.278761,
        "nauc_mrr_at_10_std": 0.144638,
        "nauc_mrr_at_10_diff1": 0.188103,
        "nauc_mrr_at_20_max": 0.282529,
        "nauc_mrr_at_20_std": 0.14912,
        "nauc_mrr_at_20_diff1": 0.186609,
        "nauc_mrr_at_100_max": 0.281839,
        "nauc_mrr_at_100_std": 0.149758,
        "nauc_mrr_at_100_diff1": 0.186217,
        "nauc_mrr_at_1000_max": 0.281825,
        "nauc_mrr_at_1000_std": 0.14937,
        "nauc_mrr_at_1000_diff1": 0.186522,
        "main_score": 0.13671,
        "hf_subset": "default",
        "languages": [
          "eng-Latn"
        ]
      }
    ]
  },
  "evaluation_time": 43.509713888168335,
  "kg_co2_emissions": null
}