{
  "dataset_revision": "0228b52cf27578f30900b9e5271d331663a030d7",
  "task_name": "SciFact",
  "mteb_version": "1.39.7",
  "scores": {
    "test": [
      {
        "ndcg_at_1": 0.05,
        "ndcg_at_3": 0.06846,
        "ndcg_at_5": 0.07588,
        "ndcg_at_10": 0.08992,
        "ndcg_at_20": 0.09964,
        "ndcg_at_100": 0.12835,
        "ndcg_at_1000": 0.17263,
        "map_at_1": 0.0475,
        "map_at_3": 0.06204,
        "map_at_5": 0.06654,
        "map_at_10": 0.07229,
        "map_at_20": 0.07481,
        "map_at_100": 0.07841,
        "map_at_1000": 0.07984,
        "recall_at_1": 0.0475,
        "recall_at_3": 0.07828,
        "recall_at_5": 0.09828,
        "recall_at_10": 0.13922,
        "recall_at_20": 0.17783,
        "recall_at_100": 0.33539,
        "recall_at_1000": 0.68922,
        "precision_at_1": 0.05,
        "precision_at_3": 0.03,
        "precision_at_5": 0.022,
        "precision_at_10": 0.016,
        "precision_at_20": 0.01017,
        "precision_at_100": 0.00383,
        "precision_at_1000": 0.00079,
        "mrr_at_1": 0.05,
        "mrr_at_3": 0.068333,
        "mrr_at_5": 0.072833,
        "mrr_at_10": 0.079403,
        "mrr_at_20": 0.081971,
        "mrr_at_100": 0.085232,
        "mrr_at_1000": 0.086532,
        "nauc_ndcg_at_1_max": 0.199982,
        "nauc_ndcg_at_1_std": 0.182703,
        "nauc_ndcg_at_1_diff1": 0.231106,
        "nauc_ndcg_at_3_max": 0.02234,
        "nauc_ndcg_at_3_std": 0.134299,
        "nauc_ndcg_at_3_diff1": 0.119779,
        "nauc_ndcg_at_5_max": 0.030281,
        "nauc_ndcg_at_5_std": 0.084267,
        "nauc_ndcg_at_5_diff1": 0.116552,
        "nauc_ndcg_at_10_max": 0.053317,
        "nauc_ndcg_at_10_std": 0.073418,
        "nauc_ndcg_at_10_diff1": 0.06935,
        "nauc_ndcg_at_20_max": 0.074619,
        "nauc_ndcg_at_20_std": 0.070707,
        "nauc_ndcg_at_20_diff1": 0.074167,
        "nauc_ndcg_at_100_max": 0.08612,
        "nauc_ndcg_at_100_std": 0.054427,
        "nauc_ndcg_at_100_diff1": 0.052304,
        "nauc_ndcg_at_1000_max": 0.097237,
        "nauc_ndcg_at_1000_std": 0.051941,
        "nauc_ndcg_at_1000_diff1": 0.036848,
        "nauc_map_at_1_max": 0.157876,
        "nauc_map_at_1_std": 0.139687,
        "nauc_map_at_1_diff1": 0.269564,
        "nauc_map_at_3_max": 0.04066,
        "nauc_map_at_3_std": 0.126013,
        "nauc_map_at_3_diff1": 0.161437,
        "nauc_map_at_5_max": 0.04673,
        "nauc_map_at_5_std": 0.0971,
        "nauc_map_at_5_diff1": 0.152921,
        "nauc_map_at_10_max": 0.057656,
        "nauc_map_at_10_std": 0.091013,
        "nauc_map_at_10_diff1": 0.127852,
        "nauc_map_at_20_max": 0.065202,
        "nauc_map_at_20_std": 0.089297,
        "nauc_map_at_20_diff1": 0.128369,
        "nauc_map_at_100_max": 0.068913,
        "nauc_map_at_100_std": 0.085272,
        "nauc_map_at_100_diff1": 0.123117,
        "nauc_map_at_1000_max": 0.070477,
        "nauc_map_at_1000_std": 0.086159,
        "nauc_map_at_1000_diff1": 0.122012,
        "nauc_recall_at_1_max": 0.157876,
        "nauc_recall_at_1_std": 0.139687,
        "nauc_recall_at_1_diff1": 0.269564,
        "nauc_recall_at_3_max": -0.040206,
        "nauc_recall_at_3_std": 0.128682,
        "nauc_recall_at_3_diff1": 0.085241,
        "nauc_recall_at_5_max": -0.009306,
        "nauc_recall_at_5_std": 0.039138,
        "nauc_recall_at_5_diff1": 0.074777,
        "nauc_recall_at_10_max": 0.038259,
        "nauc_recall_at_10_std": 0.023273,
        "nauc_recall_at_10_diff1": -0.010093,
        "nauc_recall_at_20_max": 0.084546,
        "nauc_recall_at_20_std": 0.028722,
        "nauc_recall_at_20_diff1": 0.014452,
        "nauc_recall_at_100_max": 0.100645,
        "nauc_recall_at_100_std": -0.006711,
        "nauc_recall_at_100_diff1": -0.023101,
        "nauc_recall_at_1000_max": 0.140398,
        "nauc_recall_at_1000_std": -0.051806,
        "nauc_recall_at_1000_diff1": -0.102963,
        "nauc_precision_at_1_max": 0.199982,
        "nauc_precision_at_1_std": 0.182703,
        "nauc_precision_at_1_diff1": 0.231106,
        "nauc_precision_at_3_max": -0.026096,
        "nauc_precision_at_3_std": 0.143537,
        "nauc_precision_at_3_diff1": 0.020988,
        "nauc_precision_at_5_max": -0.001023,
        "nauc_precision_at_5_std": 0.062494,
        "nauc_precision_at_5_diff1": 0.023546,
        "nauc_precision_at_10_max": 0.058326,
        "nauc_precision_at_10_std": 0.047455,
        "nauc_precision_at_10_diff1": -0.062791,
        "nauc_precision_at_20_max": 0.122637,
        "nauc_precision_at_20_std": 0.050679,
        "nauc_precision_at_20_diff1": -0.037577,
        "nauc_precision_at_100_max": 0.141991,
        "nauc_precision_at_100_std": 0.041578,
        "nauc_precision_at_100_diff1": -0.088575,
        "nauc_precision_at_1000_max": 0.182324,
        "nauc_precision_at_1000_std": 0.009055,
        "nauc_precision_at_1000_diff1": -0.194085,
        "nauc_mrr_at_1_max": 0.199982,
        "nauc_mrr_at_1_std": 0.182703,
        "nauc_mrr_at_1_diff1": 0.231106,
        "nauc_mrr_at_3_max": 0.061524,
        "nauc_mrr_at_3_std": 0.151917,
        "nauc_mrr_at_3_diff1": 0.10601,
        "nauc_mrr_at_5_max": 0.066195,
        "nauc_mrr_at_5_std": 0.124643,
        "nauc_mrr_at_5_diff1": 0.101943,
        "nauc_mrr_at_10_max": 0.081334,
        "nauc_mrr_at_10_std": 0.120615,
        "nauc_mrr_at_10_diff1": 0.07981,
        "nauc_mrr_at_20_max": 0.088359,
        "nauc_mrr_at_20_std": 0.115787,
        "nauc_mrr_at_20_diff1": 0.082496,
        "nauc_mrr_at_100_max": 0.090832,
        "nauc_mrr_at_100_std": 0.111728,
        "nauc_mrr_at_100_diff1": 0.079533,
        "nauc_mrr_at_1000_max": 0.091025,
        "nauc_mrr_at_1000_std": 0.11203,
        "nauc_mrr_at_1000_diff1": 0.079236,
        "main_score": 0.08992,
        "hf_subset": "default",
        "languages": [
          "eng-Latn"
        ]
      }
    ]
  },
  "evaluation_time": 63.2109637260437,
  "kg_co2_emissions": null
}