{
  "dataset_revision": "0228b52cf27578f30900b9e5271d331663a030d7",
  "task_name": "SciFact",
  "mteb_version": "1.39.7",
  "scores": {
    "test": [
      {
        "ndcg_at_1": 0.01667,
        "ndcg_at_3": 0.02796,
        "ndcg_at_5": 0.03612,
        "ndcg_at_10": 0.04712,
        "ndcg_at_20": 0.05517,
        "ndcg_at_100": 0.08444,
        "ndcg_at_1000": 0.12531,
        "map_at_1": 0.01167,
        "map_at_3": 0.02256,
        "map_at_5": 0.02772,
        "map_at_10": 0.03205,
        "map_at_20": 0.03428,
        "map_at_100": 0.03795,
        "map_at_1000": 0.03924,
        "recall_at_1": 0.01167,
        "recall_at_3": 0.03567,
        "recall_at_5": 0.05633,
        "recall_at_10": 0.09078,
        "recall_at_20": 0.12189,
        "recall_at_100": 0.281,
        "recall_at_1000": 0.6105,
        "precision_at_1": 0.01667,
        "precision_at_3": 0.01444,
        "precision_at_5": 0.01333,
        "precision_at_10": 0.01033,
        "precision_at_20": 0.00683,
        "precision_at_100": 0.00327,
        "precision_at_1000": 0.00071,
        "mrr_at_1": 0.016667,
        "mrr_at_3": 0.028889,
        "mrr_at_5": 0.033722,
        "mrr_at_10": 0.038276,
        "mrr_at_20": 0.040616,
        "mrr_at_100": 0.044091,
        "mrr_at_1000": 0.045336,
        "nauc_ndcg_at_1_max": -0.009284,
        "nauc_ndcg_at_1_std": 0.729541,
        "nauc_ndcg_at_1_diff1": -0.034505,
        "nauc_ndcg_at_3_max": 0.132925,
        "nauc_ndcg_at_3_std": 0.216292,
        "nauc_ndcg_at_3_diff1": -0.101953,
        "nauc_ndcg_at_5_max": 0.083422,
        "nauc_ndcg_at_5_std": 0.106647,
        "nauc_ndcg_at_5_diff1": -0.040165,
        "nauc_ndcg_at_10_max": 0.013578,
        "nauc_ndcg_at_10_std": 0.146036,
        "nauc_ndcg_at_10_diff1": -0.0576,
        "nauc_ndcg_at_20_max": 0.068272,
        "nauc_ndcg_at_20_std": 0.146932,
        "nauc_ndcg_at_20_diff1": -0.064025,
        "nauc_ndcg_at_100_max": 0.082034,
        "nauc_ndcg_at_100_std": 0.153552,
        "nauc_ndcg_at_100_diff1": -0.042225,
        "nauc_ndcg_at_1000_max": 0.101932,
        "nauc_ndcg_at_1000_std": 0.127595,
        "nauc_ndcg_at_1000_diff1": -0.035763,
        "nauc_map_at_1_max": -0.248649,
        "nauc_map_at_1_std": 0.61363,
        "nauc_map_at_1_diff1": 0.009928,
        "nauc_map_at_3_max": 0.062923,
        "nauc_map_at_3_std": 0.239002,
        "nauc_map_at_3_diff1": -0.098501,
        "nauc_map_at_5_max": 0.046648,
        "nauc_map_at_5_std": 0.15695,
        "nauc_map_at_5_diff1": -0.04867,
        "nauc_map_at_10_max": 0.007091,
        "nauc_map_at_10_std": 0.175291,
        "nauc_map_at_10_diff1": -0.060729,
        "nauc_map_at_20_max": 0.030859,
        "nauc_map_at_20_std": 0.173646,
        "nauc_map_at_20_diff1": -0.063215,
        "nauc_map_at_100_max": 0.039088,
        "nauc_map_at_100_std": 0.173139,
        "nauc_map_at_100_diff1": -0.057131,
        "nauc_map_at_1000_max": 0.040812,
        "nauc_map_at_1000_std": 0.170308,
        "nauc_map_at_1000_diff1": -0.05726,
        "nauc_recall_at_1_max": -0.248649,
        "nauc_recall_at_1_std": 0.61363,
        "nauc_recall_at_1_diff1": 0.009928,
        "nauc_recall_at_3_max": 0.182149,
        "nauc_recall_at_3_std": 0.089072,
        "nauc_recall_at_3_diff1": -0.127664,
        "nauc_recall_at_5_max": 0.09574,
        "nauc_recall_at_5_std": -0.01496,
        "nauc_recall_at_5_diff1": -0.02762,
        "nauc_recall_at_10_max": -0.023856,
        "nauc_recall_at_10_std": 0.096455,
        "nauc_recall_at_10_diff1": -0.053098,
        "nauc_recall_at_20_max": 0.079728,
        "nauc_recall_at_20_std": 0.105182,
        "nauc_recall_at_20_diff1": -0.063722,
        "nauc_recall_at_100_max": 0.0893,
        "nauc_recall_at_100_std": 0.128699,
        "nauc_recall_at_100_diff1": -0.020274,
        "nauc_recall_at_1000_max": 0.146552,
        "nauc_recall_at_1000_std": 0.073316,
        "nauc_recall_at_1000_diff1": 0.006192,
        "nauc_precision_at_1_max": -0.009284,
        "nauc_precision_at_1_std": 0.729541,
        "nauc_precision_at_1_diff1": -0.034505,
        "nauc_precision_at_3_max": 0.233225,
        "nauc_precision_at_3_std": 0.163155,
        "nauc_precision_at_3_diff1": -0.101092,
        "nauc_precision_at_5_max": 0.148001,
        "nauc_precision_at_5_std": 0.029152,
        "nauc_precision_at_5_diff1": -0.007794,
        "nauc_precision_at_10_max": 0.043839,
        "nauc_precision_at_10_std": 0.100955,
        "nauc_precision_at_10_diff1": -0.043467,
        "nauc_precision_at_20_max": 0.137918,
        "nauc_precision_at_20_std": 0.115137,
        "nauc_precision_at_20_diff1": -0.059205,
        "nauc_precision_at_100_max": 0.157093,
        "nauc_precision_at_100_std": 0.188893,
        "nauc_precision_at_100_diff1": -0.034443,
        "nauc_precision_at_1000_max": 0.191189,
        "nauc_precision_at_1000_std": 0.089457,
        "nauc_precision_at_1000_diff1": -0.005846,
        "nauc_mrr_at_1_max": -0.009284,
        "nauc_mrr_at_1_std": 0.729541,
        "nauc_mrr_at_1_diff1": -0.034505,
        "nauc_mrr_at_3_max": 0.159135,
        "nauc_mrr_at_3_std": 0.340524,
        "nauc_mrr_at_3_diff1": -0.085875,
        "nauc_mrr_at_5_max": 0.129387,
        "nauc_mrr_at_5_std": 0.264986,
        "nauc_mrr_at_5_diff1": -0.050895,
        "nauc_mrr_at_10_max": 0.091951,
        "nauc_mrr_at_10_std": 0.263679,
        "nauc_mrr_at_10_diff1": -0.062295,
        "nauc_mrr_at_20_max": 0.110545,
        "nauc_mrr_at_20_std": 0.259721,
        "nauc_mrr_at_20_diff1": -0.064892,
        "nauc_mrr_at_100_max": 0.109705,
        "nauc_mrr_at_100_std": 0.252781,
        "nauc_mrr_at_100_diff1": -0.059548,
        "nauc_mrr_at_1000_max": 0.109909,
        "nauc_mrr_at_1000_std": 0.250034,
        "nauc_mrr_at_1000_diff1": -0.059221,
        "main_score": 0.04712,
        "hf_subset": "default",
        "languages": [
          "eng-Latn"
        ]
      }
    ]
  },
  "evaluation_time": 88.64173889160156,
  "kg_co2_emissions": null
}