{
  "dataset_revision": "c22ab2a51041ffd869aaddef7af8d8215647e41a",
  "task_name": "ArguAna",
  "mteb_version": "1.39.7",
  "scores": {
    "test": [
      {
        "ndcg_at_1": 0.2724,
        "ndcg_at_3": 0.40252,
        "ndcg_at_5": 0.45541,
        "ndcg_at_10": 0.50284,
        "ndcg_at_20": 0.5237,
        "ndcg_at_100": 0.54194,
        "ndcg_at_1000": 0.5469,
        "map_at_1": 0.2724,
        "map_at_3": 0.36925,
        "map_at_5": 0.3987,
        "map_at_10": 0.41831,
        "map_at_20": 0.42412,
        "map_at_100": 0.42665,
        "map_at_1000": 0.42687,
        "recall_at_1": 0.2724,
        "recall_at_3": 0.49929,
        "recall_at_5": 0.62731,
        "recall_at_10": 0.77383,
        "recall_at_20": 0.85562,
        "recall_at_100": 0.95377,
        "recall_at_1000": 0.99147,
        "precision_at_1": 0.2724,
        "precision_at_3": 0.16643,
        "precision_at_5": 0.12546,
        "precision_at_10": 0.07738,
        "precision_at_20": 0.04278,
        "precision_at_100": 0.00954,
        "precision_at_1000": 0.00099,
        "mrr_at_1": 0.27596,
        "mrr_at_3": 0.370792,
        "mrr_at_5": 0.400202,
        "mrr_at_10": 0.419563,
        "mrr_at_20": 0.425509,
        "mrr_at_100": 0.428036,
        "mrr_at_1000": 0.428251,
        "nauc_ndcg_at_1_max": -0.078345,
        "nauc_ndcg_at_1_std": -0.065924,
        "nauc_ndcg_at_1_diff1": 0.112373,
        "nauc_ndcg_at_3_max": -0.015544,
        "nauc_ndcg_at_3_std": -0.06553,
        "nauc_ndcg_at_3_diff1": 0.078986,
        "nauc_ndcg_at_5_max": -0.006121,
        "nauc_ndcg_at_5_std": -0.059812,
        "nauc_ndcg_at_5_diff1": 0.090723,
        "nauc_ndcg_at_10_max": -0.004462,
        "nauc_ndcg_at_10_std": -0.050557,
        "nauc_ndcg_at_10_diff1": 0.080456,
        "nauc_ndcg_at_20_max": -0.004113,
        "nauc_ndcg_at_20_std": -0.045024,
        "nauc_ndcg_at_20_diff1": 0.080879,
        "nauc_ndcg_at_100_max": -0.006271,
        "nauc_ndcg_at_100_std": -0.040026,
        "nauc_ndcg_at_100_diff1": 0.087752,
        "nauc_ndcg_at_1000_max": -0.013814,
        "nauc_ndcg_at_1000_std": -0.048277,
        "nauc_ndcg_at_1000_diff1": 0.087127,
        "nauc_map_at_1_max": -0.078345,
        "nauc_map_at_1_std": -0.065924,
        "nauc_map_at_1_diff1": 0.112373,
        "nauc_map_at_3_max": -0.031176,
        "nauc_map_at_3_std": -0.066003,
        "nauc_map_at_3_diff1": 0.087176,
        "nauc_map_at_5_max": -0.02647,
        "nauc_map_at_5_std": -0.062675,
        "nauc_map_at_5_diff1": 0.093636,
        "nauc_map_at_10_max": -0.026455,
        "nauc_map_at_10_std": -0.058991,
        "nauc_map_at_10_diff1": 0.089442,
        "nauc_map_at_20_max": -0.026313,
        "nauc_map_at_20_std": -0.057522,
        "nauc_map_at_20_diff1": 0.08962,
        "nauc_map_at_100_max": -0.02638,
        "nauc_map_at_100_std": -0.057199,
        "nauc_map_at_100_diff1": 0.090685,
        "nauc_map_at_1000_max": -0.026642,
        "nauc_map_at_1000_std": -0.057438,
        "nauc_map_at_1000_diff1": 0.09063,
        "nauc_recall_at_1_max": -0.078345,
        "nauc_recall_at_1_std": -0.065924,
        "nauc_recall_at_1_diff1": 0.112373,
        "nauc_recall_at_3_max": 0.028927,
        "nauc_recall_at_3_std": -0.064045,
        "nauc_recall_at_3_diff1": 0.055735,
        "nauc_recall_at_5_max": 0.060594,
        "nauc_recall_at_5_std": -0.049886,
        "nauc_recall_at_5_diff1": 0.08347,
        "nauc_recall_at_10_max": 0.096978,
        "nauc_recall_at_10_std": -0.006819,
        "nauc_recall_at_10_diff1": 0.038234,
        "nauc_recall_at_20_max": 0.142597,
        "nauc_recall_at_20_std": 0.053653,
        "nauc_recall_at_20_diff1": 0.022181,
        "nauc_recall_at_100_max": 0.336229,
        "nauc_recall_at_100_std": 0.419712,
        "nauc_recall_at_100_diff1": 0.087608,
        "nauc_recall_at_1000_max": 0.111028,
        "nauc_recall_at_1000_std": 0.470208,
        "nauc_recall_at_1000_diff1": 0.008015,
        "nauc_precision_at_1_max": -0.078345,
        "nauc_precision_at_1_std": -0.065924,
        "nauc_precision_at_1_diff1": 0.112373,
        "nauc_precision_at_3_max": 0.028927,
        "nauc_precision_at_3_std": -0.064045,
        "nauc_precision_at_3_diff1": 0.055735,
        "nauc_precision_at_5_max": 0.060594,
        "nauc_precision_at_5_std": -0.049886,
        "nauc_precision_at_5_diff1": 0.08347,
        "nauc_precision_at_10_max": 0.096978,
        "nauc_precision_at_10_std": -0.006819,
        "nauc_precision_at_10_diff1": 0.038234,
        "nauc_precision_at_20_max": 0.142597,
        "nauc_precision_at_20_std": 0.053653,
        "nauc_precision_at_20_diff1": 0.022181,
        "nauc_precision_at_100_max": 0.336229,
        "nauc_precision_at_100_std": 0.419712,
        "nauc_precision_at_100_diff1": 0.087608,
        "nauc_precision_at_1000_max": 0.111028,
        "nauc_precision_at_1000_std": 0.470208,
        "nauc_precision_at_1000_diff1": 0.008015,
        "nauc_mrr_at_1_max": -0.081419,
        "nauc_mrr_at_1_std": -0.063902,
        "nauc_mrr_at_1_diff1": 0.100982,
        "nauc_mrr_at_3_max": -0.041177,
        "nauc_mrr_at_3_std": -0.064152,
        "nauc_mrr_at_3_diff1": 0.072982,
        "nauc_mrr_at_5_max": -0.033986,
        "nauc_mrr_at_5_std": -0.062512,
        "nauc_mrr_at_5_diff1": 0.08199,
        "nauc_mrr_at_10_max": -0.035516,
        "nauc_mrr_at_10_std": -0.058898,
        "nauc_mrr_at_10_diff1": 0.076717,
        "nauc_mrr_at_20_max": -0.034825,
        "nauc_mrr_at_20_std": -0.057481,
        "nauc_mrr_at_20_diff1": 0.077413,
        "nauc_mrr_at_100_max": -0.034971,
        "nauc_mrr_at_100_std": -0.057161,
        "nauc_mrr_at_100_diff1": 0.078365,
        "nauc_mrr_at_1000_max": -0.035238,
        "nauc_mrr_at_1000_std": -0.0574,
        "nauc_mrr_at_1000_diff1": 0.078302,
        "main_score": 0.50284,
        "hf_subset": "default",
        "languages": [
          "eng-Latn"
        ]
      }
    ]
  },
  "evaluation_time": 42.51055383682251,
  "kg_co2_emissions": null
}