{
  "dataset_revision": "ec0fa4fe99da2ff19ca1214b7966684033a58814",
  "task_name": "NFCorpus",
  "mteb_version": "1.39.7",
  "scores": {
    "test": [
      {
        "ndcg_at_1": 0.21981,
        "ndcg_at_3": 0.19257,
        "ndcg_at_5": 0.17749,
        "ndcg_at_10": 0.1556,
        "ndcg_at_20": 0.13925,
        "ndcg_at_100": 0.1407,
        "ndcg_at_1000": 0.22676,
        "map_at_1": 0.02631,
        "map_at_3": 0.04098,
        "map_at_5": 0.04675,
        "map_at_10": 0.05258,
        "map_at_20": 0.05654,
        "map_at_100": 0.06144,
        "map_at_1000": 0.06794,
        "recall_at_1": 0.02631,
        "recall_at_3": 0.04548,
        "recall_at_5": 0.05716,
        "recall_at_10": 0.07308,
        "recall_at_20": 0.08819,
        "recall_at_100": 0.15025,
        "recall_at_1000": 0.45188,
        "precision_at_1": 0.2322,
        "precision_at_3": 0.17957,
        "precision_at_5": 0.14985,
        "precision_at_10": 0.11053,
        "precision_at_20": 0.07724,
        "precision_at_100": 0.03362,
        "precision_at_1000": 0.0142,
        "mrr_at_1": 0.232198,
        "mrr_at_3": 0.27709,
        "mrr_at_5": 0.289783,
        "mrr_at_10": 0.298411,
        "mrr_at_20": 0.302514,
        "mrr_at_100": 0.306806,
        "mrr_at_1000": 0.307898,
        "nauc_ndcg_at_1_max": 0.354236,
        "nauc_ndcg_at_1_std": 0.167103,
        "nauc_ndcg_at_1_diff1": 0.354643,
        "nauc_ndcg_at_3_max": 0.319846,
        "nauc_ndcg_at_3_std": 0.148125,
        "nauc_ndcg_at_3_diff1": 0.273574,
        "nauc_ndcg_at_5_max": 0.322874,
        "nauc_ndcg_at_5_std": 0.138647,
        "nauc_ndcg_at_5_diff1": 0.241947,
        "nauc_ndcg_at_10_max": 0.356282,
        "nauc_ndcg_at_10_std": 0.136476,
        "nauc_ndcg_at_10_diff1": 0.224485,
        "nauc_ndcg_at_20_max": 0.382939,
        "nauc_ndcg_at_20_std": 0.156424,
        "nauc_ndcg_at_20_diff1": 0.218438,
        "nauc_ndcg_at_100_max": 0.454005,
        "nauc_ndcg_at_100_std": 0.185132,
        "nauc_ndcg_at_100_diff1": 0.258612,
        "nauc_ndcg_at_1000_max": 0.472454,
        "nauc_ndcg_at_1000_std": 0.138435,
        "nauc_ndcg_at_1000_diff1": 0.260566,
        "nauc_map_at_1_max": 0.48847,
        "nauc_map_at_1_std": 0.245706,
        "nauc_map_at_1_diff1": 0.553958,
        "nauc_map_at_3_max": 0.504422,
        "nauc_map_at_3_std": 0.237388,
        "nauc_map_at_3_diff1": 0.42441,
        "nauc_map_at_5_max": 0.502121,
        "nauc_map_at_5_std": 0.248796,
        "nauc_map_at_5_diff1": 0.389289,
        "nauc_map_at_10_max": 0.512893,
        "nauc_map_at_10_std": 0.251656,
        "nauc_map_at_10_diff1": 0.368152,
        "nauc_map_at_20_max": 0.508575,
        "nauc_map_at_20_std": 0.246614,
        "nauc_map_at_20_diff1": 0.346525,
        "nauc_map_at_100_max": 0.507367,
        "nauc_map_at_100_std": 0.238813,
        "nauc_map_at_100_diff1": 0.331,
        "nauc_map_at_1000_max": 0.499269,
        "nauc_map_at_1000_std": 0.227571,
        "nauc_map_at_1000_diff1": 0.318114,
        "nauc_recall_at_1_max": 0.48847,
        "nauc_recall_at_1_std": 0.245706,
        "nauc_recall_at_1_diff1": 0.553958,
        "nauc_recall_at_3_max": 0.480392,
        "nauc_recall_at_3_std": 0.215599,
        "nauc_recall_at_3_diff1": 0.402246,
        "nauc_recall_at_5_max": 0.435589,
        "nauc_recall_at_5_std": 0.208607,
        "nauc_recall_at_5_diff1": 0.330718,
        "nauc_recall_at_10_max": 0.438076,
        "nauc_recall_at_10_std": 0.19577,
        "nauc_recall_at_10_diff1": 0.265429,
        "nauc_recall_at_20_max": 0.40385,
        "nauc_recall_at_20_std": 0.206866,
        "nauc_recall_at_20_diff1": 0.210363,
        "nauc_recall_at_100_max": 0.407082,
        "nauc_recall_at_100_std": 0.163294,
        "nauc_recall_at_100_diff1": 0.170364,
        "nauc_recall_at_1000_max": 0.256579,
        "nauc_recall_at_1000_std": 0.036489,
        "nauc_recall_at_1000_diff1": 0.082885,
        "nauc_precision_at_1_max": 0.383206,
        "nauc_precision_at_1_std": 0.172909,
        "nauc_precision_at_1_diff1": 0.342572,
        "nauc_precision_at_3_max": 0.303055,
        "nauc_precision_at_3_std": 0.124427,
        "nauc_precision_at_3_diff1": 0.18991,
        "nauc_precision_at_5_max": 0.284987,
        "nauc_precision_at_5_std": 0.104409,
        "nauc_precision_at_5_diff1": 0.12431,
        "nauc_precision_at_10_max": 0.288223,
        "nauc_precision_at_10_std": 0.082869,
        "nauc_precision_at_10_diff1": 0.057328,
        "nauc_precision_at_20_max": 0.248697,
        "nauc_precision_at_20_std": 0.059591,
        "nauc_precision_at_20_diff1": -0.011071,
        "nauc_precision_at_100_max": 0.164285,
        "nauc_precision_at_100_std": -0.007116,
        "nauc_precision_at_100_diff1": -0.079746,
        "nauc_precision_at_1000_max": -0.027677,
        "nauc_precision_at_1000_std": -0.059962,
        "nauc_precision_at_1000_diff1": -0.116082,
        "nauc_mrr_at_1_max": 0.383206,
        "nauc_mrr_at_1_std": 0.172909,
        "nauc_mrr_at_1_diff1": 0.342572,
        "nauc_mrr_at_3_max": 0.355347,
        "nauc_mrr_at_3_std": 0.12973,
        "nauc_mrr_at_3_diff1": 0.319805,
        "nauc_mrr_at_5_max": 0.354662,
        "nauc_mrr_at_5_std": 0.119066,
        "nauc_mrr_at_5_diff1": 0.310395,
        "nauc_mrr_at_10_max": 0.359997,
        "nauc_mrr_at_10_std": 0.11552,
        "nauc_mrr_at_10_diff1": 0.303644,
        "nauc_mrr_at_20_max": 0.360158,
        "nauc_mrr_at_20_std": 0.119155,
        "nauc_mrr_at_20_diff1": 0.301743,
        "nauc_mrr_at_100_max": 0.362377,
        "nauc_mrr_at_100_std": 0.120113,
        "nauc_mrr_at_100_diff1": 0.30169,
        "nauc_mrr_at_1000_max": 0.362766,
        "nauc_mrr_at_1000_std": 0.120452,
        "nauc_mrr_at_1000_diff1": 0.301926,
        "main_score": 0.1556,
        "hf_subset": "default",
        "languages": [
          "eng-Latn"
        ]
      }
    ]
  },
  "evaluation_time": 6.820336580276489,
  "kg_co2_emissions": null
}