{
  "dataset_revision": "bb9466bac8153a0349341eb1b22e06409e78ef4e",
  "task_name": "TRECCOVID",
  "mteb_version": "1.39.7",
  "scores": {
    "test": [
      {
        "ndcg_at_1": 0.69,
        "ndcg_at_3": 0.7148,
        "ndcg_at_5": 0.69889,
        "ndcg_at_10": 0.6679,
        "ndcg_at_20": 0.62569,
        "ndcg_at_100": 0.48477,
        "ndcg_at_1000": 0.41297,
        "map_at_1": 0.00196,
        "map_at_3": 0.00546,
        "map_at_5": 0.00844,
        "map_at_10": 0.01479,
        "map_at_20": 0.02553,
        "map_at_100": 0.07751,
        "map_at_1000": 0.17697,
        "recall_at_1": 0.00196,
        "recall_at_3": 0.0059,
        "recall_at_5": 0.00954,
        "recall_at_10": 0.01766,
        "recall_at_20": 0.03167,
        "recall_at_100": 0.11168,
        "recall_at_1000": 0.38284,
        "precision_at_1": 0.76,
        "precision_at_3": 0.77333,
        "precision_at_5": 0.76,
        "precision_at_10": 0.716,
        "precision_at_20": 0.66,
        "precision_at_100": 0.4948,
        "precision_at_1000": 0.1862,
        "mrr_at_1": 0.76,
        "mrr_at_3": 0.846667,
        "mrr_at_5": 0.860667,
        "mrr_at_10": 0.860667,
        "mrr_at_20": 0.860667,
        "mrr_at_100": 0.860667,
        "mrr_at_1000": 0.860667,
        "nauc_ndcg_at_1_max": 0.242444,
        "nauc_ndcg_at_1_std": 0.23002,
        "nauc_ndcg_at_1_diff1": 0.221263,
        "nauc_ndcg_at_3_max": 0.385137,
        "nauc_ndcg_at_3_std": 0.447287,
        "nauc_ndcg_at_3_diff1": 0.014021,
        "nauc_ndcg_at_5_max": 0.37688,
        "nauc_ndcg_at_5_std": 0.492864,
        "nauc_ndcg_at_5_diff1": 0.024484,
        "nauc_ndcg_at_10_max": 0.410063,
        "nauc_ndcg_at_10_std": 0.598319,
        "nauc_ndcg_at_10_diff1": -0.057211,
        "nauc_ndcg_at_20_max": 0.396408,
        "nauc_ndcg_at_20_std": 0.632964,
        "nauc_ndcg_at_20_diff1": -0.082567,
        "nauc_ndcg_at_100_max": 0.512139,
        "nauc_ndcg_at_100_std": 0.795575,
        "nauc_ndcg_at_100_diff1": -0.131754,
        "nauc_ndcg_at_1000_max": 0.595575,
        "nauc_ndcg_at_1000_std": 0.828777,
        "nauc_ndcg_at_1000_diff1": -0.184075,
        "nauc_map_at_1_max": 0.109997,
        "nauc_map_at_1_std": -0.079916,
        "nauc_map_at_1_diff1": 0.179979,
        "nauc_map_at_3_max": 0.151754,
        "nauc_map_at_3_std": 0.036559,
        "nauc_map_at_3_diff1": -0.008531,
        "nauc_map_at_5_max": 0.091331,
        "nauc_map_at_5_std": 0.079617,
        "nauc_map_at_5_diff1": -0.0148,
        "nauc_map_at_10_max": 0.171578,
        "nauc_map_at_10_std": 0.232447,
        "nauc_map_at_10_diff1": -0.098488,
        "nauc_map_at_20_max": 0.239354,
        "nauc_map_at_20_std": 0.356757,
        "nauc_map_at_20_diff1": -0.120964,
        "nauc_map_at_100_max": 0.537571,
        "nauc_map_at_100_std": 0.770366,
        "nauc_map_at_100_diff1": -0.114113,
        "nauc_map_at_1000_max": 0.606798,
        "nauc_map_at_1000_std": 0.871138,
        "nauc_map_at_1000_diff1": -0.149665,
        "nauc_recall_at_1_max": 0.109997,
        "nauc_recall_at_1_std": -0.079916,
        "nauc_recall_at_1_diff1": 0.179979,
        "nauc_recall_at_3_max": 0.128274,
        "nauc_recall_at_3_std": 0.002914,
        "nauc_recall_at_3_diff1": -0.002616,
        "nauc_recall_at_5_max": 0.026494,
        "nauc_recall_at_5_std": -0.008903,
        "nauc_recall_at_5_diff1": -0.008327,
        "nauc_recall_at_10_max": 0.10352,
        "nauc_recall_at_10_std": 0.117921,
        "nauc_recall_at_10_diff1": -0.117517,
        "nauc_recall_at_20_max": 0.174371,
        "nauc_recall_at_20_std": 0.220336,
        "nauc_recall_at_20_diff1": -0.106098,
        "nauc_recall_at_100_max": 0.482018,
        "nauc_recall_at_100_std": 0.612063,
        "nauc_recall_at_100_diff1": -0.12093,
        "nauc_recall_at_1000_max": 0.578614,
        "nauc_recall_at_1000_std": 0.736231,
        "nauc_recall_at_1000_diff1": -0.172344,
        "nauc_precision_at_1_max": 0.250454,
        "nauc_precision_at_1_std": 0.258198,
        "nauc_precision_at_1_diff1": 0.274249,
        "nauc_precision_at_3_max": 0.456076,
        "nauc_precision_at_3_std": 0.536651,
        "nauc_precision_at_3_diff1": 0.019981,
        "nauc_precision_at_5_max": 0.305178,
        "nauc_precision_at_5_std": 0.491943,
        "nauc_precision_at_5_diff1": 0.037914,
        "nauc_precision_at_10_max": 0.437324,
        "nauc_precision_at_10_std": 0.683168,
        "nauc_precision_at_10_diff1": -0.108005,
        "nauc_precision_at_20_max": 0.409763,
        "nauc_precision_at_20_std": 0.676504,
        "nauc_precision_at_20_diff1": -0.110547,
        "nauc_precision_at_100_max": 0.542493,
        "nauc_precision_at_100_std": 0.824752,
        "nauc_precision_at_100_diff1": -0.113251,
        "nauc_precision_at_1000_max": 0.423611,
        "nauc_precision_at_1000_std": 0.659989,
        "nauc_precision_at_1000_diff1": -0.135748,
        "nauc_mrr_at_1_max": 0.250454,
        "nauc_mrr_at_1_std": 0.258198,
        "nauc_mrr_at_1_diff1": 0.274249,
        "nauc_mrr_at_3_max": 0.372645,
        "nauc_mrr_at_3_std": 0.37151,
        "nauc_mrr_at_3_diff1": 0.24832,
        "nauc_mrr_at_5_max": 0.33398,
        "nauc_mrr_at_5_std": 0.330794,
        "nauc_mrr_at_5_diff1": 0.259766,
        "nauc_mrr_at_10_max": 0.33398,
        "nauc_mrr_at_10_std": 0.330794,
        "nauc_mrr_at_10_diff1": 0.259766,
        "nauc_mrr_at_20_max": 0.33398,
        "nauc_mrr_at_20_std": 0.330794,
        "nauc_mrr_at_20_diff1": 0.259766,
        "nauc_mrr_at_100_max": 0.33398,
        "nauc_mrr_at_100_std": 0.330794,
        "nauc_mrr_at_100_diff1": 0.259766,
        "nauc_mrr_at_1000_max": 0.33398,
        "nauc_mrr_at_1000_std": 0.330794,
        "nauc_mrr_at_1000_diff1": 0.259766,
        "main_score": 0.6679,
        "hf_subset": "default",
        "languages": [
          "eng-Latn"
        ]
      }
    ]
  },
  "evaluation_time": 693.9375245571136,
  "kg_co2_emissions": null
}