{
  "dataset_revision": "bb9466bac8153a0349341eb1b22e06409e78ef4e",
  "task_name": "TRECCOVID",
  "mteb_version": "1.39.7",
  "scores": {
    "test": [
      {
        "ndcg_at_1": 0.8,
        "ndcg_at_3": 0.77235,
        "ndcg_at_5": 0.73261,
        "ndcg_at_10": 0.66724,
        "ndcg_at_20": 0.61977,
        "ndcg_at_100": 0.48006,
        "ndcg_at_1000": 0.41369,
        "map_at_1": 0.00226,
        "map_at_3": 0.00615,
        "map_at_5": 0.00924,
        "map_at_10": 0.01509,
        "map_at_20": 0.02528,
        "map_at_100": 0.07642,
        "map_at_1000": 0.17656,
        "recall_at_1": 0.00226,
        "recall_at_3": 0.00638,
        "recall_at_5": 0.00982,
        "recall_at_10": 0.01706,
        "recall_at_20": 0.03062,
        "recall_at_100": 0.11026,
        "recall_at_1000": 0.38405,
        "precision_at_1": 0.86,
        "precision_at_3": 0.82667,
        "precision_at_5": 0.764,
        "precision_at_10": 0.692,
        "precision_at_20": 0.639,
        "precision_at_100": 0.4868,
        "precision_at_1000": 0.18614,
        "mrr_at_1": 0.86,
        "mrr_at_3": 0.906667,
        "mrr_at_5": 0.911667,
        "mrr_at_10": 0.914167,
        "mrr_at_20": 0.914167,
        "mrr_at_100": 0.914167,
        "mrr_at_1000": 0.914167,
        "nauc_ndcg_at_1_max": 0.155595,
        "nauc_ndcg_at_1_std": 0.137307,
        "nauc_ndcg_at_1_diff1": 0.171633,
        "nauc_ndcg_at_3_max": 0.348752,
        "nauc_ndcg_at_3_std": 0.372695,
        "nauc_ndcg_at_3_diff1": -0.102017,
        "nauc_ndcg_at_5_max": 0.367967,
        "nauc_ndcg_at_5_std": 0.423887,
        "nauc_ndcg_at_5_diff1": -0.135577,
        "nauc_ndcg_at_10_max": 0.447258,
        "nauc_ndcg_at_10_std": 0.571096,
        "nauc_ndcg_at_10_diff1": -0.192981,
        "nauc_ndcg_at_20_max": 0.481366,
        "nauc_ndcg_at_20_std": 0.633691,
        "nauc_ndcg_at_20_diff1": -0.177246,
        "nauc_ndcg_at_100_max": 0.56561,
        "nauc_ndcg_at_100_std": 0.762054,
        "nauc_ndcg_at_100_diff1": -0.182571,
        "nauc_ndcg_at_1000_max": 0.66264,
        "nauc_ndcg_at_1000_std": 0.791861,
        "nauc_ndcg_at_1000_diff1": -0.186456,
        "nauc_map_at_1_max": 0.058387,
        "nauc_map_at_1_std": -0.162113,
        "nauc_map_at_1_diff1": 0.05832,
        "nauc_map_at_3_max": 0.122259,
        "nauc_map_at_3_std": -0.030371,
        "nauc_map_at_3_diff1": -0.101695,
        "nauc_map_at_5_max": 0.164513,
        "nauc_map_at_5_std": 0.017639,
        "nauc_map_at_5_diff1": -0.106599,
        "nauc_map_at_10_max": 0.23198,
        "nauc_map_at_10_std": 0.193052,
        "nauc_map_at_10_diff1": -0.21576,
        "nauc_map_at_20_max": 0.349045,
        "nauc_map_at_20_std": 0.374197,
        "nauc_map_at_20_diff1": -0.238065,
        "nauc_map_at_100_max": 0.634022,
        "nauc_map_at_100_std": 0.73857,
        "nauc_map_at_100_diff1": -0.243156,
        "nauc_map_at_1000_max": 0.689522,
        "nauc_map_at_1000_std": 0.829392,
        "nauc_map_at_1000_diff1": -0.195736,
        "nauc_recall_at_1_max": 0.058387,
        "nauc_recall_at_1_std": -0.162113,
        "nauc_recall_at_1_diff1": 0.05832,
        "nauc_recall_at_3_max": 0.122796,
        "nauc_recall_at_3_std": -0.040006,
        "nauc_recall_at_3_diff1": -0.087779,
        "nauc_recall_at_5_max": 0.172839,
        "nauc_recall_at_5_std": -0.021158,
        "nauc_recall_at_5_diff1": -0.068392,
        "nauc_recall_at_10_max": 0.21698,
        "nauc_recall_at_10_std": 0.127504,
        "nauc_recall_at_10_diff1": -0.180669,
        "nauc_recall_at_20_max": 0.288516,
        "nauc_recall_at_20_std": 0.25886,
        "nauc_recall_at_20_diff1": -0.19944,
        "nauc_recall_at_100_max": 0.526931,
        "nauc_recall_at_100_std": 0.559768,
        "nauc_recall_at_100_diff1": -0.228845,
        "nauc_recall_at_1000_max": 0.639289,
        "nauc_recall_at_1000_std": 0.713908,
        "nauc_recall_at_1000_diff1": -0.175558,
        "nauc_precision_at_1_max": 0.239504,
        "nauc_precision_at_1_std": 0.126923,
        "nauc_precision_at_1_diff1": 0.068103,
        "nauc_precision_at_3_max": 0.452535,
        "nauc_precision_at_3_std": 0.484451,
        "nauc_precision_at_3_diff1": -0.268839,
        "nauc_precision_at_5_max": 0.415009,
        "nauc_precision_at_5_std": 0.472811,
        "nauc_precision_at_5_diff1": -0.252454,
        "nauc_precision_at_10_max": 0.465588,
        "nauc_precision_at_10_std": 0.626261,
        "nauc_precision_at_10_diff1": -0.271739,
        "nauc_precision_at_20_max": 0.520541,
        "nauc_precision_at_20_std": 0.680361,
        "nauc_precision_at_20_diff1": -0.215593,
        "nauc_precision_at_100_max": 0.595848,
        "nauc_precision_at_100_std": 0.784749,
        "nauc_precision_at_100_diff1": -0.19904,
        "nauc_precision_at_1000_max": 0.450063,
        "nauc_precision_at_1000_std": 0.628761,
        "nauc_precision_at_1000_diff1": -0.141926,
        "nauc_mrr_at_1_max": 0.239504,
        "nauc_mrr_at_1_std": 0.126923,
        "nauc_mrr_at_1_diff1": 0.068103,
        "nauc_mrr_at_3_max": 0.418725,
        "nauc_mrr_at_3_std": 0.249005,
        "nauc_mrr_at_3_diff1": 0.163373,
        "nauc_mrr_at_5_max": 0.384819,
        "nauc_mrr_at_5_std": 0.212824,
        "nauc_mrr_at_5_diff1": 0.130775,
        "nauc_mrr_at_10_max": 0.366338,
        "nauc_mrr_at_10_std": 0.197521,
        "nauc_mrr_at_10_diff1": 0.123947,
        "nauc_mrr_at_20_max": 0.366338,
        "nauc_mrr_at_20_std": 0.197521,
        "nauc_mrr_at_20_diff1": 0.123947,
        "nauc_mrr_at_100_max": 0.366338,
        "nauc_mrr_at_100_std": 0.197521,
        "nauc_mrr_at_100_diff1": 0.123947,
        "nauc_mrr_at_1000_max": 0.366338,
        "nauc_mrr_at_1000_std": 0.197521,
        "nauc_mrr_at_1000_diff1": 0.123947,
        "main_score": 0.66724,
        "hf_subset": "default",
        "languages": [
          "eng-Latn"
        ]
      }
    ]
  },
  "evaluation_time": 600.7169334888458,
  "kg_co2_emissions": null
}