{
  "dataset_revision": "ec0fa4fe99da2ff19ca1214b7966684033a58814",
  "task_name": "NFCorpus",
  "mteb_version": "1.39.7",
  "scores": {
    "test": [
      {
        "ndcg_at_1": 0.00155,
        "ndcg_at_3": 0.00475,
        "ndcg_at_5": 0.00602,
        "ndcg_at_10": 0.00639,
        "ndcg_at_20": 0.0088,
        "ndcg_at_100": 0.0182,
        "ndcg_at_1000": 0.09179,
        "map_at_1": 6e-05,
        "map_at_3": 0.0003,
        "map_at_5": 0.00038,
        "map_at_10": 0.00048,
        "map_at_20": 0.00069,
        "map_at_100": 0.00142,
        "map_at_1000": 0.00482,
        "recall_at_1": 6e-05,
        "recall_at_3": 0.0008,
        "recall_at_5": 0.00114,
        "recall_at_10": 0.00184,
        "recall_at_20": 0.00504,
        "recall_at_100": 0.0281,
        "recall_at_1000": 0.28149,
        "precision_at_1": 0.0031,
        "precision_at_3": 0.00722,
        "precision_at_5": 0.00805,
        "precision_at_10": 0.00774,
        "precision_at_20": 0.00975,
        "precision_at_100": 0.01121,
        "precision_at_1000": 0.01078,
        "mrr_at_1": 0.003096,
        "mrr_at_3": 0.009288,
        "mrr_at_5": 0.013467,
        "mrr_at_10": 0.017006,
        "mrr_at_20": 0.022309,
        "mrr_at_100": 0.029293,
        "mrr_at_1000": 0.031259,
        "nauc_ndcg_at_1_max": 0.098982,
        "nauc_ndcg_at_1_std": -0.205503,
        "nauc_ndcg_at_1_diff1": -0.498917,
        "nauc_ndcg_at_3_max": -0.253988,
        "nauc_ndcg_at_3_std": 0.277782,
        "nauc_ndcg_at_3_diff1": 0.274702,
        "nauc_ndcg_at_5_max": -0.202964,
        "nauc_ndcg_at_5_std": 0.198228,
        "nauc_ndcg_at_5_diff1": 0.232631,
        "nauc_ndcg_at_10_max": -0.21314,
        "nauc_ndcg_at_10_std": 0.138889,
        "nauc_ndcg_at_10_diff1": 0.183729,
        "nauc_ndcg_at_20_max": -0.083356,
        "nauc_ndcg_at_20_std": 0.00099,
        "nauc_ndcg_at_20_diff1": 0.045057,
        "nauc_ndcg_at_100_max": -0.05155,
        "nauc_ndcg_at_100_std": -0.010719,
        "nauc_ndcg_at_100_diff1": -0.022319,
        "nauc_ndcg_at_1000_max": 0.051015,
        "nauc_ndcg_at_1000_std": -0.075492,
        "nauc_ndcg_at_1000_diff1": -0.057584,
        "nauc_map_at_1_max": 0.098982,
        "nauc_map_at_1_std": -0.205503,
        "nauc_map_at_1_diff1": -0.498917,
        "nauc_map_at_3_max": -0.421164,
        "nauc_map_at_3_std": 0.674259,
        "nauc_map_at_3_diff1": 0.667101,
        "nauc_map_at_5_max": -0.301312,
        "nauc_map_at_5_std": 0.536094,
        "nauc_map_at_5_diff1": 0.551029,
        "nauc_map_at_10_max": -0.284073,
        "nauc_map_at_10_std": 0.452962,
        "nauc_map_at_10_diff1": 0.474159,
        "nauc_map_at_20_max": -0.07854,
        "nauc_map_at_20_std": 0.213058,
        "nauc_map_at_20_diff1": 0.289433,
        "nauc_map_at_100_max": -0.060064,
        "nauc_map_at_100_std": 0.101272,
        "nauc_map_at_100_diff1": 0.123776,
        "nauc_map_at_1000_max": -0.027221,
        "nauc_map_at_1000_std": -0.024777,
        "nauc_map_at_1000_diff1": -0.015154,
        "nauc_recall_at_1_max": 0.098982,
        "nauc_recall_at_1_std": -0.205503,
        "nauc_recall_at_1_diff1": -0.498917,
        "nauc_recall_at_3_max": -0.494687,
        "nauc_recall_at_3_std": 0.798612,
        "nauc_recall_at_3_diff1": 0.831917,
        "nauc_recall_at_5_max": -0.27145,
        "nauc_recall_at_5_std": 0.535916,
        "nauc_recall_at_5_diff1": 0.589951,
        "nauc_recall_at_10_max": -0.233126,
        "nauc_recall_at_10_std": 0.361851,
        "nauc_recall_at_10_diff1": 0.397078,
        "nauc_recall_at_20_max": 0.147034,
        "nauc_recall_at_20_std": -0.069789,
        "nauc_recall_at_20_diff1": 0.075644,
        "nauc_recall_at_100_max": 0.070343,
        "nauc_recall_at_100_std": -0.056015,
        "nauc_recall_at_100_diff1": -0.071615,
        "nauc_recall_at_1000_max": 0.123079,
        "nauc_recall_at_1000_std": -0.146388,
        "nauc_recall_at_1000_diff1": -0.075277,
        "nauc_precision_at_1_max": 0.098982,
        "nauc_precision_at_1_std": -0.205503,
        "nauc_precision_at_1_diff1": -0.498917,
        "nauc_precision_at_3_max": -0.309644,
        "nauc_precision_at_3_std": 0.362923,
        "nauc_precision_at_3_diff1": 0.399523,
        "nauc_precision_at_5_max": -0.22614,
        "nauc_precision_at_5_std": 0.234467,
        "nauc_precision_at_5_diff1": 0.295129,
        "nauc_precision_at_10_max": -0.210852,
        "nauc_precision_at_10_std": 0.142615,
        "nauc_precision_at_10_diff1": 0.208907,
        "nauc_precision_at_20_max": -0.0615,
        "nauc_precision_at_20_std": -0.0387,
        "nauc_precision_at_20_diff1": 0.009541,
        "nauc_precision_at_100_max": -0.082734,
        "nauc_precision_at_100_std": -0.041467,
        "nauc_precision_at_100_diff1": -0.072815,
        "nauc_precision_at_1000_max": -0.035261,
        "nauc_precision_at_1000_std": -0.055782,
        "nauc_precision_at_1000_diff1": -0.072112,
        "nauc_mrr_at_1_max": 0.098982,
        "nauc_mrr_at_1_std": -0.205503,
        "nauc_mrr_at_1_diff1": -0.498917,
        "nauc_mrr_at_3_max": -0.218838,
        "nauc_mrr_at_3_std": 0.236606,
        "nauc_mrr_at_3_diff1": 0.19987,
        "nauc_mrr_at_5_max": -0.203636,
        "nauc_mrr_at_5_std": 0.205392,
        "nauc_mrr_at_5_diff1": 0.208392,
        "nauc_mrr_at_10_max": -0.196638,
        "nauc_mrr_at_10_std": 0.178784,
        "nauc_mrr_at_10_diff1": 0.192758,
        "nauc_mrr_at_20_max": -0.11856,
        "nauc_mrr_at_20_std": 0.114592,
        "nauc_mrr_at_20_diff1": 0.135855,
        "nauc_mrr_at_100_max": -0.111022,
        "nauc_mrr_at_100_std": 0.104917,
        "nauc_mrr_at_100_diff1": 0.101687,
        "nauc_mrr_at_1000_max": -0.109889,
        "nauc_mrr_at_1000_std": 0.103841,
        "nauc_mrr_at_1000_diff1": 0.102317,
        "main_score": 0.00639,
        "hf_subset": "default",
        "languages": [
          "eng-Latn"
        ]
      }
    ]
  },
  "evaluation_time": 25.657366514205933,
  "kg_co2_emissions": null
}