{
  "dataset_revision": "f8c2fcf00f625baaa80f62ec5bd9e1fff3b8ae88",
  "task_name": "SCIDOCS",
  "mteb_version": "1.39.7",
  "scores": {
    "test": [
      {
        "ndcg_at_1": 0.011,
        "ndcg_at_3": 0.00835,
        "ndcg_at_5": 0.00758,
        "ndcg_at_10": 0.00962,
        "ndcg_at_20": 0.0119,
        "ndcg_at_100": 0.02106,
        "ndcg_at_1000": 0.04665,
        "map_at_1": 0.0022,
        "map_at_3": 0.0032,
        "map_at_5": 0.00384,
        "map_at_10": 0.00436,
        "map_at_20": 0.00488,
        "map_at_100": 0.00583,
        "map_at_1000": 0.00646,
        "recall_at_1": 0.0022,
        "recall_at_3": 0.0046,
        "recall_at_5": 0.00685,
        "recall_at_10": 0.0107,
        "recall_at_20": 0.01605,
        "recall_at_100": 0.04615,
        "recall_at_1000": 0.17568,
        "precision_at_1": 0.011,
        "precision_at_3": 0.00767,
        "precision_at_5": 0.0068,
        "precision_at_10": 0.0053,
        "precision_at_20": 0.00395,
        "precision_at_100": 0.00228,
        "precision_at_1000": 0.00087,
        "mrr_at_1": 0.011,
        "mrr_at_3": 0.016,
        "mrr_at_5": 0.01785,
        "mrr_at_10": 0.019946,
        "mrr_at_20": 0.021346,
        "mrr_at_100": 0.023894,
        "mrr_at_1000": 0.025112,
        "nauc_ndcg_at_1_max": 0.467815,
        "nauc_ndcg_at_1_std": 0.207698,
        "nauc_ndcg_at_1_diff1": 0.369295,
        "nauc_ndcg_at_3_max": 0.508723,
        "nauc_ndcg_at_3_std": 0.23645,
        "nauc_ndcg_at_3_diff1": 0.321415,
        "nauc_ndcg_at_5_max": 0.425531,
        "nauc_ndcg_at_5_std": 0.232882,
        "nauc_ndcg_at_5_diff1": 0.247783,
        "nauc_ndcg_at_10_max": 0.394011,
        "nauc_ndcg_at_10_std": 0.21148,
        "nauc_ndcg_at_10_diff1": 0.165691,
        "nauc_ndcg_at_20_max": 0.349033,
        "nauc_ndcg_at_20_std": 0.186783,
        "nauc_ndcg_at_20_diff1": 0.154372,
        "nauc_ndcg_at_100_max": 0.241379,
        "nauc_ndcg_at_100_std": 0.141528,
        "nauc_ndcg_at_100_diff1": 0.136687,
        "nauc_ndcg_at_1000_max": 0.17793,
        "nauc_ndcg_at_1000_std": 0.15021,
        "nauc_ndcg_at_1000_diff1": 0.086397,
        "nauc_map_at_1_max": 0.467815,
        "nauc_map_at_1_std": 0.207698,
        "nauc_map_at_1_diff1": 0.369295,
        "nauc_map_at_3_max": 0.497367,
        "nauc_map_at_3_std": 0.233996,
        "nauc_map_at_3_diff1": 0.334879,
        "nauc_map_at_5_max": 0.449725,
        "nauc_map_at_5_std": 0.238422,
        "nauc_map_at_5_diff1": 0.286944,
        "nauc_map_at_10_max": 0.431863,
        "nauc_map_at_10_std": 0.22146,
        "nauc_map_at_10_diff1": 0.237058,
        "nauc_map_at_20_max": 0.411947,
        "nauc_map_at_20_std": 0.207641,
        "nauc_map_at_20_diff1": 0.226545,
        "nauc_map_at_100_max": 0.367807,
        "nauc_map_at_100_std": 0.190712,
        "nauc_map_at_100_diff1": 0.204776,
        "nauc_map_at_1000_max": 0.354049,
        "nauc_map_at_1000_std": 0.187925,
        "nauc_map_at_1000_diff1": 0.193496,
        "nauc_recall_at_1_max": 0.467815,
        "nauc_recall_at_1_std": 0.207698,
        "nauc_recall_at_1_diff1": 0.369295,
        "nauc_recall_at_3_max": 0.532833,
        "nauc_recall_at_3_std": 0.240711,
        "nauc_recall_at_3_diff1": 0.292799,
        "nauc_recall_at_5_max": 0.392874,
        "nauc_recall_at_5_std": 0.232447,
        "nauc_recall_at_5_diff1": 0.187934,
        "nauc_recall_at_10_max": 0.350316,
        "nauc_recall_at_10_std": 0.195206,
        "nauc_recall_at_10_diff1": 0.070722,
        "nauc_recall_at_20_max": 0.284348,
        "nauc_recall_at_20_std": 0.155401,
        "nauc_recall_at_20_diff1": 0.082087,
        "nauc_recall_at_100_max": 0.161161,
        "nauc_recall_at_100_std": 0.106769,
        "nauc_recall_at_100_diff1": 0.100315,
        "nauc_recall_at_1000_max": 0.092079,
        "nauc_recall_at_1000_std": 0.133535,
        "nauc_recall_at_1000_diff1": 0.035719,
        "nauc_precision_at_1_max": 0.467815,
        "nauc_precision_at_1_std": 0.207698,
        "nauc_precision_at_1_diff1": 0.369295,
        "nauc_precision_at_3_max": 0.532833,
        "nauc_precision_at_3_std": 0.240711,
        "nauc_precision_at_3_diff1": 0.292799,
        "nauc_precision_at_5_max": 0.396282,
        "nauc_precision_at_5_std": 0.226803,
        "nauc_precision_at_5_diff1": 0.186935,
        "nauc_precision_at_10_max": 0.352426,
        "nauc_precision_at_10_std": 0.192663,
        "nauc_precision_at_10_diff1": 0.066739,
        "nauc_precision_at_20_max": 0.283902,
        "nauc_precision_at_20_std": 0.155482,
        "nauc_precision_at_20_diff1": 0.078728,
        "nauc_precision_at_100_max": 0.160299,
        "nauc_precision_at_100_std": 0.106245,
        "nauc_precision_at_100_diff1": 0.096747,
        "nauc_precision_at_1000_max": 0.095305,
        "nauc_precision_at_1000_std": 0.130639,
        "nauc_precision_at_1000_diff1": 0.03581,
        "nauc_mrr_at_1_max": 0.467815,
        "nauc_mrr_at_1_std": 0.207698,
        "nauc_mrr_at_1_diff1": 0.369295,
        "nauc_mrr_at_3_max": 0.497367,
        "nauc_mrr_at_3_std": 0.233996,
        "nauc_mrr_at_3_diff1": 0.334879,
        "nauc_mrr_at_5_max": 0.435097,
        "nauc_mrr_at_5_std": 0.227686,
        "nauc_mrr_at_5_diff1": 0.277984,
        "nauc_mrr_at_10_max": 0.415969,
        "nauc_mrr_at_10_std": 0.222645,
        "nauc_mrr_at_10_diff1": 0.232804,
        "nauc_mrr_at_20_max": 0.39371,
        "nauc_mrr_at_20_std": 0.213768,
        "nauc_mrr_at_20_diff1": 0.220839,
        "nauc_mrr_at_100_max": 0.357394,
        "nauc_mrr_at_100_std": 0.195406,
        "nauc_mrr_at_100_diff1": 0.212914,
        "nauc_mrr_at_1000_max": 0.352223,
        "nauc_mrr_at_1000_std": 0.195581,
        "nauc_mrr_at_1000_diff1": 0.209179,
        "main_score": 0.00962,
        "hf_subset": "default",
        "languages": [
          "eng-Latn"
        ]
      }
    ]
  },
  "evaluation_time": 298.53341937065125,
  "kg_co2_emissions": null
}