{
  "dataset_revision": "c22ab2a51041ffd869aaddef7af8d8215647e41a",
  "task_name": "ArguAna",
  "mteb_version": "1.39.7",
  "scores": {
    "test": [
      {
        "ndcg_at_1": 0.27098,
        "ndcg_at_3": 0.40154,
        "ndcg_at_5": 0.45538,
        "ndcg_at_10": 0.50208,
        "ndcg_at_20": 0.52319,
        "ndcg_at_100": 0.54154,
        "ndcg_at_1000": 0.54639,
        "map_at_1": 0.27098,
        "map_at_3": 0.36818,
        "map_at_5": 0.3982,
        "map_at_10": 0.41748,
        "map_at_20": 0.4234,
        "map_at_100": 0.42593,
        "map_at_1000": 0.42614,
        "recall_at_1": 0.27098,
        "recall_at_3": 0.49858,
        "recall_at_5": 0.62873,
        "recall_at_10": 0.77312,
        "recall_at_20": 0.85562,
        "recall_at_100": 0.95448,
        "recall_at_1000": 0.99147,
        "precision_at_1": 0.27098,
        "precision_at_3": 0.16619,
        "precision_at_5": 0.12575,
        "precision_at_10": 0.07731,
        "precision_at_20": 0.04278,
        "precision_at_100": 0.00954,
        "precision_at_1000": 0.00099,
        "mrr_at_1": 0.273826,
        "mrr_at_3": 0.370318,
        "mrr_at_5": 0.399336,
        "mrr_at_10": 0.41867,
        "mrr_at_20": 0.424661,
        "mrr_at_100": 0.427191,
        "mrr_at_1000": 0.427398,
        "nauc_ndcg_at_1_max": -0.081369,
        "nauc_ndcg_at_1_std": -0.067249,
        "nauc_ndcg_at_1_diff1": 0.115047,
        "nauc_ndcg_at_3_max": -0.023342,
        "nauc_ndcg_at_3_std": -0.071021,
        "nauc_ndcg_at_3_diff1": 0.074511,
        "nauc_ndcg_at_5_max": -0.008551,
        "nauc_ndcg_at_5_std": -0.062828,
        "nauc_ndcg_at_5_diff1": 0.087763,
        "nauc_ndcg_at_10_max": -0.006799,
        "nauc_ndcg_at_10_std": -0.051487,
        "nauc_ndcg_at_10_diff1": 0.077531,
        "nauc_ndcg_at_20_max": -0.008246,
        "nauc_ndcg_at_20_std": -0.047289,
        "nauc_ndcg_at_20_diff1": 0.076794,
        "nauc_ndcg_at_100_max": -0.009433,
        "nauc_ndcg_at_100_std": -0.042464,
        "nauc_ndcg_at_100_diff1": 0.08541,
        "nauc_ndcg_at_1000_max": -0.016896,
        "nauc_ndcg_at_1000_std": -0.050525,
        "nauc_ndcg_at_1000_diff1": 0.085158,
        "nauc_map_at_1_max": -0.081369,
        "nauc_map_at_1_std": -0.067249,
        "nauc_map_at_1_diff1": 0.115047,
        "nauc_map_at_3_max": -0.037296,
        "nauc_map_at_3_std": -0.070369,
        "nauc_map_at_3_diff1": 0.084282,
        "nauc_map_at_5_max": -0.029336,
        "nauc_map_at_5_std": -0.065395,
        "nauc_map_at_5_diff1": 0.091858,
        "nauc_map_at_10_max": -0.029372,
        "nauc_map_at_10_std": -0.060947,
        "nauc_map_at_10_diff1": 0.087706,
        "nauc_map_at_20_max": -0.029698,
        "nauc_map_at_20_std": -0.059884,
        "nauc_map_at_20_diff1": 0.087695,
        "nauc_map_at_100_max": -0.029554,
        "nauc_map_at_100_std": -0.05955,
        "nauc_map_at_100_diff1": 0.089127,
        "nauc_map_at_1000_max": -0.02981,
        "nauc_map_at_1000_std": -0.059777,
        "nauc_map_at_1000_diff1": 0.08909,
        "nauc_recall_at_1_max": -0.081369,
        "nauc_recall_at_1_std": -0.067249,
        "nauc_recall_at_1_diff1": 0.115047,
        "nauc_recall_at_3_max": 0.016122,
        "nauc_recall_at_3_std": -0.072765,
        "nauc_recall_at_3_diff1": 0.046867,
        "nauc_recall_at_5_max": 0.059843,
        "nauc_recall_at_5_std": -0.053865,
        "nauc_recall_at_5_diff1": 0.076709,
        "nauc_recall_at_10_max": 0.097535,
        "nauc_recall_at_10_std": -0.001869,
        "nauc_recall_at_10_diff1": 0.030226,
        "nauc_recall_at_20_max": 0.131035,
        "nauc_recall_at_20_std": 0.052143,
        "nauc_recall_at_20_diff1": 0.001118,
        "nauc_recall_at_100_max": 0.335887,
        "nauc_recall_at_100_std": 0.417612,
        "nauc_recall_at_100_diff1": 0.071126,
        "nauc_recall_at_1000_max": 0.111028,
        "nauc_recall_at_1000_std": 0.470208,
        "nauc_recall_at_1000_diff1": 0.008015,
        "nauc_precision_at_1_max": -0.081369,
        "nauc_precision_at_1_std": -0.067249,
        "nauc_precision_at_1_diff1": 0.115047,
        "nauc_precision_at_3_max": 0.016122,
        "nauc_precision_at_3_std": -0.072765,
        "nauc_precision_at_3_diff1": 0.046867,
        "nauc_precision_at_5_max": 0.059843,
        "nauc_precision_at_5_std": -0.053865,
        "nauc_precision_at_5_diff1": 0.076709,
        "nauc_precision_at_10_max": 0.097535,
        "nauc_precision_at_10_std": -0.001869,
        "nauc_precision_at_10_diff1": 0.030226,
        "nauc_precision_at_20_max": 0.131035,
        "nauc_precision_at_20_std": 0.052143,
        "nauc_precision_at_20_diff1": 0.001118,
        "nauc_precision_at_100_max": 0.335887,
        "nauc_precision_at_100_std": 0.417612,
        "nauc_precision_at_100_diff1": 0.071126,
        "nauc_precision_at_1000_max": 0.111028,
        "nauc_precision_at_1000_std": 0.470208,
        "nauc_precision_at_1000_diff1": 0.008015,
        "nauc_mrr_at_1_max": -0.083614,
        "nauc_mrr_at_1_std": -0.068276,
        "nauc_mrr_at_1_diff1": 0.105889,
        "nauc_mrr_at_3_max": -0.043178,
        "nauc_mrr_at_3_std": -0.069277,
        "nauc_mrr_at_3_diff1": 0.074172,
        "nauc_mrr_at_5_max": -0.036345,
        "nauc_mrr_at_5_std": -0.066239,
        "nauc_mrr_at_5_diff1": 0.080547,
        "nauc_mrr_at_10_max": -0.036967,
        "nauc_mrr_at_10_std": -0.062259,
        "nauc_mrr_at_10_diff1": 0.07654,
        "nauc_mrr_at_20_max": -0.036583,
        "nauc_mrr_at_20_std": -0.061048,
        "nauc_mrr_at_20_diff1": 0.077223,
        "nauc_mrr_at_100_max": -0.036504,
        "nauc_mrr_at_100_std": -0.060725,
        "nauc_mrr_at_100_diff1": 0.078555,
        "nauc_mrr_at_1000_max": -0.036765,
        "nauc_mrr_at_1000_std": -0.060952,
        "nauc_mrr_at_1000_diff1": 0.078511,
        "main_score": 0.50208,
        "hf_subset": "default",
        "languages": [
          "eng-Latn"
        ]
      }
    ]
  },
  "evaluation_time": 28.936551809310913,
  "kg_co2_emissions": null
}