{
  "dataset_revision": "27a168819829fe9bcd655c2df245fb19452e8e06",
  "task_name": "FiQA2018",
  "mteb_version": "1.39.7",
  "scores": {
    "test": [
      {
        "ndcg_at_1": 0.23611,
        "ndcg_at_3": 0.22937,
        "ndcg_at_5": 0.23656,
        "ndcg_at_10": 0.26013,
        "ndcg_at_20": 0.27796,
        "ndcg_at_100": 0.3172,
        "ndcg_at_1000": 0.35697,
        "map_at_1": 0.11617,
        "map_at_3": 0.16958,
        "map_at_5": 0.18304,
        "map_at_10": 0.19685,
        "map_at_20": 0.20322,
        "map_at_100": 0.2101,
        "map_at_1000": 0.21205,
        "recall_at_1": 0.11617,
        "recall_at_3": 0.21171,
        "recall_at_5": 0.251,
        "recall_at_10": 0.32297,
        "recall_at_20": 0.37783,
        "recall_at_100": 0.5405,
        "recall_at_1000": 0.7874,
        "precision_at_1": 0.23611,
        "precision_at_3": 0.15947,
        "precision_at_5": 0.11574,
        "precision_at_10": 0.07639,
        "precision_at_20": 0.04545,
        "precision_at_100": 0.01367,
        "precision_at_1000": 0.00204,
        "mrr_at_1": 0.236111,
        "mrr_at_3": 0.298354,
        "mrr_at_5": 0.308693,
        "mrr_at_10": 0.320572,
        "mrr_at_20": 0.324935,
        "mrr_at_100": 0.328546,
        "mrr_at_1000": 0.32933,
        "nauc_ndcg_at_1_max": 0.131839,
        "nauc_ndcg_at_1_std": -0.080465,
        "nauc_ndcg_at_1_diff1": 0.375157,
        "nauc_ndcg_at_3_max": 0.150587,
        "nauc_ndcg_at_3_std": -0.031309,
        "nauc_ndcg_at_3_diff1": 0.339658,
        "nauc_ndcg_at_5_max": 0.144773,
        "nauc_ndcg_at_5_std": -0.043459,
        "nauc_ndcg_at_5_diff1": 0.337715,
        "nauc_ndcg_at_10_max": 0.153825,
        "nauc_ndcg_at_10_std": -0.013941,
        "nauc_ndcg_at_10_diff1": 0.331678,
        "nauc_ndcg_at_20_max": 0.146269,
        "nauc_ndcg_at_20_std": -0.010604,
        "nauc_ndcg_at_20_diff1": 0.327638,
        "nauc_ndcg_at_100_max": 0.164392,
        "nauc_ndcg_at_100_std": 0.027634,
        "nauc_ndcg_at_100_diff1": 0.31595,
        "nauc_ndcg_at_1000_max": 0.183113,
        "nauc_ndcg_at_1000_std": 0.047507,
        "nauc_ndcg_at_1000_diff1": 0.312209,
        "nauc_map_at_1_max": 0.083072,
        "nauc_map_at_1_std": -0.10768,
        "nauc_map_at_1_diff1": 0.416383,
        "nauc_map_at_3_max": 0.120335,
        "nauc_map_at_3_std": -0.050446,
        "nauc_map_at_3_diff1": 0.377353,
        "nauc_map_at_5_max": 0.132187,
        "nauc_map_at_5_std": -0.0558,
        "nauc_map_at_5_diff1": 0.369045,
        "nauc_map_at_10_max": 0.139215,
        "nauc_map_at_10_std": -0.040556,
        "nauc_map_at_10_diff1": 0.359848,
        "nauc_map_at_20_max": 0.138155,
        "nauc_map_at_20_std": -0.037465,
        "nauc_map_at_20_diff1": 0.356935,
        "nauc_map_at_100_max": 0.143664,
        "nauc_map_at_100_std": -0.028951,
        "nauc_map_at_100_diff1": 0.354676,
        "nauc_map_at_1000_max": 0.144723,
        "nauc_map_at_1000_std": -0.027181,
        "nauc_map_at_1000_diff1": 0.354119,
        "nauc_recall_at_1_max": 0.083072,
        "nauc_recall_at_1_std": -0.10768,
        "nauc_recall_at_1_diff1": 0.416383,
        "nauc_recall_at_3_max": 0.099924,
        "nauc_recall_at_3_std": -0.018465,
        "nauc_recall_at_3_diff1": 0.320518,
        "nauc_recall_at_5_max": 0.104109,
        "nauc_recall_at_5_std": -0.042859,
        "nauc_recall_at_5_diff1": 0.287563,
        "nauc_recall_at_10_max": 0.133522,
        "nauc_recall_at_10_std": 0.027104,
        "nauc_recall_at_10_diff1": 0.249875,
        "nauc_recall_at_20_max": 0.107107,
        "nauc_recall_at_20_std": 0.029186,
        "nauc_recall_at_20_diff1": 0.234109,
        "nauc_recall_at_100_max": 0.138853,
        "nauc_recall_at_100_std": 0.164777,
        "nauc_recall_at_100_diff1": 0.169123,
        "nauc_recall_at_1000_max": 0.260061,
        "nauc_recall_at_1000_std": 0.390648,
        "nauc_recall_at_1000_diff1": 0.086831,
        "nauc_precision_at_1_max": 0.131839,
        "nauc_precision_at_1_std": -0.080465,
        "nauc_precision_at_1_diff1": 0.375157,
        "nauc_precision_at_3_max": 0.204945,
        "nauc_precision_at_3_std": 0.010844,
        "nauc_precision_at_3_diff1": 0.266932,
        "nauc_precision_at_5_max": 0.218929,
        "nauc_precision_at_5_std": 0.015047,
        "nauc_precision_at_5_diff1": 0.230769,
        "nauc_precision_at_10_max": 0.231778,
        "nauc_precision_at_10_std": 0.078621,
        "nauc_precision_at_10_diff1": 0.170133,
        "nauc_precision_at_20_max": 0.212176,
        "nauc_precision_at_20_std": 0.106183,
        "nauc_precision_at_20_diff1": 0.134334,
        "nauc_precision_at_100_max": 0.23828,
        "nauc_precision_at_100_std": 0.19723,
        "nauc_precision_at_100_diff1": 0.047504,
        "nauc_precision_at_1000_max": 0.26682,
        "nauc_precision_at_1000_std": 0.227978,
        "nauc_precision_at_1000_diff1": -0.015117,
        "nauc_mrr_at_1_max": 0.131839,
        "nauc_mrr_at_1_std": -0.080465,
        "nauc_mrr_at_1_diff1": 0.375157,
        "nauc_mrr_at_3_max": 0.154785,
        "nauc_mrr_at_3_std": -0.03765,
        "nauc_mrr_at_3_diff1": 0.346887,
        "nauc_mrr_at_5_max": 0.15338,
        "nauc_mrr_at_5_std": -0.043041,
        "nauc_mrr_at_5_diff1": 0.339123,
        "nauc_mrr_at_10_max": 0.159289,
        "nauc_mrr_at_10_std": -0.031462,
        "nauc_mrr_at_10_diff1": 0.335086,
        "nauc_mrr_at_20_max": 0.157466,
        "nauc_mrr_at_20_std": -0.031331,
        "nauc_mrr_at_20_diff1": 0.333734,
        "nauc_mrr_at_100_max": 0.159201,
        "nauc_mrr_at_100_std": -0.029009,
        "nauc_mrr_at_100_diff1": 0.333797,
        "nauc_mrr_at_1000_max": 0.159303,
        "nauc_mrr_at_1000_std": -0.028913,
        "nauc_mrr_at_1000_diff1": 0.333972,
        "main_score": 0.26013,
        "hf_subset": "default",
        "languages": [
          "eng-Latn"
        ]
      }
    ]
  },
  "evaluation_time": 309.1753227710724,
  "kg_co2_emissions": null
}