{
  "dataset_revision": "f8c2fcf00f625baaa80f62ec5bd9e1fff3b8ae88",
  "task_name": "SCIDOCS",
  "mteb_version": "1.39.7",
  "scores": {
    "test": [
      {
        "ndcg_at_1": 0.167,
        "ndcg_at_3": 0.13176,
        "ndcg_at_5": 0.1146,
        "ndcg_at_10": 0.13587,
        "ndcg_at_20": 0.15743,
        "ndcg_at_100": 0.19949,
        "ndcg_at_1000": 0.25066,
        "map_at_1": 0.03375,
        "map_at_3": 0.05678,
        "map_at_5": 0.06781,
        "map_at_10": 0.07695,
        "map_at_20": 0.08405,
        "map_at_100": 0.09143,
        "map_at_1000": 0.0939,
        "recall_at_1": 0.03375,
        "recall_at_3": 0.0739,
        "recall_at_5": 0.101,
        "recall_at_10": 0.14025,
        "recall_at_20": 0.19115,
        "recall_at_100": 0.3274,
        "recall_at_1000": 0.58013,
        "precision_at_1": 0.167,
        "precision_at_3": 0.122,
        "precision_at_5": 0.1,
        "precision_at_10": 0.0694,
        "precision_at_20": 0.0471,
        "precision_at_100": 0.01613,
        "precision_at_1000": 0.00286,
        "mrr_at_1": 0.167,
        "mrr_at_3": 0.223667,
        "mrr_at_5": 0.238717,
        "mrr_at_10": 0.250606,
        "mrr_at_20": 0.257246,
        "mrr_at_100": 0.262153,
        "mrr_at_1000": 0.262951,
        "nauc_ndcg_at_1_max": 0.211934,
        "nauc_ndcg_at_1_std": 0.090554,
        "nauc_ndcg_at_1_diff1": 0.224514,
        "nauc_ndcg_at_3_max": 0.248188,
        "nauc_ndcg_at_3_std": 0.133583,
        "nauc_ndcg_at_3_diff1": 0.200968,
        "nauc_ndcg_at_5_max": 0.247484,
        "nauc_ndcg_at_5_std": 0.14971,
        "nauc_ndcg_at_5_diff1": 0.190803,
        "nauc_ndcg_at_10_max": 0.258464,
        "nauc_ndcg_at_10_std": 0.183251,
        "nauc_ndcg_at_10_diff1": 0.173374,
        "nauc_ndcg_at_20_max": 0.268153,
        "nauc_ndcg_at_20_std": 0.213408,
        "nauc_ndcg_at_20_diff1": 0.162649,
        "nauc_ndcg_at_100_max": 0.282943,
        "nauc_ndcg_at_100_std": 0.269241,
        "nauc_ndcg_at_100_diff1": 0.152525,
        "nauc_ndcg_at_1000_max": 0.300225,
        "nauc_ndcg_at_1000_std": 0.294244,
        "nauc_ndcg_at_1000_diff1": 0.148,
        "nauc_map_at_1_max": 0.210845,
        "nauc_map_at_1_std": 0.090615,
        "nauc_map_at_1_diff1": 0.221867,
        "nauc_map_at_3_max": 0.247842,
        "nauc_map_at_3_std": 0.119738,
        "nauc_map_at_3_diff1": 0.213505,
        "nauc_map_at_5_max": 0.252053,
        "nauc_map_at_5_std": 0.130717,
        "nauc_map_at_5_diff1": 0.21243,
        "nauc_map_at_10_max": 0.259787,
        "nauc_map_at_10_std": 0.152997,
        "nauc_map_at_10_diff1": 0.198092,
        "nauc_map_at_20_max": 0.267875,
        "nauc_map_at_20_std": 0.17319,
        "nauc_map_at_20_diff1": 0.191681,
        "nauc_map_at_100_max": 0.272731,
        "nauc_map_at_100_std": 0.195361,
        "nauc_map_at_100_diff1": 0.185184,
        "nauc_map_at_1000_max": 0.274342,
        "nauc_map_at_1000_std": 0.19996,
        "nauc_map_at_1000_diff1": 0.183931,
        "nauc_recall_at_1_max": 0.210845,
        "nauc_recall_at_1_std": 0.090615,
        "nauc_recall_at_1_diff1": 0.221867,
        "nauc_recall_at_3_max": 0.254529,
        "nauc_recall_at_3_std": 0.146048,
        "nauc_recall_at_3_diff1": 0.186249,
        "nauc_recall_at_5_max": 0.247741,
        "nauc_recall_at_5_std": 0.167695,
        "nauc_recall_at_5_diff1": 0.169496,
        "nauc_recall_at_10_max": 0.258855,
        "nauc_recall_at_10_std": 0.22463,
        "nauc_recall_at_10_diff1": 0.132387,
        "nauc_recall_at_20_max": 0.260315,
        "nauc_recall_at_20_std": 0.267989,
        "nauc_recall_at_20_diff1": 0.106032,
        "nauc_recall_at_100_max": 0.268204,
        "nauc_recall_at_100_std": 0.368293,
        "nauc_recall_at_100_diff1": 0.076915,
        "nauc_recall_at_1000_max": 0.291596,
        "nauc_recall_at_1000_std": 0.410273,
        "nauc_recall_at_1000_diff1": 0.041981,
        "nauc_precision_at_1_max": 0.211934,
        "nauc_precision_at_1_std": 0.090554,
        "nauc_precision_at_1_diff1": 0.224514,
        "nauc_precision_at_3_max": 0.256811,
        "nauc_precision_at_3_std": 0.146022,
        "nauc_precision_at_3_diff1": 0.189527,
        "nauc_precision_at_5_max": 0.250009,
        "nauc_precision_at_5_std": 0.16782,
        "nauc_precision_at_5_diff1": 0.171994,
        "nauc_precision_at_10_max": 0.262188,
        "nauc_precision_at_10_std": 0.226007,
        "nauc_precision_at_10_diff1": 0.135527,
        "nauc_precision_at_20_max": 0.264471,
        "nauc_precision_at_20_std": 0.268184,
        "nauc_precision_at_20_diff1": 0.109264,
        "nauc_precision_at_100_max": 0.270892,
        "nauc_precision_at_100_std": 0.362979,
        "nauc_precision_at_100_diff1": 0.080531,
        "nauc_precision_at_1000_max": 0.29314,
        "nauc_precision_at_1000_std": 0.400575,
        "nauc_precision_at_1000_diff1": 0.046154,
        "nauc_mrr_at_1_max": 0.211934,
        "nauc_mrr_at_1_std": 0.090554,
        "nauc_mrr_at_1_diff1": 0.224514,
        "nauc_mrr_at_3_max": 0.236373,
        "nauc_mrr_at_3_std": 0.138051,
        "nauc_mrr_at_3_diff1": 0.19511,
        "nauc_mrr_at_5_max": 0.234421,
        "nauc_mrr_at_5_std": 0.148991,
        "nauc_mrr_at_5_diff1": 0.186456,
        "nauc_mrr_at_10_max": 0.237587,
        "nauc_mrr_at_10_std": 0.157296,
        "nauc_mrr_at_10_diff1": 0.183844,
        "nauc_mrr_at_20_max": 0.238883,
        "nauc_mrr_at_20_std": 0.161225,
        "nauc_mrr_at_20_diff1": 0.182844,
        "nauc_mrr_at_100_max": 0.240002,
        "nauc_mrr_at_100_std": 0.161623,
        "nauc_mrr_at_100_diff1": 0.184467,
        "nauc_mrr_at_1000_max": 0.240003,
        "nauc_mrr_at_1000_std": 0.161381,
        "nauc_mrr_at_1000_diff1": 0.184703,
        "main_score": 0.13587,
        "hf_subset": "default",
        "languages": [
          "eng-Latn"
        ]
      }
    ]
  },
  "evaluation_time": 141.46256518363953,
  "kg_co2_emissions": null
}