{
  "map_at_10": 0.03378,
  "mrr_at_10": 0.06165613364687439,
  "ndcg_at_10": 0.04864,
  "recall_at_10": 0.06597,
  "recall_at_100": 0.15289
}
