{
  "map_at_10": 0.0175,
  "mrr_at_10": 0.03428620419361159,
  "ndcg_at_10": 0.02665,
  "recall_at_10": 0.03855,
  "recall_at_100": 0.1123
}
