{
  "map_at_10": 0.01246,
  "mrr_at_10": 0.02697984029002547,
  "ndcg_at_10": 0.02015,
  "recall_at_10": 0.02989,
  "recall_at_100": 0.08401
}
