{
  "map_at_10": 0.00812,
  "mrr_at_10": 0.018069640407603366,
  "ndcg_at_10": 0.0134,
  "recall_at_10": 0.0202,
  "recall_at_100": 0.05808
}
