{
  "map_at_10": 0.01137,
  "mrr_at_10": 0.02410285616304134,
  "ndcg_at_10": 0.01752,
  "recall_at_10": 0.02444,
  "recall_at_100": 0.07537
}
