{
  "map_at_10": 0.00928,
  "mrr_at_10": 0.02182417205565353,
  "ndcg_at_10": 0.01493,
  "recall_at_10": 0.0211,
  "recall_at_100": 0.06697
}
