{
  "map_at_10": 0.01607,
  "mrr_at_10": 0.031221217911032717,
  "ndcg_at_10": 0.02407,
  "recall_at_10": 0.0334,
  "recall_at_100": 0.09353
}
