{
  "map_at_10": 0.05258,
  "mrr_at_10": 0.09211493239271024,
  "ndcg_at_10": 0.07424,
  "recall_at_10": 0.1005,
  "recall_at_100": 0.19567
}
