{
  "map_at_10": 0.10839,
  "mrr_at_10": 0.19614197530864205,
  "ndcg_at_10": 0.14944,
  "recall_at_10": 0.18641,
  "recall_at_100": 0.34178
}
