{
  "map_at_10": 0.02243,
  "mrr_at_10": 0.04418907995296883,
  "ndcg_at_10": 0.03497,
  "recall_at_10": 0.05137,
  "recall_at_100": 0.1289
}
