{
  "dataset_revision": "bb9466bac8153a0349341eb1b22e06409e78ef4e",
  "task_name": "TRECCOVID",
  "mteb_version": "1.39.7",
  "scores": {
    "test": [
      {
        "ndcg_at_1": 0.74,
        "ndcg_at_3": 0.76011,
        "ndcg_at_5": 0.71542,
        "ndcg_at_10": 0.6594,
        "ndcg_at_20": 0.62261,
        "ndcg_at_100": 0.47528,
        "ndcg_at_1000": 0.41049,
        "map_at_1": 0.00209,
        "map_at_3": 0.00603,
        "map_at_5": 0.00895,
        "map_at_10": 0.01472,
        "map_at_20": 0.02542,
        "map_at_100": 0.07576,
        "map_at_1000": 0.17369,
        "recall_at_1": 0.00209,
        "recall_at_3": 0.00641,
        "recall_at_5": 0.00969,
        "recall_at_10": 0.01691,
        "recall_at_20": 0.03117,
        "recall_at_100": 0.10991,
        "recall_at_1000": 0.38177,
        "precision_at_1": 0.8,
        "precision_at_3": 0.82,
        "precision_at_5": 0.756,
        "precision_at_10": 0.69,
        "precision_at_20": 0.649,
        "precision_at_100": 0.482,
        "precision_at_1000": 0.18448,
        "mrr_at_1": 0.8,
        "mrr_at_3": 0.883333,
        "mrr_at_5": 0.883333,
        "mrr_at_10": 0.88619,
        "mrr_at_20": 0.88619,
        "mrr_at_100": 0.88619,
        "mrr_at_1000": 0.88619,
        "nauc_ndcg_at_1_max": 0.302704,
        "nauc_ndcg_at_1_std": 0.252441,
        "nauc_ndcg_at_1_diff1": 0.16139,
        "nauc_ndcg_at_3_max": 0.347337,
        "nauc_ndcg_at_3_std": 0.321889,
        "nauc_ndcg_at_3_diff1": -0.182894,
        "nauc_ndcg_at_5_max": 0.364969,
        "nauc_ndcg_at_5_std": 0.429915,
        "nauc_ndcg_at_5_diff1": -0.168465,
        "nauc_ndcg_at_10_max": 0.405132,
        "nauc_ndcg_at_10_std": 0.530002,
        "nauc_ndcg_at_10_diff1": -0.198408,
        "nauc_ndcg_at_20_max": 0.482497,
        "nauc_ndcg_at_20_std": 0.630241,
        "nauc_ndcg_at_20_diff1": -0.191677,
        "nauc_ndcg_at_100_max": 0.546806,
        "nauc_ndcg_at_100_std": 0.758824,
        "nauc_ndcg_at_100_diff1": -0.141149,
        "nauc_ndcg_at_1000_max": 0.664615,
        "nauc_ndcg_at_1000_std": 0.794414,
        "nauc_ndcg_at_1000_diff1": -0.097721,
        "nauc_map_at_1_max": 0.104442,
        "nauc_map_at_1_std": -0.118601,
        "nauc_map_at_1_diff1": 0.086083,
        "nauc_map_at_3_max": 0.157938,
        "nauc_map_at_3_std": -0.077835,
        "nauc_map_at_3_diff1": -0.086546,
        "nauc_map_at_5_max": 0.116268,
        "nauc_map_at_5_std": -0.001414,
        "nauc_map_at_5_diff1": -0.151771,
        "nauc_map_at_10_max": 0.180391,
        "nauc_map_at_10_std": 0.16156,
        "nauc_map_at_10_diff1": -0.243398,
        "nauc_map_at_20_max": 0.31353,
        "nauc_map_at_20_std": 0.336061,
        "nauc_map_at_20_diff1": -0.229604,
        "nauc_map_at_100_max": 0.560042,
        "nauc_map_at_100_std": 0.712362,
        "nauc_map_at_100_diff1": -0.18921,
        "nauc_map_at_1000_max": 0.667617,
        "nauc_map_at_1000_std": 0.839191,
        "nauc_map_at_1000_diff1": -0.076138,
        "nauc_recall_at_1_max": 0.104442,
        "nauc_recall_at_1_std": -0.118601,
        "nauc_recall_at_1_diff1": 0.086083,
        "nauc_recall_at_3_max": 0.132727,
        "nauc_recall_at_3_std": -0.11636,
        "nauc_recall_at_3_diff1": -0.102603,
        "nauc_recall_at_5_max": 0.095117,
        "nauc_recall_at_5_std": -0.043368,
        "nauc_recall_at_5_diff1": -0.152301,
        "nauc_recall_at_10_max": 0.142984,
        "nauc_recall_at_10_std": 0.09036,
        "nauc_recall_at_10_diff1": -0.235545,
        "nauc_recall_at_20_max": 0.270966,
        "nauc_recall_at_20_std": 0.216682,
        "nauc_recall_at_20_diff1": -0.191936,
        "nauc_recall_at_100_max": 0.459021,
        "nauc_recall_at_100_std": 0.51436,
        "nauc_recall_at_100_diff1": -0.187987,
        "nauc_recall_at_1000_max": 0.639882,
        "nauc_recall_at_1000_std": 0.720241,
        "nauc_recall_at_1000_diff1": -0.060341,
        "nauc_precision_at_1_max": 0.31014,
        "nauc_precision_at_1_std": 0.278122,
        "nauc_precision_at_1_diff1": 0.136913,
        "nauc_precision_at_3_max": 0.370688,
        "nauc_precision_at_3_std": 0.390941,
        "nauc_precision_at_3_diff1": -0.336519,
        "nauc_precision_at_5_max": 0.347385,
        "nauc_precision_at_5_std": 0.466975,
        "nauc_precision_at_5_diff1": -0.274866,
        "nauc_precision_at_10_max": 0.40007,
        "nauc_precision_at_10_std": 0.601496,
        "nauc_precision_at_10_diff1": -0.255009,
        "nauc_precision_at_20_max": 0.529951,
        "nauc_precision_at_20_std": 0.700437,
        "nauc_precision_at_20_diff1": -0.195097,
        "nauc_precision_at_100_max": 0.575253,
        "nauc_precision_at_100_std": 0.793977,
        "nauc_precision_at_100_diff1": -0.120308,
        "nauc_precision_at_1000_max": 0.478043,
        "nauc_precision_at_1000_std": 0.670599,
        "nauc_precision_at_1000_diff1": -0.011713,
        "nauc_mrr_at_1_max": 0.31014,
        "nauc_mrr_at_1_std": 0.278122,
        "nauc_mrr_at_1_diff1": 0.136913,
        "nauc_mrr_at_3_max": 0.401046,
        "nauc_mrr_at_3_std": 0.295605,
        "nauc_mrr_at_3_diff1": 0.063558,
        "nauc_mrr_at_5_max": 0.401046,
        "nauc_mrr_at_5_std": 0.295605,
        "nauc_mrr_at_5_diff1": 0.063558,
        "nauc_mrr_at_10_max": 0.385093,
        "nauc_mrr_at_10_std": 0.288719,
        "nauc_mrr_at_10_diff1": 0.080259,
        "nauc_mrr_at_20_max": 0.385093,
        "nauc_mrr_at_20_std": 0.288719,
        "nauc_mrr_at_20_diff1": 0.080259,
        "nauc_mrr_at_100_max": 0.385093,
        "nauc_mrr_at_100_std": 0.288719,
        "nauc_mrr_at_100_diff1": 0.080259,
        "nauc_mrr_at_1000_max": 0.385093,
        "nauc_mrr_at_1000_std": 0.288719,
        "nauc_mrr_at_1000_diff1": 0.080259,
        "main_score": 0.6594,
        "hf_subset": "default",
        "languages": [
          "eng-Latn"
        ]
      }
    ]
  },
  "evaluation_time": 98.53850555419922,
  "kg_co2_emissions": null
}