{
  "dataset_revision": "ec0fa4fe99da2ff19ca1214b7966684033a58814",
  "task_name": "NFCorpus",
  "mteb_version": "1.39.7",
  "scores": {
    "test": [
      {
        "ndcg_at_1": 0.0,
        "ndcg_at_3": 0.00296,
        "ndcg_at_5": 0.0045,
        "ndcg_at_10": 0.00648,
        "ndcg_at_20": 0.00823,
        "ndcg_at_100": 0.01627,
        "ndcg_at_1000": 0.09086,
        "map_at_1": 0.0,
        "map_at_3": 0.00029,
        "map_at_5": 0.00038,
        "map_at_10": 0.00058,
        "map_at_20": 0.00073,
        "map_at_100": 0.00137,
        "map_at_1000": 0.00466,
        "recall_at_1": 0.0,
        "recall_at_3": 0.00085,
        "recall_at_5": 0.00121,
        "recall_at_10": 0.00234,
        "recall_at_20": 0.00435,
        "recall_at_100": 0.02814,
        "recall_at_1000": 0.27157,
        "precision_at_1": 0.0,
        "precision_at_3": 0.00516,
        "precision_at_5": 0.00681,
        "precision_at_10": 0.00836,
        "precision_at_20": 0.0096,
        "precision_at_100": 0.00963,
        "precision_at_1000": 0.01075,
        "mrr_at_1": 0.003096,
        "mrr_at_3": 0.008256,
        "mrr_at_5": 0.011042,
        "mrr_at_10": 0.01735,
        "mrr_at_20": 0.022169,
        "mrr_at_100": 0.028437,
        "mrr_at_1000": 0.030206,
        "nauc_ndcg_at_1_max": NaN,
        "nauc_ndcg_at_1_std": NaN,
        "nauc_ndcg_at_1_diff1": NaN,
        "nauc_ndcg_at_3_max": -0.307604,
        "nauc_ndcg_at_3_std": 0.23833,
        "nauc_ndcg_at_3_diff1": -0.280957,
        "nauc_ndcg_at_5_max": -0.015083,
        "nauc_ndcg_at_5_std": 0.211333,
        "nauc_ndcg_at_5_diff1": 0.006503,
        "nauc_ndcg_at_10_max": -0.041349,
        "nauc_ndcg_at_10_std": 0.181259,
        "nauc_ndcg_at_10_diff1": -0.069305,
        "nauc_ndcg_at_20_max": -0.005488,
        "nauc_ndcg_at_20_std": 0.086555,
        "nauc_ndcg_at_20_diff1": -0.043306,
        "nauc_ndcg_at_100_max": -0.023736,
        "nauc_ndcg_at_100_std": 0.122342,
        "nauc_ndcg_at_100_diff1": -0.03296,
        "nauc_ndcg_at_1000_max": -0.093672,
        "nauc_ndcg_at_1000_std": 0.143525,
        "nauc_ndcg_at_1000_diff1": 0.008048,
        "nauc_map_at_1_max": NaN,
        "nauc_map_at_1_std": NaN,
        "nauc_map_at_1_diff1": NaN,
        "nauc_map_at_3_max": -0.513,
        "nauc_map_at_3_std": -0.017586,
        "nauc_map_at_3_diff1": -0.473036,
        "nauc_map_at_5_max": -0.390913,
        "nauc_map_at_5_std": -0.002021,
        "nauc_map_at_5_diff1": -0.337689,
        "nauc_map_at_10_max": -0.12806,
        "nauc_map_at_10_std": 0.238642,
        "nauc_map_at_10_diff1": -0.305251,
        "nauc_map_at_20_max": -0.10595,
        "nauc_map_at_20_std": 0.163422,
        "nauc_map_at_20_diff1": -0.265282,
        "nauc_map_at_100_max": -0.086955,
        "nauc_map_at_100_std": 0.157687,
        "nauc_map_at_100_diff1": -0.183533,
        "nauc_map_at_1000_max": -0.075931,
        "nauc_map_at_1000_std": 0.136271,
        "nauc_map_at_1000_diff1": -0.039429,
        "nauc_recall_at_1_max": NaN,
        "nauc_recall_at_1_std": NaN,
        "nauc_recall_at_1_diff1": NaN,
        "nauc_recall_at_3_max": -0.513293,
        "nauc_recall_at_3_std": -0.024847,
        "nauc_recall_at_3_diff1": -0.483105,
        "nauc_recall_at_5_max": -0.352372,
        "nauc_recall_at_5_std": -0.010624,
        "nauc_recall_at_5_diff1": -0.293787,
        "nauc_recall_at_10_max": 0.004253,
        "nauc_recall_at_10_std": 0.338627,
        "nauc_recall_at_10_diff1": -0.266975,
        "nauc_recall_at_20_max": 0.014893,
        "nauc_recall_at_20_std": 0.101663,
        "nauc_recall_at_20_diff1": -0.192304,
        "nauc_recall_at_100_max": -0.024478,
        "nauc_recall_at_100_std": 0.09098,
        "nauc_recall_at_100_diff1": -0.108741,
        "nauc_recall_at_1000_max": -0.150456,
        "nauc_recall_at_1000_std": 0.060946,
        "nauc_recall_at_1000_diff1": -0.053236,
        "nauc_precision_at_1_max": NaN,
        "nauc_precision_at_1_std": NaN,
        "nauc_precision_at_1_diff1": NaN,
        "nauc_precision_at_3_max": -0.293566,
        "nauc_precision_at_3_std": 0.228394,
        "nauc_precision_at_3_diff1": -0.260055,
        "nauc_precision_at_5_max": -0.003571,
        "nauc_precision_at_5_std": 0.203252,
        "nauc_precision_at_5_diff1": 0.013269,
        "nauc_precision_at_10_max": -0.032082,
        "nauc_precision_at_10_std": 0.175533,
        "nauc_precision_at_10_diff1": -0.064898,
        "nauc_precision_at_20_max": 0.002232,
        "nauc_precision_at_20_std": 0.033956,
        "nauc_precision_at_20_diff1": -0.014335,
        "nauc_precision_at_100_max": -0.018843,
        "nauc_precision_at_100_std": 0.086697,
        "nauc_precision_at_100_diff1": 0.06042,
        "nauc_precision_at_1000_max": -0.044425,
        "nauc_precision_at_1000_std": 0.092883,
        "nauc_precision_at_1000_diff1": 0.090717,
        "nauc_mrr_at_1_max": -0.573853,
        "nauc_mrr_at_1_std": 0.098982,
        "nauc_mrr_at_1_diff1": -0.205503,
        "nauc_mrr_at_3_max": -0.185135,
        "nauc_mrr_at_3_std": 0.298241,
        "nauc_mrr_at_3_diff1": -0.040315,
        "nauc_mrr_at_5_max": -0.089069,
        "nauc_mrr_at_5_std": 0.314085,
        "nauc_mrr_at_5_diff1": 0.047556,
        "nauc_mrr_at_10_max": -0.135456,
        "nauc_mrr_at_10_std": 0.212636,
        "nauc_mrr_at_10_diff1": -0.061062,
        "nauc_mrr_at_20_max": -0.082159,
        "nauc_mrr_at_20_std": 0.18032,
        "nauc_mrr_at_20_diff1": -0.032948,
        "nauc_mrr_at_100_max": -0.087699,
        "nauc_mrr_at_100_std": 0.200158,
        "nauc_mrr_at_100_diff1": -0.025423,
        "nauc_mrr_at_1000_max": -0.089532,
        "nauc_mrr_at_1000_std": 0.200736,
        "nauc_mrr_at_1000_diff1": -0.024761,
        "main_score": 0.00648,
        "hf_subset": "default",
        "languages": [
          "eng-Latn"
        ]
      }
    ]
  },
  "evaluation_time": 69.00480628013611,
  "kg_co2_emissions": null
}