{
  "dataset_revision": "27a168819829fe9bcd655c2df245fb19452e8e06",
  "task_name": "FiQA2018",
  "mteb_version": "1.39.7",
  "scores": {
    "test": [
      {
        "ndcg_at_1": 0.23611,
        "ndcg_at_3": 0.22778,
        "ndcg_at_5": 0.23686,
        "ndcg_at_10": 0.25975,
        "ndcg_at_20": 0.27818,
        "ndcg_at_100": 0.31723,
        "ndcg_at_1000": 0.35706,
        "map_at_1": 0.11617,
        "map_at_3": 0.16874,
        "map_at_5": 0.18347,
        "map_at_10": 0.19687,
        "map_at_20": 0.20344,
        "map_at_100": 0.21028,
        "map_at_1000": 0.21224,
        "recall_at_1": 0.11617,
        "recall_at_3": 0.20837,
        "recall_at_5": 0.25139,
        "recall_at_10": 0.32195,
        "recall_at_20": 0.37822,
        "recall_at_100": 0.54028,
        "recall_at_1000": 0.7874,
        "precision_at_1": 0.23611,
        "precision_at_3": 0.15792,
        "precision_at_5": 0.11574,
        "precision_at_10": 0.07593,
        "precision_at_20": 0.04552,
        "precision_at_100": 0.01366,
        "precision_at_1000": 0.00204,
        "mrr_at_1": 0.236111,
        "mrr_at_3": 0.29784,
        "mrr_at_5": 0.308873,
        "mrr_at_10": 0.320762,
        "mrr_at_20": 0.325253,
        "mrr_at_100": 0.328869,
        "mrr_at_1000": 0.32965,
        "nauc_ndcg_at_1_max": 0.135597,
        "nauc_ndcg_at_1_std": -0.077826,
        "nauc_ndcg_at_1_diff1": 0.375032,
        "nauc_ndcg_at_3_max": 0.157984,
        "nauc_ndcg_at_3_std": -0.028173,
        "nauc_ndcg_at_3_diff1": 0.338333,
        "nauc_ndcg_at_5_max": 0.149144,
        "nauc_ndcg_at_5_std": -0.038395,
        "nauc_ndcg_at_5_diff1": 0.336528,
        "nauc_ndcg_at_10_max": 0.155966,
        "nauc_ndcg_at_10_std": -0.012404,
        "nauc_ndcg_at_10_diff1": 0.328892,
        "nauc_ndcg_at_20_max": 0.148779,
        "nauc_ndcg_at_20_std": -0.007491,
        "nauc_ndcg_at_20_diff1": 0.325134,
        "nauc_ndcg_at_100_max": 0.166626,
        "nauc_ndcg_at_100_std": 0.030261,
        "nauc_ndcg_at_100_diff1": 0.313751,
        "nauc_ndcg_at_1000_max": 0.185526,
        "nauc_ndcg_at_1000_std": 0.050325,
        "nauc_ndcg_at_1000_diff1": 0.309283,
        "nauc_map_at_1_max": 0.085512,
        "nauc_map_at_1_std": -0.105798,
        "nauc_map_at_1_diff1": 0.414639,
        "nauc_map_at_3_max": 0.127802,
        "nauc_map_at_3_std": -0.047372,
        "nauc_map_at_3_diff1": 0.375912,
        "nauc_map_at_5_max": 0.13794,
        "nauc_map_at_5_std": -0.05058,
        "nauc_map_at_5_diff1": 0.367533,
        "nauc_map_at_10_max": 0.143263,
        "nauc_map_at_10_std": -0.037408,
        "nauc_map_at_10_diff1": 0.357571,
        "nauc_map_at_20_max": 0.142403,
        "nauc_map_at_20_std": -0.033826,
        "nauc_map_at_20_diff1": 0.354851,
        "nauc_map_at_100_max": 0.147852,
        "nauc_map_at_100_std": -0.025579,
        "nauc_map_at_100_diff1": 0.352541,
        "nauc_map_at_1000_max": 0.148992,
        "nauc_map_at_1000_std": -0.023796,
        "nauc_map_at_1000_diff1": 0.351933,
        "nauc_recall_at_1_max": 0.085512,
        "nauc_recall_at_1_std": -0.105798,
        "nauc_recall_at_1_diff1": 0.414639,
        "nauc_recall_at_3_max": 0.112271,
        "nauc_recall_at_3_std": -0.016038,
        "nauc_recall_at_3_diff1": 0.321163,
        "nauc_recall_at_5_max": 0.107698,
        "nauc_recall_at_5_std": -0.036601,
        "nauc_recall_at_5_diff1": 0.287559,
        "nauc_recall_at_10_max": 0.131874,
        "nauc_recall_at_10_std": 0.025631,
        "nauc_recall_at_10_diff1": 0.245833,
        "nauc_recall_at_20_max": 0.106068,
        "nauc_recall_at_20_std": 0.030771,
        "nauc_recall_at_20_diff1": 0.231637,
        "nauc_recall_at_100_max": 0.136318,
        "nauc_recall_at_100_std": 0.165317,
        "nauc_recall_at_100_diff1": 0.167657,
        "nauc_recall_at_1000_max": 0.254389,
        "nauc_recall_at_1000_std": 0.392137,
        "nauc_recall_at_1000_diff1": 0.081006,
        "nauc_precision_at_1_max": 0.135597,
        "nauc_precision_at_1_std": -0.077826,
        "nauc_precision_at_1_diff1": 0.375032,
        "nauc_precision_at_3_max": 0.213795,
        "nauc_precision_at_3_std": 0.015954,
        "nauc_precision_at_3_diff1": 0.267985,
        "nauc_precision_at_5_max": 0.224275,
        "nauc_precision_at_5_std": 0.022353,
        "nauc_precision_at_5_diff1": 0.234721,
        "nauc_precision_at_10_max": 0.231128,
        "nauc_precision_at_10_std": 0.07554,
        "nauc_precision_at_10_diff1": 0.169331,
        "nauc_precision_at_20_max": 0.212399,
        "nauc_precision_at_20_std": 0.108432,
        "nauc_precision_at_20_diff1": 0.133083,
        "nauc_precision_at_100_max": 0.237161,
        "nauc_precision_at_100_std": 0.198311,
        "nauc_precision_at_100_diff1": 0.047893,
        "nauc_precision_at_1000_max": 0.26648,
        "nauc_precision_at_1000_std": 0.228646,
        "nauc_precision_at_1000_diff1": -0.016724,
        "nauc_mrr_at_1_max": 0.135597,
        "nauc_mrr_at_1_std": -0.077826,
        "nauc_mrr_at_1_diff1": 0.375032,
        "nauc_mrr_at_3_max": 0.159181,
        "nauc_mrr_at_3_std": -0.035529,
        "nauc_mrr_at_3_diff1": 0.345492,
        "nauc_mrr_at_5_max": 0.155646,
        "nauc_mrr_at_5_std": -0.040149,
        "nauc_mrr_at_5_diff1": 0.337535,
        "nauc_mrr_at_10_max": 0.161942,
        "nauc_mrr_at_10_std": -0.029302,
        "nauc_mrr_at_10_diff1": 0.332608,
        "nauc_mrr_at_20_max": 0.15991,
        "nauc_mrr_at_20_std": -0.028726,
        "nauc_mrr_at_20_diff1": 0.331103,
        "nauc_mrr_at_100_max": 0.161603,
        "nauc_mrr_at_100_std": -0.026431,
        "nauc_mrr_at_100_diff1": 0.331266,
        "nauc_mrr_at_1000_max": 0.16172,
        "nauc_mrr_at_1000_std": -0.026328,
        "nauc_mrr_at_1000_diff1": 0.331436,
        "main_score": 0.25975,
        "hf_subset": "default",
        "languages": [
          "eng-Latn"
        ]
      }
    ]
  },
  "evaluation_time": 343.66561913490295,
  "kg_co2_emissions": null
}