{
  "dataset_revision": "f8c2fcf00f625baaa80f62ec5bd9e1fff3b8ae88",
  "task_name": "SCIDOCS",
  "mteb_version": "1.39.7",
  "scores": {
    "test": [
      {
        "ndcg_at_1": 0.0,
        "ndcg_at_3": 0.00053,
        "ndcg_at_5": 0.00051,
        "ndcg_at_10": 0.00063,
        "ndcg_at_20": 0.00082,
        "ndcg_at_100": 0.00258,
        "ndcg_at_1000": 0.01031,
        "map_at_1": 0.0,
        "map_at_3": 0.00017,
        "map_at_5": 0.00021,
        "map_at_10": 0.00024,
        "map_at_20": 0.00027,
        "map_at_100": 0.00042,
        "map_at_1000": 0.00054,
        "recall_at_1": 0.0,
        "recall_at_3": 0.0004,
        "recall_at_5": 0.0006,
        "recall_at_10": 0.0008,
        "recall_at_20": 0.0012,
        "recall_at_100": 0.0068,
        "recall_at_1000": 0.04697,
        "precision_at_1": 0.0,
        "precision_at_3": 0.00067,
        "precision_at_5": 0.0006,
        "precision_at_10": 0.0004,
        "precision_at_20": 0.0003,
        "precision_at_100": 0.00034,
        "precision_at_1000": 0.00023,
        "mrr_at_1": 0.0,
        "mrr_at_3": 0.000833,
        "mrr_at_5": 0.000833,
        "mrr_at_10": 0.001243,
        "mrr_at_20": 0.001334,
        "mrr_at_100": 0.002081,
        "mrr_at_1000": 0.002559,
        "nauc_ndcg_at_1_max": NaN,
        "nauc_ndcg_at_1_std": NaN,
        "nauc_ndcg_at_1_diff1": NaN,
        "nauc_ndcg_at_3_max": -0.504143,
        "nauc_ndcg_at_3_std": 0.811394,
        "nauc_ndcg_at_3_diff1": -0.268664,
        "nauc_ndcg_at_5_max": -0.350549,
        "nauc_ndcg_at_5_std": 0.629684,
        "nauc_ndcg_at_5_diff1": -0.25264,
        "nauc_ndcg_at_10_max": -0.390917,
        "nauc_ndcg_at_10_std": 0.696367,
        "nauc_ndcg_at_10_diff1": -0.087953,
        "nauc_ndcg_at_20_max": -0.366407,
        "nauc_ndcg_at_20_std": 0.610099,
        "nauc_ndcg_at_20_diff1": -0.183283,
        "nauc_ndcg_at_100_max": -0.128252,
        "nauc_ndcg_at_100_std": 0.47084,
        "nauc_ndcg_at_100_diff1": 0.178694,
        "nauc_ndcg_at_1000_max": -0.129823,
        "nauc_ndcg_at_1000_std": 0.216995,
        "nauc_ndcg_at_1000_diff1": 0.044694,
        "nauc_map_at_1_max": NaN,
        "nauc_map_at_1_std": NaN,
        "nauc_map_at_1_diff1": NaN,
        "nauc_map_at_3_max": -0.510867,
        "nauc_map_at_3_std": 0.797156,
        "nauc_map_at_3_diff1": -0.27341,
        "nauc_map_at_5_max": -0.39293,
        "nauc_map_at_5_std": 0.661926,
        "nauc_map_at_5_diff1": -0.260324,
        "nauc_map_at_10_max": -0.415011,
        "nauc_map_at_10_std": 0.702988,
        "nauc_map_at_10_diff1": -0.148309,
        "nauc_map_at_20_max": -0.397615,
        "nauc_map_at_20_std": 0.652227,
        "nauc_map_at_20_diff1": -0.195342,
        "nauc_map_at_100_max": -0.267405,
        "nauc_map_at_100_std": 0.578203,
        "nauc_map_at_100_diff1": -0.007892,
        "nauc_map_at_1000_max": -0.244765,
        "nauc_map_at_1000_std": 0.492843,
        "nauc_map_at_1000_diff1": -0.006513,
        "nauc_recall_at_1_max": NaN,
        "nauc_recall_at_1_std": NaN,
        "nauc_recall_at_1_diff1": NaN,
        "nauc_recall_at_3_max": -0.494902,
        "nauc_recall_at_3_std": 0.830963,
        "nauc_recall_at_3_diff1": -0.262141,
        "nauc_recall_at_5_max": -0.297111,
        "nauc_recall_at_5_std": 0.586799,
        "nauc_recall_at_5_diff1": -0.243359,
        "nauc_recall_at_10_max": -0.366515,
        "nauc_recall_at_10_std": 0.690099,
        "nauc_recall_at_10_diff1": -0.017038,
        "nauc_recall_at_20_max": -0.33937,
        "nauc_recall_at_20_std": 0.568017,
        "nauc_recall_at_20_diff1": -0.177891,
        "nauc_recall_at_100_max": -0.074046,
        "nauc_recall_at_100_std": 0.429844,
        "nauc_recall_at_100_diff1": 0.257895,
        "nauc_recall_at_1000_max": -0.116314,
        "nauc_recall_at_1000_std": 0.164176,
        "nauc_recall_at_1000_diff1": 0.035602,
        "nauc_precision_at_1_max": NaN,
        "nauc_precision_at_1_std": NaN,
        "nauc_precision_at_1_diff1": NaN,
        "nauc_precision_at_3_max": -0.494902,
        "nauc_precision_at_3_std": 0.830963,
        "nauc_precision_at_3_diff1": -0.262141,
        "nauc_precision_at_5_max": -0.297111,
        "nauc_precision_at_5_std": 0.586799,
        "nauc_precision_at_5_diff1": -0.243359,
        "nauc_precision_at_10_max": -0.366515,
        "nauc_precision_at_10_std": 0.690099,
        "nauc_precision_at_10_diff1": -0.017038,
        "nauc_precision_at_20_max": -0.33937,
        "nauc_precision_at_20_std": 0.568017,
        "nauc_precision_at_20_diff1": -0.177891,
        "nauc_precision_at_100_max": -0.074046,
        "nauc_precision_at_100_std": 0.429844,
        "nauc_precision_at_100_diff1": 0.257895,
        "nauc_precision_at_1000_max": -0.117235,
        "nauc_precision_at_1000_std": 0.166483,
        "nauc_precision_at_1000_diff1": 0.035927,
        "nauc_mrr_at_1_max": NaN,
        "nauc_mrr_at_1_std": NaN,
        "nauc_mrr_at_1_diff1": NaN,
        "nauc_mrr_at_3_max": -0.510867,
        "nauc_mrr_at_3_std": 0.797156,
        "nauc_mrr_at_3_diff1": -0.27341,
        "nauc_mrr_at_5_max": -0.510867,
        "nauc_mrr_at_5_std": 0.797156,
        "nauc_mrr_at_5_diff1": -0.27341,
        "nauc_mrr_at_10_max": -0.435588,
        "nauc_mrr_at_10_std": 0.688696,
        "nauc_mrr_at_10_diff1": -0.175032,
        "nauc_mrr_at_20_max": -0.410708,
        "nauc_mrr_at_20_std": 0.663828,
        "nauc_mrr_at_20_diff1": -0.197154,
        "nauc_mrr_at_100_max": -0.260125,
        "nauc_mrr_at_100_std": 0.554552,
        "nauc_mrr_at_100_diff1": -0.015409,
        "nauc_mrr_at_1000_max": -0.242616,
        "nauc_mrr_at_1000_std": 0.483797,
        "nauc_mrr_at_1000_diff1": -0.016435,
        "main_score": 0.00063,
        "hf_subset": "default",
        "languages": [
          "eng-Latn"
        ]
      }
    ]
  },
  "evaluation_time": 255.9034264087677,
  "kg_co2_emissions": null
}