{
  "dataset_revision": "0228b52cf27578f30900b9e5271d331663a030d7",
  "task_name": "SciFact",
  "mteb_version": "1.39.7",
  "scores": {
    "test": [
      {
        "ndcg_at_1": 0.42667,
        "ndcg_at_3": 0.49683,
        "ndcg_at_5": 0.51845,
        "ndcg_at_10": 0.53969,
        "ndcg_at_20": 0.55725,
        "ndcg_at_100": 0.57885,
        "ndcg_at_1000": 0.59563,
        "map_at_1": 0.40428,
        "map_at_3": 0.47117,
        "map_at_5": 0.484,
        "map_at_10": 0.49306,
        "map_at_20": 0.49902,
        "map_at_100": 0.50226,
        "map_at_1000": 0.50287,
        "recall_at_1": 0.40428,
        "recall_at_3": 0.54478,
        "recall_at_5": 0.59961,
        "recall_at_10": 0.66444,
        "recall_at_20": 0.72939,
        "recall_at_100": 0.84256,
        "recall_at_1000": 0.97433,
        "precision_at_1": 0.42667,
        "precision_at_3": 0.19778,
        "precision_at_5": 0.13267,
        "precision_at_10": 0.07367,
        "precision_at_20": 0.04117,
        "precision_at_100": 0.00953,
        "precision_at_1000": 0.0011,
        "mrr_at_1": 0.426667,
        "mrr_at_3": 0.491667,
        "mrr_at_5": 0.503833,
        "mrr_at_10": 0.511966,
        "mrr_at_20": 0.515576,
        "mrr_at_100": 0.518298,
        "mrr_at_1000": 0.518849,
        "nauc_ndcg_at_1_max": 0.435367,
        "nauc_ndcg_at_1_std": 0.024249,
        "nauc_ndcg_at_1_diff1": 0.719143,
        "nauc_ndcg_at_3_max": 0.469148,
        "nauc_ndcg_at_3_std": 0.040066,
        "nauc_ndcg_at_3_diff1": 0.681916,
        "nauc_ndcg_at_5_max": 0.481191,
        "nauc_ndcg_at_5_std": 0.057515,
        "nauc_ndcg_at_5_diff1": 0.665165,
        "nauc_ndcg_at_10_max": 0.494381,
        "nauc_ndcg_at_10_std": 0.070363,
        "nauc_ndcg_at_10_diff1": 0.662945,
        "nauc_ndcg_at_20_max": 0.509254,
        "nauc_ndcg_at_20_std": 0.09339,
        "nauc_ndcg_at_20_diff1": 0.663359,
        "nauc_ndcg_at_100_max": 0.502067,
        "nauc_ndcg_at_100_std": 0.077518,
        "nauc_ndcg_at_100_diff1": 0.663452,
        "nauc_ndcg_at_1000_max": 0.492389,
        "nauc_ndcg_at_1000_std": 0.077814,
        "nauc_ndcg_at_1000_diff1": 0.665493,
        "nauc_map_at_1_max": 0.400626,
        "nauc_map_at_1_std": -0.016233,
        "nauc_map_at_1_diff1": 0.693279,
        "nauc_map_at_3_max": 0.444911,
        "nauc_map_at_3_std": 0.015619,
        "nauc_map_at_3_diff1": 0.680558,
        "nauc_map_at_5_max": 0.454585,
        "nauc_map_at_5_std": 0.028485,
        "nauc_map_at_5_diff1": 0.671492,
        "nauc_map_at_10_max": 0.46083,
        "nauc_map_at_10_std": 0.034902,
        "nauc_map_at_10_diff1": 0.670933,
        "nauc_map_at_20_max": 0.467318,
        "nauc_map_at_20_std": 0.044628,
        "nauc_map_at_20_diff1": 0.670827,
        "nauc_map_at_100_max": 0.467022,
        "nauc_map_at_100_std": 0.043645,
        "nauc_map_at_100_diff1": 0.670902,
        "nauc_map_at_1000_max": 0.466665,
        "nauc_map_at_1000_std": 0.043613,
        "nauc_map_at_1000_diff1": 0.670959,
        "nauc_recall_at_1_max": 0.400626,
        "nauc_recall_at_1_std": -0.016233,
        "nauc_recall_at_1_diff1": 0.693279,
        "nauc_recall_at_3_max": 0.488387,
        "nauc_recall_at_3_std": 0.054509,
        "nauc_recall_at_3_diff1": 0.659022,
        "nauc_recall_at_5_max": 0.520133,
        "nauc_recall_at_5_std": 0.098365,
        "nauc_recall_at_5_diff1": 0.616082,
        "nauc_recall_at_10_max": 0.5593,
        "nauc_recall_at_10_std": 0.138809,
        "nauc_recall_at_10_diff1": 0.594568,
        "nauc_recall_at_20_max": 0.636091,
        "nauc_recall_at_20_std": 0.245337,
        "nauc_recall_at_20_diff1": 0.588991,
        "nauc_recall_at_100_max": 0.62968,
        "nauc_recall_at_100_std": 0.143338,
        "nauc_recall_at_100_diff1": 0.55979,
        "nauc_recall_at_1000_max": 0.472001,
        "nauc_recall_at_1000_std": 0.480016,
        "nauc_recall_at_1000_diff1": 0.327986,
        "nauc_precision_at_1_max": 0.435367,
        "nauc_precision_at_1_std": 0.024249,
        "nauc_precision_at_1_diff1": 0.719143,
        "nauc_precision_at_3_max": 0.520975,
        "nauc_precision_at_3_std": 0.166566,
        "nauc_precision_at_3_diff1": 0.614906,
        "nauc_precision_at_5_max": 0.55343,
        "nauc_precision_at_5_std": 0.249866,
        "nauc_precision_at_5_diff1": 0.522092,
        "nauc_precision_at_10_max": 0.585331,
        "nauc_precision_at_10_std": 0.311298,
        "nauc_precision_at_10_diff1": 0.47119,
        "nauc_precision_at_20_max": 0.567248,
        "nauc_precision_at_20_std": 0.41102,
        "nauc_precision_at_20_diff1": 0.365049,
        "nauc_precision_at_100_max": 0.484988,
        "nauc_precision_at_100_std": 0.390084,
        "nauc_precision_at_100_diff1": 0.240753,
        "nauc_precision_at_1000_max": 0.316816,
        "nauc_precision_at_1000_std": 0.493875,
        "nauc_precision_at_1000_diff1": 0.018268,
        "nauc_mrr_at_1_max": 0.435367,
        "nauc_mrr_at_1_std": 0.024249,
        "nauc_mrr_at_1_diff1": 0.719143,
        "nauc_mrr_at_3_max": 0.47481,
        "nauc_mrr_at_3_std": 0.058889,
        "nauc_mrr_at_3_diff1": 0.696548,
        "nauc_mrr_at_5_max": 0.482628,
        "nauc_mrr_at_5_std": 0.067856,
        "nauc_mrr_at_5_diff1": 0.691245,
        "nauc_mrr_at_10_max": 0.487133,
        "nauc_mrr_at_10_std": 0.07239,
        "nauc_mrr_at_10_diff1": 0.690921,
        "nauc_mrr_at_20_max": 0.488299,
        "nauc_mrr_at_20_std": 0.074056,
        "nauc_mrr_at_20_diff1": 0.690881,
        "nauc_mrr_at_100_max": 0.48675,
        "nauc_mrr_at_100_std": 0.071605,
        "nauc_mrr_at_100_diff1": 0.690531,
        "nauc_mrr_at_1000_max": 0.486384,
        "nauc_mrr_at_1000_std": 0.071601,
        "nauc_mrr_at_1000_diff1": 0.690522,
        "main_score": 0.53969,
        "hf_subset": "default",
        "languages": [
          "eng-Latn"
        ]
      }
    ]
  },
  "evaluation_time": 25.68719482421875,
  "kg_co2_emissions": null
}