{
  "dataset_revision": "c22ab2a51041ffd869aaddef7af8d8215647e41a",
  "task_name": "ArguAna",
  "mteb_version": "1.39.7",
  "scores": {
    "test": [
      {
        "ndcg_at_1": 0.0,
        "ndcg_at_3": 0.0,
        "ndcg_at_5": 0.00028,
        "ndcg_at_10": 0.0012,
        "ndcg_at_20": 0.00226,
        "ndcg_at_100": 0.00468,
        "ndcg_at_1000": 0.02014,
        "map_at_1": 0.0,
        "map_at_3": 0.0,
        "map_at_5": 0.00014,
        "map_at_10": 0.00052,
        "map_at_20": 0.00081,
        "map_at_100": 0.00111,
        "map_at_1000": 0.00151,
        "recall_at_1": 0.0,
        "recall_at_3": 0.0,
        "recall_at_5": 0.00071,
        "recall_at_10": 0.00356,
        "recall_at_20": 0.00782,
        "recall_at_100": 0.02134,
        "recall_at_1000": 0.15363,
        "precision_at_1": 0.0,
        "precision_at_3": 0.0,
        "precision_at_5": 0.00014,
        "precision_at_10": 0.00036,
        "precision_at_20": 0.00039,
        "precision_at_100": 0.00021,
        "precision_at_1000": 0.00015,
        "mrr_at_1": 0.0,
        "mrr_at_3": 0.0,
        "mrr_at_5": 0.000142,
        "mrr_at_10": 0.000451,
        "mrr_at_20": 0.000801,
        "mrr_at_100": 0.001101,
        "mrr_at_1000": 0.001505,
        "nauc_ndcg_at_1_max": NaN,
        "nauc_ndcg_at_1_std": NaN,
        "nauc_ndcg_at_1_diff1": NaN,
        "nauc_ndcg_at_3_max": NaN,
        "nauc_ndcg_at_3_std": NaN,
        "nauc_ndcg_at_3_diff1": NaN,
        "nauc_ndcg_at_5_max": 0.662639,
        "nauc_ndcg_at_5_std": -0.415374,
        "nauc_ndcg_at_5_diff1": -0.318691,
        "nauc_ndcg_at_10_max": 0.603385,
        "nauc_ndcg_at_10_std": -0.381989,
        "nauc_ndcg_at_10_diff1": -0.18709,
        "nauc_ndcg_at_20_max": 0.499592,
        "nauc_ndcg_at_20_std": -0.352774,
        "nauc_ndcg_at_20_diff1": -0.241535,
        "nauc_ndcg_at_100_max": 0.346998,
        "nauc_ndcg_at_100_std": -0.21451,
        "nauc_ndcg_at_100_diff1": -0.166451,
        "nauc_ndcg_at_1000_max": 0.157939,
        "nauc_ndcg_at_1000_std": -0.068972,
        "nauc_ndcg_at_1000_diff1": -0.057776,
        "nauc_map_at_1_max": NaN,
        "nauc_map_at_1_std": NaN,
        "nauc_map_at_1_diff1": NaN,
        "nauc_map_at_3_max": NaN,
        "nauc_map_at_3_std": NaN,
        "nauc_map_at_3_diff1": NaN,
        "nauc_map_at_5_max": 0.662639,
        "nauc_map_at_5_std": -0.415374,
        "nauc_map_at_5_diff1": -0.318691,
        "nauc_map_at_10_max": 0.60718,
        "nauc_map_at_10_std": -0.384668,
        "nauc_map_at_10_diff1": -0.200103,
        "nauc_map_at_20_max": 0.514609,
        "nauc_map_at_20_std": -0.355405,
        "nauc_map_at_20_diff1": -0.230753,
        "nauc_map_at_100_max": 0.422303,
        "nauc_map_at_100_std": -0.269943,
        "nauc_map_at_100_diff1": -0.192559,
        "nauc_map_at_1000_max": 0.3353,
        "nauc_map_at_1000_std": -0.204951,
        "nauc_map_at_1000_diff1": -0.150717,
        "nauc_recall_at_1_max": NaN,
        "nauc_recall_at_1_std": NaN,
        "nauc_recall_at_1_diff1": NaN,
        "nauc_recall_at_3_max": NaN,
        "nauc_recall_at_3_std": NaN,
        "nauc_recall_at_3_diff1": NaN,
        "nauc_recall_at_5_max": 0.662639,
        "nauc_recall_at_5_std": -0.415374,
        "nauc_recall_at_5_diff1": -0.318691,
        "nauc_recall_at_10_max": 0.601318,
        "nauc_recall_at_10_std": -0.380254,
        "nauc_recall_at_10_diff1": -0.178011,
        "nauc_recall_at_20_max": 0.492975,
        "nauc_recall_at_20_std": -0.352447,
        "nauc_recall_at_20_diff1": -0.250271,
        "nauc_recall_at_100_max": 0.315631,
        "nauc_recall_at_100_std": -0.192913,
        "nauc_recall_at_100_diff1": -0.153821,
        "nauc_recall_at_1000_max": 0.128877,
        "nauc_recall_at_1000_std": -0.045481,
        "nauc_recall_at_1000_diff1": -0.039472,
        "nauc_precision_at_1_max": NaN,
        "nauc_precision_at_1_std": NaN,
        "nauc_precision_at_1_diff1": NaN,
        "nauc_precision_at_3_max": NaN,
        "nauc_precision_at_3_std": NaN,
        "nauc_precision_at_3_diff1": NaN,
        "nauc_precision_at_5_max": 0.662639,
        "nauc_precision_at_5_std": -0.415374,
        "nauc_precision_at_5_diff1": -0.318691,
        "nauc_precision_at_10_max": 0.601318,
        "nauc_precision_at_10_std": -0.380254,
        "nauc_precision_at_10_diff1": -0.178011,
        "nauc_precision_at_20_max": 0.492975,
        "nauc_precision_at_20_std": -0.352447,
        "nauc_precision_at_20_diff1": -0.250271,
        "nauc_precision_at_100_max": 0.315631,
        "nauc_precision_at_100_std": -0.192913,
        "nauc_precision_at_100_diff1": -0.153821,
        "nauc_precision_at_1000_max": 0.128877,
        "nauc_precision_at_1000_std": -0.045481,
        "nauc_precision_at_1000_diff1": -0.039472,
        "nauc_mrr_at_1_max": NaN,
        "nauc_mrr_at_1_std": NaN,
        "nauc_mrr_at_1_diff1": NaN,
        "nauc_mrr_at_3_max": NaN,
        "nauc_mrr_at_3_std": NaN,
        "nauc_mrr_at_3_diff1": NaN,
        "nauc_mrr_at_5_max": 0.662639,
        "nauc_mrr_at_5_std": -0.415374,
        "nauc_mrr_at_5_diff1": -0.318691,
        "nauc_mrr_at_10_max": 0.545273,
        "nauc_mrr_at_10_std": -0.366501,
        "nauc_mrr_at_10_diff1": -0.166177,
        "nauc_mrr_at_20_max": 0.51069,
        "nauc_mrr_at_20_std": -0.354238,
        "nauc_mrr_at_20_diff1": -0.229263,
        "nauc_mrr_at_100_max": 0.418888,
        "nauc_mrr_at_100_std": -0.268579,
        "nauc_mrr_at_100_diff1": -0.191215,
        "nauc_mrr_at_1000_max": 0.332496,
        "nauc_mrr_at_1000_std": -0.203696,
        "nauc_mrr_at_1000_diff1": -0.149597,
        "main_score": 0.0012,
        "hf_subset": "default",
        "languages": [
          "eng-Latn"
        ]
      }
    ]
  },
  "evaluation_time": 93.43814492225647,
  "kg_co2_emissions": null
}