{
  "dataset_revision": "bb9466bac8153a0349341eb1b22e06409e78ef4e",
  "task_name": "TRECCOVID",
  "mteb_version": "1.39.7",
  "scores": {
    "test": [
      {
        "ndcg_at_1": 0.11,
        "ndcg_at_3": 0.13888,
        "ndcg_at_5": 0.13204,
        "ndcg_at_10": 0.118,
        "ndcg_at_20": 0.10413,
        "ndcg_at_100": 0.07722,
        "ndcg_at_1000": 0.0764,
        "map_at_1": 0.00033,
        "map_at_3": 0.00103,
        "map_at_5": 0.00134,
        "map_at_10": 0.00193,
        "map_at_20": 0.00288,
        "map_at_100": 0.00773,
        "map_at_1000": 0.01477,
        "recall_at_1": 0.00033,
        "recall_at_3": 0.00135,
        "recall_at_5": 0.00199,
        "recall_at_10": 0.00326,
        "recall_at_20": 0.00509,
        "recall_at_100": 0.0185,
        "recall_at_1000": 0.07358,
        "precision_at_1": 0.14,
        "precision_at_3": 0.16667,
        "precision_at_5": 0.152,
        "precision_at_10": 0.124,
        "precision_at_20": 0.103,
        "precision_at_100": 0.0768,
        "precision_at_1000": 0.0338,
        "mrr_at_1": 0.14,
        "mrr_at_3": 0.216667,
        "mrr_at_5": 0.229667,
        "mrr_at_10": 0.240746,
        "mrr_at_20": 0.247672,
        "mrr_at_100": 0.253463,
        "mrr_at_1000": 0.25436,
        "nauc_ndcg_at_1_max": 0.302492,
        "nauc_ndcg_at_1_std": 0.253658,
        "nauc_ndcg_at_1_diff1": 0.003846,
        "nauc_ndcg_at_3_max": 0.242901,
        "nauc_ndcg_at_3_std": 0.236485,
        "nauc_ndcg_at_3_diff1": 0.005088,
        "nauc_ndcg_at_5_max": 0.282228,
        "nauc_ndcg_at_5_std": 0.254602,
        "nauc_ndcg_at_5_diff1": -0.001595,
        "nauc_ndcg_at_10_max": 0.331342,
        "nauc_ndcg_at_10_std": 0.285776,
        "nauc_ndcg_at_10_diff1": -0.048309,
        "nauc_ndcg_at_20_max": 0.376476,
        "nauc_ndcg_at_20_std": 0.313709,
        "nauc_ndcg_at_20_diff1": -0.111224,
        "nauc_ndcg_at_100_max": 0.433779,
        "nauc_ndcg_at_100_std": 0.383345,
        "nauc_ndcg_at_100_diff1": -0.188409,
        "nauc_ndcg_at_1000_max": 0.432787,
        "nauc_ndcg_at_1000_std": 0.304312,
        "nauc_ndcg_at_1000_diff1": -0.127616,
        "nauc_map_at_1_max": 0.1837,
        "nauc_map_at_1_std": 0.41672,
        "nauc_map_at_1_diff1": 0.138008,
        "nauc_map_at_3_max": 0.089168,
        "nauc_map_at_3_std": 0.373381,
        "nauc_map_at_3_diff1": 0.219947,
        "nauc_map_at_5_max": 0.127204,
        "nauc_map_at_5_std": 0.35637,
        "nauc_map_at_5_diff1": 0.15288,
        "nauc_map_at_10_max": 0.206235,
        "nauc_map_at_10_std": 0.410747,
        "nauc_map_at_10_diff1": 0.012202,
        "nauc_map_at_20_max": 0.280457,
        "nauc_map_at_20_std": 0.458442,
        "nauc_map_at_20_diff1": -0.126254,
        "nauc_map_at_100_max": 0.377813,
        "nauc_map_at_100_std": 0.652302,
        "nauc_map_at_100_diff1": -0.286954,
        "nauc_map_at_1000_max": 0.471919,
        "nauc_map_at_1000_std": 0.593358,
        "nauc_map_at_1000_diff1": -0.329803,
        "nauc_recall_at_1_max": 0.1837,
        "nauc_recall_at_1_std": 0.41672,
        "nauc_recall_at_1_diff1": 0.138008,
        "nauc_recall_at_3_max": 0.061224,
        "nauc_recall_at_3_std": 0.277978,
        "nauc_recall_at_3_diff1": 0.161162,
        "nauc_recall_at_5_max": 0.097322,
        "nauc_recall_at_5_std": 0.243049,
        "nauc_recall_at_5_diff1": 0.101681,
        "nauc_recall_at_10_max": 0.177059,
        "nauc_recall_at_10_std": 0.32273,
        "nauc_recall_at_10_diff1": 0.063488,
        "nauc_recall_at_20_max": 0.249769,
        "nauc_recall_at_20_std": 0.327906,
        "nauc_recall_at_20_diff1": -0.054802,
        "nauc_recall_at_100_max": 0.351318,
        "nauc_recall_at_100_std": 0.414814,
        "nauc_recall_at_100_diff1": -0.171483,
        "nauc_recall_at_1000_max": 0.453663,
        "nauc_recall_at_1000_std": 0.239055,
        "nauc_recall_at_1000_diff1": -0.129507,
        "nauc_precision_at_1_max": 0.346005,
        "nauc_precision_at_1_std": 0.266282,
        "nauc_precision_at_1_diff1": -0.074759,
        "nauc_precision_at_3_max": 0.248805,
        "nauc_precision_at_3_std": 0.210366,
        "nauc_precision_at_3_diff1": -0.03664,
        "nauc_precision_at_5_max": 0.30357,
        "nauc_precision_at_5_std": 0.228343,
        "nauc_precision_at_5_diff1": -0.050491,
        "nauc_precision_at_10_max": 0.354993,
        "nauc_precision_at_10_std": 0.285318,
        "nauc_precision_at_10_diff1": -0.080381,
        "nauc_precision_at_20_max": 0.400928,
        "nauc_precision_at_20_std": 0.317423,
        "nauc_precision_at_20_diff1": -0.15959,
        "nauc_precision_at_100_max": 0.464954,
        "nauc_precision_at_100_std": 0.398801,
        "nauc_precision_at_100_diff1": -0.226592,
        "nauc_precision_at_1000_max": 0.542389,
        "nauc_precision_at_1000_std": 0.212669,
        "nauc_precision_at_1000_diff1": -0.181825,
        "nauc_mrr_at_1_max": 0.346005,
        "nauc_mrr_at_1_std": 0.266282,
        "nauc_mrr_at_1_diff1": -0.074759,
        "nauc_mrr_at_3_max": 0.288747,
        "nauc_mrr_at_3_std": 0.155753,
        "nauc_mrr_at_3_diff1": -0.033858,
        "nauc_mrr_at_5_max": 0.309611,
        "nauc_mrr_at_5_std": 0.154491,
        "nauc_mrr_at_5_diff1": -0.005239,
        "nauc_mrr_at_10_max": 0.299352,
        "nauc_mrr_at_10_std": 0.153219,
        "nauc_mrr_at_10_diff1": 0.029185,
        "nauc_mrr_at_20_max": 0.304747,
        "nauc_mrr_at_20_std": 0.163861,
        "nauc_mrr_at_20_diff1": 0.019991,
        "nauc_mrr_at_100_max": 0.308596,
        "nauc_mrr_at_100_std": 0.162557,
        "nauc_mrr_at_100_diff1": 0.014973,
        "nauc_mrr_at_1000_max": 0.307968,
        "nauc_mrr_at_1000_std": 0.163501,
        "nauc_mrr_at_1000_diff1": 0.014259,
        "main_score": 0.118,
        "hf_subset": "default",
        "languages": [
          "eng-Latn"
        ]
      }
    ]
  },
  "evaluation_time": 1369.7958030700684,
  "kg_co2_emissions": null
}