{
  "map_at_10": 0.0151,
  "mrr_at_10": 0.8995238095238095,
  "ndcg_at_10": 0.67118,
  "recall_at_10": 0.01737,
  "recall_at_100": 0.11065
}
