{
  "dataset_revision": "0228b52cf27578f30900b9e5271d331663a030d7",
  "task_name": "SciFact",
  "mteb_version": "1.39.7",
  "scores": {
    "test": [
      {
        "ndcg_at_1": 0.42,
        "ndcg_at_3": 0.49393,
        "ndcg_at_5": 0.51555,
        "ndcg_at_10": 0.5368,
        "ndcg_at_20": 0.55433,
        "ndcg_at_100": 0.57591,
        "ndcg_at_1000": 0.5927,
        "map_at_1": 0.39761,
        "map_at_3": 0.46728,
        "map_at_5": 0.48011,
        "map_at_10": 0.48917,
        "map_at_20": 0.4951,
        "map_at_100": 0.49833,
        "map_at_1000": 0.49895,
        "recall_at_1": 0.39761,
        "recall_at_3": 0.54478,
        "recall_at_5": 0.59961,
        "recall_at_10": 0.66444,
        "recall_at_20": 0.72939,
        "recall_at_100": 0.84256,
        "recall_at_1000": 0.97433,
        "precision_at_1": 0.42,
        "precision_at_3": 0.19778,
        "precision_at_5": 0.13267,
        "precision_at_10": 0.07367,
        "precision_at_20": 0.04117,
        "precision_at_100": 0.00953,
        "precision_at_1000": 0.0011,
        "mrr_at_1": 0.42,
        "mrr_at_3": 0.487778,
        "mrr_at_5": 0.499944,
        "mrr_at_10": 0.508077,
        "mrr_at_20": 0.511671,
        "mrr_at_100": 0.514384,
        "mrr_at_1000": 0.514939,
        "nauc_ndcg_at_1_max": 0.439904,
        "nauc_ndcg_at_1_std": 0.023291,
        "nauc_ndcg_at_1_diff1": 0.736017,
        "nauc_ndcg_at_3_max": 0.470149,
        "nauc_ndcg_at_3_std": 0.041494,
        "nauc_ndcg_at_3_diff1": 0.686663,
        "nauc_ndcg_at_5_max": 0.482259,
        "nauc_ndcg_at_5_std": 0.059458,
        "nauc_ndcg_at_5_diff1": 0.670447,
        "nauc_ndcg_at_10_max": 0.49549,
        "nauc_ndcg_at_10_std": 0.071897,
        "nauc_ndcg_at_10_diff1": 0.669292,
        "nauc_ndcg_at_20_max": 0.510296,
        "nauc_ndcg_at_20_std": 0.094955,
        "nauc_ndcg_at_20_diff1": 0.668585,
        "nauc_ndcg_at_100_max": 0.50307,
        "nauc_ndcg_at_100_std": 0.079439,
        "nauc_ndcg_at_100_diff1": 0.669022,
        "nauc_ndcg_at_1000_max": 0.493804,
        "nauc_ndcg_at_1000_std": 0.079403,
        "nauc_ndcg_at_1000_diff1": 0.671826,
        "nauc_map_at_1_max": 0.406327,
        "nauc_map_at_1_std": -0.017142,
        "nauc_map_at_1_diff1": 0.712084,
        "nauc_map_at_3_max": 0.44731,
        "nauc_map_at_3_std": 0.017062,
        "nauc_map_at_3_diff1": 0.688237,
        "nauc_map_at_5_max": 0.457025,
        "nauc_map_at_5_std": 0.030147,
        "nauc_map_at_5_diff1": 0.67964,
        "nauc_map_at_10_max": 0.463308,
        "nauc_map_at_10_std": 0.036409,
        "nauc_map_at_10_diff1": 0.679542,
        "nauc_map_at_20_max": 0.469783,
        "nauc_map_at_20_std": 0.046108,
        "nauc_map_at_20_diff1": 0.679318,
        "nauc_map_at_100_max": 0.469478,
        "nauc_map_at_100_std": 0.04519,
        "nauc_map_at_100_diff1": 0.679407,
        "nauc_map_at_1000_max": 0.469128,
        "nauc_map_at_1000_std": 0.045141,
        "nauc_map_at_1000_diff1": 0.679479,
        "nauc_recall_at_1_max": 0.406327,
        "nauc_recall_at_1_std": -0.017142,
        "nauc_recall_at_1_diff1": 0.712084,
        "nauc_recall_at_3_max": 0.485245,
        "nauc_recall_at_3_std": 0.055584,
        "nauc_recall_at_3_diff1": 0.654623,
        "nauc_recall_at_5_max": 0.51677,
        "nauc_recall_at_5_std": 0.100562,
        "nauc_recall_at_5_diff1": 0.612071,
        "nauc_recall_at_10_max": 0.555533,
        "nauc_recall_at_10_std": 0.139512,
        "nauc_recall_at_10_diff1": 0.593201,
        "nauc_recall_at_20_max": 0.631676,
        "nauc_recall_at_20_std": 0.246161,
        "nauc_recall_at_20_diff1": 0.580429,
        "nauc_recall_at_100_max": 0.622674,
        "nauc_recall_at_100_std": 0.146825,
        "nauc_recall_at_100_diff1": 0.549618,
        "nauc_recall_at_1000_max": 0.472001,
        "nauc_recall_at_1000_std": 0.464737,
        "nauc_recall_at_1000_diff1": 0.325864,
        "nauc_precision_at_1_max": 0.439904,
        "nauc_precision_at_1_std": 0.023291,
        "nauc_precision_at_1_diff1": 0.736017,
        "nauc_precision_at_3_max": 0.518105,
        "nauc_precision_at_3_std": 0.167548,
        "nauc_precision_at_3_diff1": 0.61178,
        "nauc_precision_at_5_max": 0.550541,
        "nauc_precision_at_5_std": 0.252653,
        "nauc_precision_at_5_diff1": 0.521343,
        "nauc_precision_at_10_max": 0.582294,
        "nauc_precision_at_10_std": 0.31281,
        "nauc_precision_at_10_diff1": 0.472922,
        "nauc_precision_at_20_max": 0.564386,
        "nauc_precision_at_20_std": 0.412444,
        "nauc_precision_at_20_diff1": 0.363061,
        "nauc_precision_at_100_max": 0.481738,
        "nauc_precision_at_100_std": 0.393723,
        "nauc_precision_at_100_diff1": 0.24008,
        "nauc_precision_at_1000_max": 0.318877,
        "nauc_precision_at_1000_std": 0.496622,
        "nauc_precision_at_1000_diff1": 0.023533,
        "nauc_mrr_at_1_max": 0.439904,
        "nauc_mrr_at_1_std": 0.023291,
        "nauc_mrr_at_1_diff1": 0.736017,
        "nauc_mrr_at_3_max": 0.476227,
        "nauc_mrr_at_3_std": 0.060233,
        "nauc_mrr_at_3_diff1": 0.703278,
        "nauc_mrr_at_5_max": 0.484052,
        "nauc_mrr_at_5_std": 0.06959,
        "nauc_mrr_at_5_diff1": 0.698092,
        "nauc_mrr_at_10_max": 0.488569,
        "nauc_mrr_at_10_std": 0.073957,
        "nauc_mrr_at_10_diff1": 0.698207,
        "nauc_mrr_at_20_max": 0.489724,
        "nauc_mrr_at_20_std": 0.075657,
        "nauc_mrr_at_20_diff1": 0.69786,
        "nauc_mrr_at_100_max": 0.488156,
        "nauc_mrr_at_100_std": 0.073243,
        "nauc_mrr_at_100_diff1": 0.697513,
        "nauc_mrr_at_1000_max": 0.487801,
        "nauc_mrr_at_1000_std": 0.073228,
        "nauc_mrr_at_1000_diff1": 0.697521,
        "main_score": 0.5368,
        "hf_subset": "default",
        "languages": [
          "eng-Latn"
        ]
      }
    ]
  },
  "evaluation_time": 29.359562873840332,
  "kg_co2_emissions": null
}