{
  "dataset_revision": "ec0fa4fe99da2ff19ca1214b7966684033a58814",
  "task_name": "NFCorpus",
  "mteb_version": "1.39.7",
  "scores": {
    "test": [
      {
        "ndcg_at_1": 0.01238,
        "ndcg_at_3": 0.0119,
        "ndcg_at_5": 0.01274,
        "ndcg_at_10": 0.01269,
        "ndcg_at_20": 0.01331,
        "ndcg_at_100": 0.02036,
        "ndcg_at_1000": 0.0921,
        "map_at_1": 0.00052,
        "map_at_3": 0.00119,
        "map_at_5": 0.00129,
        "map_at_10": 0.00144,
        "map_at_20": 0.00163,
        "map_at_100": 0.0023,
        "map_at_1000": 0.00548,
        "recall_at_1": 0.00052,
        "recall_at_3": 0.00199,
        "recall_at_5": 0.00247,
        "recall_at_10": 0.00357,
        "recall_at_20": 0.00592,
        "recall_at_100": 0.02891,
        "recall_at_1000": 0.27905,
        "precision_at_1": 0.01238,
        "precision_at_3": 0.01238,
        "precision_at_5": 0.01362,
        "precision_at_10": 0.01331,
        "precision_at_20": 0.01331,
        "precision_at_100": 0.01164,
        "precision_at_1000": 0.01057,
        "mrr_at_1": 0.012384,
        "mrr_at_3": 0.020124,
        "mrr_at_5": 0.025697,
        "mrr_at_10": 0.032905,
        "mrr_at_20": 0.037638,
        "mrr_at_100": 0.043432,
        "mrr_at_1000": 0.045118,
        "nauc_ndcg_at_1_max": 0.09938,
        "nauc_ndcg_at_1_std": -0.050834,
        "nauc_ndcg_at_1_diff1": 0.111371,
        "nauc_ndcg_at_3_max": 0.001507,
        "nauc_ndcg_at_3_std": 0.040378,
        "nauc_ndcg_at_3_diff1": 0.212806,
        "nauc_ndcg_at_5_max": 0.032537,
        "nauc_ndcg_at_5_std": -0.043707,
        "nauc_ndcg_at_5_diff1": 0.18902,
        "nauc_ndcg_at_10_max": 0.00141,
        "nauc_ndcg_at_10_std": -0.044751,
        "nauc_ndcg_at_10_diff1": 0.117361,
        "nauc_ndcg_at_20_max": -0.003982,
        "nauc_ndcg_at_20_std": -0.033015,
        "nauc_ndcg_at_20_diff1": 0.09577,
        "nauc_ndcg_at_100_max": 0.081325,
        "nauc_ndcg_at_100_std": -0.094633,
        "nauc_ndcg_at_100_diff1": 0.017954,
        "nauc_ndcg_at_1000_max": 0.054267,
        "nauc_ndcg_at_1000_std": -0.04629,
        "nauc_ndcg_at_1000_diff1": 0.015546,
        "nauc_map_at_1_max": -0.212711,
        "nauc_map_at_1_std": 0.506556,
        "nauc_map_at_1_diff1": 0.564471,
        "nauc_map_at_3_max": 0.045635,
        "nauc_map_at_3_std": 0.176343,
        "nauc_map_at_3_diff1": 0.394149,
        "nauc_map_at_5_max": 0.084851,
        "nauc_map_at_5_std": 0.129605,
        "nauc_map_at_5_diff1": 0.364598,
        "nauc_map_at_10_max": 0.060848,
        "nauc_map_at_10_std": 0.13318,
        "nauc_map_at_10_diff1": 0.331725,
        "nauc_map_at_20_max": 0.05943,
        "nauc_map_at_20_std": 0.11239,
        "nauc_map_at_20_diff1": 0.293237,
        "nauc_map_at_100_max": 0.094993,
        "nauc_map_at_100_std": 0.030801,
        "nauc_map_at_100_diff1": 0.19392,
        "nauc_map_at_1000_max": 0.043406,
        "nauc_map_at_1000_std": -0.013714,
        "nauc_map_at_1000_diff1": 0.123098,
        "nauc_recall_at_1_max": -0.212711,
        "nauc_recall_at_1_std": 0.506556,
        "nauc_recall_at_1_diff1": 0.564471,
        "nauc_recall_at_3_max": 0.104166,
        "nauc_recall_at_3_std": 0.062727,
        "nauc_recall_at_3_diff1": 0.322466,
        "nauc_recall_at_5_max": 0.195171,
        "nauc_recall_at_5_std": -0.030866,
        "nauc_recall_at_5_diff1": 0.263545,
        "nauc_recall_at_10_max": 0.083958,
        "nauc_recall_at_10_std": 0.035277,
        "nauc_recall_at_10_diff1": 0.204133,
        "nauc_recall_at_20_max": 0.082145,
        "nauc_recall_at_20_std": -0.016106,
        "nauc_recall_at_20_diff1": 0.087556,
        "nauc_recall_at_100_max": 0.22633,
        "nauc_recall_at_100_std": -0.182308,
        "nauc_recall_at_100_diff1": -0.12343,
        "nauc_recall_at_1000_max": 0.108694,
        "nauc_recall_at_1000_std": -0.076731,
        "nauc_recall_at_1000_diff1": -0.065652,
        "nauc_precision_at_1_max": 0.09938,
        "nauc_precision_at_1_std": -0.050834,
        "nauc_precision_at_1_diff1": 0.111371,
        "nauc_precision_at_3_max": -0.039685,
        "nauc_precision_at_3_std": 0.071055,
        "nauc_precision_at_3_diff1": 0.241184,
        "nauc_precision_at_5_max": 0.03473,
        "nauc_precision_at_5_std": -0.071194,
        "nauc_precision_at_5_diff1": 0.183229,
        "nauc_precision_at_10_max": -0.045431,
        "nauc_precision_at_10_std": -0.022871,
        "nauc_precision_at_10_diff1": 0.098162,
        "nauc_precision_at_20_max": -0.035193,
        "nauc_precision_at_20_std": -0.03503,
        "nauc_precision_at_20_diff1": 0.043983,
        "nauc_precision_at_100_max": 0.027356,
        "nauc_precision_at_100_std": -0.12987,
        "nauc_precision_at_100_diff1": -0.020951,
        "nauc_precision_at_1000_max": -0.038374,
        "nauc_precision_at_1000_std": -0.05474,
        "nauc_precision_at_1000_diff1": 0.036629,
        "nauc_mrr_at_1_max": 0.09938,
        "nauc_mrr_at_1_std": -0.050834,
        "nauc_mrr_at_1_diff1": 0.111371,
        "nauc_mrr_at_3_max": -0.009186,
        "nauc_mrr_at_3_std": 0.092706,
        "nauc_mrr_at_3_diff1": 0.252578,
        "nauc_mrr_at_5_max": 0.010139,
        "nauc_mrr_at_5_std": 0.026901,
        "nauc_mrr_at_5_diff1": 0.224025,
        "nauc_mrr_at_10_max": -0.00462,
        "nauc_mrr_at_10_std": 0.038361,
        "nauc_mrr_at_10_diff1": 0.190113,
        "nauc_mrr_at_20_max": -0.005222,
        "nauc_mrr_at_20_std": 0.034491,
        "nauc_mrr_at_20_diff1": 0.166144,
        "nauc_mrr_at_100_max": 0.005961,
        "nauc_mrr_at_100_std": 0.024648,
        "nauc_mrr_at_100_diff1": 0.151068,
        "nauc_mrr_at_1000_max": 0.006705,
        "nauc_mrr_at_1000_std": 0.025092,
        "nauc_mrr_at_1000_diff1": 0.152965,
        "main_score": 0.01269,
        "hf_subset": "default",
        "languages": [
          "eng-Latn"
        ]
      }
    ]
  },
  "evaluation_time": 38.15969491004944,
  "kg_co2_emissions": null
}