{
  "dataset_revision": "ec0fa4fe99da2ff19ca1214b7966684033a58814",
  "task_name": "NFCorpus",
  "mteb_version": "1.39.7",
  "scores": {
    "test": [
      {
        "ndcg_at_1": 0.31424,
        "ndcg_at_3": 0.27946,
        "ndcg_at_5": 0.2621,
        "ndcg_at_10": 0.234,
        "ndcg_at_20": 0.21442,
        "ndcg_at_100": 0.20897,
        "ndcg_at_1000": 0.29956,
        "map_at_1": 0.04079,
        "map_at_3": 0.06112,
        "map_at_5": 0.06988,
        "map_at_10": 0.0803,
        "map_at_20": 0.08734,
        "map_at_100": 0.09674,
        "map_at_1000": 0.10629,
        "recall_at_1": 0.04079,
        "recall_at_3": 0.06797,
        "recall_at_5": 0.08314,
        "recall_at_10": 0.10609,
        "recall_at_20": 0.13175,
        "recall_at_100": 0.20452,
        "recall_at_1000": 0.53173,
        "precision_at_1": 0.32508,
        "precision_at_3": 0.26006,
        "precision_at_5": 0.22601,
        "precision_at_10": 0.17028,
        "precision_at_20": 0.1226,
        "precision_at_100": 0.05127,
        "precision_at_1000": 0.01699,
        "mrr_at_1": 0.325077,
        "mrr_at_3": 0.400413,
        "mrr_at_5": 0.410939,
        "mrr_at_10": 0.41857,
        "mrr_at_20": 0.422496,
        "mrr_at_100": 0.425594,
        "mrr_at_1000": 0.42624,
        "nauc_ndcg_at_1_max": 0.407534,
        "nauc_ndcg_at_1_std": 0.276926,
        "nauc_ndcg_at_1_diff1": 0.380936,
        "nauc_ndcg_at_3_max": 0.411556,
        "nauc_ndcg_at_3_std": 0.29033,
        "nauc_ndcg_at_3_diff1": 0.288897,
        "nauc_ndcg_at_5_max": 0.405235,
        "nauc_ndcg_at_5_std": 0.275523,
        "nauc_ndcg_at_5_diff1": 0.264819,
        "nauc_ndcg_at_10_max": 0.401645,
        "nauc_ndcg_at_10_std": 0.264028,
        "nauc_ndcg_at_10_diff1": 0.247633,
        "nauc_ndcg_at_20_max": 0.405154,
        "nauc_ndcg_at_20_std": 0.261571,
        "nauc_ndcg_at_20_diff1": 0.264715,
        "nauc_ndcg_at_100_max": 0.446377,
        "nauc_ndcg_at_100_std": 0.278729,
        "nauc_ndcg_at_100_diff1": 0.298871,
        "nauc_ndcg_at_1000_max": 0.513049,
        "nauc_ndcg_at_1000_std": 0.360286,
        "nauc_ndcg_at_1000_diff1": 0.279032,
        "nauc_map_at_1_max": 0.230709,
        "nauc_map_at_1_std": -0.037311,
        "nauc_map_at_1_diff1": 0.410887,
        "nauc_map_at_3_max": 0.308451,
        "nauc_map_at_3_std": 0.017373,
        "nauc_map_at_3_diff1": 0.392541,
        "nauc_map_at_5_max": 0.324645,
        "nauc_map_at_5_std": 0.042655,
        "nauc_map_at_5_diff1": 0.364136,
        "nauc_map_at_10_max": 0.358158,
        "nauc_map_at_10_std": 0.089721,
        "nauc_map_at_10_diff1": 0.33435,
        "nauc_map_at_20_max": 0.372088,
        "nauc_map_at_20_std": 0.119325,
        "nauc_map_at_20_diff1": 0.333456,
        "nauc_map_at_100_max": 0.384673,
        "nauc_map_at_100_std": 0.158694,
        "nauc_map_at_100_diff1": 0.321886,
        "nauc_map_at_1000_max": 0.389516,
        "nauc_map_at_1000_std": 0.182414,
        "nauc_map_at_1000_diff1": 0.308439,
        "nauc_recall_at_1_max": 0.230709,
        "nauc_recall_at_1_std": -0.037311,
        "nauc_recall_at_1_diff1": 0.410887,
        "nauc_recall_at_3_max": 0.302594,
        "nauc_recall_at_3_std": 0.017226,
        "nauc_recall_at_3_diff1": 0.358668,
        "nauc_recall_at_5_max": 0.300944,
        "nauc_recall_at_5_std": 0.032957,
        "nauc_recall_at_5_diff1": 0.312313,
        "nauc_recall_at_10_max": 0.352606,
        "nauc_recall_at_10_std": 0.095563,
        "nauc_recall_at_10_diff1": 0.272805,
        "nauc_recall_at_20_max": 0.363569,
        "nauc_recall_at_20_std": 0.141758,
        "nauc_recall_at_20_diff1": 0.264369,
        "nauc_recall_at_100_max": 0.375218,
        "nauc_recall_at_100_std": 0.23412,
        "nauc_recall_at_100_diff1": 0.231337,
        "nauc_recall_at_1000_max": 0.301434,
        "nauc_recall_at_1000_std": 0.272664,
        "nauc_recall_at_1000_diff1": 0.070179,
        "nauc_precision_at_1_max": 0.415891,
        "nauc_precision_at_1_std": 0.275591,
        "nauc_precision_at_1_diff1": 0.371042,
        "nauc_precision_at_3_max": 0.422244,
        "nauc_precision_at_3_std": 0.332956,
        "nauc_precision_at_3_diff1": 0.22729,
        "nauc_precision_at_5_max": 0.397519,
        "nauc_precision_at_5_std": 0.329802,
        "nauc_precision_at_5_diff1": 0.161776,
        "nauc_precision_at_10_max": 0.366034,
        "nauc_precision_at_10_std": 0.345734,
        "nauc_precision_at_10_diff1": 0.100938,
        "nauc_precision_at_20_max": 0.309458,
        "nauc_precision_at_20_std": 0.355727,
        "nauc_precision_at_20_diff1": 0.076015,
        "nauc_precision_at_100_max": 0.194963,
        "nauc_precision_at_100_std": 0.338715,
        "nauc_precision_at_100_diff1": -0.013808,
        "nauc_precision_at_1000_max": 0.030115,
        "nauc_precision_at_1000_std": 0.19938,
        "nauc_precision_at_1000_diff1": -0.109058,
        "nauc_mrr_at_1_max": 0.415891,
        "nauc_mrr_at_1_std": 0.275591,
        "nauc_mrr_at_1_diff1": 0.371042,
        "nauc_mrr_at_3_max": 0.428162,
        "nauc_mrr_at_3_std": 0.30184,
        "nauc_mrr_at_3_diff1": 0.347711,
        "nauc_mrr_at_5_max": 0.428686,
        "nauc_mrr_at_5_std": 0.305218,
        "nauc_mrr_at_5_diff1": 0.349073,
        "nauc_mrr_at_10_max": 0.440391,
        "nauc_mrr_at_10_std": 0.316176,
        "nauc_mrr_at_10_diff1": 0.34662,
        "nauc_mrr_at_20_max": 0.444145,
        "nauc_mrr_at_20_std": 0.317278,
        "nauc_mrr_at_20_diff1": 0.345391,
        "nauc_mrr_at_100_max": 0.444241,
        "nauc_mrr_at_100_std": 0.316664,
        "nauc_mrr_at_100_diff1": 0.347303,
        "nauc_mrr_at_1000_max": 0.44387,
        "nauc_mrr_at_1000_std": 0.316396,
        "nauc_mrr_at_1000_diff1": 0.347157,
        "main_score": 0.234,
        "hf_subset": "default",
        "languages": [
          "eng-Latn"
        ]
      }
    ]
  },
  "evaluation_time": 15.596939086914062,
  "kg_co2_emissions": null
}