{
  "dataset_revision": "a34f9a33db75fa0cbb21bb5cfc3dae8dc8bec93f",
  "task_name": "Touche2020",
  "mteb_version": "1.39.7",
  "scores": {
    "test": [
      {
        "ndcg_at_1": 0.13265,
        "ndcg_at_3": 0.18923,
        "ndcg_at_5": 0.19697,
        "ndcg_at_10": 0.1989,
        "ndcg_at_20": 0.2185,
        "ndcg_at_100": 0.3206,
        "ndcg_at_1000": 0.4202,
        "map_at_1": 0.01119,
        "map_at_3": 0.03378,
        "map_at_5": 0.05191,
        "map_at_10": 0.07981,
        "map_at_20": 0.10171,
        "map_at_100": 0.13483,
        "map_at_1000": 0.14771,
        "recall_at_1": 0.01119,
        "recall_at_3": 0.04896,
        "recall_at_5": 0.086,
        "recall_at_10": 0.14672,
        "recall_at_20": 0.22243,
        "recall_at_100": 0.44445,
        "recall_at_1000": 0.74492,
        "precision_at_1": 0.14286,
        "precision_at_3": 0.21769,
        "precision_at_5": 0.22449,
        "precision_at_10": 0.19388,
        "precision_at_20": 0.15918,
        "precision_at_100": 0.07204,
        "precision_at_1000": 0.01386,
        "mrr_at_1": 0.142857,
        "mrr_at_3": 0.306122,
        "mrr_at_5": 0.330612,
        "mrr_at_10": 0.344218,
        "mrr_at_20": 0.350389,
        "mrr_at_100": 0.356907,
        "mrr_at_1000": 0.356907,
        "nauc_ndcg_at_1_max": -0.15635,
        "nauc_ndcg_at_1_std": -0.080358,
        "nauc_ndcg_at_1_diff1": 0.013095,
        "nauc_ndcg_at_3_max": -0.223694,
        "nauc_ndcg_at_3_std": -0.122751,
        "nauc_ndcg_at_3_diff1": 0.177221,
        "nauc_ndcg_at_5_max": -0.277446,
        "nauc_ndcg_at_5_std": -0.114867,
        "nauc_ndcg_at_5_diff1": 0.054265,
        "nauc_ndcg_at_10_max": -0.238742,
        "nauc_ndcg_at_10_std": -0.143315,
        "nauc_ndcg_at_10_diff1": 0.010906,
        "nauc_ndcg_at_20_max": -0.2855,
        "nauc_ndcg_at_20_std": -0.143633,
        "nauc_ndcg_at_20_diff1": -0.05609,
        "nauc_ndcg_at_100_max": -0.241617,
        "nauc_ndcg_at_100_std": 0.084062,
        "nauc_ndcg_at_100_diff1": -0.08348,
        "nauc_ndcg_at_1000_max": -0.159632,
        "nauc_ndcg_at_1000_std": 0.238915,
        "nauc_ndcg_at_1000_diff1": -0.13321,
        "nauc_map_at_1_max": -0.144153,
        "nauc_map_at_1_std": -0.24366,
        "nauc_map_at_1_diff1": -0.04983,
        "nauc_map_at_3_max": -0.163333,
        "nauc_map_at_3_std": -0.277243,
        "nauc_map_at_3_diff1": 0.030815,
        "nauc_map_at_5_max": -0.173718,
        "nauc_map_at_5_std": -0.257483,
        "nauc_map_at_5_diff1": -0.026909,
        "nauc_map_at_10_max": -0.152728,
        "nauc_map_at_10_std": -0.278998,
        "nauc_map_at_10_diff1": -0.032218,
        "nauc_map_at_20_max": -0.187062,
        "nauc_map_at_20_std": -0.237598,
        "nauc_map_at_20_diff1": -0.055264,
        "nauc_map_at_100_max": -0.17786,
        "nauc_map_at_100_std": -0.10802,
        "nauc_map_at_100_diff1": -0.05413,
        "nauc_map_at_1000_max": -0.175143,
        "nauc_map_at_1000_std": -0.067698,
        "nauc_map_at_1000_diff1": -0.070914,
        "nauc_recall_at_1_max": -0.144153,
        "nauc_recall_at_1_std": -0.24366,
        "nauc_recall_at_1_diff1": -0.04983,
        "nauc_recall_at_3_max": -0.214742,
        "nauc_recall_at_3_std": -0.292177,
        "nauc_recall_at_3_diff1": 0.095835,
        "nauc_recall_at_5_max": -0.255765,
        "nauc_recall_at_5_std": -0.268767,
        "nauc_recall_at_5_diff1": -0.027777,
        "nauc_recall_at_10_max": -0.242311,
        "nauc_recall_at_10_std": -0.254712,
        "nauc_recall_at_10_diff1": -0.057862,
        "nauc_recall_at_20_max": -0.298118,
        "nauc_recall_at_20_std": -0.173809,
        "nauc_recall_at_20_diff1": -0.113225,
        "nauc_recall_at_100_max": -0.251096,
        "nauc_recall_at_100_std": 0.177094,
        "nauc_recall_at_100_diff1": -0.164901,
        "nauc_recall_at_1000_max": -0.005543,
        "nauc_recall_at_1000_std": 0.624412,
        "nauc_recall_at_1000_diff1": -0.342608,
        "nauc_precision_at_1_max": -0.140465,
        "nauc_precision_at_1_std": -0.109636,
        "nauc_precision_at_1_diff1": 0.037958,
        "nauc_precision_at_3_max": -0.229474,
        "nauc_precision_at_3_std": -0.161531,
        "nauc_precision_at_3_diff1": 0.226717,
        "nauc_precision_at_5_max": -0.278467,
        "nauc_precision_at_5_std": -0.110778,
        "nauc_precision_at_5_diff1": 0.003317,
        "nauc_precision_at_10_max": -0.21559,
        "nauc_precision_at_10_std": -0.080533,
        "nauc_precision_at_10_diff1": -0.022887,
        "nauc_precision_at_20_max": -0.24254,
        "nauc_precision_at_20_std": 0.063842,
        "nauc_precision_at_20_diff1": -0.087365,
        "nauc_precision_at_100_max": -0.040099,
        "nauc_precision_at_100_std": 0.561789,
        "nauc_precision_at_100_diff1": -0.109519,
        "nauc_precision_at_1000_max": 0.393277,
        "nauc_precision_at_1000_std": 0.575265,
        "nauc_precision_at_1000_diff1": -0.056408,
        "nauc_mrr_at_1_max": -0.140465,
        "nauc_mrr_at_1_std": -0.109636,
        "nauc_mrr_at_1_diff1": 0.037958,
        "nauc_mrr_at_3_max": -0.272138,
        "nauc_mrr_at_3_std": -0.15272,
        "nauc_mrr_at_3_diff1": 0.180179,
        "nauc_mrr_at_5_max": -0.3476,
        "nauc_mrr_at_5_std": -0.163749,
        "nauc_mrr_at_5_diff1": 0.120463,
        "nauc_mrr_at_10_max": -0.323688,
        "nauc_mrr_at_10_std": -0.104072,
        "nauc_mrr_at_10_diff1": 0.103508,
        "nauc_mrr_at_20_max": -0.323474,
        "nauc_mrr_at_20_std": -0.09698,
        "nauc_mrr_at_20_diff1": 0.093076,
        "nauc_mrr_at_100_max": -0.319692,
        "nauc_mrr_at_100_std": -0.104224,
        "nauc_mrr_at_100_diff1": 0.097428,
        "nauc_mrr_at_1000_max": -0.319692,
        "nauc_mrr_at_1000_std": -0.104224,
        "nauc_mrr_at_1000_diff1": 0.097428,
        "main_score": 0.1989,
        "hf_subset": "default",
        "languages": [
          "eng-Latn"
        ]
      }
    ]
  },
  "evaluation_time": 1545.2155706882477,
  "kg_co2_emissions": null
}