{
  "dataset_revision": "27a168819829fe9bcd655c2df245fb19452e8e06",
  "task_name": "FiQA2018",
  "mteb_version": "1.39.7",
  "scores": {
    "test": [
      {
        "ndcg_at_1": 0.23611,
        "ndcg_at_3": 0.22193,
        "ndcg_at_5": 0.22956,
        "ndcg_at_10": 0.25141,
        "ndcg_at_20": 0.27022,
        "ndcg_at_100": 0.31085,
        "ndcg_at_1000": 0.34972,
        "map_at_1": 0.11425,
        "map_at_3": 0.165,
        "map_at_5": 0.17803,
        "map_at_10": 0.19151,
        "map_at_20": 0.19809,
        "map_at_100": 0.2049,
        "map_at_1000": 0.20685,
        "recall_at_1": 0.11425,
        "recall_at_3": 0.20435,
        "recall_at_5": 0.24229,
        "recall_at_10": 0.30615,
        "recall_at_20": 0.36309,
        "recall_at_100": 0.536,
        "recall_at_1000": 0.77707,
        "precision_at_1": 0.23611,
        "precision_at_3": 0.15021,
        "precision_at_5": 0.11019,
        "precision_at_10": 0.07284,
        "precision_at_20": 0.04444,
        "precision_at_100": 0.01344,
        "precision_at_1000": 0.00199,
        "mrr_at_1": 0.236111,
        "mrr_at_3": 0.291152,
        "mrr_at_5": 0.302649,
        "mrr_at_10": 0.314097,
        "mrr_at_20": 0.318523,
        "mrr_at_100": 0.322863,
        "mrr_at_1000": 0.323628,
        "nauc_ndcg_at_1_max": 0.253575,
        "nauc_ndcg_at_1_std": -0.001834,
        "nauc_ndcg_at_1_diff1": 0.348303,
        "nauc_ndcg_at_3_max": 0.217275,
        "nauc_ndcg_at_3_std": -0.038548,
        "nauc_ndcg_at_3_diff1": 0.342726,
        "nauc_ndcg_at_5_max": 0.202126,
        "nauc_ndcg_at_5_std": -0.043568,
        "nauc_ndcg_at_5_diff1": 0.344981,
        "nauc_ndcg_at_10_max": 0.197229,
        "nauc_ndcg_at_10_std": -0.032252,
        "nauc_ndcg_at_10_diff1": 0.33168,
        "nauc_ndcg_at_20_max": 0.198872,
        "nauc_ndcg_at_20_std": -0.011334,
        "nauc_ndcg_at_20_diff1": 0.325568,
        "nauc_ndcg_at_100_max": 0.219575,
        "nauc_ndcg_at_100_std": 0.027066,
        "nauc_ndcg_at_100_diff1": 0.322204,
        "nauc_ndcg_at_1000_max": 0.238902,
        "nauc_ndcg_at_1000_std": 0.048388,
        "nauc_ndcg_at_1000_diff1": 0.313318,
        "nauc_map_at_1_max": 0.170165,
        "nauc_map_at_1_std": -0.06232,
        "nauc_map_at_1_diff1": 0.393962,
        "nauc_map_at_3_max": 0.174849,
        "nauc_map_at_3_std": -0.063259,
        "nauc_map_at_3_diff1": 0.377769,
        "nauc_map_at_5_max": 0.183523,
        "nauc_map_at_5_std": -0.058656,
        "nauc_map_at_5_diff1": 0.370266,
        "nauc_map_at_10_max": 0.186106,
        "nauc_map_at_10_std": -0.050983,
        "nauc_map_at_10_diff1": 0.359898,
        "nauc_map_at_20_max": 0.187397,
        "nauc_map_at_20_std": -0.041621,
        "nauc_map_at_20_diff1": 0.355944,
        "nauc_map_at_100_max": 0.192671,
        "nauc_map_at_100_std": -0.033428,
        "nauc_map_at_100_diff1": 0.355983,
        "nauc_map_at_1000_max": 0.193908,
        "nauc_map_at_1000_std": -0.031581,
        "nauc_map_at_1000_diff1": 0.355137,
        "nauc_recall_at_1_max": 0.170165,
        "nauc_recall_at_1_std": -0.06232,
        "nauc_recall_at_1_diff1": 0.393962,
        "nauc_recall_at_3_max": 0.145526,
        "nauc_recall_at_3_std": -0.057675,
        "nauc_recall_at_3_diff1": 0.331752,
        "nauc_recall_at_5_max": 0.144848,
        "nauc_recall_at_5_std": -0.060706,
        "nauc_recall_at_5_diff1": 0.318255,
        "nauc_recall_at_10_max": 0.141992,
        "nauc_recall_at_10_std": -0.036011,
        "nauc_recall_at_10_diff1": 0.265556,
        "nauc_recall_at_20_max": 0.141254,
        "nauc_recall_at_20_std": 0.017075,
        "nauc_recall_at_20_diff1": 0.247852,
        "nauc_recall_at_100_max": 0.17507,
        "nauc_recall_at_100_std": 0.15931,
        "nauc_recall_at_100_diff1": 0.199767,
        "nauc_recall_at_1000_max": 0.275357,
        "nauc_recall_at_1000_std": 0.379997,
        "nauc_recall_at_1000_diff1": 0.109597,
        "nauc_precision_at_1_max": 0.253575,
        "nauc_precision_at_1_std": -0.001834,
        "nauc_precision_at_1_diff1": 0.348303,
        "nauc_precision_at_3_max": 0.260258,
        "nauc_precision_at_3_std": -0.012546,
        "nauc_precision_at_3_diff1": 0.292,
        "nauc_precision_at_5_max": 0.262169,
        "nauc_precision_at_5_std": 0.002086,
        "nauc_precision_at_5_diff1": 0.255225,
        "nauc_precision_at_10_max": 0.255779,
        "nauc_precision_at_10_std": 0.052283,
        "nauc_precision_at_10_diff1": 0.195696,
        "nauc_precision_at_20_max": 0.249922,
        "nauc_precision_at_20_std": 0.112321,
        "nauc_precision_at_20_diff1": 0.152376,
        "nauc_precision_at_100_max": 0.293822,
        "nauc_precision_at_100_std": 0.200548,
        "nauc_precision_at_100_diff1": 0.097625,
        "nauc_precision_at_1000_max": 0.32069,
        "nauc_precision_at_1000_std": 0.249021,
        "nauc_precision_at_1000_diff1": -0.002951,
        "nauc_mrr_at_1_max": 0.253575,
        "nauc_mrr_at_1_std": -0.001834,
        "nauc_mrr_at_1_diff1": 0.348303,
        "nauc_mrr_at_3_max": 0.244361,
        "nauc_mrr_at_3_std": -0.005824,
        "nauc_mrr_at_3_diff1": 0.32807,
        "nauc_mrr_at_5_max": 0.237454,
        "nauc_mrr_at_5_std": -0.013915,
        "nauc_mrr_at_5_diff1": 0.325368,
        "nauc_mrr_at_10_max": 0.240943,
        "nauc_mrr_at_10_std": -0.005171,
        "nauc_mrr_at_10_diff1": 0.315129,
        "nauc_mrr_at_20_max": 0.241952,
        "nauc_mrr_at_20_std": -0.000998,
        "nauc_mrr_at_20_diff1": 0.314602,
        "nauc_mrr_at_100_max": 0.242495,
        "nauc_mrr_at_100_std": 0.001572,
        "nauc_mrr_at_100_diff1": 0.314615,
        "nauc_mrr_at_1000_max": 0.242603,
        "nauc_mrr_at_1000_std": 0.001508,
        "nauc_mrr_at_1000_diff1": 0.314643,
        "main_score": 0.25141,
        "hf_subset": "default",
        "languages": [
          "eng-Latn"
        ]
      }
    ]
  },
  "evaluation_time": 172.85165977478027,
  "kg_co2_emissions": null
}