{
  "dataset_revision": "f8c2fcf00f625baaa80f62ec5bd9e1fff3b8ae88",
  "task_name": "SCIDOCS",
  "mteb_version": "1.39.7",
  "scores": {
    "test": [
      {
        "ndcg_at_1": 0.001,
        "ndcg_at_3": 0.00123,
        "ndcg_at_5": 0.00089,
        "ndcg_at_10": 0.00111,
        "ndcg_at_20": 0.00159,
        "ndcg_at_100": 0.00343,
        "ndcg_at_1000": 0.01089,
        "map_at_1": 0.0002,
        "map_at_3": 0.00043,
        "map_at_5": 0.00043,
        "map_at_10": 0.00049,
        "map_at_20": 0.00055,
        "map_at_100": 0.00068,
        "map_at_1000": 0.00079,
        "recall_at_1": 0.0002,
        "recall_at_3": 0.0008,
        "recall_at_5": 0.0008,
        "recall_at_10": 0.0012,
        "recall_at_20": 0.0024,
        "recall_at_100": 0.00865,
        "recall_at_1000": 0.04763,
        "precision_at_1": 0.001,
        "precision_at_3": 0.00133,
        "precision_at_5": 0.0008,
        "precision_at_10": 0.0006,
        "precision_at_20": 0.0006,
        "precision_at_100": 0.00043,
        "precision_at_1000": 0.00024,
        "mrr_at_1": 0.001,
        "mrr_at_3": 0.001833,
        "mrr_at_5": 0.002083,
        "mrr_at_10": 0.002351,
        "mrr_at_20": 0.00269,
        "mrr_at_100": 0.003277,
        "mrr_at_1000": 0.003722,
        "nauc_ndcg_at_1_max": 1.0,
        "nauc_ndcg_at_1_std": -0.499598,
        "nauc_ndcg_at_1_diff1": 0.323853,
        "nauc_ndcg_at_3_max": 0.056112,
        "nauc_ndcg_at_3_std": 0.139364,
        "nauc_ndcg_at_3_diff1": 0.134716,
        "nauc_ndcg_at_5_max": 0.056112,
        "nauc_ndcg_at_5_std": 0.139364,
        "nauc_ndcg_at_5_diff1": 0.134716,
        "nauc_ndcg_at_10_max": 0.087765,
        "nauc_ndcg_at_10_std": 0.096655,
        "nauc_ndcg_at_10_diff1": 0.096622,
        "nauc_ndcg_at_20_max": 0.039681,
        "nauc_ndcg_at_20_std": 0.194222,
        "nauc_ndcg_at_20_diff1": 0.132395,
        "nauc_ndcg_at_100_max": -0.06574,
        "nauc_ndcg_at_100_std": 0.264486,
        "nauc_ndcg_at_100_diff1": 0.095008,
        "nauc_ndcg_at_1000_max": -0.034413,
        "nauc_ndcg_at_1000_std": 0.173281,
        "nauc_ndcg_at_1000_diff1": 0.061136,
        "nauc_map_at_1_max": 1.0,
        "nauc_map_at_1_std": -0.499598,
        "nauc_map_at_1_diff1": 0.323853,
        "nauc_map_at_3_max": 0.180966,
        "nauc_map_at_3_std": 0.047822,
        "nauc_map_at_3_diff1": 0.143671,
        "nauc_map_at_5_max": 0.180966,
        "nauc_map_at_5_std": 0.047822,
        "nauc_map_at_5_diff1": 0.143671,
        "nauc_map_at_10_max": 0.182966,
        "nauc_map_at_10_std": 0.035912,
        "nauc_map_at_10_diff1": 0.120844,
        "nauc_map_at_20_max": 0.153417,
        "nauc_map_at_20_std": 0.081543,
        "nauc_map_at_20_diff1": 0.133352,
        "nauc_map_at_100_max": 0.092217,
        "nauc_map_at_100_std": 0.145556,
        "nauc_map_at_100_diff1": 0.126988,
        "nauc_map_at_1000_max": 0.07593,
        "nauc_map_at_1000_std": 0.142745,
        "nauc_map_at_1000_diff1": 0.11866,
        "nauc_recall_at_1_max": 1.0,
        "nauc_recall_at_1_std": -0.499598,
        "nauc_recall_at_1_diff1": 0.323853,
        "nauc_recall_at_3_max": -0.14348,
        "nauc_recall_at_3_std": 0.287027,
        "nauc_recall_at_3_diff1": 0.123424,
        "nauc_recall_at_5_max": -0.14348,
        "nauc_recall_at_5_std": 0.287027,
        "nauc_recall_at_5_diff1": 0.123424,
        "nauc_recall_at_10_max": -0.019632,
        "nauc_recall_at_10_std": 0.162061,
        "nauc_recall_at_10_diff1": 0.064395,
        "nauc_recall_at_20_max": -0.048274,
        "nauc_recall_at_20_std": 0.292975,
        "nauc_recall_at_20_diff1": 0.137711,
        "nauc_recall_at_100_max": -0.124579,
        "nauc_recall_at_100_std": 0.299167,
        "nauc_recall_at_100_diff1": 0.07938,
        "nauc_recall_at_1000_max": -0.035665,
        "nauc_recall_at_1000_std": 0.16197,
        "nauc_recall_at_1000_diff1": 0.047399,
        "nauc_precision_at_1_max": 1.0,
        "nauc_precision_at_1_std": -0.499598,
        "nauc_precision_at_1_diff1": 0.323853,
        "nauc_precision_at_3_max": -0.14348,
        "nauc_precision_at_3_std": 0.287027,
        "nauc_precision_at_3_diff1": 0.123424,
        "nauc_precision_at_5_max": -0.14348,
        "nauc_precision_at_5_std": 0.287027,
        "nauc_precision_at_5_diff1": 0.123424,
        "nauc_precision_at_10_max": -0.019632,
        "nauc_precision_at_10_std": 0.162061,
        "nauc_precision_at_10_diff1": 0.064395,
        "nauc_precision_at_20_max": -0.048274,
        "nauc_precision_at_20_std": 0.292975,
        "nauc_precision_at_20_diff1": 0.137711,
        "nauc_precision_at_100_max": -0.125876,
        "nauc_precision_at_100_std": 0.303811,
        "nauc_precision_at_100_diff1": 0.083183,
        "nauc_precision_at_1000_max": -0.040551,
        "nauc_precision_at_1000_std": 0.166177,
        "nauc_precision_at_1000_diff1": 0.050938,
        "nauc_mrr_at_1_max": 1.0,
        "nauc_mrr_at_1_std": -0.499598,
        "nauc_mrr_at_1_diff1": 0.323853,
        "nauc_mrr_at_3_max": 0.318365,
        "nauc_mrr_at_3_std": -0.125302,
        "nauc_mrr_at_3_diff1": -0.012025,
        "nauc_mrr_at_5_max": 0.211194,
        "nauc_mrr_at_5_std": 0.009734,
        "nauc_mrr_at_5_diff1": 0.109418,
        "nauc_mrr_at_10_max": 0.209821,
        "nauc_mrr_at_10_std": 0.001742,
        "nauc_mrr_at_10_diff1": 0.089684,
        "nauc_mrr_at_20_max": 0.177007,
        "nauc_mrr_at_20_std": 0.052288,
        "nauc_mrr_at_20_diff1": 0.105951,
        "nauc_mrr_at_100_max": 0.116707,
        "nauc_mrr_at_100_std": 0.109656,
        "nauc_mrr_at_100_diff1": 0.096109,
        "nauc_mrr_at_1000_max": 0.101943,
        "nauc_mrr_at_1000_std": 0.106312,
        "nauc_mrr_at_1000_diff1": 0.091216,
        "main_score": 0.00111,
        "hf_subset": "default",
        "languages": [
          "eng-Latn"
        ]
      }
    ]
  },
  "evaluation_time": 213.4515540599823,
  "kg_co2_emissions": null
}