{
  "dataset_revision": "f8c2fcf00f625baaa80f62ec5bd9e1fff3b8ae88",
  "task_name": "SCIDOCS",
  "mteb_version": "1.39.7",
  "scores": {
    "test": [
      {
        "ndcg_at_1": 0.163,
        "ndcg_at_3": 0.13178,
        "ndcg_at_5": 0.1142,
        "ndcg_at_10": 0.13562,
        "ndcg_at_20": 0.15708,
        "ndcg_at_100": 0.19904,
        "ndcg_at_1000": 0.25056,
        "map_at_1": 0.03295,
        "map_at_3": 0.05674,
        "map_at_5": 0.06757,
        "map_at_10": 0.07687,
        "map_at_20": 0.08385,
        "map_at_100": 0.09122,
        "map_at_1000": 0.09369,
        "recall_at_1": 0.03295,
        "recall_at_3": 0.0743,
        "recall_at_5": 0.1008,
        "recall_at_10": 0.1402,
        "recall_at_20": 0.19065,
        "recall_at_100": 0.3268,
        "recall_at_1000": 0.58158,
        "precision_at_1": 0.163,
        "precision_at_3": 0.12267,
        "precision_at_5": 0.0998,
        "precision_at_10": 0.0694,
        "precision_at_20": 0.04705,
        "precision_at_100": 0.0161,
        "precision_at_1000": 0.00286,
        "mrr_at_1": 0.163,
        "mrr_at_3": 0.222833,
        "mrr_at_5": 0.237233,
        "mrr_at_10": 0.249267,
        "mrr_at_20": 0.256067,
        "mrr_at_100": 0.260893,
        "mrr_at_1000": 0.261722,
        "nauc_ndcg_at_1_max": 0.225017,
        "nauc_ndcg_at_1_std": 0.096709,
        "nauc_ndcg_at_1_diff1": 0.228717,
        "nauc_ndcg_at_3_max": 0.239409,
        "nauc_ndcg_at_3_std": 0.136545,
        "nauc_ndcg_at_3_diff1": 0.18251,
        "nauc_ndcg_at_5_max": 0.252162,
        "nauc_ndcg_at_5_std": 0.150005,
        "nauc_ndcg_at_5_diff1": 0.184272,
        "nauc_ndcg_at_10_max": 0.256908,
        "nauc_ndcg_at_10_std": 0.181807,
        "nauc_ndcg_at_10_diff1": 0.166238,
        "nauc_ndcg_at_20_max": 0.27343,
        "nauc_ndcg_at_20_std": 0.21473,
        "nauc_ndcg_at_20_diff1": 0.154736,
        "nauc_ndcg_at_100_max": 0.285223,
        "nauc_ndcg_at_100_std": 0.272467,
        "nauc_ndcg_at_100_diff1": 0.14715,
        "nauc_ndcg_at_1000_max": 0.299532,
        "nauc_ndcg_at_1000_std": 0.293953,
        "nauc_ndcg_at_1000_diff1": 0.137216,
        "nauc_map_at_1_max": 0.223748,
        "nauc_map_at_1_std": 0.096696,
        "nauc_map_at_1_diff1": 0.226099,
        "nauc_map_at_3_max": 0.239629,
        "nauc_map_at_3_std": 0.12268,
        "nauc_map_at_3_diff1": 0.199895,
        "nauc_map_at_5_max": 0.254841,
        "nauc_map_at_5_std": 0.129503,
        "nauc_map_at_5_diff1": 0.201683,
        "nauc_map_at_10_max": 0.260042,
        "nauc_map_at_10_std": 0.151922,
        "nauc_map_at_10_diff1": 0.18803,
        "nauc_map_at_20_max": 0.270027,
        "nauc_map_at_20_std": 0.173053,
        "nauc_map_at_20_diff1": 0.181032,
        "nauc_map_at_100_max": 0.273852,
        "nauc_map_at_100_std": 0.195992,
        "nauc_map_at_100_diff1": 0.175077,
        "nauc_map_at_1000_max": 0.275428,
        "nauc_map_at_1000_std": 0.199961,
        "nauc_map_at_1000_diff1": 0.173797,
        "nauc_recall_at_1_max": 0.223748,
        "nauc_recall_at_1_std": 0.096696,
        "nauc_recall_at_1_diff1": 0.226099,
        "nauc_recall_at_3_max": 0.236901,
        "nauc_recall_at_3_std": 0.147627,
        "nauc_recall_at_3_diff1": 0.159025,
        "nauc_recall_at_5_max": 0.253446,
        "nauc_recall_at_5_std": 0.164322,
        "nauc_recall_at_5_diff1": 0.16421,
        "nauc_recall_at_10_max": 0.253805,
        "nauc_recall_at_10_std": 0.218619,
        "nauc_recall_at_10_diff1": 0.126846,
        "nauc_recall_at_20_max": 0.272758,
        "nauc_recall_at_20_std": 0.269652,
        "nauc_recall_at_20_diff1": 0.099159,
        "nauc_recall_at_100_max": 0.272152,
        "nauc_recall_at_100_std": 0.374355,
        "nauc_recall_at_100_diff1": 0.074892,
        "nauc_recall_at_1000_max": 0.282697,
        "nauc_recall_at_1000_std": 0.405224,
        "nauc_recall_at_1000_diff1": 0.018126,
        "nauc_precision_at_1_max": 0.225017,
        "nauc_precision_at_1_std": 0.096709,
        "nauc_precision_at_1_diff1": 0.228717,
        "nauc_precision_at_3_max": 0.238602,
        "nauc_precision_at_3_std": 0.147463,
        "nauc_precision_at_3_diff1": 0.161215,
        "nauc_precision_at_5_max": 0.255699,
        "nauc_precision_at_5_std": 0.165283,
        "nauc_precision_at_5_diff1": 0.166705,
        "nauc_precision_at_10_max": 0.255941,
        "nauc_precision_at_10_std": 0.219265,
        "nauc_precision_at_10_diff1": 0.128638,
        "nauc_precision_at_20_max": 0.274067,
        "nauc_precision_at_20_std": 0.267689,
        "nauc_precision_at_20_diff1": 0.10152,
        "nauc_precision_at_100_max": 0.27424,
        "nauc_precision_at_100_std": 0.368694,
        "nauc_precision_at_100_diff1": 0.079125,
        "nauc_precision_at_1000_max": 0.283334,
        "nauc_precision_at_1000_std": 0.396475,
        "nauc_precision_at_1000_diff1": 0.023648,
        "nauc_mrr_at_1_max": 0.225017,
        "nauc_mrr_at_1_std": 0.096709,
        "nauc_mrr_at_1_diff1": 0.228717,
        "nauc_mrr_at_3_max": 0.237489,
        "nauc_mrr_at_3_std": 0.143144,
        "nauc_mrr_at_3_diff1": 0.182435,
        "nauc_mrr_at_5_max": 0.239105,
        "nauc_mrr_at_5_std": 0.153397,
        "nauc_mrr_at_5_diff1": 0.184063,
        "nauc_mrr_at_10_max": 0.24018,
        "nauc_mrr_at_10_std": 0.161283,
        "nauc_mrr_at_10_diff1": 0.179996,
        "nauc_mrr_at_20_max": 0.243072,
        "nauc_mrr_at_20_std": 0.165551,
        "nauc_mrr_at_20_diff1": 0.178958,
        "nauc_mrr_at_100_max": 0.243679,
        "nauc_mrr_at_100_std": 0.166174,
        "nauc_mrr_at_100_diff1": 0.181147,
        "nauc_mrr_at_1000_max": 0.243755,
        "nauc_mrr_at_1000_std": 0.165882,
        "nauc_mrr_at_1000_diff1": 0.18138,
        "main_score": 0.13562,
        "hf_subset": "default",
        "languages": [
          "eng-Latn"
        ]
      }
    ]
  },
  "evaluation_time": 18.713369607925415,
  "kg_co2_emissions": null
}