{
  "dataset_revision": "c22ab2a51041ffd869aaddef7af8d8215647e41a",
  "task_name": "ArguAna",
  "mteb_version": "1.39.7",
  "scores": {
    "test": [
      {
        "ndcg_at_1": 0.03058,
        "ndcg_at_3": 0.0526,
        "ndcg_at_5": 0.06478,
        "ndcg_at_10": 0.07796,
        "ndcg_at_20": 0.09128,
        "ndcg_at_100": 0.12124,
        "ndcg_at_1000": 0.16066,
        "map_at_1": 0.03058,
        "map_at_3": 0.04718,
        "map_at_5": 0.05386,
        "map_at_10": 0.05921,
        "map_at_20": 0.06279,
        "map_at_100": 0.0666,
        "map_at_1000": 0.06775,
        "recall_at_1": 0.03058,
        "recall_at_3": 0.06828,
        "recall_at_5": 0.09815,
        "recall_at_10": 0.1394,
        "recall_at_20": 0.19275,
        "recall_at_100": 0.35917,
        "recall_at_1000": 0.68919,
        "precision_at_1": 0.03058,
        "precision_at_3": 0.02276,
        "precision_at_5": 0.01963,
        "precision_at_10": 0.01394,
        "precision_at_20": 0.00964,
        "precision_at_100": 0.00359,
        "precision_at_1000": 0.00069,
        "mrr_at_1": 0.030583,
        "mrr_at_3": 0.047179,
        "mrr_at_5": 0.053793,
        "mrr_at_10": 0.059245,
        "mrr_at_20": 0.062814,
        "mrr_at_100": 0.066628,
        "mrr_at_1000": 0.067775,
        "nauc_ndcg_at_1_max": 0.106136,
        "nauc_ndcg_at_1_std": 0.11409,
        "nauc_ndcg_at_1_diff1": 0.039569,
        "nauc_ndcg_at_3_max": 0.106334,
        "nauc_ndcg_at_3_std": 0.161809,
        "nauc_ndcg_at_3_diff1": 0.004343,
        "nauc_ndcg_at_5_max": 0.124733,
        "nauc_ndcg_at_5_std": 0.187746,
        "nauc_ndcg_at_5_diff1": -0.005015,
        "nauc_ndcg_at_10_max": 0.155753,
        "nauc_ndcg_at_10_std": 0.20444,
        "nauc_ndcg_at_10_diff1": -0.001947,
        "nauc_ndcg_at_20_max": 0.146226,
        "nauc_ndcg_at_20_std": 0.200231,
        "nauc_ndcg_at_20_diff1": 0.00415,
        "nauc_ndcg_at_100_max": 0.144419,
        "nauc_ndcg_at_100_std": 0.209221,
        "nauc_ndcg_at_100_diff1": 0.005202,
        "nauc_ndcg_at_1000_max": 0.132331,
        "nauc_ndcg_at_1000_std": 0.219411,
        "nauc_ndcg_at_1000_diff1": 0.016209,
        "nauc_map_at_1_max": 0.106136,
        "nauc_map_at_1_std": 0.11409,
        "nauc_map_at_1_diff1": 0.039569,
        "nauc_map_at_3_max": 0.103799,
        "nauc_map_at_3_std": 0.15716,
        "nauc_map_at_3_diff1": 0.009669,
        "nauc_map_at_5_max": 0.116298,
        "nauc_map_at_5_std": 0.174732,
        "nauc_map_at_5_diff1": 0.002803,
        "nauc_map_at_10_max": 0.13326,
        "nauc_map_at_10_std": 0.184522,
        "nauc_map_at_10_diff1": 0.005396,
        "nauc_map_at_20_max": 0.13058,
        "nauc_map_at_20_std": 0.18382,
        "nauc_map_at_20_diff1": 0.007839,
        "nauc_map_at_100_max": 0.130499,
        "nauc_map_at_100_std": 0.187298,
        "nauc_map_at_100_diff1": 0.008615,
        "nauc_map_at_1000_max": 0.129911,
        "nauc_map_at_1000_std": 0.187615,
        "nauc_map_at_1000_diff1": 0.008953,
        "nauc_recall_at_1_max": 0.106136,
        "nauc_recall_at_1_std": 0.11409,
        "nauc_recall_at_1_diff1": 0.039569,
        "nauc_recall_at_3_max": 0.112103,
        "nauc_recall_at_3_std": 0.170276,
        "nauc_recall_at_3_diff1": -0.006225,
        "nauc_recall_at_5_max": 0.140043,
        "nauc_recall_at_5_std": 0.209972,
        "nauc_recall_at_5_diff1": -0.018094,
        "nauc_recall_at_10_max": 0.192782,
        "nauc_recall_at_10_std": 0.234937,
        "nauc_recall_at_10_diff1": -0.013118,
        "nauc_recall_at_20_max": 0.165341,
        "nauc_recall_at_20_std": 0.219489,
        "nauc_recall_at_20_diff1": 0.000553,
        "nauc_recall_at_100_max": 0.156673,
        "nauc_recall_at_100_std": 0.230671,
        "nauc_recall_at_100_diff1": 0.001126,
        "nauc_recall_at_1000_max": 0.107331,
        "nauc_recall_at_1000_std": 0.286781,
        "nauc_recall_at_1000_diff1": 0.053181,
        "nauc_precision_at_1_max": 0.106136,
        "nauc_precision_at_1_std": 0.11409,
        "nauc_precision_at_1_diff1": 0.039569,
        "nauc_precision_at_3_max": 0.112103,
        "nauc_precision_at_3_std": 0.170276,
        "nauc_precision_at_3_diff1": -0.006225,
        "nauc_precision_at_5_max": 0.140043,
        "nauc_precision_at_5_std": 0.209972,
        "nauc_precision_at_5_diff1": -0.018094,
        "nauc_precision_at_10_max": 0.192782,
        "nauc_precision_at_10_std": 0.234937,
        "nauc_precision_at_10_diff1": -0.013118,
        "nauc_precision_at_20_max": 0.165341,
        "nauc_precision_at_20_std": 0.219489,
        "nauc_precision_at_20_diff1": 0.000553,
        "nauc_precision_at_100_max": 0.156673,
        "nauc_precision_at_100_std": 0.230671,
        "nauc_precision_at_100_diff1": 0.001126,
        "nauc_precision_at_1000_max": 0.107331,
        "nauc_precision_at_1000_std": 0.286781,
        "nauc_precision_at_1000_diff1": 0.053181,
        "nauc_mrr_at_1_max": 0.106136,
        "nauc_mrr_at_1_std": 0.11409,
        "nauc_mrr_at_1_diff1": 0.039569,
        "nauc_mrr_at_3_max": 0.103799,
        "nauc_mrr_at_3_std": 0.15716,
        "nauc_mrr_at_3_diff1": 0.009669,
        "nauc_mrr_at_5_max": 0.116521,
        "nauc_mrr_at_5_std": 0.170568,
        "nauc_mrr_at_5_diff1": 0.00208,
        "nauc_mrr_at_10_max": 0.133151,
        "nauc_mrr_at_10_std": 0.184699,
        "nauc_mrr_at_10_diff1": 0.00501,
        "nauc_mrr_at_20_max": 0.130466,
        "nauc_mrr_at_20_std": 0.184021,
        "nauc_mrr_at_20_diff1": 0.007481,
        "nauc_mrr_at_100_max": 0.130374,
        "nauc_mrr_at_100_std": 0.187491,
        "nauc_mrr_at_100_diff1": 0.008237,
        "nauc_mrr_at_1000_max": 0.129786,
        "nauc_mrr_at_1000_std": 0.187808,
        "nauc_mrr_at_1000_diff1": 0.008574,
        "main_score": 0.07796,
        "hf_subset": "default",
        "languages": [
          "eng-Latn"
        ]
      }
    ]
  },
  "evaluation_time": 130.7365927696228,
  "kg_co2_emissions": null
}