{
  "dataset_revision": "a34f9a33db75fa0cbb21bb5cfc3dae8dc8bec93f",
  "task_name": "Touche2020",
  "mteb_version": "1.39.7",
  "scores": {
    "test": [
      {
        "ndcg_at_1": 0.17347,
        "ndcg_at_3": 0.12475,
        "ndcg_at_5": 0.11237,
        "ndcg_at_10": 0.0942,
        "ndcg_at_20": 0.08616,
        "ndcg_at_100": 0.11005,
        "ndcg_at_1000": 0.17246,
        "map_at_1": 0.01132,
        "map_at_3": 0.01577,
        "map_at_5": 0.02021,
        "map_at_10": 0.02566,
        "map_at_20": 0.03158,
        "map_at_100": 0.03687,
        "map_at_1000": 0.04018,
        "recall_at_1": 0.01132,
        "recall_at_3": 0.02008,
        "recall_at_5": 0.02869,
        "recall_at_10": 0.0463,
        "recall_at_20": 0.06898,
        "recall_at_100": 0.12497,
        "recall_at_1000": 0.31104,
        "precision_at_1": 0.18367,
        "precision_at_3": 0.11565,
        "precision_at_5": 0.10204,
        "precision_at_10": 0.07755,
        "precision_at_20": 0.05408,
        "precision_at_100": 0.02184,
        "precision_at_1000": 0.0061,
        "mrr_at_1": 0.183673,
        "mrr_at_3": 0.22449,
        "mrr_at_5": 0.22449,
        "mrr_at_10": 0.233074,
        "mrr_at_20": 0.237462,
        "mrr_at_100": 0.241983,
        "mrr_at_1000": 0.242777,
        "nauc_ndcg_at_1_max": 0.071018,
        "nauc_ndcg_at_1_std": 0.290435,
        "nauc_ndcg_at_1_diff1": -0.047455,
        "nauc_ndcg_at_3_max": 0.219421,
        "nauc_ndcg_at_3_std": 0.283114,
        "nauc_ndcg_at_3_diff1": -0.121656,
        "nauc_ndcg_at_5_max": 0.246352,
        "nauc_ndcg_at_5_std": 0.290211,
        "nauc_ndcg_at_5_diff1": -0.14813,
        "nauc_ndcg_at_10_max": 0.220333,
        "nauc_ndcg_at_10_std": 0.364432,
        "nauc_ndcg_at_10_diff1": -0.121974,
        "nauc_ndcg_at_20_max": 0.240422,
        "nauc_ndcg_at_20_std": 0.452907,
        "nauc_ndcg_at_20_diff1": -0.102452,
        "nauc_ndcg_at_100_max": 0.289033,
        "nauc_ndcg_at_100_std": 0.53576,
        "nauc_ndcg_at_100_diff1": -0.107146,
        "nauc_ndcg_at_1000_max": 0.373267,
        "nauc_ndcg_at_1000_std": 0.605953,
        "nauc_ndcg_at_1000_diff1": -0.147282,
        "nauc_map_at_1_max": -0.0342,
        "nauc_map_at_1_std": 0.37955,
        "nauc_map_at_1_diff1": -0.150085,
        "nauc_map_at_3_max": 0.135544,
        "nauc_map_at_3_std": 0.370613,
        "nauc_map_at_3_diff1": -0.16282,
        "nauc_map_at_5_max": 0.224998,
        "nauc_map_at_5_std": 0.346922,
        "nauc_map_at_5_diff1": -0.173991,
        "nauc_map_at_10_max": 0.243054,
        "nauc_map_at_10_std": 0.380259,
        "nauc_map_at_10_diff1": -0.148679,
        "nauc_map_at_20_max": 0.252644,
        "nauc_map_at_20_std": 0.443907,
        "nauc_map_at_20_diff1": -0.13676,
        "nauc_map_at_100_max": 0.276346,
        "nauc_map_at_100_std": 0.481454,
        "nauc_map_at_100_diff1": -0.128104,
        "nauc_map_at_1000_max": 0.293295,
        "nauc_map_at_1000_std": 0.503098,
        "nauc_map_at_1000_diff1": -0.134926,
        "nauc_recall_at_1_max": -0.0342,
        "nauc_recall_at_1_std": 0.37955,
        "nauc_recall_at_1_diff1": -0.150085,
        "nauc_recall_at_3_max": 0.227234,
        "nauc_recall_at_3_std": 0.349938,
        "nauc_recall_at_3_diff1": -0.187101,
        "nauc_recall_at_5_max": 0.318389,
        "nauc_recall_at_5_std": 0.328546,
        "nauc_recall_at_5_diff1": -0.176955,
        "nauc_recall_at_10_max": 0.236042,
        "nauc_recall_at_10_std": 0.436118,
        "nauc_recall_at_10_diff1": -0.123888,
        "nauc_recall_at_20_max": 0.218638,
        "nauc_recall_at_20_std": 0.528844,
        "nauc_recall_at_20_diff1": -0.146912,
        "nauc_recall_at_100_max": 0.273942,
        "nauc_recall_at_100_std": 0.624708,
        "nauc_recall_at_100_diff1": -0.159772,
        "nauc_recall_at_1000_max": 0.356481,
        "nauc_recall_at_1000_std": 0.656216,
        "nauc_recall_at_1000_diff1": -0.187768,
        "nauc_precision_at_1_max": 0.089073,
        "nauc_precision_at_1_std": 0.244508,
        "nauc_precision_at_1_diff1": -0.058949,
        "nauc_precision_at_3_max": 0.300066,
        "nauc_precision_at_3_std": 0.223351,
        "nauc_precision_at_3_diff1": -0.161541,
        "nauc_precision_at_5_max": 0.339806,
        "nauc_precision_at_5_std": 0.213445,
        "nauc_precision_at_5_diff1": -0.169371,
        "nauc_precision_at_10_max": 0.302115,
        "nauc_precision_at_10_std": 0.310081,
        "nauc_precision_at_10_diff1": -0.088714,
        "nauc_precision_at_20_max": 0.33014,
        "nauc_precision_at_20_std": 0.394765,
        "nauc_precision_at_20_diff1": -0.073726,
        "nauc_precision_at_100_max": 0.408455,
        "nauc_precision_at_100_std": 0.573758,
        "nauc_precision_at_100_diff1": -0.08785,
        "nauc_precision_at_1000_max": 0.502344,
        "nauc_precision_at_1000_std": 0.518389,
        "nauc_precision_at_1000_diff1": -0.166438,
        "nauc_mrr_at_1_max": 0.089073,
        "nauc_mrr_at_1_std": 0.244508,
        "nauc_mrr_at_1_diff1": -0.058949,
        "nauc_mrr_at_3_max": 0.175966,
        "nauc_mrr_at_3_std": 0.254337,
        "nauc_mrr_at_3_diff1": -0.099774,
        "nauc_mrr_at_5_max": 0.175966,
        "nauc_mrr_at_5_std": 0.254337,
        "nauc_mrr_at_5_diff1": -0.099774,
        "nauc_mrr_at_10_max": 0.15204,
        "nauc_mrr_at_10_std": 0.263693,
        "nauc_mrr_at_10_diff1": -0.091397,
        "nauc_mrr_at_20_max": 0.155037,
        "nauc_mrr_at_20_std": 0.265349,
        "nauc_mrr_at_20_diff1": -0.09785,
        "nauc_mrr_at_100_max": 0.159287,
        "nauc_mrr_at_100_std": 0.274244,
        "nauc_mrr_at_100_diff1": -0.097578,
        "nauc_mrr_at_1000_max": 0.159751,
        "nauc_mrr_at_1000_std": 0.273483,
        "nauc_mrr_at_1000_diff1": -0.098203,
        "main_score": 0.0942,
        "hf_subset": "default",
        "languages": [
          "eng-Latn"
        ]
      }
    ]
  },
  "evaluation_time": 2450.8494181632996,
  "kg_co2_emissions": null
}