{
  "map_at_10": 0.48787,
  "mrr_at_10": 0.5057208994708996,
  "ndcg_at_10": 0.53932,
  "recall_at_10": 0.6825,
  "recall_at_100": 0.84189
}
