{
  "dataset_revision": "ec0fa4fe99da2ff19ca1214b7966684033a58814",
  "task_name": "NFCorpus",
  "mteb_version": "1.39.7",
  "scores": {
    "test": [
      {
        "ndcg_at_1": 0.31889,
        "ndcg_at_3": 0.28313,
        "ndcg_at_5": 0.26214,
        "ndcg_at_10": 0.23542,
        "ndcg_at_20": 0.21362,
        "ndcg_at_100": 0.20894,
        "ndcg_at_1000": 0.29885,
        "map_at_1": 0.0423,
        "map_at_3": 0.06127,
        "map_at_5": 0.06971,
        "map_at_10": 0.0807,
        "map_at_20": 0.08706,
        "map_at_100": 0.09648,
        "map_at_1000": 0.10599,
        "recall_at_1": 0.0423,
        "recall_at_3": 0.06738,
        "recall_at_5": 0.08233,
        "recall_at_10": 0.10619,
        "recall_at_20": 0.12808,
        "recall_at_100": 0.20445,
        "recall_at_1000": 0.52534,
        "precision_at_1": 0.32817,
        "precision_at_3": 0.26213,
        "precision_at_5": 0.22353,
        "precision_at_10": 0.17152,
        "precision_at_20": 0.12167,
        "precision_at_100": 0.05115,
        "precision_at_1000": 0.01693,
        "mrr_at_1": 0.328173,
        "mrr_at_3": 0.399381,
        "mrr_at_5": 0.412539,
        "mrr_at_10": 0.419379,
        "mrr_at_20": 0.42243,
        "mrr_at_100": 0.426106,
        "mrr_at_1000": 0.426815,
        "nauc_ndcg_at_1_max": 0.413644,
        "nauc_ndcg_at_1_std": 0.254711,
        "nauc_ndcg_at_1_diff1": 0.370861,
        "nauc_ndcg_at_3_max": 0.392267,
        "nauc_ndcg_at_3_std": 0.271726,
        "nauc_ndcg_at_3_diff1": 0.243041,
        "nauc_ndcg_at_5_max": 0.408155,
        "nauc_ndcg_at_5_std": 0.264227,
        "nauc_ndcg_at_5_diff1": 0.22803,
        "nauc_ndcg_at_10_max": 0.398856,
        "nauc_ndcg_at_10_std": 0.249699,
        "nauc_ndcg_at_10_diff1": 0.208833,
        "nauc_ndcg_at_20_max": 0.40427,
        "nauc_ndcg_at_20_std": 0.233681,
        "nauc_ndcg_at_20_diff1": 0.227936,
        "nauc_ndcg_at_100_max": 0.450984,
        "nauc_ndcg_at_100_std": 0.260967,
        "nauc_ndcg_at_100_diff1": 0.275006,
        "nauc_ndcg_at_1000_max": 0.518565,
        "nauc_ndcg_at_1000_std": 0.343162,
        "nauc_ndcg_at_1000_diff1": 0.254462,
        "nauc_map_at_1_max": 0.240832,
        "nauc_map_at_1_std": -0.036314,
        "nauc_map_at_1_diff1": 0.387602,
        "nauc_map_at_3_max": 0.318461,
        "nauc_map_at_3_std": 0.025189,
        "nauc_map_at_3_diff1": 0.378801,
        "nauc_map_at_5_max": 0.341671,
        "nauc_map_at_5_std": 0.054738,
        "nauc_map_at_5_diff1": 0.347008,
        "nauc_map_at_10_max": 0.371803,
        "nauc_map_at_10_std": 0.100638,
        "nauc_map_at_10_diff1": 0.309024,
        "nauc_map_at_20_max": 0.382871,
        "nauc_map_at_20_std": 0.119103,
        "nauc_map_at_20_diff1": 0.303648,
        "nauc_map_at_100_max": 0.394562,
        "nauc_map_at_100_std": 0.155375,
        "nauc_map_at_100_diff1": 0.294207,
        "nauc_map_at_1000_max": 0.399198,
        "nauc_map_at_1000_std": 0.175634,
        "nauc_map_at_1000_diff1": 0.281023,
        "nauc_recall_at_1_max": 0.240832,
        "nauc_recall_at_1_std": -0.036314,
        "nauc_recall_at_1_diff1": 0.387602,
        "nauc_recall_at_3_max": 0.317717,
        "nauc_recall_at_3_std": 0.032836,
        "nauc_recall_at_3_diff1": 0.341204,
        "nauc_recall_at_5_max": 0.330346,
        "nauc_recall_at_5_std": 0.058122,
        "nauc_recall_at_5_diff1": 0.296071,
        "nauc_recall_at_10_max": 0.368967,
        "nauc_recall_at_10_std": 0.120335,
        "nauc_recall_at_10_diff1": 0.242783,
        "nauc_recall_at_20_max": 0.393441,
        "nauc_recall_at_20_std": 0.150483,
        "nauc_recall_at_20_diff1": 0.2497,
        "nauc_recall_at_100_max": 0.391222,
        "nauc_recall_at_100_std": 0.234383,
        "nauc_recall_at_100_diff1": 0.241694,
        "nauc_recall_at_1000_max": 0.329644,
        "nauc_recall_at_1000_std": 0.289082,
        "nauc_recall_at_1000_diff1": 0.100621,
        "nauc_precision_at_1_max": 0.433839,
        "nauc_precision_at_1_std": 0.258999,
        "nauc_precision_at_1_diff1": 0.363114,
        "nauc_precision_at_3_max": 0.389979,
        "nauc_precision_at_3_std": 0.311945,
        "nauc_precision_at_3_diff1": 0.156567,
        "nauc_precision_at_5_max": 0.403805,
        "nauc_precision_at_5_std": 0.318212,
        "nauc_precision_at_5_diff1": 0.113179,
        "nauc_precision_at_10_max": 0.360548,
        "nauc_precision_at_10_std": 0.326858,
        "nauc_precision_at_10_diff1": 0.056833,
        "nauc_precision_at_20_max": 0.298391,
        "nauc_precision_at_20_std": 0.297784,
        "nauc_precision_at_20_diff1": 0.024258,
        "nauc_precision_at_100_max": 0.178823,
        "nauc_precision_at_100_std": 0.271832,
        "nauc_precision_at_100_diff1": -0.039287,
        "nauc_precision_at_1000_max": 0.021476,
        "nauc_precision_at_1000_std": 0.153247,
        "nauc_precision_at_1000_diff1": -0.126297,
        "nauc_mrr_at_1_max": 0.433839,
        "nauc_mrr_at_1_std": 0.258999,
        "nauc_mrr_at_1_diff1": 0.363114,
        "nauc_mrr_at_3_max": 0.433905,
        "nauc_mrr_at_3_std": 0.283809,
        "nauc_mrr_at_3_diff1": 0.322164,
        "nauc_mrr_at_5_max": 0.446594,
        "nauc_mrr_at_5_std": 0.294767,
        "nauc_mrr_at_5_diff1": 0.329603,
        "nauc_mrr_at_10_max": 0.45563,
        "nauc_mrr_at_10_std": 0.302336,
        "nauc_mrr_at_10_diff1": 0.321265,
        "nauc_mrr_at_20_max": 0.459858,
        "nauc_mrr_at_20_std": 0.303043,
        "nauc_mrr_at_20_diff1": 0.323638,
        "nauc_mrr_at_100_max": 0.459924,
        "nauc_mrr_at_100_std": 0.303186,
        "nauc_mrr_at_100_diff1": 0.325531,
        "nauc_mrr_at_1000_max": 0.459694,
        "nauc_mrr_at_1000_std": 0.30317,
        "nauc_mrr_at_1000_diff1": 0.325507,
        "main_score": 0.23542,
        "hf_subset": "default",
        "languages": [
          "eng-Latn"
        ]
      }
    ]
  },
  "evaluation_time": 2.938662052154541,
  "kg_co2_emissions": null
}